,L0,L1,L2,L3,L4,L5,L6,res_time,temperature,catalyst_loading,yield,turnover
0,1,0,0,0,0,0,0,60.0,30.0,0.499,1.30164,1.45424
1,1,0,0,0,0,0,0,60.0,30.0,0.75,2.34411,1.843
2,1,0,0,0,0,0,0,60.0,30.0,1.0,3.00792,2.3207
3,1,0,0,0,0,0,0,60.0,30.0,1.25,4.03498,3.16677
4,1,0,0,0,0,0,0,60.0,30.0,1.5,5.28729,4.11787
5,1,0,0,0,0,0,0,60.0,30.0,1.75,6.42629,4.93136
6,1,0,0,0,0,0,0,60.0,30.0,2.0,7.44948,5.56119
7,1,0,0,0,0,0,0,60.0,30.0,2.25,8.05295,5.67634
8,1,0,0,0,0,0,0,60.0,30.0,2.513,8.32162,5.6355
9,1,0,0,0,0,0,0,60.0,40.0,0.499,3.45679,6.23098
10,1,0,0,0,0,0,0,60.0,40.0,0.75,5.98897,6.47937
11,1,0,0,0,0,0,0,60.0,40.0,1.0,8.38483,6.9167
12,1,0,0,0,0,0,0,60.0,40.0,1.25,10.1234,7.48334
13,1,0,0,0,0,0,0,60.0,40.0,1.5,11.6486,8.27464
14,1,0,0,0,0,0,0,60.0,40.0,1.75,13.2974,8.85519
15,1,0,0,0,0,0,0,60.0,40.0,2.0,14.8381,9.19626
16,1,0,0,0,0,0,0,60.0,40.0,2.25,15.4631,8.87787
17,1,0,0,0,0,0,0,60.0,40.0,2.513,15.6586,8.20302
18,1,0,0,0,0,0,0,60.0,50.0,0.499,8.56629,12.6841
19,1,0,0,0,0,0,0,60.0,50.0,0.75,11.4661,12.3986
20,1,0,0,0,0,0,0,60.0,50.0,1.0,14.1796,12.2593
21,1,0,0,0,0,0,0,60.0,50.0,1.25,16.3832,12.378
22,1,0,0,0,0,0,0,60.0,50.0,1.5,18.5479,12.8866
23,1,0,0,0,0,0,0,60.0,50.0,1.75,20.6694,13.0967
24,1,0,0,0,0,0,0,60.0,50.0,2.0,22.6372,13.0891
25,1,0,0,0,0,0,0,60.0,50.0,2.25,23.6074,12.5655
26,1,0,0,0,0,0,0,60.0,50.0,2.513,23.6219,11.2
27,1,0,0,0,0,0,0,60.0,60.0,0.499,14.6924,19.9496
28,1,0,0,0,0,0,0,60.0,60.0,0.75,17.9299,19.252
29,1,0,0,0,0,0,0,60.0,60.0,1.0,20.6579,18.5802
30,1,0,0,0,0,0,0,60.0,60.0,1.25,23.7288,18.3888
31,1,0,0,0,0,0,0,60.0,60.0,1.5,26.5495,18.2397
32,1,0,0,0,0,0,0,60.0,60.0,1.75,29.0723,17.8976
33,1,0,0,0,0,0,0,60.0,60.0,2.0,31.2854,17.4007
34,1,0,0,0,0,0,0,60.0,60.0,2.25,32.3315,16.2426
35,1,0,0,0,0,0,0,60.0,60.0,2.513,32.1672,14.0727
36,1,0,0,0,0,0,0,60.0,70.0,0.499,22.0074,28.5574
37,1,0,0,0,0,0,0,60.0,70.0,0.75,25.8179,27.7243
38,1,0,0,0,0,0,0,60.0,70.0,1.0,29.1119,26.4891
39,1,0,0,0,0,0,0,60.0,70.0,1.25,32.4048,25.4235
40,1,0,0,0,0,0,0,60.0,70.0,1.5,35.8681,24.5599
41,1,0,0,0,0,0,0,60.0,70.0,1.75,38.8119,23.5865
42,1,0,0,0,0,0,0,60.0,70.0,2.0,40.9254,22.2529
43,1,0,0,0,0,0,0,60.0,70.0,2.25,41.8696,20.2128
44,1,0,0,0,0,0,0,60.0,70.0,2.513,41.6059,17.201
45,1,0,0,0,0,0,0,60.0,80.0,0.499,29.7359,37.6217
46,1,0,0,0,0,0,0,60.0,80.0,0.75,34.9077,36.8866
47,1,0,0,0,0,0,0,60.0,80.0,1.0,39.5425,35.8172
48,1,0,0,0,0,0,0,60.0,80.0,1.25,43.3294,34.1886
49,1,0,0,0,0,0,0,60.0,80.0,1.5,46.9694,32.4946
50,1,0,0,0,0,0,0,60.0,80.0,1.75,49.8865,30.6121
51,1,0,0,0,0,0,0,60.0,80.0,2.0,51.8789,28.2294
52,1,0,0,0,0,0,0,60.0,80.0,2.25,52.596,25.1325
53,1,0,0,0,0,0,0,60.0,80.0,2.513,51.9452,20.859
54,1,0,0,0,0,0,0,60.0,90.0,0.499,38.5076,47.2227
55,1,0,0,0,0,0,0,60.0,90.0,0.75,44.6804,46.6987
56,1,0,0,0,0,0,0,60.0,90.0,1.0,50.35,45.6573
57,1,0,0,0,0,0,0,60.0,90.0,1.25,55.1703,43.8211
58,1,0,0,0,0,0,0,60.0,90.0,1.5,59.0587,41.3002
59,1,0,0,0,0,0,0,60.0,90.0,1.75,61.9048,38.4031
60,1,0,0,0,0,0,0,60.0,90.0,2.0,63.5417,34.7413
61,1,0,0,0,0,0,0,60.0,90.0,2.25,63.7558,30.2923
62,1,0,0,0,0,0,0,60.0,90.0,2.513,62.7651,25.1379
63,1,0,0,0,0,0,0,60.0,100.0,0.499,47.2438,56.6786
64,1,0,0,0,0,0,0,60.0,100.0,0.75,54.6966,56.7425
65,1,0,0,0,0,0,0,60.0,100.0,1.0,61.1264,55.6041
66,1,0,0,0,0,0,0,60.0,100.0,1.25,66.56,53.3768
67,1,0,0,0,0,0,0,60.0,100.0,1.5,70.8398,50.1283
68,1,0,0,0,0,0,0,60.0,100.0,1.75,73.6307,46.1339
69,1,0,0,0,0,0,0,60.0,100.0,2.0,74.5266,40.8581
70,1,0,0,0,0,0,0,60.0,100.0,2.25,74.6767,35.3215
71,1,0,0,0,0,0,0,60.0,100.0,2.513,73.6197,29.4691
72,1,0,0,0,0,0,0,60.0,110.0,0.499,55.6794,65.6539
73,1,0,0,0,0,0,0,60.0,110.0,0.75,63.9379,66.0309
74,1,0,0,0,0,0,0,60.0,110.0,1.0,71.1255,64.9443
75,1,0,0,0,0,0,0,60.0,110.0,1.25,77.2526,62.3888
76,1,0,0,0,0,0,0,60.0,110.0,1.5,81.938,58.6541
77,1,0,0,0,0,0,0,60.0,110.0,1.75,84.3727,53.1907
78,1,0,0,0,0,0,0,60.0,110.0,2.0,85.3059,46.9312
79,1,0,0,0,0,0,0,60.0,110.0,2.25,85.2634,40.4939
80,1,0,0,0,0,0,0,60.0,110.0,2.513,84.3797,34.151
81,1,0,0,0,0,0,0,120.0,30.0,0.499,2.76771,3.17673
82,1,0,0,0,0,0,0,120.0,30.0,0.75,4.05952,3.80166
83,1,0,0,0,0,0,0,120.0,30.0,1.0,5.2192,4.50282
84,1,0,0,0,0,0,0,120.0,30.0,1.25,6.25496,5.31313
85,1,0,0,0,0,0,0,120.0,30.0,1.5,7.41359,6.26893
86,1,0,0,0,0,0,0,120.0,30.0,1.75,8.36535,7.02947
87,1,0,0,0,0,0,0,120.0,30.0,2.0,8.86063,7.42892
88,1,0,0,0,0,0,0,120.0,30.0,2.25,9.15873,7.35929
89,1,0,0,0,0,0,0,120.0,30.0,2.513,8.83153,6.85758
90,1,0,0,0,0,0,0,120.0,40.0,0.499,6.26547,8.95402
91,1,0,0,0,0,0,0,120.0,40.0,0.75,8.93549,9.14165
92,1,0,0,0,0,0,0,120.0,40.0,1.0,11.0663,9.4951
93,1,0,0,0,0,0,0,120.0,40.0,1.25,12.4691,9.96441
94,1,0,0,0,0,0,0,120.0,40.0,1.5,13.8085,10.635
95,1,0,0,0,0,0,0,120.0,40.0,1.75,15.2978,11.2129
96,1,0,0,0,0,0,0,120.0,40.0,2.0,16.2829,11.3186
97,1,0,0,0,0,0,0,120.0,40.0,2.25,16.5927,10.8258
98,1,0,0,0,0,0,0,120.0,40.0,2.513,16.3213,9.77856
99,1,0,0,0,0,0,0,120.0,50.0,0.499,11.819,15.5323
100,1,0,0,0,0,0,0,120.0,50.0,0.75,14.7363,15.2496
101,1,0,0,0,0,0,0,120.0,50.0,1.0,17.0248,15.0571
102,1,0,0,0,0,0,0,120.0,50.0,1.25,18.9449,15.0353
103,1,0,0,0,0,0,0,120.0,50.0,1.5,20.7971,15.3306
104,1,0,0,0,0,0,0,120.0,50.0,1.75,22.6946,15.5247
105,1,0,0,0,0,0,0,120.0,50.0,2.0,24.123,15.234
106,1,0,0,0,0,0,0,120.0,50.0,2.25,24.595,14.3775
107,1,0,0,0,0,0,0,120.0,50.0,2.513,24.1706,12.5496
108,1,0,0,0,0,0,0,120.0,60.0,0.499,18.1583,23.1645
109,1,0,0,0,0,0,0,120.0,60.0,0.75,21.3098,22.4988
110,1,0,0,0,0,0,0,120.0,60.0,1.0,23.8583,21.7601
111,1,0,0,0,0,0,0,120.0,60.0,1.25,26.4357,21.1601
112,1,0,0,0,0,0,0,120.0,60.0,1.5,28.9817,20.9107
113,1,0,0,0,0,0,0,120.0,60.0,1.75,31.099,20.4066
114,1,0,0,0,0,0,0,120.0,60.0,2.0,32.6271,19.4203
115,1,0,0,0,0,0,0,120.0,60.0,2.25,33.1604,17.9541
116,1,0,0,0,0,0,0,120.0,60.0,2.513,32.4699,15.2773
117,1,0,0,0,0,0,0,120.0,70.0,0.499,25.4138,31.924
118,1,0,0,0,0,0,0,120.0,70.0,0.75,29.2513,31.1563
119,1,0,0,0,0,0,0,120.0,70.0,1.0,32.6065,30.1389
120,1,0,0,0,0,0,0,120.0,70.0,1.25,35.5862,28.8155
121,1,0,0,0,0,0,0,120.0,70.0,1.5,38.4682,27.5682
122,1,0,0,0,0,0,0,120.0,70.0,1.75,40.8865,26.1958
123,1,0,0,0,0,0,0,120.0,70.0,2.0,42.4022,24.2453
124,1,0,0,0,0,0,0,120.0,70.0,2.25,42.629,21.6081
125,1,0,0,0,0,0,0,120.0,70.0,2.513,41.8741,18.1531
126,1,0,0,0,0,0,0,120.0,80.0,0.499,33.3095,41.4471
127,1,0,0,0,0,0,0,120.0,80.0,0.75,38.4202,40.8183
128,1,0,0,0,0,0,0,120.0,80.0,1.0,43.1163,39.7893
129,1,0,0,0,0,0,0,120.0,80.0,1.25,46.8858,38.1178
130,1,0,0,0,0,0,0,120.0,80.0,1.5,49.9102,35.9259
131,1,0,0,0,0,0,0,120.0,80.0,1.75,52.2548,33.2954
132,1,0,0,0,0,0,0,120.0,80.0,2.0,53.4236,30.1082
133,1,0,0,0,0,0,0,120.0,80.0,2.25,53.3101,26.1195
134,1,0,0,0,0,0,0,120.0,80.0,2.513,51.9549,21.1739
135,1,0,0,0,0,0,0,120.0,90.0,0.499,41.7371,51.1467
136,1,0,0,0,0,0,0,120.0,90.0,0.75,48.341,51.0376
137,1,0,0,0,0,0,0,120.0,90.0,1.0,54.1819,50.0239
138,1,0,0,0,0,0,0,120.0,90.0,1.25,58.9532,48.0861
139,1,0,0,0,0,0,0,120.0,90.0,1.5,62.3711,45.0658
140,1,0,0,0,0,0,0,120.0,90.0,1.75,64.5143,41.1823
141,1,0,0,0,0,0,0,120.0,90.0,2.0,65.276,36.5561
142,1,0,0,0,0,0,0,120.0,90.0,2.25,64.7225,31.1992
143,1,0,0,0,0,0,0,120.0,90.0,2.513,62.979,25.4353
144,1,0,0,0,0,0,0,120.0,100.0,0.499,50.2838,60.5338
145,1,0,0,0,0,0,0,120.0,100.0,0.75,58.378,61.1547
146,1,0,0,0,0,0,0,120.0,100.0,1.0,65.2722,60.379
147,1,0,0,0,0,0,0,120.0,100.0,1.25,70.7361,57.9965
148,1,0,0,0,0,0,0,120.0,100.0,1.5,74.449,54.0883
149,1,0,0,0,0,0,0,120.0,100.0,1.75,76.4565,48.939
150,1,0,0,0,0,0,0,120.0,100.0,2.0,76.7132,42.6071
151,1,0,0,0,0,0,0,120.0,100.0,2.25,75.8858,36.2483
152,1,0,0,0,0,0,0,120.0,100.0,2.513,73.8607,29.6374
153,1,0,0,0,0,0,0,120.0,110.0,0.499,58.6125,69.521
154,1,0,0,0,0,0,0,120.0,110.0,0.75,67.5238,70.3624
155,1,0,0,0,0,0,0,120.0,110.0,1.0,75.468,69.9053
156,1,0,0,0,0,0,0,120.0,110.0,1.25,81.608,67.2333
157,1,0,0,0,0,0,0,120.0,110.0,1.5,85.506,62.4168
158,1,0,0,0,0,0,0,120.0,110.0,1.75,87.3599,56.0012
159,1,0,0,0,0,0,0,120.0,110.0,2.0,87.613,48.7841
160,1,0,0,0,0,0,0,120.0,110.0,2.25,86.8208,41.4872
161,1,0,0,0,0,0,0,120.0,110.0,2.513,84.6273,34.0659
162,1,0,0,0,0,0,0,180.0,30.0,0.499,5.13699,5.92113
163,1,0,0,0,0,0,0,180.0,30.0,0.75,6.78126,6.3869
164,1,0,0,0,0,0,0,180.0,30.0,1.0,7.74804,6.91207
165,1,0,0,0,0,0,0,180.0,30.0,1.25,8.55228,7.65499
166,1,0,0,0,0,0,0,180.0,30.0,1.5,9.53531,8.57497
167,1,0,0,0,0,0,0,180.0,30.0,1.75,10.0953,9.19605
168,1,0,0,0,0,0,0,180.0,30.0,2.0,10.2066,9.37319
169,1,0,0,0,0,0,0,180.0,30.0,2.25,10.3082,9.1713
170,1,0,0,0,0,0,0,180.0,30.0,2.513,9.8806,8.37114
171,1,0,0,0,0,0,0,180.0,40.0,0.499,9.43036,11.7684
172,1,0,0,0,0,0,0,180.0,40.0,0.75,11.8977,11.8771
173,1,0,0,0,0,0,0,180.0,40.0,1.0,13.5395,12.0246
174,1,0,0,0,0,0,0,180.0,40.0,1.25,14.7584,12.4172
175,1,0,0,0,0,0,0,180.0,40.0,1.5,16.0896,13.0335
176,1,0,0,0,0,0,0,180.0,40.0,1.75,17.1462,13.4489
177,1,0,0,0,0,0,0,180.0,40.0,2.0,17.5594,13.2648
178,1,0,0,0,0,0,0,180.0,40.0,2.25,17.5995,12.5792
179,1,0,0,0,0,0,0,180.0,40.0,2.513,17.0546,11.2513
180,1,0,0,0,0,0,0,180.0,50.0,0.499,15.1501,18.5679
181,1,0,0,0,0,0,0,180.0,50.0,0.75,17.9886,18.2826
182,1,0,0,0,0,0,0,180.0,50.0,1.0,19.9306,17.9095
183,1,0,0,0,0,0,0,180.0,50.0,1.25,21.5228,17.7836
184,1,0,0,0,0,0,0,180.0,50.0,1.5,23.1347,17.9053
185,1,0,0,0,0,0,0,180.0,50.0,1.75,24.8802,17.9593
186,1,0,0,0,0,0,0,180.0,50.0,2.0,25.5526,17.3015
187,1,0,0,0,0,0,0,180.0,50.0,2.25,25.4174,15.9809
188,1,0,0,0,0,0,0,180.0,50.0,2.513,24.4901,13.7398
189,1,0,0,0,0,0,0,180.0,60.0,0.499,21.547,26.3163
190,1,0,0,0,0,0,0,180.0,60.0,0.75,24.7463,25.7725
191,1,0,0,0,0,0,0,180.0,60.0,1.0,27.1693,24.9828
192,1,0,0,0,0,0,0,180.0,60.0,1.25,29.3177,24.2178
193,1,0,0,0,0,0,0,180.0,60.0,1.5,31.6362,23.7167
194,1,0,0,0,0,0,0,180.0,60.0,1.75,33.3621,22.988
195,1,0,0,0,0,0,0,180.0,60.0,2.0,34.1361,21.5743
196,1,0,0,0,0,0,0,180.0,60.0,2.25,33.9554,19.4551
197,1,0,0,0,0,0,0,180.0,60.0,2.513,32.9374,16.3526
198,1,0,0,0,0,0,0,180.0,70.0,0.499,28.8947,35.322
199,1,0,0,0,0,0,0,180.0,70.0,0.75,32.7308,34.6556
200,1,0,0,0,0,0,0,180.0,70.0,1.0,36.1795,33.768
201,1,0,0,0,0,0,0,180.0,70.0,1.25,38.9985,32.4165
202,1,0,0,0,0,0,0,180.0,70.0,1.5,41.3838,30.8258
203,1,0,0,0,0,0,0,180.0,70.0,1.75,43.0784,28.9448
204,1,0,0,0,0,0,0,180.0,70.0,2.0,43.8551,26.3898
205,1,0,0,0,0,0,0,180.0,70.0,2.25,43.4049,23.0115
206,1,0,0,0,0,0,0,180.0,70.0,2.513,42.1425,18.9238
207,1,0,0,0,0,0,0,180.0,80.0,0.499,36.5469,44.7951
208,1,0,0,0,0,0,0,180.0,80.0,0.75,41.8922,44.5641
209,1,0,0,0,0,0,0,180.0,80.0,1.0,46.4846,43.5823
210,1,0,0,0,0,0,0,180.0,80.0,1.25,50.2551,41.8962
211,1,0,0,0,0,0,0,180.0,80.0,1.5,52.9318,39.4805
212,1,0,0,0,0,0,0,180.0,80.0,1.75,54.7341,36.1794
213,1,0,0,0,0,0,0,180.0,80.0,2.0,55.004,32.0751
214,1,0,0,0,0,0,0,180.0,80.0,2.25,54.0628,27.1635
215,1,0,0,0,0,0,0,180.0,80.0,2.513,52.2191,21.7676
216,1,0,0,0,0,0,0,180.0,90.0,0.499,44.9289,54.6819
217,1,0,0,0,0,0,0,180.0,90.0,0.75,51.6602,54.9225
218,1,0,0,0,0,0,0,180.0,90.0,1.0,57.5595,54.081
219,1,0,0,0,0,0,0,180.0,90.0,1.25,62.3004,52
220,1,0,0,0,0,0,0,180.0,90.0,1.5,65.3393,48.6399
221,1,0,0,0,0,0,0,180.0,90.0,1.75,66.7352,43.8982
222,1,0,0,0,0,0,0,180.0,90.0,2.0,66.758,38.2701
223,1,0,0,0,0,0,0,180.0,90.0,2.25,65.494,32.0856
224,1,0,0,0,0,0,0,180.0,90.0,2.513,62.9597,25.6896
225,1,0,0,0,0,0,0,180.0,100.0,0.499,53.2384,64.0719
226,1,0,0,0,0,0,0,180.0,100.0,0.75,61.4007,64.9336
227,1,0,0,0,0,0,0,180.0,100.0,1.0,68.6733,64.5416
228,1,0,0,0,0,0,0,180.0,100.0,1.25,74.1672,62.1845
229,1,0,0,0,0,0,0,180.0,100.0,1.5,77.5115,57.6685
230,1,0,0,0,0,0,0,180.0,100.0,1.75,78.8244,51.4947
231,1,0,0,0,0,0,0,180.0,100.0,2.0,78.3701,44.2646
232,1,0,0,0,0,0,0,180.0,100.0,2.25,76.7817,37.1674
233,1,0,0,0,0,0,0,180.0,100.0,2.513,73.8751,29.8411
234,1,0,0,0,0,0,0,180.0,110.0,0.499,61.3808,72.9775
235,1,0,0,0,0,0,0,180.0,110.0,0.75,70.5202,74.1108
236,1,0,0,0,0,0,0,180.0,110.0,1.0,79.0532,74.0426
237,1,0,0,0,0,0,0,180.0,110.0,1.25,84.9314,71.1343
238,1,0,0,0,0,0,0,180.0,110.0,1.5,88.2291,65.5854
239,1,0,0,0,0,0,0,180.0,110.0,1.75,89.5918,58.2787
240,1,0,0,0,0,0,0,180.0,110.0,2.0,89.5,50.4482
241,1,0,0,0,0,0,0,180.0,110.0,2.25,87.8134,42.4824
242,1,0,0,0,0,0,0,180.0,110.0,2.513,84.7138,34.2887
243,1,0,0,0,0,0,0,240.0,30.0,0.499,7.98129,8.63286
244,1,0,0,0,0,0,0,240.0,30.0,0.75,9.33074,8.92408
245,1,0,0,0,0,0,0,240.0,30.0,1.0,10.2631,9.37338
246,1,0,0,0,0,0,0,240.0,30.0,1.25,11.0038,10.0417
247,1,0,0,0,0,0,0,240.0,30.0,1.5,11.5281,10.8039
248,1,0,0,0,0,0,0,240.0,30.0,1.75,11.6462,11.1972
249,1,0,0,0,0,0,0,240.0,30.0,2.0,11.6824,11.2145
250,1,0,0,0,0,0,0,240.0,30.0,2.25,11.71,10.8858
251,1,0,0,0,0,0,0,240.0,30.0,2.513,11.0817,9.87552
252,1,0,0,0,0,0,0,240.0,40.0,0.499,12.5992,14.8231
253,1,0,0,0,0,0,0,240.0,40.0,0.75,14.8257,14.8109
254,1,0,0,0,0,0,0,240.0,40.0,1.0,16.0585,14.6535
255,1,0,0,0,0,0,0,240.0,40.0,1.25,17.2024,14.8938
256,1,0,0,0,0,0,0,240.0,40.0,1.5,18.3618,15.439
257,1,0,0,0,0,0,0,240.0,40.0,1.75,18.759,15.5071
258,1,0,0,0,0,0,0,240.0,40.0,2.0,18.8482,15.1269
259,1,0,0,0,0,0,0,240.0,40.0,2.25,18.6598,14.1799
260,1,0,0,0,0,0,0,240.0,40.0,2.513,17.7681,12.5402
261,1,0,0,0,0,0,0,240.0,50.0,0.499,18.4994,21.6406
262,1,0,0,0,0,0,0,240.0,50.0,0.75,21.3263,21.5015
263,1,0,0,0,0,0,0,240.0,50.0,1.0,23.0687,21.0016
264,1,0,0,0,0,0,0,240.0,50.0,1.25,24.2506,20.6188
265,1,0,0,0,0,0,0,240.0,50.0,1.5,25.7044,20.5107
266,1,0,0,0,0,0,0,240.0,50.0,1.75,26.7148,20.1791
267,1,0,0,0,0,0,0,240.0,50.0,2.0,26.9412,19.2307
268,1,0,0,0,0,0,0,240.0,50.0,2.25,26.438,17.5681
269,1,0,0,0,0,0,0,240.0,50.0,2.513,25.1105,14.9846
270,1,0,0,0,0,0,0,240.0,60.0,0.499,24.8197,29.4425
271,1,0,0,0,0,0,0,240.0,60.0,0.75,28.1386,29.0584
272,1,0,0,0,0,0,0,240.0,60.0,1.0,30.5777,28.3409
273,1,0,0,0,0,0,0,240.0,60.0,1.25,32.47,27.4783
274,1,0,0,0,0,0,0,240.0,60.0,1.5,34.0816,26.5002
275,1,0,0,0,0,0,0,240.0,60.0,1.75,35.491,25.4482
276,1,0,0,0,0,0,0,240.0,60.0,2.0,35.6783,23.6057
277,1,0,0,0,0,0,0,240.0,60.0,2.25,34.6651,20.8238
278,1,0,0,0,0,0,0,240.0,60.0,2.513,33.4253,17.4267
279,1,0,0,0,0,0,0,240.0,70.0,0.499,32.1983,38.5136
280,1,0,0,0,0,0,0,240.0,70.0,0.75,36.337,38.1893
281,1,0,0,0,0,0,0,240.0,70.0,1.0,39.6483,37.3323
282,1,0,0,0,0,0,0,240.0,70.0,1.25,42.3242,35.9803
283,1,0,0,0,0,0,0,240.0,70.0,1.5,44.1998,34.0335
284,1,0,0,0,0,0,0,240.0,70.0,1.75,45.3513,31.6003
285,1,0,0,0,0,0,0,240.0,70.0,2.0,45.3081,28.3843
286,1,0,0,0,0,0,0,240.0,70.0,2.25,44.2181,24.3866
287,1,0,0,0,0,0,0,240.0,70.0,2.513,42.7144,19.7814
288,1,0,0,0,0,0,0,240.0,80.0,0.499,39.9804,48.111
289,1,0,0,0,0,0,0,240.0,80.0,0.75,45.2493,48.0677
290,1,0,0,0,0,0,0,240.0,80.0,1.0,49.8267,47.2732
291,1,0,0,0,0,0,0,240.0,80.0,1.25,53.3424,45.5015
292,1,0,0,0,0,0,0,240.0,80.0,1.5,55.8129,42.812
293,1,0,0,0,0,0,0,240.0,80.0,1.75,56.8734,38.9743
294,1,0,0,0,0,0,0,240.0,80.0,2.0,56.4276,33.9444
295,1,0,0,0,0,0,0,240.0,80.0,2.25,54.9853,28.4233
296,1,0,0,0,0,0,0,240.0,80.0,2.513,52.5526,22.4709
297,1,0,0,0,0,0,0,240.0,90.0,0.499,47.9685,57.8358
298,1,0,0,0,0,0,0,240.0,90.0,0.75,54.5792,58.2914
299,1,0,0,0,0,0,0,240.0,90.0,1.0,60.5496,57.7367
300,1,0,0,0,0,0,0,240.0,90.0,1.25,65.2278,55.6849
301,1,0,0,0,0,0,0,240.0,90.0,1.5,67.9215,51.8968
302,1,0,0,0,0,0,0,240.0,90.0,1.75,68.807,46.4756
303,1,0,0,0,0,0,0,240.0,90.0,2.0,68.1184,39.907
304,1,0,0,0,0,0,0,240.0,90.0,2.25,66.0561,32.9704
305,1,0,0,0,0,0,0,240.0,90.0,2.513,63.0622,25.9587
306,1,0,0,0,0,0,0,240.0,100.0,0.499,55.9065,67.1821
307,1,0,0,0,0,0,0,240.0,100.0,0.75,64.0184,68.1281
308,1,0,0,0,0,0,0,240.0,100.0,1.0,71.2737,67.9071
309,1,0,0,0,0,0,0,240.0,100.0,1.25,76.7322,65.5592
310,1,0,0,0,0,0,0,240.0,100.0,1.5,79.6704,60.5331
311,1,0,0,0,0,0,0,240.0,100.0,1.75,80.4838,53.6825
312,1,0,0,0,0,0,0,240.0,100.0,2.0,79.5973,45.9594
313,1,0,0,0,0,0,0,240.0,100.0,2.25,77.412,38.1258
314,1,0,0,0,0,0,0,240.0,100.0,2.513,73.7985,30.1238
315,1,0,0,0,0,0,0,240.0,110.0,0.499,64.125,75.9907
316,1,0,0,0,0,0,0,240.0,110.0,0.75,73.0567,77.0278
317,1,0,0,0,0,0,0,240.0,110.0,1.0,81.1821,76.8145
318,1,0,0,0,0,0,0,240.0,110.0,1.25,87.0507,73.8653
319,1,0,0,0,0,0,0,240.0,110.0,1.5,90.13,67.9906
320,1,0,0,0,0,0,0,240.0,110.0,1.75,91.3334,60.3401
321,1,0,0,0,0,0,0,240.0,110.0,2.0,90.7316,51.9728
322,1,0,0,0,0,0,0,240.0,110.0,2.25,88.4955,43.4298
323,1,0,0,0,0,0,0,240.0,110.0,2.513,84.9386,34.8241
324,1,0,0,0,0,0,0,300.0,30.0,0.499,10.7671,11.4229
325,1,0,0,0,0,0,0,300.0,30.0,0.75,11.8826,11.506
326,1,0,0,0,0,0,0,300.0,30.0,1.0,12.6659,11.8431
327,1,0,0,0,0,0,0,300.0,30.0,1.25,13.2129,12.3829
328,1,0,0,0,0,0,0,300.0,30.0,1.5,13.3127,12.8741
329,1,0,0,0,0,0,0,300.0,30.0,1.75,13.2865,13.1019
330,1,0,0,0,0,0,0,300.0,30.0,2.0,13.1346,12.9751
331,1,0,0,0,0,0,0,300.0,30.0,2.25,13.0156,12.4906
332,1,0,0,0,0,0,0,300.0,30.0,2.513,12.2708,11.2482
333,1,0,0,0,0,0,0,300.0,40.0,0.499,15.79,17.8439
334,1,0,0,0,0,0,0,300.0,40.0,0.75,17.7633,17.7999
335,1,0,0,0,0,0,0,300.0,40.0,1.0,18.8551,17.502
336,1,0,0,0,0,0,0,300.0,40.0,1.25,19.6575,17.5262
337,1,0,0,0,0,0,0,300.0,40.0,1.5,20.3832,17.7307
338,1,0,0,0,0,0,0,300.0,40.0,1.75,20.3556,17.5226
339,1,0,0,0,0,0,0,300.0,40.0,2.0,20.1588,16.9062
340,1,0,0,0,0,0,0,300.0,40.0,2.25,19.785,15.7436
341,1,0,0,0,0,0,0,300.0,40.0,2.513,18.5053,13.7227
342,1,0,0,0,0,0,0,300.0,50.0,0.499,21.7159,24.6757
343,1,0,0,0,0,0,0,300.0,50.0,0.75,24.3344,24.5908
344,1,0,0,0,0,0,0,300.0,50.0,1.0,26.2229,24.2264
345,1,0,0,0,0,0,0,300.0,50.0,1.25,27.1746,23.5261
346,1,0,0,0,0,0,0,300.0,50.0,1.5,27.9487,23.0866
347,1,0,0,0,0,0,0,300.0,50.0,1.75,28.4143,22.4081
348,1,0,0,0,0,0,0,300.0,50.0,2.0,28.2572,20.9827
349,1,0,0,0,0,0,0,300.0,50.0,2.25,27.4531,18.9931
350,1,0,0,0,0,0,0,300.0,50.0,2.513,25.9694,16.1041
351,1,0,0,0,0,0,0,300.0,60.0,0.499,28.1769,32.638
352,1,0,0,0,0,0,0,300.0,60.0,0.75,31.3444,32.3045
353,1,0,0,0,0,0,0,300.0,60.0,1.0,33.9329,31.7861
354,1,0,0,0,0,0,0,300.0,60.0,1.25,35.6437,30.7318
355,1,0,0,0,0,0,0,300.0,60.0,1.5,36.604,29.3158
356,1,0,0,0,0,0,0,300.0,60.0,1.75,37.3405,27.7736
357,1,0,0,0,0,0,0,300.0,60.0,2.0,37.0725,25.4413
358,1,0,0,0,0,0,0,300.0,60.0,2.25,35.7434,22.2836
359,1,0,0,0,0,0,0,300.0,60.0,2.513,34.0855,18.44
360,1,0,0,0,0,0,0,300.0,70.0,0.499,35.5641,41.7125
361,1,0,0,0,0,0,0,300.0,70.0,0.75,39.5769,41.4581
362,1,0,0,0,0,0,0,300.0,70.0,1.0,42.7469,40.667
363,1,0,0,0,0,0,0,300.0,70.0,1.25,45.3754,39.3502
364,1,0,0,0,0,0,0,300.0,70.0,1.5,46.9355,37.1298
365,1,0,0,0,0,0,0,300.0,70.0,1.75,47.4434,34.0689
366,1,0,0,0,0,0,0,300.0,70.0,2.0,46.9704,30.3683
367,1,0,0,0,0,0,0,300.0,70.0,2.25,45.2529,25.7807
368,1,0,0,0,0,0,0,300.0,70.0,2.513,43.1369,20.6185
369,1,0,0,0,0,0,0,300.0,80.0,0.499,43.2957,51.1936
370,1,0,0,0,0,0,0,300.0,80.0,0.75,48.4725,51.3043
371,1,0,0,0,0,0,0,300.0,80.0,1.0,52.8244,50.6251
372,1,0,0,0,0,0,0,300.0,80.0,1.25,56.1837,48.8247
373,1,0,0,0,0,0,0,300.0,80.0,1.5,58.1073,45.6888
374,1,0,0,0,0,0,0,300.0,80.0,1.75,58.7082,41.3456
375,1,0,0,0,0,0,0,300.0,80.0,2.0,57.8664,35.7961
376,1,0,0,0,0,0,0,300.0,80.0,2.25,55.7922,29.6774
377,1,0,0,0,0,0,0,300.0,80.0,2.513,52.948,23.3118
378,1,0,0,0,0,0,0,300.0,90.0,0.499,50.8908,60.6468
379,1,0,0,0,0,0,0,300.0,90.0,0.75,57.4516,61.1837
380,1,0,0,0,0,0,0,300.0,90.0,1.0,63.1291,60.7592
381,1,0,0,0,0,0,0,300.0,90.0,1.25,67.6477,58.7002
382,1,0,0,0,0,0,0,300.0,90.0,1.5,70.0423,54.5751
383,1,0,0,0,0,0,0,300.0,90.0,1.75,70.2883,48.4611
384,1,0,0,0,0,0,0,300.0,90.0,2.0,69.0299,41.283
385,1,0,0,0,0,0,0,300.0,90.0,2.25,66.7845,34.0924
386,1,0,0,0,0,0,0,300.0,90.0,2.513,63.3102,26.5913
387,1,0,0,0,0,0,0,300.0,100.0,0.499,58.7236,69.9323
388,1,0,0,0,0,0,0,300.0,100.0,0.75,66.3424,70.713
389,1,0,0,0,0,0,0,300.0,100.0,1.0,73.3214,70.3219
390,1,0,0,0,0,0,0,300.0,100.0,1.25,78.3854,67.7565
391,1,0,0,0,0,0,0,300.0,100.0,1.5,81.259,62.6008
392,1,0,0,0,0,0,0,300.0,100.0,1.75,81.8984,55.6896
393,1,0,0,0,0,0,0,300.0,100.0,2.0,80.5628,47.422
394,1,0,0,0,0,0,0,300.0,100.0,2.25,78.0734,39.1565
395,1,0,0,0,0,0,0,300.0,100.0,2.513,73.9847,30.6704
396,1,0,0,0,0,0,0,300.0,110.0,0.499,66.6976,78.4543
397,1,0,0,0,0,0,0,300.0,110.0,0.75,75.0213,79.1534
398,1,0,0,0,0,0,0,300.0,110.0,1.0,82.3928,78.4694
399,1,0,0,0,0,0,0,300.0,110.0,1.25,88.0499,75.3777
400,1,0,0,0,0,0,0,300.0,110.0,1.5,91.4393,69.6615
401,1,0,0,0,0,0,0,300.0,110.0,1.75,92.4067,61.9632
402,1,0,0,0,0,0,0,300.0,110.0,2.0,91.496,53.2587
403,1,0,0,0,0,0,0,300.0,110.0,2.25,89.0297,44.4368
404,1,0,0,0,0,0,0,300.0,110.0,2.513,84.8419,35.3332
405,1,0,0,0,0,0,0,360.0,30.0,0.499,13.3688,14.1394
406,1,0,0,0,0,0,0,360.0,30.0,0.75,14.5456,14.2008
407,1,0,0,0,0,0,0,360.0,30.0,1.0,15.1506,14.4039
408,1,0,0,0,0,0,0,360.0,30.0,1.25,15.2788,14.6698
409,1,0,0,0,0,0,0,360.0,30.0,1.5,15.1751,14.9445
410,1,0,0,0,0,0,0,360.0,30.0,1.75,14.9036,14.8564
411,1,0,0,0,0,0,0,360.0,30.0,2.0,14.6056,14.6406
412,1,0,0,0,0,0,0,360.0,30.0,2.25,14.2257,13.9719
413,1,0,0,0,0,0,0,360.0,30.0,2.513,13.2632,12.3535
414,1,0,0,0,0,0,0,360.0,40.0,0.499,18.5904,20.5735
415,1,0,0,0,0,0,0,360.0,40.0,0.75,20.6195,20.637
416,1,0,0,0,0,0,0,360.0,40.0,1.0,21.7461,20.3826
417,1,0,0,0,0,0,0,360.0,40.0,1.25,22.131,20.1248
418,1,0,0,0,0,0,0,360.0,40.0,1.5,22.3237,19.9626
419,1,0,0,0,0,0,0,360.0,40.0,1.75,21.9161,19.4652
420,1,0,0,0,0,0,0,360.0,40.0,2.0,21.5568,18.6193
421,1,0,0,0,0,0,0,360.0,40.0,2.25,20.7938,17.1018
422,1,0,0,0,0,0,0,360.0,40.0,2.513,19.4428,14.7195
423,1,0,0,0,0,0,0,360.0,50.0,0.499,24.6251,27.6714
424,1,0,0,0,0,0,0,360.0,50.0,0.75,27.3508,27.6138
425,1,0,0,0,0,0,0,360.0,50.0,1.0,29.1366,27.1772
426,1,0,0,0,0,0,0,360.0,50.0,1.25,29.982,26.4308
427,1,0,0,0,0,0,0,360.0,50.0,1.5,30.2525,25.584
428,1,0,0,0,0,0,0,360.0,50.0,1.75,30.066,24.4641
429,1,0,0,0,0,0,0,360.0,50.0,2.0,29.5653,22.765
430,1,0,0,0,0,0,0,360.0,50.0,2.25,28.4773,20.3294
431,1,0,0,0,0,0,0,360.0,50.0,2.513,26.8169,16.9891
432,1,0,0,0,0,0,0,360.0,60.0,0.499,31.3875,35.7855
433,1,0,0,0,0,0,0,360.0,60.0,0.75,34.5753,35.5469
434,1,0,0,0,0,0,0,360.0,60.0,1.0,37.1672,34.9894
435,1,0,0,0,0,0,0,360.0,60.0,1.25,38.6715,33.8779
436,1,0,0,0,0,0,0,360.0,60.0,1.5,39.3844,32.218
437,1,0,0,0,0,0,0,360.0,60.0,1.75,39.2385,29.9756
438,1,0,0,0,0,0,0,360.0,60.0,2.0,38.3091,27.1449
439,1,0,0,0,0,0,0,360.0,60.0,2.25,36.994,23.5689
440,1,0,0,0,0,0,0,360.0,60.0,2.513,34.871,19.2196
441,1,0,0,0,0,0,0,360.0,70.0,0.499,38.7089,44.7185
442,1,0,0,0,0,0,0,360.0,70.0,0.75,42.5849,44.5064
443,1,0,0,0,0,0,0,360.0,70.0,1.0,45.8246,43.8533
444,1,0,0,0,0,0,0,360.0,70.0,1.25,48.3255,42.4801
445,1,0,0,0,0,0,0,360.0,70.0,1.5,49.4167,39.8422
446,1,0,0,0,0,0,0,360.0,70.0,1.75,49.4409,36.3856
447,1,0,0,0,0,0,0,360.0,70.0,2.0,48.3656,32.0456
448,1,0,0,0,0,0,0,360.0,70.0,2.25,46.3092,27.0525
449,1,0,0,0,0,0,0,360.0,70.0,2.513,43.66,21.4164
450,1,0,0,0,0,0,0,360.0,80.0,0.499,46.1609,53.9495
451,1,0,0,0,0,0,0,360.0,80.0,0.75,51.1483,54.0908
452,1,0,0,0,0,0,0,360.0,80.0,1.0,55.4978,53.5774
453,1,0,0,0,0,0,0,360.0,80.0,1.25,58.6636,51.6645
454,1,0,0,0,0,0,0,360.0,80.0,1.5,60.1243,48.1239
455,1,0,0,0,0,0,0,360.0,80.0,1.75,60.2501,43.2646
456,1,0,0,0,0,0,0,360.0,80.0,2.0,59.0397,37.393
457,1,0,0,0,0,0,0,360.0,80.0,2.25,56.5588,30.878
458,1,0,0,0,0,0,0,360.0,80.0,2.513,53.427,24.1074
459,1,0,0,0,0,0,0,360.0,90.0,0.499,53.7915,63.2686
460,1,0,0,0,0,0,0,360.0,90.0,0.75,60.1173,63.6732
461,1,0,0,0,0,0,0,360.0,90.0,1.0,65.4749,63.1183
462,1,0,0,0,0,0,0,360.0,90.0,1.25,69.3672,60.8629
463,1,0,0,0,0,0,0,360.0,90.0,1.5,71.3644,56.3861
464,1,0,0,0,0,0,0,360.0,90.0,1.75,71.2423,50.0393
465,1,0,0,0,0,0,0,360.0,90.0,2.0,69.9725,42.8271
466,1,0,0,0,0,0,0,360.0,90.0,2.25,67.4798,35.1744
467,1,0,0,0,0,0,0,360.0,90.0,2.513,63.7724,27.5033
468,1,0,0,0,0,0,0,360.0,100.0,0.499,61.2958,72.1396
469,1,0,0,0,0,0,0,360.0,100.0,0.75,68.5245,72.6468
470,1,0,0,0,0,0,0,360.0,100.0,1.0,74.7042,71.8256
471,1,0,0,0,0,0,0,360.0,100.0,1.25,79.2729,68.9993
472,1,0,0,0,0,0,0,360.0,100.0,1.5,82.0888,63.9761
473,1,0,0,0,0,0,0,360.0,100.0,1.75,82.4626,56.877
474,1,0,0,0,0,0,0,360.0,100.0,2.0,81.0205,48.568
475,1,0,0,0,0,0,0,360.0,100.0,2.25,78.2006,40.0157
476,1,0,0,0,0,0,0,360.0,100.0,2.513,74.2137,31.3184
477,1,0,0,0,0,0,0,360.0,110.0,0.499,68.9296,80.3217
478,1,0,0,0,0,0,0,360.0,110.0,0.75,76.4948,80.606
479,1,0,0,0,0,0,0,360.0,110.0,1.0,83.0997,79.3554
480,1,0,0,0,0,0,0,360.0,110.0,1.25,88.4997,76.2395
481,1,0,0,0,0,0,0,360.0,110.0,1.5,91.7962,70.5852
482,1,0,0,0,0,0,0,360.0,110.0,1.75,92.9244,63.0811
483,1,0,0,0,0,0,0,360.0,110.0,2.0,91.7004,54.2929
484,1,0,0,0,0,0,0,360.0,110.0,2.25,89.0813,45.207
485,1,0,0,0,0,0,0,360.0,110.0,2.513,84.7751,35.8938
486,1,0,0,0,0,0,0,420.0,30.0,0.499,15.8636,16.7655
487,1,0,0,0,0,0,0,420.0,30.0,0.75,17.183,16.9539
488,1,0,0,0,0,0,0,420.0,30.0,1.0,17.6048,16.9268
489,1,0,0,0,0,0,0,420.0,30.0,1.25,17.503,16.9049
490,1,0,0,0,0,0,0,420.0,30.0,1.5,17.0295,16.8612
491,1,0,0,0,0,0,0,420.0,30.0,1.75,16.6137,16.7465
492,1,0,0,0,0,0,0,420.0,30.0,2.0,16.1562,16.2043
493,1,0,0,0,0,0,0,420.0,30.0,2.25,15.341,15.1827
494,1,0,0,0,0,0,0,420.0,30.0,2.513,14.1442,13.1788
495,1,0,0,0,0,0,0,420.0,40.0,0.499,21.2786,23.291
496,1,0,0,0,0,0,0,420.0,40.0,0.75,23.282,23.3342
497,1,0,0,0,0,0,0,420.0,40.0,1.0,24.3598,23.0972
498,1,0,0,0,0,0,0,420.0,40.0,1.25,24.7666,22.6467
499,1,0,0,0,0,0,0,420.0,40.0,1.5,24.3358,22.1011
500,1,0,0,0,0,0,0,420.0,40.0,1.75,23.6912,21.4887
501,1,0,0,0,0,0,0,420.0,40.0,2.0,23.028,20.3027
502,1,0,0,0,0,0,0,420.0,40.0,2.25,21.8069,18.2849
503,1,0,0,0,0,0,0,420.0,40.0,2.513,20.3205,15.5016
504,1,0,0,0,0,0,0,420.0,50.0,0.499,27.6455,30.6035
505,1,0,0,0,0,0,0,420.0,50.0,0.75,30.2325,30.4839
506,1,0,0,0,0,0,0,420.0,50.0,1.0,32.0317,30.0585
507,1,0,0,0,0,0,0,420.0,50.0,1.25,32.6934,29.2354
508,1,0,0,0,0,0,0,420.0,50.0,1.5,32.6841,27.9759
509,1,0,0,0,0,0,0,420.0,50.0,1.75,31.7967,26.3806
510,1,0,0,0,0,0,0,420.0,50.0,2.0,30.8001,24.3294
511,1,0,0,0,0,0,0,420.0,50.0,2.25,29.5193,21.4928
512,1,0,0,0,0,0,0,420.0,50.0,2.513,27.8534,17.863
513,1,0,0,0,0,0,0,420.0,60.0,0.499,34.4487,38.7468
514,1,0,0,0,0,0,0,420.0,60.0,0.75,37.6106,38.4832
515,1,0,0,0,0,0,0,420.0,60.0,1.0,40.0169,37.9071
516,1,0,0,0,0,0,0,420.0,60.0,1.25,41.3715,36.7151
517,1,0,0,0,0,0,0,420.0,60.0,1.5,41.9155,34.8189
518,1,0,0,0,0,0,0,420.0,60.0,1.75,41.2204,32.0596
519,1,0,0,0,0,0,0,420.0,60.0,2.0,39.6549,28.5385
520,1,0,0,0,0,0,0,420.0,60.0,2.25,38.0422,24.7141
521,1,0,0,0,0,0,0,420.0,60.0,2.513,35.797,20.0129
522,1,0,0,0,0,0,0,420.0,70.0,0.499,41.3456,47.3085
523,1,0,0,0,0,0,0,420.0,70.0,0.75,45.3762,47.3084
524,1,0,0,0,0,0,0,420.0,70.0,1.0,48.6065,46.6185
525,1,0,0,0,0,0,0,420.0,70.0,1.25,50.8337,45.0749
526,1,0,0,0,0,0,0,420.0,70.0,1.5,51.4936,42.1474
527,1,0,0,0,0,0,0,420.0,70.0,1.75,51.1408,38.2533
528,1,0,0,0,0,0,0,420.0,70.0,2.0,49.6261,33.3668
529,1,0,0,0,0,0,0,420.0,70.0,2.25,47.2609,28.052
530,1,0,0,0,0,0,0,420.0,70.0,2.513,44.5556,22.2367
531,1,0,0,0,0,0,0,420.0,80.0,0.499,48.8605,56.4083
532,1,0,0,0,0,0,0,420.0,80.0,0.75,53.5914,56.4223
533,1,0,0,0,0,0,0,420.0,80.0,1.0,57.7184,55.7014
534,1,0,0,0,0,0,0,420.0,80.0,1.25,60.7186,53.682
535,1,0,0,0,0,0,0,420.0,80.0,1.5,61.6802,49.838
536,1,0,0,0,0,0,0,420.0,80.0,1.75,61.4167,44.7971
537,1,0,0,0,0,0,0,420.0,80.0,2.0,59.9239,38.6129
538,1,0,0,0,0,0,0,420.0,80.0,2.25,57.4835,32.0468
539,1,0,0,0,0,0,0,420.0,80.0,2.513,54.1972,25.0231
540,1,0,0,0,0,0,0,420.0,90.0,0.499,56.4882,65.4736
541,1,0,0,0,0,0,0,420.0,90.0,0.75,62.3078,65.7025
542,1,0,0,0,0,0,0,420.0,90.0,1.0,67.1648,64.7095
543,1,0,0,0,0,0,0,420.0,90.0,1.25,70.4437,61.9773
544,1,0,0,0,0,0,0,420.0,90.0,1.5,72.1355,57.5133
545,1,0,0,0,0,0,0,420.0,90.0,1.75,71.8625,51.25
546,1,0,0,0,0,0,0,420.0,90.0,2.0,70.4103,43.7988
547,1,0,0,0,0,0,0,420.0,90.0,2.25,67.941,36.2393
548,1,0,0,0,0,0,0,420.0,90.0,2.513,64.1521,28.4009
549,1,0,0,0,0,0,0,420.0,100.0,0.499,63.6849,73.8962
550,1,0,0,0,0,0,0,420.0,100.0,0.75,70.395,74.0395
551,1,0,0,0,0,0,0,420.0,100.0,1.0,75.8049,72.7437
552,1,0,0,0,0,0,0,420.0,100.0,1.25,79.7471,69.6765
553,1,0,0,0,0,0,0,420.0,100.0,1.5,82.2317,64.7176
554,1,0,0,0,0,0,0,420.0,100.0,1.75,82.4784,57.566
555,1,0,0,0,0,0,0,420.0,100.0,2.0,81.0571,49.3135
556,1,0,0,0,0,0,0,420.0,100.0,2.25,78.1955,40.6934
557,1,0,0,0,0,0,0,420.0,100.0,2.513,74.396,32.16
558,1,0,0,0,0,0,0,420.0,110.0,0.499,70.7963,81.6207
559,1,0,0,0,0,0,0,420.0,110.0,0.75,77.6985,81.4088
560,1,0,0,0,0,0,0,420.0,110.0,1.0,83.6844,79.7813
561,1,0,0,0,0,0,0,420.0,110.0,1.25,88.4185,76.4805
562,1,0,0,0,0,0,0,420.0,110.0,1.5,91.4824,70.861
563,1,0,0,0,0,0,0,420.0,110.0,1.75,92.6223,63.6409
564,1,0,0,0,0,0,0,420.0,110.0,2.0,91.4784,54.9681
565,1,0,0,0,0,0,0,420.0,110.0,2.25,88.6525,45.7249
566,1,0,0,0,0,0,0,420.0,110.0,2.513,84.8186,36.4445
567,1,0,0,0,0,0,0,480.0,30.0,0.499,18.1886,19.4484
568,1,0,0,0,0,0,0,480.0,30.0,0.75,19.5293,19.5945
569,1,0,0,0,0,0,0,480.0,30.0,1.0,19.9679,19.3861
570,1,0,0,0,0,0,0,480.0,30.0,1.25,19.7302,19.06
571,1,0,0,0,0,0,0,480.0,30.0,1.5,19.0765,18.7982
572,1,0,0,0,0,0,0,480.0,30.0,1.75,18.4385,18.5412
573,1,0,0,0,0,0,0,480.0,30.0,2.0,17.7041,17.7705
574,1,0,0,0,0,0,0,480.0,30.0,2.25,16.3872,16.1864
575,1,0,0,0,0,0,0,480.0,30.0,2.513,14.9126,13.777
576,1,0,0,0,0,0,0,480.0,40.0,0.499,23.8084,26.0195
577,1,0,0,0,0,0,0,480.0,40.0,0.75,25.8827,26.1142
578,1,0,0,0,0,0,0,480.0,40.0,1.0,26.8126,25.6947
579,1,0,0,0,0,0,0,480.0,40.0,1.25,27.0039,25.0068
580,1,0,0,0,0,0,0,480.0,40.0,1.5,26.568,24.2199
581,1,0,0,0,0,0,0,480.0,40.0,1.75,25.5819,23.2646
582,1,0,0,0,0,0,0,480.0,40.0,2.0,24.3618,21.6329
583,1,0,0,0,0,0,0,480.0,40.0,2.25,22.8621,19.3424
584,1,0,0,0,0,0,0,480.0,40.0,2.513,21.129,16.1546
585,1,0,0,0,0,0,0,480.0,50.0,0.499,30.4737,33.3978
586,1,0,0,0,0,0,0,480.0,50.0,0.75,32.9752,33.2935
587,1,0,0,0,0,0,0,480.0,50.0,1.0,34.558,32.7943
588,1,0,0,0,0,0,0,480.0,50.0,1.25,35.05,31.776
589,1,0,0,0,0,0,0,480.0,50.0,1.5,34.9581,30.2369
590,1,0,0,0,0,0,0,480.0,50.0,1.75,33.7763,28.1606
591,1,0,0,0,0,0,0,480.0,50.0,2.0,32.166,25.601
592,1,0,0,0,0,0,0,480.0,50.0,2.25,30.6689,22.4227
593,1,0,0,0,0,0,0,480.0,50.0,2.513,28.7033,18.5101
594,1,0,0,0,0,0,0,480.0,60.0,0.499,37.1277,41.5023
595,1,0,0,0,0,0,0,480.0,60.0,0.75,40.3745,41.2796
596,1,0,0,0,0,0,0,480.0,60.0,1.0,42.521,40.5239
597,1,0,0,0,0,0,0,480.0,60.0,1.25,43.6896,39.1726
598,1,0,0,0,0,0,0,480.0,60.0,1.5,43.9,36.8413
599,1,0,0,0,0,0,0,480.0,60.0,1.75,42.9449,33.6824
600,1,0,0,0,0,0,0,480.0,60.0,2.0,41.137,29.8262
601,1,0,0,0,0,0,0,480.0,60.0,2.25,39.1314,25.5542
602,1,0,0,0,0,0,0,480.0,60.0,2.513,36.6091,20.6828
603,1,0,0,0,0,0,0,480.0,70.0,0.499,43.8077,49.7477
604,1,0,0,0,0,0,0,480.0,70.0,0.75,47.7637,49.6522
605,1,0,0,0,0,0,0,480.0,70.0,1.0,50.9067,48.8837
606,1,0,0,0,0,0,0,480.0,70.0,1.25,52.6524,46.9508
607,1,0,0,0,0,0,0,480.0,70.0,1.5,53.0987,43.763
608,1,0,0,0,0,0,0,480.0,70.0,1.75,52.3994,39.5527
609,1,0,0,0,0,0,0,480.0,70.0,2.0,50.8602,34.5648
610,1,0,0,0,0,0,0,480.0,70.0,2.25,48.2667,28.9689
611,1,0,0,0,0,0,0,480.0,70.0,2.513,45.3016,22.9232
612,1,0,0,0,0,0,0,480.0,80.0,0.499,51.1939,58.541
613,1,0,0,0,0,0,0,480.0,80.0,0.75,55.6718,58.3651
614,1,0,0,0,0,0,0,480.0,80.0,1.0,59.4895,57.3383
615,1,0,0,0,0,0,0,480.0,80.0,1.25,61.9563,54.8604
616,1,0,0,0,0,0,0,480.0,80.0,1.5,62.8155,50.9836
617,1,0,0,0,0,0,0,480.0,80.0,1.75,62.3604,45.8571
618,1,0,0,0,0,0,0,480.0,80.0,2.0,60.6199,39.4799
619,1,0,0,0,0,0,0,480.0,80.0,2.25,58.0091,32.8385
620,1,0,0,0,0,0,0,480.0,80.0,2.513,54.8256,25.9671
621,1,0,0,0,0,0,0,480.0,90.0,0.499,58.6276,67.1271
622,1,0,0,0,0,0,0,480.0,90.0,0.75,63.985,67.0496
623,1,0,0,0,0,0,0,480.0,90.0,1.0,68.2187,65.59
624,1,0,0,0,0,0,0,480.0,90.0,1.25,71.1296,62.55
625,1,0,0,0,0,0,0,480.0,90.0,1.5,72.4876,58.0291
626,1,0,0,0,0,0,0,480.0,90.0,1.75,72.2508,51.9743
627,1,0,0,0,0,0,0,480.0,90.0,2.0,70.527,44.551
628,1,0,0,0,0,0,0,480.0,90.0,2.25,68.0049,36.9554
629,1,0,0,0,0,0,0,480.0,90.0,2.513,64.477,29.2165
630,1,0,0,0,0,0,0,480.0,100.0,0.499,65.6859,75.2327
631,1,0,0,0,0,0,0,480.0,100.0,0.75,71.7712,74.9013
632,1,0,0,0,0,0,0,480.0,100.0,1.0,76.545,73.1709
633,1,0,0,0,0,0,0,480.0,100.0,1.25,79.9617,69.7974
634,1,0,0,0,0,0,0,480.0,100.0,1.5,81.9038,64.7414
635,1,0,0,0,0,0,0,480.0,100.0,1.75,82.0844,57.8046
636,1,0,0,0,0,0,0,480.0,100.0,2.0,80.8708,49.805
637,1,0,0,0,0,0,0,480.0,100.0,2.25,78.2177,41.3971
638,1,0,0,0,0,0,0,480.0,100.0,2.513,74.4223,32.8388
639,1,0,0,0,0,0,0,480.0,110.0,0.499,72.439,82.5654
640,1,0,0,0,0,0,0,480.0,110.0,0.75,78.8998,81.8513
641,1,0,0,0,0,0,0,480.0,110.0,1.0,84.118,79.8178
642,1,0,0,0,0,0,0,480.0,110.0,1.25,88.3032,76.2797
643,1,0,0,0,0,0,0,480.0,110.0,1.5,90.8147,70.7377
644,1,0,0,0,0,0,0,480.0,110.0,1.75,91.7506,63.5498
645,1,0,0,0,0,0,0,480.0,110.0,2.0,90.6749,55.0524
646,1,0,0,0,0,0,0,480.0,110.0,2.25,88.257,46.1885
647,1,0,0,0,0,0,0,480.0,110.0,2.513,84.6524,36.9925
648,1,0,0,0,0,0,0,540.0,30.0,0.499,20.2759,22.0229
649,1,0,0,0,0,0,0,540.0,30.0,0.75,21.671,22.1018
650,1,0,0,0,0,0,0,540.0,30.0,1.0,22.1375,21.6729
651,1,0,0,0,0,0,0,540.0,30.0,1.25,21.8598,21.179
652,1,0,0,0,0,0,0,540.0,30.0,1.5,21.1914,20.705
653,1,0,0,0,0,0,0,540.0,30.0,1.75,20.25,20.1007
654,1,0,0,0,0,0,0,540.0,30.0,2.0,18.9922,18.898
655,1,0,0,0,0,0,0,540.0,30.0,2.25,17.4741,17.0996
656,1,0,0,0,0,0,0,540.0,30.0,2.513,15.5994,14.2367
657,1,0,0,0,0,0,0,540.0,40.0,0.499,26.2181,28.7208
658,1,0,0,0,0,0,0,540.0,40.0,0.75,28.1812,28.7236
659,1,0,0,0,0,0,0,540.0,40.0,1.0,28.9163,28.0991
660,1,0,0,0,0,0,0,540.0,40.0,1.25,28.9648,27.1388
661,1,0,0,0,0,0,0,540.0,40.0,1.5,28.5191,26.1217
662,1,0,0,0,0,0,0,540.0,40.0,1.75,27.2971,24.6822
663,1,0,0,0,0,0,0,540.0,40.0,2.0,25.747,22.719
664,1,0,0,0,0,0,0,540.0,40.0,2.25,24.0304,20.172
665,1,0,0,0,0,0,0,540.0,40.0,2.513,21.976,16.7298
666,1,0,0,0,0,0,0,540.0,50.0,0.499,32.8998,36.1416
667,1,0,0,0,0,0,0,540.0,50.0,0.75,35.3523,35.9029
668,1,0,0,0,0,0,0,540.0,50.0,1.0,36.7063,35.2231
669,1,0,0,0,0,0,0,540.0,50.0,1.25,37.0872,33.937
670,1,0,0,0,0,0,0,540.0,50.0,1.5,36.7464,32.0678
671,1,0,0,0,0,0,0,540.0,50.0,1.75,35.6571,29.6837
672,1,0,0,0,0,0,0,540.0,50.0,2.0,33.7352,26.6226
673,1,0,0,0,0,0,0,540.0,50.0,2.25,31.8221,23.0884
674,1,0,0,0,0,0,0,540.0,50.0,2.513,29.5951,19.069
675,1,0,0,0,0,0,0,540.0,60.0,0.499,39.4264,43.9734
676,1,0,0,0,0,0,0,540.0,60.0,0.75,42.5529,43.6674
677,1,0,0,0,0,0,0,540.0,60.0,1.0,44.5797,42.7159
678,1,0,0,0,0,0,0,540.0,60.0,1.25,45.4079,40.9566
679,1,0,0,0,0,0,0,540.0,60.0,1.5,45.2635,38.2825
680,1,0,0,0,0,0,0,540.0,60.0,1.75,44.3666,34.9436
681,1,0,0,0,0,0,0,540.0,60.0,2.0,42.7451,30.9182
682,1,0,0,0,0,0,0,540.0,60.0,2.25,40.3092,26.3505
683,1,0,0,0,0,0,0,540.0,60.0,2.513,37.5139,21.134
684,1,0,0,0,0,0,0,540.0,70.0,0.499,46.0779,51.9851
685,1,0,0,0,0,0,0,540.0,70.0,0.75,49.6889,51.6702
686,1,0,0,0,0,0,0,540.0,70.0,1.0,52.5338,50.5481
687,1,0,0,0,0,0,0,540.0,70.0,1.25,53.8758,48.1881
688,1,0,0,0,0,0,0,540.0,70.0,1.5,54.0426,44.7379
689,1,0,0,0,0,0,0,540.0,70.0,1.75,53.5104,40.6091
690,1,0,0,0,0,0,0,540.0,70.0,2.0,51.8261,35.3688
691,1,0,0,0,0,0,0,540.0,70.0,2.25,49.1416,29.6068
692,1,0,0,0,0,0,0,540.0,70.0,2.513,46.0228,23.5393
693,1,0,0,0,0,0,0,540.0,80.0,0.499,53.0149,60.2378
694,1,0,0,0,0,0,0,540.0,80.0,0.75,57.2784,59.8198
695,1,0,0,0,0,0,0,540.0,80.0,1.0,60.7471,58.4284
696,1,0,0,0,0,0,0,540.0,80.0,1.25,62.7428,55.5897
697,1,0,0,0,0,0,0,540.0,80.0,1.5,63.2932,51.5227
698,1,0,0,0,0,0,0,540.0,80.0,1.75,62.8721,46.4619
699,1,0,0,0,0,0,0,540.0,80.0,2.0,61.1756,40.2047
700,1,0,0,0,0,0,0,540.0,80.0,2.25,58.5412,33.5109
701,1,0,0,0,0,0,0,540.0,80.0,2.513,55.2687,26.5228
702,1,0,0,0,0,0,0,540.0,90.0,0.499,60.3564,68.3842
703,1,0,0,0,0,0,0,540.0,90.0,0.75,65.1831,67.8403
704,1,0,0,0,0,0,0,540.0,90.0,1.0,68.9476,66.041
705,1,0,0,0,0,0,0,540.0,90.0,1.25,71.4102,62.6848
706,1,0,0,0,0,0,0,540.0,90.0,1.5,72.5703,58.183
707,1,0,0,0,0,0,0,540.0,90.0,1.75,72.2921,52.1862
708,1,0,0,0,0,0,0,540.0,90.0,2.0,70.7981,45.0977
709,1,0,0,0,0,0,0,540.0,90.0,2.25,68.1895,37.6037
710,1,0,0,0,0,0,0,540.0,90.0,2.513,64.656,29.8327
711,1,0,0,0,0,0,0,540.0,100.0,0.499,67.3923,76.0983
712,1,0,0,0,0,0,0,540.0,100.0,0.75,72.7728,75.2923
713,1,0,0,0,0,0,0,540.0,100.0,1.0,76.8197,73.1007
714,1,0,0,0,0,0,0,540.0,100.0,1.25,79.7625,69.458
715,1,0,0,0,0,0,0,540.0,100.0,1.5,81.4378,64.4028
716,1,0,0,0,0,0,0,540.0,100.0,1.75,81.6114,57.7443
717,1,0,0,0,0,0,0,540.0,100.0,2.0,80.5048,50.135
718,1,0,0,0,0,0,0,540.0,100.0,2.25,78.0864,41.9788
719,1,0,0,0,0,0,0,540.0,100.0,2.513,74.5095,33.5573
720,1,0,0,0,0,0,0,540.0,110.0,0.499,73.8978,83.0984
721,1,0,0,0,0,0,0,540.0,110.0,0.75,79.7866,81.9289
722,1,0,0,0,0,0,0,540.0,110.0,1.0,84.4258,79.5755
723,1,0,0,0,0,0,0,540.0,110.0,1.25,88.1237,75.797
724,1,0,0,0,0,0,0,540.0,110.0,1.5,90.0255,70.2245
725,1,0,0,0,0,0,0,540.0,110.0,1.75,90.6202,63.1097
726,1,0,0,0,0,0,0,540.0,110.0,2.0,89.809,54.941
727,1,0,0,0,0,0,0,540.0,110.0,2.25,87.6787,46.4944
728,1,0,0,0,0,0,0,540.0,110.0,2.513,84.387,37.5959
729,1,0,0,0,0,0,0,600.0,30.0,0.499,22.0219,24.4241
730,1,0,0,0,0,0,0,600.0,30.0,0.75,23.3477,24.2841
731,1,0,0,0,0,0,0,600.0,30.0,1.0,23.9578,23.7677
732,1,0,0,0,0,0,0,600.0,30.0,1.25,23.7046,23.2152
733,1,0,0,0,0,0,0,600.0,30.0,1.5,22.9906,22.429
734,1,0,0,0,0,0,0,600.0,30.0,1.75,21.7638,21.3303
735,1,0,0,0,0,0,0,600.0,30.0,2.0,20.2816,19.8098
736,1,0,0,0,0,0,0,600.0,30.0,2.25,18.5483,17.641
737,1,0,0,0,0,0,0,600.0,30.0,2.513,16.486,14.7277
738,1,0,0,0,0,0,0,600.0,40.0,0.499,28.2834,31.3185
739,1,0,0,0,0,0,0,600.0,40.0,0.75,30.0425,30.9716
740,1,0,0,0,0,0,0,600.0,40.0,1.0,30.8012,30.2445
741,1,0,0,0,0,0,0,600.0,40.0,1.25,30.6412,29.0509
742,1,0,0,0,0,0,0,600.0,40.0,1.5,30.0169,27.6633
743,1,0,0,0,0,0,0,600.0,40.0,1.75,28.8682,25.8626
744,1,0,0,0,0,0,0,600.0,40.0,2.0,27.2117,23.5275
745,1,0,0,0,0,0,0,600.0,40.0,2.25,25.2029,20.6394
746,1,0,0,0,0,0,0,600.0,40.0,2.513,22.9737,17.1624
747,1,0,0,0,0,0,0,600.0,50.0,0.499,34.9004,38.6473
748,1,0,0,0,0,0,0,600.0,50.0,0.75,37.1777,38.1217
749,1,0,0,0,0,0,0,600.0,50.0,1.0,38.2797,37.085
750,1,0,0,0,0,0,0,600.0,50.0,1.25,38.6541,35.5908
751,1,0,0,0,0,0,0,600.0,50.0,1.5,38.1204,33.4342
752,1,0,0,0,0,0,0,600.0,50.0,1.75,37.0962,30.7414
753,1,0,0,0,0,0,0,600.0,50.0,2.0,35.371,27.5343
754,1,0,0,0,0,0,0,600.0,50.0,2.25,33.1197,23.7205
755,1,0,0,0,0,0,0,600.0,50.0,2.513,30.5773,19.4105
756,1,0,0,0,0,0,0,600.0,60.0,0.499,41.4428,46.209
757,1,0,0,0,0,0,0,600.0,60.0,0.75,44.1486,45.6065
758,1,0,0,0,0,0,0,600.0,60.0,1.0,45.876,44.3164
759,1,0,0,0,0,0,0,600.0,60.0,1.25,46.4926,42.168
760,1,0,0,0,0,0,0,600.0,60.0,1.5,46.4105,39.3918
761,1,0,0,0,0,0,0,600.0,60.0,1.75,45.4766,35.8451
762,1,0,0,0,0,0,0,600.0,60.0,2.0,44.0411,31.6904
763,1,0,0,0,0,0,0,600.0,60.0,2.25,41.5434,26.8946
764,1,0,0,0,0,0,0,600.0,60.0,2.513,38.493,21.6243
765,1,0,0,0,0,0,0,600.0,70.0,0.499,47.9064,53.8184
766,1,0,0,0,0,0,0,600.0,70.0,0.75,51.1051,53.1862
767,1,0,0,0,0,0,0,600.0,70.0,1.0,53.5851,51.7222
768,1,0,0,0,0,0,0,600.0,70.0,1.25,54.667,49.0038
769,1,0,0,0,0,0,0,600.0,70.0,1.5,54.8862,45.4883
770,1,0,0,0,0,0,0,600.0,70.0,1.75,54.1691,41.2466
771,1,0,0,0,0,0,0,600.0,70.0,2.0,52.7051,36.0451
772,1,0,0,0,0,0,0,600.0,70.0,2.25,49.9699,30.173
773,1,0,0,0,0,0,0,600.0,70.0,2.513,46.8392,24.0085
774,1,0,0,0,0,0,0,600.0,80.0,0.499,54.6059,61.5683
775,1,0,0,0,0,0,0,600.0,80.0,0.75,58.5281,60.7578
776,1,0,0,0,0,0,0,600.0,80.0,1.0,61.4897,59.0342
777,1,0,0,0,0,0,0,600.0,80.0,1.25,63.1434,55.9106
778,1,0,0,0,0,0,0,600.0,80.0,1.5,63.5913,51.7842
779,1,0,0,0,0,0,0,600.0,80.0,1.75,63.148,46.7767
780,1,0,0,0,0,0,0,600.0,80.0,2.0,61.6583,40.7234
781,1,0,0,0,0,0,0,600.0,80.0,2.25,59.1814,34.1391
782,1,0,0,0,0,0,0,600.0,80.0,2.513,55.7733,26.9409
783,1,0,0,0,0,0,0,600.0,90.0,0.499,61.624,69.1629
784,1,0,0,0,0,0,0,600.0,90.0,0.75,66.0863,68.3005
785,1,0,0,0,0,0,0,600.0,90.0,1.0,69.3303,66.0082
786,1,0,0,0,0,0,0,600.0,90.0,1.25,71.5758,62.5553
787,1,0,0,0,0,0,0,600.0,90.0,1.5,72.5398,58.0541
788,1,0,0,0,0,0,0,600.0,90.0,1.75,72.1751,52.1346
789,1,0,0,0,0,0,0,600.0,90.0,2.0,70.8297,45.4026
790,1,0,0,0,0,0,0,600.0,90.0,2.25,68.5006,38.2021
791,1,0,0,0,0,0,0,600.0,90.0,2.513,64.9276,30.3557
792,1,0,0,0,0,0,0,600.0,100.0,0.499,68.5431,76.5449
793,1,0,0,0,0,0,0,600.0,100.0,0.75,73.3291,75.1826
794,1,0,0,0,0,0,0,600.0,100.0,1.0,76.9758,72.6954
795,1,0,0,0,0,0,0,600.0,100.0,1.25,79.5862,68.9336
796,1,0,0,0,0,0,0,600.0,100.0,1.5,81.0385,63.9334
797,1,0,0,0,0,0,0,600.0,100.0,1.75,81.0624,57.4161
798,1,0,0,0,0,0,0,600.0,100.0,2.0,79.9677,50.2003
799,1,0,0,0,0,0,0,600.0,100.0,2.25,77.8256,42.4692
800,1,0,0,0,0,0,0,600.0,100.0,2.513,74.4759,34.197
801,1,0,0,0,0,0,0,600.0,110.0,0.499,75.0515,83.2835
802,1,0,0,0,0,0,0,600.0,110.0,0.75,80.2206,81.6166
803,1,0,0,0,0,0,0,600.0,110.0,1.0,84.5614,79.072
804,1,0,0,0,0,0,0,600.0,110.0,1.25,87.5481,74.925
805,1,0,0,0,0,0,0,600.0,110.0,1.5,89.3373,69.4165
806,1,0,0,0,0,0,0,600.0,110.0,1.75,89.4686,62.4211
807,1,0,0,0,0,0,0,600.0,110.0,2.0,88.7697,54.7393
808,1,0,0,0,0,0,0,600.0,110.0,2.25,86.9937,46.7062
809,1,0,0,0,0,0,0,600.0,110.0,2.513,83.8974,38.1685
810,0,1,0,0,0,0,0,60.0,30.0,0.499,0,0
811,0,1,0,0,0,0,0,60.0,30.0,0.75,0.510216,0
812,0,1,0,0,0,0,0,60.0,30.0,1.0,1.52146,0
813,0,1,0,0,0,0,0,60.0,30.0,1.25,3.64513,0.277262
814,0,1,0,0,0,0,0,60.0,30.0,1.5,5.55466,0.991461
815,0,1,0,0,0,0,0,60.0,30.0,1.75,7.15508,2.13609
816,0,1,0,0,0,0,0,60.0,30.0,2.0,8.7247,3.40864
817,0,1,0,0,0,0,0,60.0,30.0,2.25,10.0507,4.31279
818,0,1,0,0,0,0,0,60.0,30.0,2.513,11.1263,5.00161
819,0,1,0,0,0,0,0,60.0,40.0,0.499,0.457072,0
820,0,1,0,0,0,0,0,60.0,40.0,0.75,1.6165,0.101562
821,0,1,0,0,0,0,0,60.0,40.0,1.0,4.56114,1.0187
822,0,1,0,0,0,0,0,60.0,40.0,1.25,7.78584,2.50296
823,0,1,0,0,0,0,0,60.0,40.0,1.5,10.5937,3.97848
824,0,1,0,0,0,0,0,60.0,40.0,1.75,12.8489,5.23358
825,0,1,0,0,0,0,0,60.0,40.0,2.0,14.7773,6.30658
826,0,1,0,0,0,0,0,60.0,40.0,2.25,16.1963,7.10002
827,0,1,0,0,0,0,0,60.0,40.0,2.513,17.0946,7.53952
828,0,1,0,0,0,0,0,60.0,50.0,0.499,1.35665,2.31342
829,0,1,0,0,0,0,0,60.0,50.0,0.75,5.48684,3.7498
830,0,1,0,0,0,0,0,60.0,50.0,1.0,10.2227,5.28449
831,0,1,0,0,0,0,0,60.0,50.0,1.25,14.1287,6.58247
832,0,1,0,0,0,0,0,60.0,50.0,1.5,17.4529,7.70578
833,0,1,0,0,0,0,0,60.0,50.0,1.75,20.2676,8.66969
834,0,1,0,0,0,0,0,60.0,50.0,2.0,22.7668,9.53185
835,0,1,0,0,0,0,0,60.0,50.0,2.25,24.4697,10.1137
836,0,1,0,0,0,0,0,60.0,50.0,2.513,25.3497,10.112
837,0,1,0,0,0,0,0,60.0,60.0,0.499,4.49125,7.83179
838,0,1,0,0,0,0,0,60.0,60.0,0.75,10.3804,9.3871
839,0,1,0,0,0,0,0,60.0,60.0,1.0,15.9667,10.859
840,0,1,0,0,0,0,0,60.0,60.0,1.25,20.8933,12.0313
841,0,1,0,0,0,0,0,60.0,60.0,1.5,25.0798,13.0488
842,0,1,0,0,0,0,0,60.0,60.0,1.75,28.5983,13.6964
843,0,1,0,0,0,0,0,60.0,60.0,2.0,31.3689,14.1156
844,0,1,0,0,0,0,0,60.0,60.0,2.25,33.3827,14.2243
845,0,1,0,0,0,0,0,60.0,60.0,2.513,34.3041,13.5791
846,0,1,0,0,0,0,0,60.0,70.0,0.499,9.28038,14.4112
847,0,1,0,0,0,0,0,60.0,70.0,0.75,15.9057,15.6532
848,0,1,0,0,0,0,0,60.0,70.0,1.0,22.4001,17.1585
849,0,1,0,0,0,0,0,60.0,70.0,1.25,28.4071,18.2874
850,0,1,0,0,0,0,0,60.0,70.0,1.5,33.3841,19.0029
851,0,1,0,0,0,0,0,60.0,70.0,1.75,37.3799,19.1967
852,0,1,0,0,0,0,0,60.0,70.0,2.0,40.5364,18.9997
853,0,1,0,0,0,0,0,60.0,70.0,2.25,42.7717,18.4529
854,0,1,0,0,0,0,0,60.0,70.0,2.513,43.6148,17.1405
855,0,1,0,0,0,0,0,60.0,80.0,0.499,14.3427,21.4869
856,0,1,0,0,0,0,0,60.0,80.0,0.75,21.7913,22.6789
857,0,1,0,0,0,0,0,60.0,80.0,1.0,29.2175,23.9655
858,0,1,0,0,0,0,0,60.0,80.0,1.25,36.1603,25.0772
859,0,1,0,0,0,0,0,60.0,80.0,1.5,42.205,25.4513
860,0,1,0,0,0,0,0,60.0,80.0,1.75,46.9951,25.2698
861,0,1,0,0,0,0,0,60.0,80.0,2.0,50.655,24.4386
862,0,1,0,0,0,0,0,60.0,80.0,2.25,52.9601,23.0295
863,0,1,0,0,0,0,0,60.0,80.0,2.513,53.6552,20.7689
864,0,1,0,0,0,0,0,60.0,90.0,0.499,19.7423,28.9986
865,0,1,0,0,0,0,0,60.0,90.0,0.75,27.6003,30.0073
866,0,1,0,0,0,0,0,60.0,90.0,1.0,36.0167,31.1264
867,0,1,0,0,0,0,0,60.0,90.0,1.25,44.3035,31.9709
868,0,1,0,0,0,0,0,60.0,90.0,1.5,51.3853,32.1306
869,0,1,0,0,0,0,0,60.0,90.0,1.75,57.0697,31.567
870,0,1,0,0,0,0,0,60.0,90.0,2.0,61.2942,30.3137
871,0,1,0,0,0,0,0,60.0,90.0,2.25,63.6975,27.9448
872,0,1,0,0,0,0,0,60.0,90.0,2.513,64.2044,24.7065
873,0,1,0,0,0,0,0,60.0,100.0,0.499,26.0403,36.8975
874,0,1,0,0,0,0,0,60.0,100.0,0.75,34.3689,37.8569
875,0,1,0,0,0,0,0,60.0,100.0,1.0,43.3171,38.6494
876,0,1,0,0,0,0,0,60.0,100.0,1.25,52.5069,39.2311
877,0,1,0,0,0,0,0,60.0,100.0,1.5,60.8016,39.1967
878,0,1,0,0,0,0,0,60.0,100.0,1.75,67.3655,38.1912
879,0,1,0,0,0,0,0,60.0,100.0,2.0,71.5846,35.9317
880,0,1,0,0,0,0,0,60.0,100.0,2.25,73.9172,32.7324
881,0,1,0,0,0,0,0,60.0,100.0,2.513,74.4848,28.5002
882,0,1,0,0,0,0,0,60.0,110.0,0.499,32.8135,45.067
883,0,1,0,0,0,0,0,60.0,110.0,0.75,41.8757,45.8018
884,0,1,0,0,0,0,0,60.0,110.0,1.0,51.3742,46.245
885,0,1,0,0,0,0,0,60.0,110.0,1.25,60.8193,46.3012
886,0,1,0,0,0,0,0,60.0,110.0,1.5,69.5446,45.8198
887,0,1,0,0,0,0,0,60.0,110.0,1.75,76.7385,44.196
888,0,1,0,0,0,0,0,60.0,110.0,2.0,81.1901,41.065
889,0,1,0,0,0,0,0,60.0,110.0,2.25,83.4786,37.0826
890,0,1,0,0,0,0,0,60.0,110.0,2.513,84.3654,32.4204
891,0,1,0,0,0,0,0,120.0,30.0,0.499,0,0
892,0,1,0,0,0,0,0,120.0,30.0,0.75,0.717273,0
893,0,1,0,0,0,0,0,120.0,30.0,1.0,2.66715,0.12617
894,0,1,0,0,0,0,0,120.0,30.0,1.25,4.72375,0.908706
895,0,1,0,0,0,0,0,120.0,30.0,1.5,6.45088,1.99553
896,0,1,0,0,0,0,0,120.0,30.0,1.75,7.86703,3.25507
897,0,1,0,0,0,0,0,120.0,30.0,2.0,9.36472,4.5588
898,0,1,0,0,0,0,0,120.0,30.0,2.25,10.5133,5.4385
899,0,1,0,0,0,0,0,120.0,30.0,2.513,11.4184,5.90911
900,0,1,0,0,0,0,0,120.0,40.0,0.499,0.575503,0.198216
901,0,1,0,0,0,0,0,120.0,40.0,0.75,2.92902,0.725172
902,0,1,0,0,0,0,0,120.0,40.0,1.0,6.58279,1.98658
903,0,1,0,0,0,0,0,120.0,40.0,1.25,9.69252,3.5788
904,0,1,0,0,0,0,0,120.0,40.0,1.5,12.175,5.08641
905,0,1,0,0,0,0,0,120.0,40.0,1.75,14.163,6.27791
906,0,1,0,0,0,0,0,120.0,40.0,2.0,15.8046,7.38318
907,0,1,0,0,0,0,0,120.0,40.0,2.25,16.9761,8.05126
908,0,1,0,0,0,0,0,120.0,40.0,2.513,17.6855,8.20476
909,0,1,0,0,0,0,0,120.0,50.0,0.499,2.59255,3.95001
910,0,1,0,0,0,0,0,120.0,50.0,0.75,7.71162,5.39513
911,0,1,0,0,0,0,0,120.0,50.0,1.0,12.2059,6.90733
912,0,1,0,0,0,0,0,120.0,50.0,1.25,15.8253,8.15279
913,0,1,0,0,0,0,0,120.0,50.0,1.5,19.0433,9.40157
914,0,1,0,0,0,0,0,120.0,50.0,1.75,21.6945,10.3686
915,0,1,0,0,0,0,0,120.0,50.0,2.0,23.7053,11.055
916,0,1,0,0,0,0,0,120.0,50.0,2.25,25.1243,11.4088
917,0,1,0,0,0,0,0,120.0,50.0,2.513,25.78,11.0851
918,0,1,0,0,0,0,0,120.0,60.0,0.499,7.01578,10.0299
919,0,1,0,0,0,0,0,120.0,60.0,0.75,12.721,11.3072
920,0,1,0,0,0,0,0,120.0,60.0,1.0,18.0646,12.6067
921,0,1,0,0,0,0,0,120.0,60.0,1.25,22.5873,13.7075
922,0,1,0,0,0,0,0,120.0,60.0,1.5,26.8061,14.7522
923,0,1,0,0,0,0,0,120.0,60.0,1.75,30.2474,15.4189
924,0,1,0,0,0,0,0,120.0,60.0,2.0,32.6128,15.5328
925,0,1,0,0,0,0,0,120.0,60.0,2.25,33.9101,15.2676
926,0,1,0,0,0,0,0,120.0,60.0,2.513,34.4958,14.5416
927,0,1,0,0,0,0,0,120.0,70.0,0.499,11.8602,16.9103
928,0,1,0,0,0,0,0,120.0,70.0,0.75,18.3749,18.0029
929,0,1,0,0,0,0,0,120.0,70.0,1.0,24.4493,19.1283
930,0,1,0,0,0,0,0,120.0,70.0,1.25,30.12,20.023
931,0,1,0,0,0,0,0,120.0,70.0,1.5,35.2535,20.674
932,0,1,0,0,0,0,0,120.0,70.0,1.75,39.1829,20.7519
933,0,1,0,0,0,0,0,120.0,70.0,2.0,41.9514,20.3024
934,0,1,0,0,0,0,0,120.0,70.0,2.25,43.3248,19.4127
935,0,1,0,0,0,0,0,120.0,70.0,2.513,43.7003,17.8123
936,0,1,0,0,0,0,0,120.0,80.0,0.499,16.8023,24.1038
937,0,1,0,0,0,0,0,120.0,80.0,0.75,24.2042,25.2686
938,0,1,0,0,0,0,0,120.0,80.0,1.0,31.3937,26.2908
939,0,1,0,0,0,0,0,120.0,80.0,1.25,38.253,27.0271
940,0,1,0,0,0,0,0,120.0,80.0,1.5,44.2473,27.3359
941,0,1,0,0,0,0,0,120.0,80.0,1.75,48.8249,26.8359
942,0,1,0,0,0,0,0,120.0,80.0,2.0,52.1584,25.8365
943,0,1,0,0,0,0,0,120.0,80.0,2.25,53.6444,23.8416
944,0,1,0,0,0,0,0,120.0,80.0,2.513,53.7031,21.1355
945,0,1,0,0,0,0,0,120.0,90.0,0.499,22.3647,31.7957
946,0,1,0,0,0,0,0,120.0,90.0,0.75,30.1336,32.8278
947,0,1,0,0,0,0,0,120.0,90.0,1.0,38.3302,33.7135
948,0,1,0,0,0,0,0,120.0,90.0,1.25,46.4755,34.2894
949,0,1,0,0,0,0,0,120.0,90.0,1.5,53.45,34.1185
950,0,1,0,0,0,0,0,120.0,90.0,1.75,58.861,33.2937
951,0,1,0,0,0,0,0,120.0,90.0,2.0,62.6631,31.4268
952,0,1,0,0,0,0,0,120.0,90.0,2.25,64.5595,28.5244
953,0,1,0,0,0,0,0,120.0,90.0,2.513,64.309,24.7674
954,0,1,0,0,0,0,0,120.0,100.0,0.499,28.5054,39.9403
955,0,1,0,0,0,0,0,120.0,100.0,0.75,36.9502,40.8206
956,0,1,0,0,0,0,0,120.0,100.0,1.0,45.6502,41.4247
957,0,1,0,0,0,0,0,120.0,100.0,1.25,54.7901,41.6989
958,0,1,0,0,0,0,0,120.0,100.0,1.5,62.9222,41.3151
959,0,1,0,0,0,0,0,120.0,100.0,1.75,69.1093,39.7713
960,0,1,0,0,0,0,0,120.0,100.0,2.0,73.0133,36.9075
961,0,1,0,0,0,0,0,120.0,100.0,2.25,74.9444,33.1776
962,0,1,0,0,0,0,0,120.0,100.0,2.513,74.696,28.3805
963,0,1,0,0,0,0,0,120.0,110.0,0.499,35.3999,48.1092
964,0,1,0,0,0,0,0,120.0,110.0,0.75,44.4456,48.916
965,0,1,0,0,0,0,0,120.0,110.0,1.0,53.7986,49.1319
966,0,1,0,0,0,0,0,120.0,110.0,1.25,63.0325,48.8503
967,0,1,0,0,0,0,0,120.0,110.0,1.5,71.6984,47.8744
968,0,1,0,0,0,0,0,120.0,110.0,1.75,78.403,45.5276
969,0,1,0,0,0,0,0,120.0,110.0,2.0,82.6539,41.9983
970,0,1,0,0,0,0,0,120.0,110.0,2.25,84.664,37.475
971,0,1,0,0,0,0,0,120.0,110.0,2.513,84.6354,32.1157
972,0,1,0,0,0,0,0,180.0,30.0,0.499,0,0
973,0,1,0,0,0,0,0,180.0,30.0,0.75,1.69118,0
974,0,1,0,0,0,0,0,180.0,30.0,1.0,3.86934,0.680872
975,0,1,0,0,0,0,0,180.0,30.0,1.25,5.81567,1.67027
976,0,1,0,0,0,0,0,180.0,30.0,1.5,7.43654,3.12957
977,0,1,0,0,0,0,0,180.0,30.0,1.75,8.81471,4.49505
978,0,1,0,0,0,0,0,180.0,30.0,2.0,9.96989,5.58126
979,0,1,0,0,0,0,0,180.0,30.0,2.25,10.7866,6.31754
980,0,1,0,0,0,0,0,180.0,30.0,2.513,11.5566,6.53695
981,0,1,0,0,0,0,0,180.0,40.0,0.499,1.60473,0.94254
982,0,1,0,0,0,0,0,180.0,40.0,0.75,5.12777,2.09188
983,0,1,0,0,0,0,0,180.0,40.0,1.0,8.63886,3.47028
984,0,1,0,0,0,0,0,180.0,40.0,1.25,11.445,5.09444
985,0,1,0,0,0,0,0,180.0,40.0,1.5,13.6977,6.57471
986,0,1,0,0,0,0,0,180.0,40.0,1.75,15.6007,7.84809
987,0,1,0,0,0,0,0,180.0,40.0,2.0,16.7451,8.68083
988,0,1,0,0,0,0,0,180.0,40.0,2.25,17.6017,9.14789
989,0,1,0,0,0,0,0,180.0,40.0,2.513,18.1358,8.8896
990,0,1,0,0,0,0,0,180.0,50.0,0.499,5.28714,5.99051
991,0,1,0,0,0,0,0,180.0,50.0,0.75,10.0075,7.3063
992,0,1,0,0,0,0,0,180.0,50.0,1.0,14.309,8.70469
993,0,1,0,0,0,0,0,180.0,50.0,1.25,17.713,9.95903
994,0,1,0,0,0,0,0,180.0,50.0,1.5,20.5756,11.1519
995,0,1,0,0,0,0,0,180.0,50.0,1.75,22.9538,12.0957
996,0,1,0,0,0,0,0,180.0,50.0,2.0,24.3904,12.4915
997,0,1,0,0,0,0,0,180.0,50.0,2.25,25.4387,12.5566
998,0,1,0,0,0,0,0,180.0,50.0,2.513,26.0566,12.0202
999,0,1,0,0,0,0,0,180.0,60.0,0.499,9.67835,12.172
1000,0,1,0,0,0,0,0,180.0,60.0,0.75,15.0903,13.2323
1001,0,1,0,0,0,0,0,180.0,60.0,1.0,20.0886,14.5791
1002,0,1,0,0,0,0,0,180.0,60.0,1.25,24.4706,15.5829
1003,0,1,0,0,0,0,0,180.0,60.0,1.5,28.4314,16.4641
1004,0,1,0,0,0,0,0,180.0,60.0,1.75,31.5451,16.9153
1005,0,1,0,0,0,0,0,180.0,60.0,2.0,33.2521,16.8477
1006,0,1,0,0,0,0,0,180.0,60.0,2.25,34.2959,16.3584
1007,0,1,0,0,0,0,0,180.0,60.0,2.513,34.6545,15.2438
1008,0,1,0,0,0,0,0,180.0,70.0,0.499,14.4296,19.1429
1009,0,1,0,0,0,0,0,180.0,70.0,0.75,20.6487,20.0829
1010,0,1,0,0,0,0,0,180.0,70.0,1.0,26.5553,21.1445
1011,0,1,0,0,0,0,0,180.0,70.0,1.25,32.0478,22.1087
1012,0,1,0,0,0,0,0,180.0,70.0,1.5,37.011,22.4545
1013,0,1,0,0,0,0,0,180.0,70.0,1.75,40.9116,22.2486
1014,0,1,0,0,0,0,0,180.0,70.0,2.0,42.8655,21.591
1015,0,1,0,0,0,0,0,180.0,70.0,2.25,43.5634,20.2112
1016,0,1,0,0,0,0,0,180.0,70.0,2.513,43.8351,18.2418
1017,0,1,0,0,0,0,0,180.0,80.0,0.499,19.3545,26.6038
1018,0,1,0,0,0,0,0,180.0,80.0,0.75,26.5721,27.7006
1019,0,1,0,0,0,0,0,180.0,80.0,1.0,33.4616,28.4387
1020,0,1,0,0,0,0,0,180.0,80.0,1.25,40.1826,29.0515
1021,0,1,0,0,0,0,0,180.0,80.0,1.5,45.7587,28.9303
1022,0,1,0,0,0,0,0,180.0,80.0,1.75,50.4988,28.3993
1023,0,1,0,0,0,0,0,180.0,80.0,2.0,53.1651,26.8234
1024,0,1,0,0,0,0,0,180.0,80.0,2.25,53.8274,24.3491
1025,0,1,0,0,0,0,0,180.0,80.0,2.513,53.6368,21.3225
1026,0,1,0,0,0,0,0,180.0,90.0,0.499,25.0363,34.5484
1027,0,1,0,0,0,0,0,180.0,90.0,0.75,32.6901,35.4823
1028,0,1,0,0,0,0,0,180.0,90.0,1.0,40.4724,36.1004
1029,0,1,0,0,0,0,0,180.0,90.0,1.25,48.3675,36.4505
1030,0,1,0,0,0,0,0,180.0,90.0,1.5,55.3423,35.9895
1031,0,1,0,0,0,0,0,180.0,90.0,1.75,60.2525,34.6109
1032,0,1,0,0,0,0,0,180.0,90.0,2.0,63.4843,32.1646
1033,0,1,0,0,0,0,0,180.0,90.0,2.25,64.7539,28.8714
1034,0,1,0,0,0,0,0,180.0,90.0,2.513,63.8377,24.555
1035,0,1,0,0,0,0,0,180.0,100.0,0.499,30.9973,42.6407
1036,0,1,0,0,0,0,0,180.0,100.0,0.75,39.6629,43.5594
1037,0,1,0,0,0,0,0,180.0,100.0,1.0,48.2356,44.0043
1038,0,1,0,0,0,0,0,180.0,100.0,1.25,56.6389,43.8547
1039,0,1,0,0,0,0,0,180.0,100.0,1.5,64.5128,42.9885
1040,0,1,0,0,0,0,0,180.0,100.0,1.75,70.1599,40.7513
1041,0,1,0,0,0,0,0,180.0,100.0,2.0,73.6995,37.4487
1042,0,1,0,0,0,0,0,180.0,100.0,2.25,75.215,33.2565
1043,0,1,0,0,0,0,0,180.0,100.0,2.513,74.2913,27.9917
1044,0,1,0,0,0,0,0,180.0,110.0,0.499,38.0179,50.7107
1045,0,1,0,0,0,0,0,180.0,110.0,0.75,47.0186,51.5289
1046,0,1,0,0,0,0,0,180.0,110.0,1.0,56.1889,51.7146
1047,0,1,0,0,0,0,0,180.0,110.0,1.25,65.025,51.0866
1048,0,1,0,0,0,0,0,180.0,110.0,1.5,73.281,49.5941
1049,0,1,0,0,0,0,0,180.0,110.0,1.75,79.5246,46.5492
1050,0,1,0,0,0,0,0,180.0,110.0,2.0,83.2929,42.5378
1051,0,1,0,0,0,0,0,180.0,110.0,2.25,84.9615,37.5872
1052,0,1,0,0,0,0,0,180.0,110.0,2.513,84.3753,31.6633
1053,0,1,0,0,0,0,0,240.0,30.0,0.499,0.578415,0
1054,0,1,0,0,0,0,0,240.0,30.0,0.75,3.22071,0.494067
1055,0,1,0,0,0,0,0,240.0,30.0,1.0,5.56917,1.43345
1056,0,1,0,0,0,0,0,240.0,30.0,1.25,7.35106,2.72717
1057,0,1,0,0,0,0,0,240.0,30.0,1.5,8.85495,4.3025
1058,0,1,0,0,0,0,0,240.0,30.0,1.75,10.1802,5.65773
1059,0,1,0,0,0,0,0,240.0,30.0,2.0,11.0287,6.56442
1060,0,1,0,0,0,0,0,240.0,30.0,2.25,11.2717,6.93815
1061,0,1,0,0,0,0,0,240.0,30.0,2.513,11.5789,7.02414
1062,0,1,0,0,0,0,0,240.0,40.0,0.499,3.61511,2.59651
1063,0,1,0,0,0,0,0,240.0,40.0,0.75,7.39319,3.95818
1064,0,1,0,0,0,0,0,240.0,40.0,1.0,10.7789,5.60899
1065,0,1,0,0,0,0,0,240.0,40.0,1.25,13.1514,6.95672
1066,0,1,0,0,0,0,0,240.0,40.0,1.5,15.2694,8.38201
1067,0,1,0,0,0,0,0,240.0,40.0,1.75,16.8828,9.5633
1068,0,1,0,0,0,0,0,240.0,40.0,2.0,17.6924,10.1106
1069,0,1,0,0,0,0,0,240.0,40.0,2.25,18.2024,10.1585
1070,0,1,0,0,0,0,0,240.0,40.0,2.513,18.5462,9.78312
1071,0,1,0,0,0,0,0,240.0,50.0,0.499,7.87851,8.04572
1072,0,1,0,0,0,0,0,240.0,50.0,0.75,12.4401,9.31572
1073,0,1,0,0,0,0,0,240.0,50.0,1.0,16.4466,10.7318
1074,0,1,0,0,0,0,0,240.0,50.0,1.25,19.7132,12.0668
1075,0,1,0,0,0,0,0,240.0,50.0,1.5,22.207,12.9267
1076,0,1,0,0,0,0,0,240.0,50.0,1.75,24.097,13.7374
1077,0,1,0,0,0,0,0,240.0,50.0,2.0,25.0379,13.8274
1078,0,1,0,0,0,0,0,240.0,50.0,2.25,25.778,13.4898
1079,0,1,0,0,0,0,0,240.0,50.0,2.513,26.2665,12.786
1080,0,1,0,0,0,0,0,240.0,60.0,0.499,12.3358,14.2808
1081,0,1,0,0,0,0,0,240.0,60.0,0.75,17.5086,15.3457
1082,0,1,0,0,0,0,0,240.0,60.0,1.0,22.3373,16.5304
1083,0,1,0,0,0,0,0,240.0,60.0,1.25,26.4673,17.6329
1084,0,1,0,0,0,0,0,240.0,60.0,1.5,30.0227,18.3143
1085,0,1,0,0,0,0,0,240.0,60.0,1.75,32.3646,18.3414
1086,0,1,0,0,0,0,0,240.0,60.0,2.0,33.677,17.9558
1087,0,1,0,0,0,0,0,240.0,60.0,2.25,34.4048,17.1504
1088,0,1,0,0,0,0,0,240.0,60.0,2.513,34.6751,15.72
1089,0,1,0,0,0,0,0,240.0,70.0,0.499,16.8146,21.2214
1090,0,1,0,0,0,0,0,240.0,70.0,0.75,22.859,22.1488
1091,0,1,0,0,0,0,0,240.0,70.0,1.0,28.5495,23.1847
1092,0,1,0,0,0,0,0,240.0,70.0,1.25,33.9958,24.016
1093,0,1,0,0,0,0,0,240.0,70.0,1.5,38.659,24.3443
1094,0,1,0,0,0,0,0,240.0,70.0,1.75,41.9038,23.7339
1095,0,1,0,0,0,0,0,240.0,70.0,2.0,43.2926,22.5735
1096,0,1,0,0,0,0,0,240.0,70.0,2.25,43.9404,20.9632
1097,0,1,0,0,0,0,0,240.0,70.0,2.513,43.7804,18.4432
1098,0,1,0,0,0,0,0,240.0,80.0,0.499,21.9826,29.0314
1099,0,1,0,0,0,0,0,240.0,80.0,0.75,28.8284,29.801
1100,0,1,0,0,0,0,0,240.0,80.0,1.0,35.4744,30.5123
1101,0,1,0,0,0,0,0,240.0,80.0,1.25,41.97,30.966
1102,0,1,0,0,0,0,0,240.0,80.0,1.5,47.4557,30.7284
1103,0,1,0,0,0,0,0,240.0,80.0,1.75,51.435,29.5464
1104,0,1,0,0,0,0,0,240.0,80.0,2.0,53.6412,27.5956
1105,0,1,0,0,0,0,0,240.0,80.0,2.25,53.9489,24.8179
1106,0,1,0,0,0,0,0,240.0,80.0,2.513,53.4299,21.3425
1107,0,1,0,0,0,0,0,240.0,90.0,0.499,27.653,37.0806
1108,0,1,0,0,0,0,0,240.0,90.0,0.75,35.1811,37.8971
1109,0,1,0,0,0,0,0,240.0,90.0,1.0,42.9144,38.359
1110,0,1,0,0,0,0,0,240.0,90.0,1.25,50.203,38.3416
1111,0,1,0,0,0,0,0,240.0,90.0,1.5,56.5703,37.4732
1112,0,1,0,0,0,0,0,240.0,90.0,1.75,61.1592,35.5466
1113,0,1,0,0,0,0,0,240.0,90.0,2.0,63.8786,32.6211
1114,0,1,0,0,0,0,0,240.0,90.0,2.25,64.3979,28.9155
1115,0,1,0,0,0,0,0,240.0,90.0,2.513,63.4594,24.3597
1116,0,1,0,0,0,0,0,240.0,100.0,0.499,33.8307,45.0291
1117,0,1,0,0,0,0,0,240.0,100.0,0.75,42.2755,45.9699
1118,0,1,0,0,0,0,0,240.0,100.0,1.0,50.595,46.2887
1119,0,1,0,0,0,0,0,240.0,100.0,1.25,58.474,45.7587
1120,0,1,0,0,0,0,0,240.0,100.0,1.5,65.7664,44.4214
1121,0,1,0,0,0,0,0,240.0,100.0,1.75,70.9273,41.6149
1122,0,1,0,0,0,0,0,240.0,100.0,2.0,73.6941,37.5838
1123,0,1,0,0,0,0,0,240.0,100.0,2.25,74.7222,32.9888
1124,0,1,0,0,0,0,0,240.0,100.0,2.513,73.6878,27.5734
1125,0,1,0,0,0,0,0,240.0,110.0,0.499,40.6302,52.8303
1126,0,1,0,0,0,0,0,240.0,110.0,0.75,49.7002,53.7859
1127,0,1,0,0,0,0,0,240.0,110.0,1.0,58.5573,53.9192
1128,0,1,0,0,0,0,0,240.0,110.0,1.25,66.7994,53.0167
1129,0,1,0,0,0,0,0,240.0,110.0,1.5,74.5138,50.9092
1130,0,1,0,0,0,0,0,240.0,110.0,1.75,80.1798,47.3285
1131,0,1,0,0,0,0,0,240.0,110.0,2.0,83.4936,42.8439
1132,0,1,0,0,0,0,0,240.0,110.0,2.25,84.7725,37.3483
1133,0,1,0,0,0,0,0,240.0,110.0,2.513,83.9392,31.2504
1134,0,1,0,0,0,0,0,300.0,30.0,0.499,2.16693,0.563008
1135,0,1,0,0,0,0,0,300.0,30.0,0.75,5.15507,1.64506
1136,0,1,0,0,0,0,0,300.0,30.0,1.0,7.38742,3.01845
1137,0,1,0,0,0,0,0,300.0,30.0,1.25,8.86976,4.36093
1138,0,1,0,0,0,0,0,300.0,30.0,1.5,10.3202,5.98652
1139,0,1,0,0,0,0,0,300.0,30.0,1.75,11.4782,7.21833
1140,0,1,0,0,0,0,0,300.0,30.0,2.0,11.9267,7.91171
1141,0,1,0,0,0,0,0,300.0,30.0,2.25,12.0157,7.96204
1142,0,1,0,0,0,0,0,300.0,30.0,2.513,11.8321,7.56959
1143,0,1,0,0,0,0,0,300.0,40.0,0.499,5.82389,4.53828
1144,0,1,0,0,0,0,0,300.0,40.0,0.75,9.90541,6.08965
1145,0,1,0,0,0,0,0,300.0,40.0,1.0,13.0303,7.75805
1146,0,1,0,0,0,0,0,300.0,40.0,1.25,15.1679,9.0496
1147,0,1,0,0,0,0,0,300.0,40.0,1.5,16.8894,10.1696
1148,0,1,0,0,0,0,0,300.0,40.0,1.75,18.1059,11.0994
1149,0,1,0,0,0,0,0,300.0,40.0,2.0,18.6347,11.509
1150,0,1,0,0,0,0,0,300.0,40.0,2.25,18.9458,11.1456
1151,0,1,0,0,0,0,0,300.0,40.0,2.513,18.8015,10.4065
1152,0,1,0,0,0,0,0,300.0,50.0,0.499,10.2148,10.1505
1153,0,1,0,0,0,0,0,300.0,50.0,0.75,14.7687,11.4372
1154,0,1,0,0,0,0,0,300.0,50.0,1.0,18.7317,12.8613
1155,0,1,0,0,0,0,0,300.0,50.0,1.25,21.7317,14.128
1156,0,1,0,0,0,0,0,300.0,50.0,1.5,23.942,14.8917
1157,0,1,0,0,0,0,0,300.0,50.0,1.75,25.1763,15.1613
1158,0,1,0,0,0,0,0,300.0,50.0,2.0,25.9146,15.1023
1159,0,1,0,0,0,0,0,300.0,50.0,2.25,26.2252,14.315
1160,0,1,0,0,0,0,0,300.0,50.0,2.513,26.0086,13.009
1161,0,1,0,0,0,0,0,300.0,60.0,0.499,14.7385,16.4562
1162,0,1,0,0,0,0,0,300.0,60.0,0.75,19.8355,17.5031
1163,0,1,0,0,0,0,0,300.0,60.0,1.0,24.5378,18.6115
1164,0,1,0,0,0,0,0,300.0,60.0,1.25,28.5792,19.6394
1165,0,1,0,0,0,0,0,300.0,60.0,1.5,31.6074,20.1651
1166,0,1,0,0,0,0,0,300.0,60.0,1.75,33.2586,19.8431
1167,0,1,0,0,0,0,0,300.0,60.0,2.0,34.0447,18.9093
1168,0,1,0,0,0,0,0,300.0,60.0,2.25,34.433,17.607
1169,0,1,0,0,0,0,0,300.0,60.0,2.513,34.3761,15.7978
1170,0,1,0,0,0,0,0,300.0,70.0,0.499,19.3757,23.4666
1171,0,1,0,0,0,0,0,300.0,70.0,0.75,25.0815,24.2963
1172,0,1,0,0,0,0,0,300.0,70.0,1.0,30.5844,25.1007
1173,0,1,0,0,0,0,0,300.0,70.0,1.25,35.9434,25.8443
1174,0,1,0,0,0,0,0,300.0,70.0,1.5,39.9168,25.9133
1175,0,1,0,0,0,0,0,300.0,70.0,1.75,42.2565,24.9782
1176,0,1,0,0,0,0,0,300.0,70.0,2.0,43.528,23.3606
1177,0,1,0,0,0,0,0,300.0,70.0,2.25,44.0404,21.332
1178,0,1,0,0,0,0,0,300.0,70.0,2.513,43.5828,18.5242
1179,0,1,0,0,0,0,0,300.0,80.0,0.499,24.5129,31.2897
1180,0,1,0,0,0,0,0,300.0,80.0,0.75,31.185,31.9836
1181,0,1,0,0,0,0,0,300.0,80.0,1.0,37.6984,32.5573
1182,0,1,0,0,0,0,0,300.0,80.0,1.25,43.7735,32.7531
1183,0,1,0,0,0,0,0,300.0,80.0,1.5,48.4671,31.9957
1184,0,1,0,0,0,0,0,300.0,80.0,1.75,51.8409,30.4582
1185,0,1,0,0,0,0,0,300.0,80.0,2.0,53.6023,28.1613
1186,0,1,0,0,0,0,0,300.0,80.0,2.25,54.0287,25.1898
1187,0,1,0,0,0,0,0,300.0,80.0,2.513,53.0341,21.2258
1188,0,1,0,0,0,0,0,300.0,90.0,0.499,30.4705,39.4305
1189,0,1,0,0,0,0,0,300.0,90.0,0.75,37.7305,40.1384
1190,0,1,0,0,0,0,0,300.0,90.0,1.0,45.2204,40.54
1191,0,1,0,0,0,0,0,300.0,90.0,1.25,51.9983,40.111
1192,0,1,0,0,0,0,0,300.0,90.0,1.5,57.5183,38.6417
1193,0,1,0,0,0,0,0,300.0,90.0,1.75,61.5206,36.1475
1194,0,1,0,0,0,0,0,300.0,90.0,2.0,63.8127,32.8179
1195,0,1,0,0,0,0,0,300.0,90.0,2.25,64.1278,28.9886
1196,0,1,0,0,0,0,0,300.0,90.0,2.513,62.8525,23.9686
1197,0,1,0,0,0,0,0,300.0,100.0,0.499,36.6903,47.1554
1198,0,1,0,0,0,0,0,300.0,100.0,0.75,44.7478,48.0745
1199,0,1,0,0,0,0,0,300.0,100.0,1.0,52.8394,48.2128
1200,0,1,0,0,0,0,0,300.0,100.0,1.25,60.2038,47.4322
1201,0,1,0,0,0,0,0,300.0,100.0,1.5,66.6423,45.476
1202,0,1,0,0,0,0,0,300.0,100.0,1.75,71.3601,42.1578
1203,0,1,0,0,0,0,0,300.0,100.0,2.0,73.8142,37.8222
1204,0,1,0,0,0,0,0,300.0,100.0,2.25,74.0654,32.62
1205,0,1,0,0,0,0,0,300.0,100.0,2.513,72.9353,27.0283
1206,0,1,0,0,0,0,0,300.0,110.0,0.499,43.4623,54.8615
1207,0,1,0,0,0,0,0,300.0,110.0,0.75,52.2266,55.6804
1208,0,1,0,0,0,0,0,300.0,110.0,1.0,60.5787,55.6659
1209,0,1,0,0,0,0,0,300.0,110.0,1.25,68.5077,54.5144
1210,0,1,0,0,0,0,0,300.0,110.0,1.5,75.4442,51.9337
1211,0,1,0,0,0,0,0,300.0,110.0,1.75,80.3301,47.8299
1212,0,1,0,0,0,0,0,300.0,110.0,2.0,83.1622,42.7487
1213,0,1,0,0,0,0,0,300.0,110.0,2.25,83.9156,36.8894
1214,0,1,0,0,0,0,0,300.0,110.0,2.513,83.1352,30.7836
1215,0,1,0,0,0,0,0,360.0,30.0,0.499,4.26095,2.15897
1216,0,1,0,0,0,0,0,360.0,30.0,0.75,7.30703,3.59051
1217,0,1,0,0,0,0,0,360.0,30.0,1.0,9.36718,5.10175
1218,0,1,0,0,0,0,0,360.0,30.0,1.25,10.6728,6.24371
1219,0,1,0,0,0,0,0,360.0,30.0,1.5,12.0127,7.65317
1220,0,1,0,0,0,0,0,360.0,30.0,1.75,12.6559,8.63346
1221,0,1,0,0,0,0,0,360.0,30.0,2.0,12.9049,9.08647
1222,0,1,0,0,0,0,0,360.0,30.0,2.25,12.7029,8.76304
1223,0,1,0,0,0,0,0,360.0,30.0,2.513,12.176,8.08607
1224,0,1,0,0,0,0,0,360.0,40.0,0.499,8.12963,6.79639
1225,0,1,0,0,0,0,0,360.0,40.0,0.75,12.3047,8.37378
1226,0,1,0,0,0,0,0,360.0,40.0,1.0,15.305,9.95138
1227,0,1,0,0,0,0,0,360.0,40.0,1.25,17.1634,11.0498
1228,0,1,0,0,0,0,0,360.0,40.0,1.5,18.6209,11.894
1229,0,1,0,0,0,0,0,360.0,40.0,1.75,19.3184,12.5543
1230,0,1,0,0,0,0,0,360.0,40.0,2.0,19.5539,12.5714
1231,0,1,0,0,0,0,0,360.0,40.0,2.25,19.4882,11.8355
1232,0,1,0,0,0,0,0,360.0,40.0,2.513,18.7241,10.6011
1233,0,1,0,0,0,0,0,360.0,50.0,0.499,12.4987,12.4055
1234,0,1,0,0,0,0,0,360.0,50.0,0.75,17.1963,13.6997
1235,0,1,0,0,0,0,0,360.0,50.0,1.0,21.003,15.0829
1236,0,1,0,0,0,0,0,360.0,50.0,1.25,23.7552,16.0549
1237,0,1,0,0,0,0,0,360.0,50.0,1.5,25.4546,16.5736
1238,0,1,0,0,0,0,0,360.0,50.0,1.75,26.3646,16.5973
1239,0,1,0,0,0,0,0,360.0,50.0,2.0,26.7724,15.9902
1240,0,1,0,0,0,0,0,360.0,50.0,2.25,26.5572,14.7511
1241,0,1,0,0,0,0,0,360.0,50.0,2.513,25.8413,13.0295
1242,0,1,0,0,0,0,0,360.0,60.0,0.499,17.1058,18.8194
1243,0,1,0,0,0,0,0,360.0,60.0,0.75,22.2195,19.7616
1244,0,1,0,0,0,0,0,360.0,60.0,1.0,26.913,20.7274
1245,0,1,0,0,0,0,0,360.0,60.0,1.25,30.5648,21.419
1246,0,1,0,0,0,0,0,360.0,60.0,1.5,33.0469,21.7413
1247,0,1,0,0,0,0,0,360.0,60.0,1.75,34.1775,21.118
1248,0,1,0,0,0,0,0,360.0,60.0,2.0,34.5749,19.6729
1249,0,1,0,0,0,0,0,360.0,60.0,2.25,34.598,17.9101
1250,0,1,0,0,0,0,0,360.0,60.0,2.513,34.1373,15.6439
1251,0,1,0,0,0,0,0,360.0,70.0,0.499,21.9757,25.9696
1252,0,1,0,0,0,0,0,360.0,70.0,0.75,27.4963,26.6289
1253,0,1,0,0,0,0,0,360.0,70.0,1.0,32.951,27.2187
1254,0,1,0,0,0,0,0,360.0,70.0,1.25,37.562,27.3657
1255,0,1,0,0,0,0,0,360.0,70.0,1.5,40.8598,27.0484
1256,0,1,0,0,0,0,0,360.0,70.0,1.75,42.6376,25.9125
1257,0,1,0,0,0,0,0,360.0,70.0,2.0,43.6185,23.9505
1258,0,1,0,0,0,0,0,360.0,70.0,2.25,43.9415,21.4949
1259,0,1,0,0,0,0,0,360.0,70.0,2.513,43.3178,18.4474
1260,0,1,0,0,0,0,0,360.0,80.0,0.499,27.0514,33.4726
1261,0,1,0,0,0,0,0,360.0,80.0,0.75,33.4293,34.2158
1262,0,1,0,0,0,0,0,360.0,80.0,1.0,39.8547,34.6102
1263,0,1,0,0,0,0,0,360.0,80.0,1.25,45.2645,34.2559
1264,0,1,0,0,0,0,0,360.0,80.0,1.5,49.3413,33.0355
1265,0,1,0,0,0,0,0,360.0,80.0,1.75,52.04,31.1422
1266,0,1,0,0,0,0,0,360.0,80.0,2.0,53.3627,28.5419
1267,0,1,0,0,0,0,0,360.0,80.0,2.25,53.6481,25.2696
1268,0,1,0,0,0,0,0,360.0,80.0,2.513,52.557,20.9303
1269,0,1,0,0,0,0,0,360.0,90.0,0.499,33.0578,41.3919
1270,0,1,0,0,0,0,0,360.0,90.0,0.75,40.1604,42.0651
1271,0,1,0,0,0,0,0,360.0,90.0,1.0,47.1943,42.2271
1272,0,1,0,0,0,0,0,360.0,90.0,1.25,53.6167,41.6283
1273,0,1,0,0,0,0,0,360.0,90.0,1.5,58.3327,39.605
1274,0,1,0,0,0,0,0,360.0,90.0,1.75,61.8364,36.7454
1275,0,1,0,0,0,0,0,360.0,90.0,2.0,63.4884,33.1257
1276,0,1,0,0,0,0,0,360.0,90.0,2.25,63.6784,28.8676
1277,0,1,0,0,0,0,0,360.0,90.0,2.513,62.2298,23.5409
1278,0,1,0,0,0,0,0,360.0,100.0,0.499,39.4383,49.106
1279,0,1,0,0,0,0,0,360.0,100.0,0.75,47.1447,49.8091
1280,0,1,0,0,0,0,0,360.0,100.0,1.0,54.778,49.7309
1281,0,1,0,0,0,0,0,360.0,100.0,1.25,61.8559,48.694
1282,0,1,0,0,0,0,0,360.0,100.0,1.5,67.5455,46.333
1283,0,1,0,0,0,0,0,360.0,100.0,1.75,71.5624,42.65
1284,0,1,0,0,0,0,0,360.0,100.0,2.0,73.4426,37.8839
1285,0,1,0,0,0,0,0,360.0,100.0,2.25,73.2353,32.4004
1286,0,1,0,0,0,0,0,360.0,100.0,2.513,71.9411,26.525
1287,0,1,0,0,0,0,0,360.0,110.0,0.499,46.1184,56.5872
1288,0,1,0,0,0,0,0,360.0,110.0,0.75,54.3912,57.1664
1289,0,1,0,0,0,0,0,360.0,110.0,1.0,62.4812,56.9645
1290,0,1,0,0,0,0,0,360.0,110.0,1.25,70.0021,55.5559
1291,0,1,0,0,0,0,0,360.0,110.0,1.5,76.2658,52.6893
1292,0,1,0,0,0,0,0,360.0,110.0,1.75,80.2262,48.1944
1293,0,1,0,0,0,0,0,360.0,110.0,2.0,82.4279,42.563
1294,0,1,0,0,0,0,0,360.0,110.0,2.25,82.6813,36.4023
1295,0,1,0,0,0,0,0,360.0,110.0,2.513,81.9007,30.1565
1296,0,1,0,0,0,0,0,420.0,30.0,0.499,6.55357,4.29797
1297,0,1,0,0,0,0,0,420.0,30.0,0.75,9.3972,5.76064
1298,0,1,0,0,0,0,0,420.0,30.0,1.0,11.2573,7.10318
1299,0,1,0,0,0,0,0,420.0,30.0,1.25,12.5641,8.16961
1300,0,1,0,0,0,0,0,420.0,30.0,1.5,13.5336,9.15268
1301,0,1,0,0,0,0,0,420.0,30.0,1.75,13.8904,9.8758
1302,0,1,0,0,0,0,0,420.0,30.0,2.0,13.7884,9.99267
1303,0,1,0,0,0,0,0,420.0,30.0,2.25,13.3741,9.42237
1304,0,1,0,0,0,0,0,420.0,30.0,2.513,12.2939,8.2619
1305,0,1,0,0,0,0,0,420.0,40.0,0.499,10.5344,9.15849
1306,0,1,0,0,0,0,0,420.0,40.0,0.75,14.4986,10.6629
1307,0,1,0,0,0,0,0,420.0,40.0,1.0,17.0539,11.9603
1308,0,1,0,0,0,0,0,420.0,40.0,1.25,18.9228,12.8004
1309,0,1,0,0,0,0,0,420.0,40.0,1.5,20.0534,13.4882
1310,0,1,0,0,0,0,0,420.0,40.0,1.75,20.5057,13.7373
1311,0,1,0,0,0,0,0,420.0,40.0,2.0,20.3803,13.2925
1312,0,1,0,0,0,0,0,420.0,40.0,2.25,19.9164,12.2577
1313,0,1,0,0,0,0,0,420.0,40.0,2.513,18.8222,10.6504
1314,0,1,0,0,0,0,0,420.0,50.0,0.499,14.9625,14.814
1315,0,1,0,0,0,0,0,420.0,50.0,0.75,19.5861,16.0024
1316,0,1,0,0,0,0,0,420.0,50.0,1.0,22.9988,17.1309
1317,0,1,0,0,0,0,0,420.0,50.0,1.25,25.3276,17.7638
1318,0,1,0,0,0,0,0,420.0,50.0,1.5,26.922,18.0582
1319,0,1,0,0,0,0,0,420.0,50.0,1.75,27.5206,17.7864
1320,0,1,0,0,0,0,0,420.0,50.0,2.0,27.5439,16.6353
1321,0,1,0,0,0,0,0,420.0,50.0,2.25,26.8868,15.0598
1322,0,1,0,0,0,0,0,420.0,50.0,2.513,26.0433,13.0935
1323,0,1,0,0,0,0,0,420.0,60.0,0.499,19.6144,21.2142
1324,0,1,0,0,0,0,0,420.0,60.0,0.75,24.5926,22.0149
1325,0,1,0,0,0,0,0,420.0,60.0,1.0,28.9743,22.7895
1326,0,1,0,0,0,0,0,420.0,60.0,1.25,32.0866,23.0757
1327,0,1,0,0,0,0,0,420.0,60.0,1.5,34.145,22.9791
1328,0,1,0,0,0,0,0,420.0,60.0,1.75,35.0675,21.9861
1329,0,1,0,0,0,0,0,420.0,60.0,2.0,35.1944,20.2137
1330,0,1,0,0,0,0,0,420.0,60.0,2.25,34.803,18.1845
1331,0,1,0,0,0,0,0,420.0,60.0,2.513,34.172,15.6275
1332,0,1,0,0,0,0,0,420.0,70.0,0.499,24.5402,28.3585
1333,0,1,0,0,0,0,0,420.0,70.0,0.75,30.0269,28.9544
1334,0,1,0,0,0,0,0,420.0,70.0,1.0,35.0663,29.2989
1335,0,1,0,0,0,0,0,420.0,70.0,1.25,39.1268,28.9917
1336,0,1,0,0,0,0,0,420.0,70.0,1.5,41.6503,28.0853
1337,0,1,0,0,0,0,0,420.0,70.0,1.75,43.2576,26.5943
1338,0,1,0,0,0,0,0,420.0,70.0,2.0,43.7543,24.3105
1339,0,1,0,0,0,0,0,420.0,70.0,2.25,43.6498,21.5977
1340,0,1,0,0,0,0,0,420.0,70.0,2.513,42.8583,18.1126
1341,0,1,0,0,0,0,0,420.0,80.0,0.499,29.683,35.6384
1342,0,1,0,0,0,0,0,420.0,80.0,0.75,35.6948,36.1687
1343,0,1,0,0,0,0,0,420.0,80.0,1.0,41.787,36.4301
1344,0,1,0,0,0,0,0,420.0,80.0,1.25,46.6987,35.6996
1345,0,1,0,0,0,0,0,420.0,80.0,1.5,50.2139,34.0046
1346,0,1,0,0,0,0,0,420.0,80.0,1.75,52.3746,31.77
1347,0,1,0,0,0,0,0,420.0,80.0,2.0,53.0786,28.7095
1348,0,1,0,0,0,0,0,420.0,80.0,2.25,53.1113,25.1229
1349,0,1,0,0,0,0,0,420.0,80.0,2.513,52.0581,20.6557
1350,0,1,0,0,0,0,0,420.0,90.0,0.499,35.6536,43.2191
1351,0,1,0,0,0,0,0,420.0,90.0,0.75,42.4546,43.7284
1352,0,1,0,0,0,0,0,420.0,90.0,1.0,49.0147,43.6794
1353,0,1,0,0,0,0,0,420.0,90.0,1.25,54.9894,42.7462
1354,0,1,0,0,0,0,0,420.0,90.0,1.5,59.276,40.457
1355,0,1,0,0,0,0,0,420.0,90.0,1.75,61.877,37.2158
1356,0,1,0,0,0,0,0,420.0,90.0,2.0,63.1124,33.3281
1357,0,1,0,0,0,0,0,420.0,90.0,2.25,62.9613,28.7349
1358,0,1,0,0,0,0,0,420.0,90.0,2.513,61.4775,23.22
1359,0,1,0,0,0,0,0,420.0,100.0,0.499,41.9947,50.7859
1360,0,1,0,0,0,0,0,420.0,100.0,0.75,49.384,51.1986
1361,0,1,0,0,0,0,0,420.0,100.0,1.0,56.519,50.8066
1362,0,1,0,0,0,0,0,420.0,100.0,1.25,63.2553,49.57
1363,0,1,0,0,0,0,0,420.0,100.0,1.5,68.3047,46.9713
1364,0,1,0,0,0,0,0,420.0,100.0,1.75,71.4211,42.9217
1365,0,1,0,0,0,0,0,420.0,100.0,2.0,72.7046,37.9087
1366,0,1,0,0,0,0,0,420.0,100.0,2.25,72.3026,32.2434
1367,0,1,0,0,0,0,0,420.0,100.0,2.513,70.7867,26.1605
1368,0,1,0,0,0,0,0,420.0,110.0,0.499,48.7894,58.2302
1369,0,1,0,0,0,0,0,420.0,110.0,0.75,56.5112,58.2802
1370,0,1,0,0,0,0,0,420.0,110.0,1.0,64.1405,57.7306
1371,0,1,0,0,0,0,0,420.0,110.0,1.25,71.1987,56.1249
1372,0,1,0,0,0,0,0,420.0,110.0,1.5,76.7289,53.0066
1373,0,1,0,0,0,0,0,420.0,110.0,1.75,80.1239,48.3161
1374,0,1,0,0,0,0,0,420.0,110.0,2.0,81.525,42.4822
1375,0,1,0,0,0,0,0,420.0,110.0,2.25,81.3063,36.0996
1376,0,1,0,0,0,0,0,420.0,110.0,2.513,80.2994,29.6288
1377,0,1,0,0,0,0,0,480.0,30.0,0.499,8.5991,6.42986
1378,0,1,0,0,0,0,0,480.0,30.0,0.75,11.1076,7.86983
1379,0,1,0,0,0,0,0,480.0,30.0,1.0,12.8753,8.95276
1380,0,1,0,0,0,0,0,480.0,30.0,1.25,14.2469,9.91205
1381,0,1,0,0,0,0,0,480.0,30.0,1.5,14.8598,10.5271
1382,0,1,0,0,0,0,0,480.0,30.0,1.75,15.0912,10.8673
1383,0,1,0,0,0,0,0,480.0,30.0,2.0,14.674,10.5798
1384,0,1,0,0,0,0,0,480.0,30.0,2.25,13.7942,9.7132
1385,0,1,0,0,0,0,0,480.0,30.0,2.513,12.4911,8.39955
1386,0,1,0,0,0,0,0,480.0,40.0,0.499,12.6906,11.5175
1387,0,1,0,0,0,0,0,480.0,40.0,0.75,16.4494,12.8751
1388,0,1,0,0,0,0,0,480.0,40.0,1.0,18.6545,13.8064
1389,0,1,0,0,0,0,0,480.0,40.0,1.25,20.3286,14.3759
1390,0,1,0,0,0,0,0,480.0,40.0,1.5,21.3167,14.7256
1391,0,1,0,0,0,0,0,480.0,40.0,1.75,21.5631,14.6188
1392,0,1,0,0,0,0,0,480.0,40.0,2.0,21.2245,13.718
1393,0,1,0,0,0,0,0,480.0,40.0,2.25,20.367,12.4997
1394,0,1,0,0,0,0,0,480.0,40.0,2.513,19.1509,10.8206
1395,0,1,0,0,0,0,0,480.0,50.0,0.499,17.288,17.1705
1396,0,1,0,0,0,0,0,480.0,50.0,0.75,21.5136,18.1635
1397,0,1,0,0,0,0,0,480.0,50.0,1.0,24.7602,19.0286
1398,0,1,0,0,0,0,0,480.0,50.0,1.25,26.6899,19.2694
1399,0,1,0,0,0,0,0,480.0,50.0,1.5,28.0248,19.1986
1400,0,1,0,0,0,0,0,480.0,50.0,1.75,28.6853,18.5568
1401,0,1,0,0,0,0,0,480.0,50.0,2.0,28.4172,17.1825
1402,0,1,0,0,0,0,0,480.0,50.0,2.25,27.4715,15.3293
1403,0,1,0,0,0,0,0,480.0,50.0,2.513,26.2828,13.1869
1404,0,1,0,0,0,0,0,480.0,60.0,0.499,22.1253,23.6144
1405,0,1,0,0,0,0,0,480.0,60.0,0.75,26.8019,24.2858
1406,0,1,0,0,0,0,0,480.0,60.0,1.0,30.6521,24.6722
1407,0,1,0,0,0,0,0,480.0,60.0,1.25,33.2371,24.572
1408,0,1,0,0,0,0,0,480.0,60.0,1.5,34.9589,23.91
1409,0,1,0,0,0,0,0,480.0,60.0,1.75,35.9776,22.5722
1410,0,1,0,0,0,0,0,480.0,60.0,2.0,35.9367,20.7223
1411,0,1,0,0,0,0,0,480.0,60.0,2.25,35.1596,18.3896
1412,0,1,0,0,0,0,0,480.0,60.0,2.513,34.1309,15.4815
1413,0,1,0,0,0,0,0,480.0,70.0,0.499,27.1864,30.5994
1414,0,1,0,0,0,0,0,480.0,70.0,0.75,32.4231,31.0928
1415,0,1,0,0,0,0,0,480.0,70.0,1.0,37.0187,31.2138
1416,0,1,0,0,0,0,0,480.0,70.0,1.25,40.3539,30.5241
1417,0,1,0,0,0,0,0,480.0,70.0,1.5,42.5256,29.0752
1418,0,1,0,0,0,0,0,480.0,70.0,1.75,43.8623,27.0823
1419,0,1,0,0,0,0,0,480.0,70.0,2.0,44.0925,24.5517
1420,0,1,0,0,0,0,0,480.0,70.0,2.25,43.6097,21.6588
1421,0,1,0,0,0,0,0,480.0,70.0,2.513,42.5343,17.8045
1422,0,1,0,0,0,0,0,480.0,80.0,0.499,32.2389,37.6155
1423,0,1,0,0,0,0,0,480.0,80.0,0.75,38.1826,38.0483
1424,0,1,0,0,0,0,0,480.0,80.0,1.0,43.5655,37.953
1425,0,1,0,0,0,0,0,480.0,80.0,1.25,47.9511,36.8931
1426,0,1,0,0,0,0,0,480.0,80.0,1.5,50.9607,34.8369
1427,0,1,0,0,0,0,0,480.0,80.0,1.75,52.6776,32.1202
1428,0,1,0,0,0,0,0,480.0,80.0,2.0,53.1842,28.9069
1429,0,1,0,0,0,0,0,480.0,80.0,2.25,52.5878,24.8885
1430,0,1,0,0,0,0,0,480.0,80.0,2.513,51.4605,20.3578
1431,0,1,0,0,0,0,0,480.0,90.0,0.499,37.9571,44.8151
1432,0,1,0,0,0,0,0,480.0,90.0,0.75,44.4063,45.1491
1433,0,1,0,0,0,0,0,480.0,90.0,1.0,50.7439,44.9265
1434,0,1,0,0,0,0,0,480.0,90.0,1.25,56.0599,43.5003
1435,0,1,0,0,0,0,0,480.0,90.0,1.5,60.0009,41.107
1436,0,1,0,0,0,0,0,480.0,90.0,1.75,61.9169,37.5413
1437,0,1,0,0,0,0,0,480.0,90.0,2.0,62.4753,33.2805
1438,0,1,0,0,0,0,0,480.0,90.0,2.25,62.0603,28.5365
1439,0,1,0,0,0,0,0,480.0,90.0,2.513,60.6577,23.0648
1440,0,1,0,0,0,0,0,480.0,100.0,0.499,44.4004,52.2253
1441,0,1,0,0,0,0,0,480.0,100.0,0.75,51.4301,52.2913
1442,0,1,0,0,0,0,0,480.0,100.0,1.0,58.1898,51.6414
1443,0,1,0,0,0,0,0,480.0,100.0,1.25,64.3544,50.1032
1444,0,1,0,0,0,0,0,480.0,100.0,1.5,68.7919,47.447
1445,0,1,0,0,0,0,0,480.0,100.0,1.75,71.0862,43.0975
1446,0,1,0,0,0,0,0,480.0,100.0,2.0,71.7977,37.8385
1447,0,1,0,0,0,0,0,480.0,100.0,2.25,71.1585,32.1171
1448,0,1,0,0,0,0,0,480.0,100.0,2.513,69.6882,25.9155
1449,0,1,0,0,0,0,0,480.0,110.0,0.499,51.2747,59.4555
1450,0,1,0,0,0,0,0,480.0,110.0,0.75,58.6062,59.215
1451,0,1,0,0,0,0,0,480.0,110.0,1.0,65.6734,58.2106
1452,0,1,0,0,0,0,0,480.0,110.0,1.25,72.004,56.4048
1453,0,1,0,0,0,0,0,480.0,110.0,1.5,76.9473,53.158
1454,0,1,0,0,0,0,0,480.0,110.0,1.75,79.754,48.3023
1455,0,1,0,0,0,0,0,480.0,110.0,2.0,80.5024,42.3395
1456,0,1,0,0,0,0,0,480.0,110.0,2.25,79.9739,35.8458
1457,0,1,0,0,0,0,0,480.0,110.0,2.513,78.7037,29.2313
1458,0,1,0,0,0,0,0,540.0,30.0,0.499,10.1857,8.5558
1459,0,1,0,0,0,0,0,540.0,30.0,0.75,12.6099,9.79047
1460,0,1,0,0,0,0,0,540.0,30.0,1.0,14.2519,10.6652
1461,0,1,0,0,0,0,0,540.0,30.0,1.25,15.5548,11.3118
1462,0,1,0,0,0,0,0,540.0,30.0,1.5,16.0392,11.6229
1463,0,1,0,0,0,0,0,540.0,30.0,1.75,16.1291,11.7052
1464,0,1,0,0,0,0,0,540.0,30.0,2.0,15.5156,10.9842
1465,0,1,0,0,0,0,0,540.0,30.0,2.25,14.2814,9.78128
1466,0,1,0,0,0,0,0,540.0,30.0,2.513,12.8694,8.43386
1467,0,1,0,0,0,0,0,540.0,40.0,0.499,14.5194,13.7161
1468,0,1,0,0,0,0,0,540.0,40.0,0.75,17.915,14.8398
1469,0,1,0,0,0,0,0,540.0,40.0,1.0,20.2015,15.5436
1470,0,1,0,0,0,0,0,540.0,40.0,1.25,21.6104,15.827
1471,0,1,0,0,0,0,0,540.0,40.0,1.5,22.3545,15.8012
1472,0,1,0,0,0,0,0,540.0,40.0,1.75,22.601,15.3575
1473,0,1,0,0,0,0,0,540.0,40.0,2.0,22.1292,14.0816
1474,0,1,0,0,0,0,0,540.0,40.0,2.25,20.9232,12.5569
1475,0,1,0,0,0,0,0,540.0,40.0,2.513,19.6016,10.8693
1476,0,1,0,0,0,0,0,540.0,50.0,0.499,19.3715,19.4801
1477,0,1,0,0,0,0,0,540.0,50.0,0.75,23.196,20.2508
1478,0,1,0,0,0,0,0,540.0,50.0,1.0,26.0915,20.6932
1479,0,1,0,0,0,0,0,540.0,50.0,1.25,27.8813,20.6362
1480,0,1,0,0,0,0,0,540.0,50.0,1.5,28.8588,20.1542
1481,0,1,0,0,0,0,0,540.0,50.0,1.75,29.5818,19.2089
1482,0,1,0,0,0,0,0,540.0,50.0,2.0,29.2459,17.5069
1483,0,1,0,0,0,0,0,540.0,50.0,2.25,28.1361,15.5118
1484,0,1,0,0,0,0,0,540.0,50.0,2.513,26.7903,13.1917
1485,0,1,0,0,0,0,0,540.0,60.0,0.499,24.5023,25.8924
1486,0,1,0,0,0,0,0,540.0,60.0,0.75,28.8119,26.4829
1487,0,1,0,0,0,0,0,540.0,60.0,1.0,32.0845,26.4509
1488,0,1,0,0,0,0,0,540.0,60.0,1.25,34.3764,25.9105
1489,0,1,0,0,0,0,0,540.0,60.0,1.5,35.8052,24.7034
1490,0,1,0,0,0,0,0,540.0,60.0,1.75,36.7202,23.1423
1491,0,1,0,0,0,0,0,540.0,60.0,2.0,36.6722,21.018
1492,0,1,0,0,0,0,0,540.0,60.0,2.25,35.6012,18.5122
1493,0,1,0,0,0,0,0,540.0,60.0,2.513,34.1662,15.2689
1494,0,1,0,0,0,0,0,540.0,70.0,0.499,29.614,32.6112
1495,0,1,0,0,0,0,0,540.0,70.0,0.75,34.5292,32.9825
1496,0,1,0,0,0,0,0,540.0,70.0,1.0,38.614,32.7567
1497,0,1,0,0,0,0,0,540.0,70.0,1.25,41.3803,31.6834
1498,0,1,0,0,0,0,0,540.0,70.0,1.5,43.2896,29.8724
1499,0,1,0,0,0,0,0,540.0,70.0,1.75,44.3023,27.4696
1500,0,1,0,0,0,0,0,540.0,70.0,2.0,44.6304,24.8154
1501,0,1,0,0,0,0,0,540.0,70.0,2.25,43.7535,21.5219
1502,0,1,0,0,0,0,0,540.0,70.0,2.513,42.3076,17.5516
1503,0,1,0,0,0,0,0,540.0,80.0,0.499,34.6208,39.3975
1504,0,1,0,0,0,0,0,540.0,80.0,0.75,40.2824,39.6691
1505,0,1,0,0,0,0,0,540.0,80.0,1.0,45.0907,39.1578
1506,0,1,0,0,0,0,0,540.0,80.0,1.25,48.8651,37.7532
1507,0,1,0,0,0,0,0,540.0,80.0,1.5,51.4438,35.3822
1508,0,1,0,0,0,0,0,540.0,80.0,1.75,53.0536,32.3954
1509,0,1,0,0,0,0,0,540.0,80.0,2.0,53.162,28.9294
1510,0,1,0,0,0,0,0,540.0,80.0,2.25,52.3914,24.7811
1511,0,1,0,0,0,0,0,540.0,80.0,2.513,50.9096,20.0644
1512,0,1,0,0,0,0,0,540.0,90.0,0.499,40.2097,46.386
1513,0,1,0,0,0,0,0,540.0,90.0,0.75,46.4084,46.4959
1514,0,1,0,0,0,0,0,540.0,90.0,1.0,52.1677,45.7933
1515,0,1,0,0,0,0,0,540.0,90.0,1.25,57.0751,44.0602
1516,0,1,0,0,0,0,0,540.0,90.0,1.5,60.2581,41.3607
1517,0,1,0,0,0,0,0,540.0,90.0,1.75,61.8279,37.6661
1518,0,1,0,0,0,0,0,540.0,90.0,2.0,61.9519,33.1752
1519,0,1,0,0,0,0,0,540.0,90.0,2.25,61.2563,28.2815
1520,0,1,0,0,0,0,0,540.0,90.0,2.513,59.7546,22.8575
1521,0,1,0,0,0,0,0,540.0,100.0,0.499,46.6111,53.4025
1522,0,1,0,0,0,0,0,540.0,100.0,0.75,53.3035,53.1334
1523,0,1,0,0,0,0,0,540.0,100.0,1.0,59.608,52.1625
1524,0,1,0,0,0,0,0,540.0,100.0,1.25,65.2219,50.4995
1525,0,1,0,0,0,0,0,540.0,100.0,1.5,69.0092,47.5047
1526,0,1,0,0,0,0,0,540.0,100.0,1.75,70.6661,43.0518
1527,0,1,0,0,0,0,0,540.0,100.0,2.0,70.8363,37.6238
1528,0,1,0,0,0,0,0,540.0,100.0,2.25,70.0771,31.8973
1529,0,1,0,0,0,0,0,540.0,100.0,2.513,68.4367,25.656
1530,0,1,0,0,0,0,0,540.0,110.0,0.499,53.4365,60.3676
1531,0,1,0,0,0,0,0,540.0,110.0,0.75,60.3697,59.8191
1532,0,1,0,0,0,0,0,540.0,110.0,1.0,66.9675,58.4735
1533,0,1,0,0,0,0,0,540.0,110.0,1.25,72.7111,56.4276
1534,0,1,0,0,0,0,0,540.0,110.0,1.5,76.9119,53.1451
1535,0,1,0,0,0,0,0,540.0,110.0,1.75,79.0217,48.1124
1536,0,1,0,0,0,0,0,540.0,110.0,2.0,79.4794,42.1027
1537,0,1,0,0,0,0,0,540.0,110.0,2.25,78.6961,35.6628
1538,0,1,0,0,0,0,0,540.0,110.0,2.513,77.3178,28.9747
1539,0,1,0,0,0,0,0,600.0,30.0,0.499,11.5451,10.5905
1540,0,1,0,0,0,0,0,600.0,30.0,0.75,13.8951,11.4932
1541,0,1,0,0,0,0,0,600.0,30.0,1.0,15.5316,12.2073
1542,0,1,0,0,0,0,0,600.0,30.0,1.25,16.5655,12.5336
1543,0,1,0,0,0,0,0,600.0,30.0,1.5,16.9849,12.5949
1544,0,1,0,0,0,0,0,600.0,30.0,1.75,16.9214,12.2826
1545,0,1,0,0,0,0,0,600.0,30.0,2.0,16.297,11.2385
1546,0,1,0,0,0,0,0,600.0,30.0,2.25,14.9561,9.8294
1547,0,1,0,0,0,0,0,600.0,30.0,2.513,13.3139,8.30913
1548,0,1,0,0,0,0,0,600.0,40.0,0.499,16.2595,15.9212
1549,0,1,0,0,0,0,0,600.0,40.0,0.75,19.0965,16.5687
1550,0,1,0,0,0,0,0,600.0,40.0,1.0,21.3943,16.9896
1551,0,1,0,0,0,0,0,600.0,40.0,1.25,22.6744,17.044
1552,0,1,0,0,0,0,0,600.0,40.0,1.5,23.2617,16.7454
1553,0,1,0,0,0,0,0,600.0,40.0,1.75,23.4094,15.911
1554,0,1,0,0,0,0,0,600.0,40.0,2.0,22.8681,14.3857
1555,0,1,0,0,0,0,0,600.0,40.0,2.25,21.7,12.6994
1556,0,1,0,0,0,0,0,600.0,40.0,2.513,20.1122,10.659
1557,0,1,0,0,0,0,0,600.0,50.0,0.499,21.2488,21.6696
1558,0,1,0,0,0,0,0,600.0,50.0,0.75,24.6533,22.0974
1559,0,1,0,0,0,0,0,600.0,50.0,1.0,27.0935,22.0994
1560,0,1,0,0,0,0,0,600.0,50.0,1.25,28.8021,21.7174
1561,0,1,0,0,0,0,0,600.0,50.0,1.5,29.6987,20.9506
1562,0,1,0,0,0,0,0,600.0,50.0,1.75,30.2585,19.6649
1563,0,1,0,0,0,0,0,600.0,50.0,2.0,29.9316,17.7806
1564,0,1,0,0,0,0,0,600.0,50.0,2.25,28.822,15.602
1565,0,1,0,0,0,0,0,600.0,50.0,2.513,27.3525,13.0161
1566,0,1,0,0,0,0,0,600.0,60.0,0.499,26.4956,27.9496
1567,0,1,0,0,0,0,0,600.0,60.0,0.75,30.5474,28.2644
1568,0,1,0,0,0,0,0,600.0,60.0,1.0,33.3437,27.8711
1569,0,1,0,0,0,0,0,600.0,60.0,1.25,35.3649,26.8951
1570,0,1,0,0,0,0,0,600.0,60.0,1.5,36.5731,25.3482
1571,0,1,0,0,0,0,0,600.0,60.0,1.75,37.1809,23.5437
1572,0,1,0,0,0,0,0,600.0,60.0,2.0,37.2872,21.2807
1573,0,1,0,0,0,0,0,600.0,60.0,2.25,36.2111,18.488
1574,0,1,0,0,0,0,0,600.0,60.0,2.513,34.4607,14.9946
1575,0,1,0,0,0,0,0,600.0,70.0,0.499,31.7725,34.4947
1576,0,1,0,0,0,0,0,600.0,70.0,0.75,36.2911,34.5799
1577,0,1,0,0,0,0,0,600.0,70.0,1.0,39.806,33.9165
1578,0,1,0,0,0,0,0,600.0,70.0,1.25,42.2773,32.5572
1579,0,1,0,0,0,0,0,600.0,70.0,1.5,43.839,30.325
1580,0,1,0,0,0,0,0,600.0,70.0,1.75,44.7284,27.7673
1581,0,1,0,0,0,0,0,600.0,70.0,2.0,44.9842,24.9705
1582,0,1,0,0,0,0,0,600.0,70.0,2.25,43.9745,21.4203
1583,0,1,0,0,0,0,0,600.0,70.0,2.513,42.2421,17.2673
1584,0,1,0,0,0,0,0,600.0,80.0,0.499,36.9135,41.0967
1585,0,1,0,0,0,0,0,600.0,80.0,0.75,42.0118,40.9828
1586,0,1,0,0,0,0,0,600.0,80.0,1.0,46.3427,40.1012
1587,0,1,0,0,0,0,0,600.0,80.0,1.25,49.6671,38.3233
1588,0,1,0,0,0,0,0,600.0,80.0,1.5,51.8266,35.688
1589,0,1,0,0,0,0,0,600.0,80.0,1.75,53.1571,32.5328
1590,0,1,0,0,0,0,0,600.0,80.0,2.0,53.127,28.8336
1591,0,1,0,0,0,0,0,600.0,80.0,2.25,52.2025,24.692
1592,0,1,0,0,0,0,0,600.0,80.0,2.513,50.5536,19.8057
1593,0,1,0,0,0,0,0,600.0,90.0,0.499,42.472,47.7723
1594,0,1,0,0,0,0,0,600.0,90.0,0.75,48.1906,47.434
1595,0,1,0,0,0,0,0,600.0,90.0,1.0,53.4703,46.4348
1596,0,1,0,0,0,0,0,600.0,90.0,1.25,57.825,44.517
1597,0,1,0,0,0,0,0,600.0,90.0,1.5,60.5337,41.5678
1598,0,1,0,0,0,0,0,600.0,90.0,1.75,61.5904,37.5455
1599,0,1,0,0,0,0,0,600.0,90.0,2.0,61.4846,32.9604
1600,0,1,0,0,0,0,0,600.0,90.0,2.25,60.6956,28.0197
1601,0,1,0,0,0,0,0,600.0,90.0,2.513,58.9504,22.5693
1602,0,1,0,0,0,0,0,600.0,100.0,0.499,48.7042,54.3743
1603,0,1,0,0,0,0,0,600.0,100.0,0.75,54.9088,53.7907
1604,0,1,0,0,0,0,0,600.0,100.0,1.0,60.7855,52.5721
1605,0,1,0,0,0,0,0,600.0,100.0,1.25,65.8188,50.6988
1606,0,1,0,0,0,0,0,600.0,100.0,1.5,68.8574,47.3987
1607,0,1,0,0,0,0,0,600.0,100.0,1.75,70.0245,42.735
1608,0,1,0,0,0,0,0,600.0,100.0,2.0,70.0136,37.386
1609,0,1,0,0,0,0,0,600.0,100.0,2.25,69.0194,31.5721
1610,0,1,0,0,0,0,0,600.0,100.0,2.513,67.3407,25.4313
1611,0,1,0,0,0,0,0,600.0,110.0,0.499,55.3185,60.9932
1612,0,1,0,0,0,0,0,600.0,110.0,0.75,61.7501,60.0804
1613,0,1,0,0,0,0,0,600.0,110.0,1.0,67.8904,58.4847
1614,0,1,0,0,0,0,0,600.0,110.0,1.25,73.1339,56.2825
1615,0,1,0,0,0,0,0,600.0,110.0,1.5,76.6559,52.8015
1616,0,1,0,0,0,0,0,600.0,110.0,1.75,78.0873,47.6823
1617,0,1,0,0,0,0,0,600.0,110.0,2.0,78.2465,41.6911
1618,0,1,0,0,0,0,0,600.0,110.0,2.25,77.4549,35.3801
1619,0,1,0,0,0,0,0,600.0,110.0,2.513,76.0087,28.7522
1620,0,0,1,0,0,0,0,60.0,30.0,0.499,0,0
1621,0,0,1,0,0,0,0,60.0,30.0,0.75,0.800382,0.0291337
1622,0,0,1,0,0,0,0,60.0,30.0,1.0,2.58332,0.683893
1623,0,0,1,0,0,0,0,60.0,30.0,1.25,4.31294,1.61388
1624,0,0,1,0,0,0,0,60.0,30.0,1.5,5.84902,2.96435
1625,0,0,1,0,0,0,0,60.0,30.0,1.75,7.35407,4.29095
1626,0,0,1,0,0,0,0,60.0,30.0,2.0,8.1354,5.18623
1627,0,0,1,0,0,0,0,60.0,30.0,2.25,8.73822,5.7095
1628,0,0,1,0,0,0,0,60.0,30.0,2.513,9.32482,5.90053
1629,0,0,1,0,0,0,0,60.0,40.0,0.499,1.92109,1.19257
1630,0,0,1,0,0,0,0,60.0,40.0,0.75,5.25494,2.08793
1631,0,0,1,0,0,0,0,60.0,40.0,1.0,8.15453,3.26551
1632,0,0,1,0,0,0,0,60.0,40.0,1.25,10.4699,4.69673
1633,0,0,1,0,0,0,0,60.0,40.0,1.5,12.1986,6.05453
1634,0,0,1,0,0,0,0,60.0,40.0,1.75,13.718,7.3699
1635,0,0,1,0,0,0,0,60.0,40.0,2.0,14.4634,8.22348
1636,0,0,1,0,0,0,0,60.0,40.0,2.25,14.9806,8.6401
1637,0,0,1,0,0,0,0,60.0,40.0,2.513,15.0229,8.29902
1638,0,0,1,0,0,0,0,60.0,50.0,0.499,7.48466,7.13811
1639,0,0,1,0,0,0,0,60.0,50.0,0.75,11.3979,7.79426
1640,0,0,1,0,0,0,0,60.0,50.0,1.0,14.5371,8.55289
1641,0,0,1,0,0,0,0,60.0,50.0,1.25,17.0624,9.48007
1642,0,0,1,0,0,0,0,60.0,50.0,1.5,19.1355,10.6393
1643,0,0,1,0,0,0,0,60.0,50.0,1.75,20.9439,11.6395
1644,0,0,1,0,0,0,0,60.0,50.0,2.0,22.2055,12.289
1645,0,0,1,0,0,0,0,60.0,50.0,2.25,22.8824,12.3563
1646,0,0,1,0,0,0,0,60.0,50.0,2.513,23.026,11.6888
1647,0,0,1,0,0,0,0,60.0,60.0,0.499,12.9314,13.6073
1648,0,0,1,0,0,0,0,60.0,60.0,0.75,17.8989,14.3193
1649,0,0,1,0,0,0,0,60.0,60.0,1.0,21.7774,14.7891
1650,0,0,1,0,0,0,0,60.0,60.0,1.25,24.9293,15.3588
1651,0,0,1,0,0,0,0,60.0,60.0,1.5,27.4863,15.9628
1652,0,0,1,0,0,0,0,60.0,60.0,1.75,29.4332,16.4417
1653,0,0,1,0,0,0,0,60.0,60.0,2.0,30.8394,16.672
1654,0,0,1,0,0,0,0,60.0,60.0,2.25,31.5869,16.2881
1655,0,0,1,0,0,0,0,60.0,60.0,2.513,31.4044,14.8207
1656,0,0,1,0,0,0,0,60.0,70.0,0.499,19.2692,20.9346
1657,0,0,1,0,0,0,0,60.0,70.0,0.75,24.945,21.5518
1658,0,0,1,0,0,0,0,60.0,70.0,1.0,29.9927,22.1326
1659,0,0,1,0,0,0,0,60.0,70.0,1.25,33.9497,22.4454
1660,0,0,1,0,0,0,0,60.0,70.0,1.5,37.0861,22.5388
1661,0,0,1,0,0,0,0,60.0,70.0,1.75,39.3686,22.4047
1662,0,0,1,0,0,0,0,60.0,70.0,2.0,40.8564,21.859
1663,0,0,1,0,0,0,0,60.0,70.0,2.25,41.2878,20.3234
1664,0,0,1,0,0,0,0,60.0,70.0,2.513,40.7037,17.81
1665,0,0,1,0,0,0,0,60.0,80.0,0.499,26.3428,29.0297
1666,0,0,1,0,0,0,0,60.0,80.0,0.75,32.6824,29.7225
1667,0,0,1,0,0,0,0,60.0,80.0,1.0,38.5216,30.2384
1668,0,0,1,0,0,0,0,60.0,80.0,1.25,43.38,30.2903
1669,0,0,1,0,0,0,0,60.0,80.0,1.5,47.1931,29.8651
1670,0,0,1,0,0,0,0,60.0,80.0,1.75,50.0638,29.04
1671,0,0,1,0,0,0,0,60.0,80.0,2.0,52.0553,27.4811
1672,0,0,1,0,0,0,0,60.0,80.0,2.25,52.2733,24.7638
1673,0,0,1,0,0,0,0,60.0,80.0,2.513,51.5632,21.5482
1674,0,0,1,0,0,0,0,60.0,90.0,0.499,34.0356,37.8432
1675,0,0,1,0,0,0,0,60.0,90.0,0.75,41.048,38.6965
1676,0,0,1,0,0,0,0,60.0,90.0,1.0,47.6578,39.0008
1677,0,0,1,0,0,0,0,60.0,90.0,1.25,53.3828,38.7766
1678,0,0,1,0,0,0,0,60.0,90.0,1.5,58.0394,37.7143
1679,0,0,1,0,0,0,0,60.0,90.0,1.75,61.6409,35.9049
1680,0,0,1,0,0,0,0,60.0,90.0,2.0,63.6911,33.2301
1681,0,0,1,0,0,0,0,60.0,90.0,2.25,63.7226,29.5432
1682,0,0,1,0,0,0,0,60.0,90.0,2.513,62.6731,25.2787
1683,0,0,1,0,0,0,0,60.0,100.0,0.499,42.0378,46.8036
1684,0,0,1,0,0,0,0,60.0,100.0,0.75,49.9149,47.7679
1685,0,0,1,0,0,0,0,60.0,100.0,1.0,57.2363,47.9321
1686,0,0,1,0,0,0,0,60.0,100.0,1.25,63.7797,47.3047
1687,0,0,1,0,0,0,0,60.0,100.0,1.5,69.2419,45.6722
1688,0,0,1,0,0,0,0,60.0,100.0,1.75,73.4628,42.7809
1689,0,0,1,0,0,0,0,60.0,100.0,2.0,75.5498,39.1896
1690,0,0,1,0,0,0,0,60.0,100.0,2.25,75.5825,34.5804
1691,0,0,1,0,0,0,0,60.0,100.0,2.513,73.7073,29.1741
1692,0,0,1,0,0,0,0,60.0,110.0,0.499,49.7415,55.4287
1693,0,0,1,0,0,0,0,60.0,110.0,0.75,58.4248,56.4198
1694,0,0,1,0,0,0,0,60.0,110.0,1.0,66.7562,56.6141
1695,0,0,1,0,0,0,0,60.0,110.0,1.25,73.9933,55.6145
1696,0,0,1,0,0,0,0,60.0,110.0,1.5,79.7516,52.9943
1697,0,0,1,0,0,0,0,60.0,110.0,1.75,84.0444,49.4562
1698,0,0,1,0,0,0,0,60.0,110.0,2.0,86.5231,44.8247
1699,0,0,1,0,0,0,0,60.0,110.0,2.25,86.4555,39.501
1700,0,0,1,0,0,0,0,60.0,110.0,2.513,84.6553,33.2216
1701,0,0,1,0,0,0,0,120.0,30.0,0.499,0.609525,0.0492048
1702,0,0,1,0,0,0,0,120.0,30.0,0.75,2.63853,0.814308
1703,0,0,1,0,0,0,0,120.0,30.0,1.0,4.59447,1.61469
1704,0,0,1,0,0,0,0,120.0,30.0,1.25,6.12699,2.63024
1705,0,0,1,0,0,0,0,120.0,30.0,1.5,7.64865,3.86129
1706,0,0,1,0,0,0,0,120.0,30.0,1.75,8.61432,5.11369
1707,0,0,1,0,0,0,0,120.0,30.0,2.0,9.04106,6.02278
1708,0,0,1,0,0,0,0,120.0,30.0,2.25,9.54355,6.59631
1709,0,0,1,0,0,0,0,120.0,30.0,2.513,9.71552,6.59615
1710,0,0,1,0,0,0,0,120.0,40.0,0.499,4.54614,3.38234
1711,0,0,1,0,0,0,0,120.0,40.0,0.75,7.93334,4.36177
1712,0,0,1,0,0,0,0,120.0,40.0,1.0,10.4925,5.40444
1713,0,0,1,0,0,0,0,120.0,40.0,1.25,12.5465,6.42157
1714,0,0,1,0,0,0,0,120.0,40.0,1.5,13.9468,7.52141
1715,0,0,1,0,0,0,0,120.0,40.0,1.75,15.2053,8.80994
1716,0,0,1,0,0,0,0,120.0,40.0,2.0,15.7957,9.60764
1717,0,0,1,0,0,0,0,120.0,40.0,2.25,15.9169,9.83173
1718,0,0,1,0,0,0,0,120.0,40.0,2.513,15.4153,9.2427
1719,0,0,1,0,0,0,0,120.0,50.0,0.499,9.79877,9.23242
1720,0,0,1,0,0,0,0,120.0,50.0,0.75,13.7607,10.0193
1721,0,0,1,0,0,0,0,120.0,50.0,1.0,16.947,10.7766
1722,0,0,1,0,0,0,0,120.0,50.0,1.25,19.2206,11.481
1723,0,0,1,0,0,0,0,120.0,50.0,1.5,20.9162,12.2086
1724,0,0,1,0,0,0,0,120.0,50.0,1.75,22.2976,13.0009
1725,0,0,1,0,0,0,0,120.0,50.0,2.0,23.1672,13.5863
1726,0,0,1,0,0,0,0,120.0,50.0,2.25,23.4533,13.3864
1727,0,0,1,0,0,0,0,120.0,50.0,2.513,23.187,12.2863
1728,0,0,1,0,0,0,0,120.0,60.0,0.499,15.4396,15.9752
1729,0,0,1,0,0,0,0,120.0,60.0,0.75,20.0687,16.378
1730,0,0,1,0,0,0,0,120.0,60.0,1.0,23.9867,16.9778
1731,0,0,1,0,0,0,0,120.0,60.0,1.25,26.8892,17.3589
1732,0,0,1,0,0,0,0,120.0,60.0,1.5,29.1866,17.7909
1733,0,0,1,0,0,0,0,120.0,60.0,1.75,30.7037,17.8975
1734,0,0,1,0,0,0,0,120.0,60.0,2.0,31.7046,17.8568
1735,0,0,1,0,0,0,0,120.0,60.0,2.25,31.9422,17.1104
1736,0,0,1,0,0,0,0,120.0,60.0,2.513,31.4323,15.0622
1737,0,0,1,0,0,0,0,120.0,70.0,0.499,21.6086,23.347
1738,0,0,1,0,0,0,0,120.0,70.0,0.75,27.1365,23.8373
1739,0,0,1,0,0,0,0,120.0,70.0,1.0,31.9928,24.2399
1740,0,0,1,0,0,0,0,120.0,70.0,1.25,36.0386,24.5704
1741,0,0,1,0,0,0,0,120.0,70.0,1.5,38.8969,24.4522
1742,0,0,1,0,0,0,0,120.0,70.0,1.75,40.7677,23.9173
1743,0,0,1,0,0,0,0,120.0,70.0,2.0,41.6186,22.7849
1744,0,0,1,0,0,0,0,120.0,70.0,2.25,41.4672,20.732
1745,0,0,1,0,0,0,0,120.0,70.0,2.513,40.6861,17.9605
1746,0,0,1,0,0,0,0,120.0,80.0,0.499,28.7532,31.6913
1747,0,0,1,0,0,0,0,120.0,80.0,0.75,35.0767,32.2837
1748,0,0,1,0,0,0,0,120.0,80.0,1.0,40.7522,32.5911
1749,0,0,1,0,0,0,0,120.0,80.0,1.25,45.5825,32.598
1750,0,0,1,0,0,0,0,120.0,80.0,1.5,49.1921,31.8681
1751,0,0,1,0,0,0,0,120.0,80.0,1.75,51.7578,30.6841
1752,0,0,1,0,0,0,0,120.0,80.0,2.0,52.7646,28.3311
1753,0,0,1,0,0,0,0,120.0,80.0,2.25,52.2887,25.0545
1754,0,0,1,0,0,0,0,120.0,80.0,2.513,51.0071,21.3297
1755,0,0,1,0,0,0,0,120.0,90.0,0.499,36.5352,40.5582
1756,0,0,1,0,0,0,0,120.0,90.0,0.75,43.5817,41.426
1757,0,0,1,0,0,0,0,120.0,90.0,1.0,50.1374,41.764
1758,0,0,1,0,0,0,0,120.0,90.0,1.25,56.0027,41.2662
1759,0,0,1,0,0,0,0,120.0,90.0,1.5,60.1678,39.824
1760,0,0,1,0,0,0,0,120.0,90.0,1.75,63.2332,37.4979
1761,0,0,1,0,0,0,0,120.0,90.0,2.0,64.43,34.0116
1762,0,0,1,0,0,0,0,120.0,90.0,2.25,64.0403,29.833
1763,0,0,1,0,0,0,0,120.0,90.0,2.513,62.1401,24.9722
1764,0,0,1,0,0,0,0,120.0,100.0,0.499,44.3984,49.5025
1765,0,0,1,0,0,0,0,120.0,100.0,0.75,52.5188,50.7678
1766,0,0,1,0,0,0,0,120.0,100.0,1.0,60.0198,51.0899
1767,0,0,1,0,0,0,0,120.0,100.0,1.25,66.4792,50.1154
1768,0,0,1,0,0,0,0,120.0,100.0,1.5,71.6294,47.9889
1769,0,0,1,0,0,0,0,120.0,100.0,1.75,75.0017,44.381
1770,0,0,1,0,0,0,0,120.0,100.0,2.0,76.5306,39.9516
1771,0,0,1,0,0,0,0,120.0,100.0,2.25,75.7575,34.5904
1772,0,0,1,0,0,0,0,120.0,100.0,2.513,73.4285,28.7775
1773,0,0,1,0,0,0,0,120.0,110.0,0.499,52.1853,58.1384
1774,0,0,1,0,0,0,0,120.0,110.0,0.75,61.1066,59.4219
1775,0,0,1,0,0,0,0,120.0,110.0,1.0,69.5813,59.793
1776,0,0,1,0,0,0,0,120.0,110.0,1.25,76.7071,58.5449
1777,0,0,1,0,0,0,0,120.0,110.0,1.5,81.9134,55.3038
1778,0,0,1,0,0,0,0,120.0,110.0,1.75,85.78,50.9111
1779,0,0,1,0,0,0,0,120.0,110.0,2.0,87.5136,45.4694
1780,0,0,1,0,0,0,0,120.0,110.0,2.25,86.7626,39.3284
1781,0,0,1,0,0,0,0,120.0,110.0,2.513,84.3549,32.5933
1782,0,0,1,0,0,0,0,180.0,30.0,0.499,2.67213,0.922223
1783,0,0,1,0,0,0,0,180.0,30.0,0.75,5.12685,1.87652
1784,0,0,1,0,0,0,0,180.0,30.0,1.0,6.8407,2.83374
1785,0,0,1,0,0,0,0,180.0,30.0,1.25,8.26813,3.90182
1786,0,0,1,0,0,0,0,180.0,30.0,1.5,9.47559,5.02835
1787,0,0,1,0,0,0,0,180.0,30.0,1.75,10.0638,6.14965
1788,0,0,1,0,0,0,0,180.0,30.0,2.0,10.2121,7.05193
1789,0,0,1,0,0,0,0,180.0,30.0,2.25,10.1843,7.56419
1790,0,0,1,0,0,0,0,180.0,30.0,2.513,10.1566,7.30952
1791,0,0,1,0,0,0,0,180.0,40.0,0.499,7.05005,5.63992
1792,0,0,1,0,0,0,0,180.0,40.0,0.75,10.4502,6.70219
1793,0,0,1,0,0,0,0,180.0,40.0,1.0,12.9071,7.61002
1794,0,0,1,0,0,0,0,180.0,40.0,1.25,14.5936,8.44145
1795,0,0,1,0,0,0,0,180.0,40.0,1.5,15.9534,9.27303
1796,0,0,1,0,0,0,0,180.0,40.0,1.75,16.638,10.0282
1797,0,0,1,0,0,0,0,180.0,40.0,2.0,17.0216,10.7699
1798,0,0,1,0,0,0,0,180.0,40.0,2.25,16.7895,10.7889
1799,0,0,1,0,0,0,0,180.0,40.0,2.513,15.8782,10.0369
1800,0,0,1,0,0,0,0,180.0,50.0,0.499,12.2566,11.5909
1801,0,0,1,0,0,0,0,180.0,50.0,0.75,16.1283,12.2723
1802,0,0,1,0,0,0,0,180.0,50.0,1.0,19.2423,12.9825
1803,0,0,1,0,0,0,0,180.0,50.0,1.25,21.3634,13.6108
1804,0,0,1,0,0,0,0,180.0,50.0,1.5,22.8213,14.0382
1805,0,0,1,0,0,0,0,180.0,50.0,1.75,23.7605,14.3397
1806,0,0,1,0,0,0,0,180.0,50.0,2.0,24.2569,14.6445
1807,0,0,1,0,0,0,0,180.0,50.0,2.25,24.0646,14.1689
1808,0,0,1,0,0,0,0,180.0,50.0,2.513,23.2613,12.6873
1809,0,0,1,0,0,0,0,180.0,60.0,0.499,17.7917,18.2234
1810,0,0,1,0,0,0,0,180.0,60.0,0.75,22.3013,18.6913
1811,0,0,1,0,0,0,0,180.0,60.0,1.0,26.0475,19.1281
1812,0,0,1,0,0,0,0,180.0,60.0,1.25,28.955,19.492
1813,0,0,1,0,0,0,0,180.0,60.0,1.5,31.1024,19.7765
1814,0,0,1,0,0,0,0,180.0,60.0,1.75,32.1985,19.4572
1815,0,0,1,0,0,0,0,180.0,60.0,2.0,32.7261,18.9732
1816,0,0,1,0,0,0,0,180.0,60.0,2.25,32.4795,17.5907
1817,0,0,1,0,0,0,0,180.0,60.0,2.513,31.4382,15.1157
1818,0,0,1,0,0,0,0,180.0,70.0,0.499,23.8733,25.7024
1819,0,0,1,0,0,0,0,180.0,70.0,0.75,29.1889,26.073
1820,0,0,1,0,0,0,0,180.0,70.0,1.0,33.8569,26.3321
1821,0,0,1,0,0,0,0,180.0,70.0,1.25,37.7778,26.5287
1822,0,0,1,0,0,0,0,180.0,70.0,1.5,40.7036,26.4019
1823,0,0,1,0,0,0,0,180.0,70.0,1.75,42.2029,25.3999
1824,0,0,1,0,0,0,0,180.0,70.0,2.0,42.4578,23.6069
1825,0,0,1,0,0,0,0,180.0,70.0,2.25,41.9034,21.0687
1826,0,0,1,0,0,0,0,180.0,70.0,2.513,40.6995,17.9478
1827,0,0,1,0,0,0,0,180.0,80.0,0.499,31.0793,34.2367
1828,0,0,1,0,0,0,0,180.0,80.0,0.75,37.2351,34.6851
1829,0,0,1,0,0,0,0,180.0,80.0,1.0,42.7219,34.856
1830,0,0,1,0,0,0,0,180.0,80.0,1.25,47.4641,34.6185
1831,0,0,1,0,0,0,0,180.0,80.0,1.5,51.1137,33.7649
1832,0,0,1,0,0,0,0,180.0,80.0,1.75,53.0643,31.8925
1833,0,0,1,0,0,0,0,180.0,80.0,2.0,53.3791,28.9008
1834,0,0,1,0,0,0,0,180.0,80.0,2.25,52.3646,25.1853
1835,0,0,1,0,0,0,0,180.0,80.0,2.513,50.4942,20.9163
1836,0,0,1,0,0,0,0,180.0,90.0,0.499,38.8882,43.1281
1837,0,0,1,0,0,0,0,180.0,90.0,0.75,45.8746,43.9825
1838,0,0,1,0,0,0,0,180.0,90.0,1.0,52.3196,44.1129
1839,0,0,1,0,0,0,0,180.0,90.0,1.25,57.9522,43.3887
1840,0,0,1,0,0,0,0,180.0,90.0,1.5,62.0795,41.6426
1841,0,0,1,0,0,0,0,180.0,90.0,1.75,64.6928,38.7578
1842,0,0,1,0,0,0,0,180.0,90.0,2.0,65.174,34.7786
1843,0,0,1,0,0,0,0,180.0,90.0,2.25,64.0037,29.8857
1844,0,0,1,0,0,0,0,180.0,90.0,2.513,61.6075,24.5205
1845,0,0,1,0,0,0,0,180.0,100.0,0.499,46.7353,51.9127
1846,0,0,1,0,0,0,0,180.0,100.0,0.75,54.7459,53.2385
1847,0,0,1,0,0,0,0,180.0,100.0,1.0,62.2016,53.5039
1848,0,0,1,0,0,0,0,180.0,100.0,1.25,68.6459,52.3918
1849,0,0,1,0,0,0,0,180.0,100.0,1.5,73.1329,49.6352
1850,0,0,1,0,0,0,0,180.0,100.0,1.75,75.8169,45.4936
1851,0,0,1,0,0,0,0,180.0,100.0,2.0,76.9077,40.3804
1852,0,0,1,0,0,0,0,180.0,100.0,2.25,75.6227,34.3841
1853,0,0,1,0,0,0,0,180.0,100.0,2.513,72.9293,28.1768
1854,0,0,1,0,0,0,0,180.0,110.0,0.499,54.3194,60.5053
1855,0,0,1,0,0,0,0,180.0,110.0,0.75,63.2645,61.7905
1856,0,0,1,0,0,0,0,180.0,110.0,1.0,71.6887,62.1053
1857,0,0,1,0,0,0,0,180.0,110.0,1.25,78.5262,60.6013
1858,0,0,1,0,0,0,0,180.0,110.0,1.5,83.5044,56.9581
1859,0,0,1,0,0,0,0,180.0,110.0,1.75,86.6528,51.9103
1860,0,0,1,0,0,0,0,180.0,110.0,2.0,87.7105,45.8484
1861,0,0,1,0,0,0,0,180.0,110.0,2.25,86.4685,38.9999
1862,0,0,1,0,0,0,0,180.0,110.0,2.513,83.7928,31.9668
1863,0,0,1,0,0,0,0,240.0,30.0,0.499,4.93991,2.47003
1864,0,0,1,0,0,0,0,240.0,30.0,0.75,7.28132,3.68655
1865,0,0,1,0,0,0,0,240.0,30.0,1.0,9.22625,4.94342
1866,0,0,1,0,0,0,0,240.0,30.0,1.25,10.5175,5.88407
1867,0,0,1,0,0,0,0,240.0,30.0,1.5,11.1487,6.60455
1868,0,0,1,0,0,0,0,240.0,30.0,1.75,11.4786,7.3307
1869,0,0,1,0,0,0,0,240.0,30.0,2.0,11.329,8.02961
1870,0,0,1,0,0,0,0,240.0,30.0,2.25,10.8495,8.40454
1871,0,0,1,0,0,0,0,240.0,30.0,2.513,10.6725,8.15497
1872,0,0,1,0,0,0,0,240.0,40.0,0.499,9.55559,7.96005
1873,0,0,1,0,0,0,0,240.0,40.0,0.75,12.567,8.80896
1874,0,0,1,0,0,0,0,240.0,40.0,1.0,15.1154,9.83373
1875,0,0,1,0,0,0,0,240.0,40.0,1.25,16.8392,10.6237
1876,0,0,1,0,0,0,0,240.0,40.0,1.5,17.769,11.0546
1877,0,0,1,0,0,0,0,240.0,40.0,1.75,18.1395,11.4152
1878,0,0,1,0,0,0,0,240.0,40.0,2.0,18.0963,11.6871
1879,0,0,1,0,0,0,0,240.0,40.0,2.25,17.6011,11.6545
1880,0,0,1,0,0,0,0,240.0,40.0,2.513,16.3421,10.5743
1881,0,0,1,0,0,0,0,240.0,50.0,0.499,14.8101,13.9208
1882,0,0,1,0,0,0,0,240.0,50.0,0.75,18.6206,14.5675
1883,0,0,1,0,0,0,0,240.0,50.0,1.0,21.4949,15.166
1884,0,0,1,0,0,0,0,240.0,50.0,1.25,23.6151,15.8529
1885,0,0,1,0,0,0,0,240.0,50.0,1.5,24.844,15.9923
1886,0,0,1,0,0,0,0,240.0,50.0,1.75,25.4599,15.9802
1887,0,0,1,0,0,0,0,240.0,50.0,2.0,25.2923,15.4671
1888,0,0,1,0,0,0,0,240.0,50.0,2.25,24.7131,14.6959
1889,0,0,1,0,0,0,0,240.0,50.0,2.513,23.4583,12.876
1890,0,0,1,0,0,0,0,240.0,60.0,0.499,20.1379,20.4913
1891,0,0,1,0,0,0,0,240.0,60.0,0.75,24.5828,20.9704
1892,0,0,1,0,0,0,0,240.0,60.0,1.0,28.1793,21.1958
1893,0,0,1,0,0,0,0,240.0,60.0,1.25,31.0534,21.6553
1894,0,0,1,0,0,0,0,240.0,60.0,1.5,32.9312,21.6788
1895,0,0,1,0,0,0,0,240.0,60.0,1.75,33.8353,21.0309
1896,0,0,1,0,0,0,0,240.0,60.0,2.0,33.718,19.6911
1897,0,0,1,0,0,0,0,240.0,60.0,2.25,32.9975,17.8496
1898,0,0,1,0,0,0,0,240.0,60.0,2.513,31.5141,15.2532
1899,0,0,1,0,0,0,0,240.0,70.0,0.499,26.1558,28.0541
1900,0,0,1,0,0,0,0,240.0,70.0,0.75,31.4012,28.4376
1901,0,0,1,0,0,0,0,240.0,70.0,1.0,35.8748,28.5708
1902,0,0,1,0,0,0,0,240.0,70.0,1.25,39.511,28.4123
1903,0,0,1,0,0,0,0,240.0,70.0,1.5,42.2678,28.0247
1904,0,0,1,0,0,0,0,240.0,70.0,1.75,43.5617,26.7466
1905,0,0,1,0,0,0,0,240.0,70.0,2.0,43.1997,24.2841
1906,0,0,1,0,0,0,0,240.0,70.0,2.25,42.3011,21.3407
1907,0,0,1,0,0,0,0,240.0,70.0,2.513,40.5967,17.8848
1908,0,0,1,0,0,0,0,240.0,80.0,0.499,33.4329,36.671
1909,0,0,1,0,0,0,0,240.0,80.0,0.75,39.3943,37.1351
1910,0,0,1,0,0,0,0,240.0,80.0,1.0,44.7289,37.0524
1911,0,0,1,0,0,0,0,240.0,80.0,1.25,49.1543,36.5008
1912,0,0,1,0,0,0,0,240.0,80.0,1.5,52.557,35.2938
1913,0,0,1,0,0,0,0,240.0,80.0,1.75,54.1555,32.8099
1914,0,0,1,0,0,0,0,240.0,80.0,2.0,54.1038,29.4331
1915,0,0,1,0,0,0,0,240.0,80.0,2.25,52.5435,25.2614
1916,0,0,1,0,0,0,0,240.0,80.0,2.513,50.4492,20.6519
1917,0,0,1,0,0,0,0,240.0,90.0,0.499,41.1499,45.5026
1918,0,0,1,0,0,0,0,240.0,90.0,0.75,47.8834,46.3189
1919,0,0,1,0,0,0,0,240.0,90.0,1.0,54.0959,46.2446
1920,0,0,1,0,0,0,0,240.0,90.0,1.25,59.4155,45.2155
1921,0,0,1,0,0,0,0,240.0,90.0,1.5,63.399,42.9302
1922,0,0,1,0,0,0,0,240.0,90.0,1.75,65.411,39.4684
1923,0,0,1,0,0,0,0,240.0,90.0,2.0,65.6751,35.0243
1924,0,0,1,0,0,0,0,240.0,90.0,2.25,63.8954,29.7723
1925,0,0,1,0,0,0,0,240.0,90.0,2.513,61.0983,23.9256
1926,0,0,1,0,0,0,0,240.0,100.0,0.499,48.9189,54.1955
1927,0,0,1,0,0,0,0,240.0,100.0,0.75,56.5203,55.1787
1928,0,0,1,0,0,0,0,240.0,100.0,1.0,63.6396,55.2272
1929,0,0,1,0,0,0,0,240.0,100.0,1.25,69.9173,53.9068
1930,0,0,1,0,0,0,0,240.0,100.0,1.5,74.0543,50.64
1931,0,0,1,0,0,0,0,240.0,100.0,1.75,76.5125,46.1962
1932,0,0,1,0,0,0,0,240.0,100.0,2.0,76.8668,40.5244
1933,0,0,1,0,0,0,0,240.0,100.0,2.25,75.0864,34.1325
1934,0,0,1,0,0,0,0,240.0,100.0,2.513,72.0932,27.453
1935,0,0,1,0,0,0,0,240.0,110.0,0.499,56.3242,62.5345
1936,0,0,1,0,0,0,0,240.0,110.0,0.75,64.9089,63.5342
1937,0,0,1,0,0,0,0,240.0,110.0,1.0,72.8584,63.5089
1938,0,0,1,0,0,0,0,240.0,110.0,1.25,79.4953,61.6269
1939,0,0,1,0,0,0,0,240.0,110.0,1.5,84.0689,57.7957
1940,0,0,1,0,0,0,0,240.0,110.0,1.75,86.6688,52.3473
1941,0,0,1,0,0,0,0,240.0,110.0,2.0,87.3728,45.8437
1942,0,0,1,0,0,0,0,240.0,110.0,2.25,85.8556,38.737
1943,0,0,1,0,0,0,0,240.0,110.0,2.513,82.8447,31.1418
1944,0,0,1,0,0,0,0,300.0,30.0,0.499,6.97709,4.61311
1945,0,0,1,0,0,0,0,300.0,30.0,0.75,9.23876,5.73585
1946,0,0,1,0,0,0,0,300.0,30.0,1.0,11.2332,7.00287
1947,0,0,1,0,0,0,0,300.0,30.0,1.25,12.4449,7.81437
1948,0,0,1,0,0,0,0,300.0,30.0,1.5,12.8372,8.31709
1949,0,0,1,0,0,0,0,300.0,30.0,1.75,12.7781,8.78183
1950,0,0,1,0,0,0,0,300.0,30.0,2.0,12.3908,9.11854
1951,0,0,1,0,0,0,0,300.0,30.0,2.25,11.77,9.21363
1952,0,0,1,0,0,0,0,300.0,30.0,2.513,11.2863,8.78126
1953,0,0,1,0,0,0,0,300.0,40.0,0.499,11.9069,10.2042
1954,0,0,1,0,0,0,0,300.0,40.0,0.75,14.6934,10.9423
1955,0,0,1,0,0,0,0,300.0,40.0,1.0,17.1396,11.9483
1956,0,0,1,0,0,0,0,300.0,40.0,1.25,18.7835,12.6481
1957,0,0,1,0,0,0,0,300.0,40.0,1.5,19.4146,12.8302
1958,0,0,1,0,0,0,0,300.0,40.0,1.75,19.5824,12.9244
1959,0,0,1,0,0,0,0,300.0,40.0,2.0,19.0456,12.7017
1960,0,0,1,0,0,0,0,300.0,40.0,2.25,18.3862,12.3414
1961,0,0,1,0,0,0,0,300.0,40.0,2.513,16.9226,10.8432
1962,0,0,1,0,0,0,0,300.0,50.0,0.499,17.1526,16.1854
1963,0,0,1,0,0,0,0,300.0,50.0,0.75,20.8435,16.8296
1964,0,0,1,0,0,0,0,300.0,50.0,1.0,23.5532,17.2981
1965,0,0,1,0,0,0,0,300.0,50.0,1.25,25.7076,18.0247
1966,0,0,1,0,0,0,0,300.0,50.0,1.5,26.6376,17.9014
1967,0,0,1,0,0,0,0,300.0,50.0,1.75,27.0087,17.4911
1968,0,0,1,0,0,0,0,300.0,50.0,2.0,26.4389,16.5675
1969,0,0,1,0,0,0,0,300.0,50.0,2.25,25.4728,15.0314
1970,0,0,1,0,0,0,0,300.0,50.0,2.513,23.7874,12.9
1971,0,0,1,0,0,0,0,300.0,60.0,0.499,22.3783,22.7407
1972,0,0,1,0,0,0,0,300.0,60.0,0.75,26.8077,23.191
1973,0,0,1,0,0,0,0,300.0,60.0,1.0,30.2666,23.4095
1974,0,0,1,0,0,0,0,300.0,60.0,1.25,33.0208,23.652
1975,0,0,1,0,0,0,0,300.0,60.0,1.5,34.6246,23.4928
1976,0,0,1,0,0,0,0,300.0,60.0,1.75,35.2386,22.391
1977,0,0,1,0,0,0,0,300.0,60.0,2.0,34.7033,20.3699
1978,0,0,1,0,0,0,0,300.0,60.0,2.25,33.6303,18.1639
1979,0,0,1,0,0,0,0,300.0,60.0,2.513,31.7147,15.2043
1980,0,0,1,0,0,0,0,300.0,70.0,0.499,28.549,30.4322
1981,0,0,1,0,0,0,0,300.0,70.0,0.75,33.6662,30.8414
1982,0,0,1,0,0,0,0,300.0,70.0,1.0,37.8818,30.7358
1983,0,0,1,0,0,0,0,300.0,70.0,1.25,41.2475,30.3008
1984,0,0,1,0,0,0,0,300.0,70.0,1.5,43.734,29.622
1985,0,0,1,0,0,0,0,300.0,70.0,1.75,44.6376,27.7428
1986,0,0,1,0,0,0,0,300.0,70.0,2.0,44.0323,24.8714
1987,0,0,1,0,0,0,0,300.0,70.0,2.25,42.7601,21.6032
1988,0,0,1,0,0,0,0,300.0,70.0,2.513,40.6526,17.7176
1989,0,0,1,0,0,0,0,300.0,80.0,0.499,35.5758,38.8898
1990,0,0,1,0,0,0,0,300.0,80.0,0.75,41.482,39.3926
1991,0,0,1,0,0,0,0,300.0,80.0,1.0,46.442,39.1096
1992,0,0,1,0,0,0,0,300.0,80.0,1.25,50.5837,38.2058
1993,0,0,1,0,0,0,0,300.0,80.0,1.5,53.5323,36.3977
1994,0,0,1,0,0,0,0,300.0,80.0,1.75,54.9624,33.5529
1995,0,0,1,0,0,0,0,300.0,80.0,2.0,54.635,29.7956
1996,0,0,1,0,0,0,0,300.0,80.0,2.25,52.9218,25.3987
1997,0,0,1,0,0,0,0,300.0,80.0,2.513,50.6274,20.552
1998,0,0,1,0,0,0,0,300.0,90.0,0.499,43.2412,47.6224
1999,0,0,1,0,0,0,0,300.0,90.0,0.75,49.5323,48.2034
2000,0,0,1,0,0,0,0,300.0,90.0,1.0,55.4535,47.9581
2001,0,0,1,0,0,0,0,300.0,90.0,1.25,60.5205,46.6462
2002,0,0,1,0,0,0,0,300.0,90.0,1.5,64.0303,43.8215
2003,0,0,1,0,0,0,0,300.0,90.0,1.75,65.9734,39.8812
2004,0,0,1,0,0,0,0,300.0,90.0,2.0,65.7575,34.9899
2005,0,0,1,0,0,0,0,300.0,90.0,2.25,63.751,29.4944
2006,0,0,1,0,0,0,0,300.0,90.0,2.513,60.6077,23.3409
2007,0,0,1,0,0,0,0,300.0,100.0,0.499,50.714,56.0189
2008,0,0,1,0,0,0,0,300.0,100.0,0.75,57.7955,56.6535
2009,0,0,1,0,0,0,0,300.0,100.0,1.0,64.6478,56.4346
2010,0,0,1,0,0,0,0,300.0,100.0,1.25,70.5799,54.7148
2011,0,0,1,0,0,0,0,300.0,100.0,1.5,74.5273,51.1935
2012,0,0,1,0,0,0,0,300.0,100.0,1.75,76.5933,46.2821
2013,0,0,1,0,0,0,0,300.0,100.0,2.0,76.5536,40.3324
2014,0,0,1,0,0,0,0,300.0,100.0,2.25,74.5644,33.8361
2015,0,0,1,0,0,0,0,300.0,100.0,2.513,71.1306,26.7331
2016,0,0,1,0,0,0,0,300.0,110.0,0.499,58.1862,64.2941
2017,0,0,1,0,0,0,0,300.0,110.0,0.75,66.0433,64.7585
2018,0,0,1,0,0,0,0,300.0,110.0,1.0,73.3451,64.1108
2019,0,0,1,0,0,0,0,300.0,110.0,1.25,79.5834,61.8975
2020,0,0,1,0,0,0,0,300.0,110.0,1.5,83.8524,57.8959
2021,0,0,1,0,0,0,0,300.0,110.0,1.75,86.0636,52.1882
2022,0,0,1,0,0,0,0,300.0,110.0,2.0,86.4096,45.5856
2023,0,0,1,0,0,0,0,300.0,110.0,2.25,84.8316,38.286
2024,0,0,1,0,0,0,0,300.0,110.0,2.513,81.827,30.6422
2025,0,0,1,0,0,0,0,360.0,30.0,0.499,8.83949,6.66375
2026,0,0,1,0,0,0,0,360.0,30.0,0.75,11.1098,7.75051
2027,0,0,1,0,0,0,0,360.0,30.0,1.0,12.9413,8.81586
2028,0,0,1,0,0,0,0,360.0,30.0,1.25,13.9765,9.55411
2029,0,0,1,0,0,0,0,360.0,30.0,1.5,14.3312,10.0116
2030,0,0,1,0,0,0,0,360.0,30.0,1.75,14.0511,10.1906
2031,0,0,1,0,0,0,0,360.0,30.0,2.0,13.5181,10.2952
2032,0,0,1,0,0,0,0,360.0,30.0,2.25,12.6662,9.91992
2033,0,0,1,0,0,0,0,360.0,30.0,2.513,11.833,9.15202
2034,0,0,1,0,0,0,0,360.0,40.0,0.499,13.882,12.3347
2035,0,0,1,0,0,0,0,360.0,40.0,0.75,16.8116,13.15
2036,0,0,1,0,0,0,0,360.0,40.0,1.0,19.0061,13.9137
2037,0,0,1,0,0,0,0,360.0,40.0,1.25,20.3068,14.4286
2038,0,0,1,0,0,0,0,360.0,40.0,1.5,20.912,14.5681
2039,0,0,1,0,0,0,0,360.0,40.0,1.75,20.7325,14.4045
2040,0,0,1,0,0,0,0,360.0,40.0,2.0,20.0985,13.8223
2041,0,0,1,0,0,0,0,360.0,40.0,2.25,19.227,12.7462
2042,0,0,1,0,0,0,0,360.0,40.0,2.513,17.5479,10.9682
2043,0,0,1,0,0,0,0,360.0,50.0,0.499,19.1309,18.2934
2044,0,0,1,0,0,0,0,360.0,50.0,0.75,22.6648,18.8806
2045,0,0,1,0,0,0,0,360.0,50.0,1.0,25.4831,19.4643
2046,0,0,1,0,0,0,0,360.0,50.0,1.25,27.407,19.8347
2047,0,0,1,0,0,0,0,360.0,50.0,1.5,28.1759,19.5187
2048,0,0,1,0,0,0,0,360.0,50.0,1.75,28.1185,18.7729
2049,0,0,1,0,0,0,0,360.0,50.0,2.0,27.5137,17.4031
2050,0,0,1,0,0,0,0,360.0,50.0,2.25,26.3519,15.4396
2051,0,0,1,0,0,0,0,360.0,50.0,2.513,24.248,12.8885
2052,0,0,1,0,0,0,0,360.0,60.0,0.499,24.7417,25.0663
2053,0,0,1,0,0,0,0,360.0,60.0,0.75,28.8487,25.3747
2054,0,0,1,0,0,0,0,360.0,60.0,1.0,32.2105,25.5855
2055,0,0,1,0,0,0,0,360.0,60.0,1.25,34.6365,25.5283
2056,0,0,1,0,0,0,0,360.0,60.0,1.5,36.0613,24.9529
2057,0,0,1,0,0,0,0,360.0,60.0,1.75,36.2675,23.4354
2058,0,0,1,0,0,0,0,360.0,60.0,2.0,35.6922,21.0407
2059,0,0,1,0,0,0,0,360.0,60.0,2.25,34.3957,18.4315
2060,0,0,1,0,0,0,0,360.0,60.0,2.513,32.1182,15.1031
2061,0,0,1,0,0,0,0,360.0,70.0,0.499,30.9192,32.6767
2062,0,0,1,0,0,0,0,360.0,70.0,0.75,35.5532,32.8494
2063,0,0,1,0,0,0,0,360.0,70.0,1.0,39.5763,32.611
2064,0,0,1,0,0,0,0,360.0,70.0,1.25,42.6857,32.0128
2065,0,0,1,0,0,0,0,360.0,70.0,1.5,44.8053,30.8704
2066,0,0,1,0,0,0,0,360.0,70.0,1.75,45.5056,28.5223
2067,0,0,1,0,0,0,0,360.0,70.0,2.0,44.9767,25.4049
2068,0,0,1,0,0,0,0,360.0,70.0,2.25,43.218,21.6457
2069,0,0,1,0,0,0,0,360.0,70.0,2.513,40.9053,17.543
2070,0,0,1,0,0,0,0,360.0,80.0,0.499,37.7979,40.8326
2071,0,0,1,0,0,0,0,360.0,80.0,0.75,43.2481,41.1816
2072,0,0,1,0,0,0,0,360.0,80.0,1.0,47.8609,40.7307
2073,0,0,1,0,0,0,0,360.0,80.0,1.25,51.6512,39.5618
2074,0,0,1,0,0,0,0,360.0,80.0,1.5,54.3254,37.269
2075,0,0,1,0,0,0,0,360.0,80.0,1.75,55.5126,34.1195
2076,0,0,1,0,0,0,0,360.0,80.0,2.0,54.9688,29.9786
2077,0,0,1,0,0,0,0,360.0,80.0,2.25,53.1544,25.3512
2078,0,0,1,0,0,0,0,360.0,80.0,2.513,50.4243,20.1891
2079,0,0,1,0,0,0,0,360.0,90.0,0.499,45.0985,49.2916
2080,0,0,1,0,0,0,0,360.0,90.0,0.75,51.0246,49.5642
2081,0,0,1,0,0,0,0,360.0,90.0,1.0,56.6443,49.2467
2082,0,0,1,0,0,0,0,360.0,90.0,1.25,61.1945,47.4957
2083,0,0,1,0,0,0,0,360.0,90.0,1.5,64.4024,44.2939
2084,0,0,1,0,0,0,0,360.0,90.0,1.75,66.1064,39.9336
2085,0,0,1,0,0,0,0,360.0,90.0,2.0,65.6604,34.7837
2086,0,0,1,0,0,0,0,360.0,90.0,2.25,63.3818,29.129
2087,0,0,1,0,0,0,0,360.0,90.0,2.513,60.2014,22.9474
2088,0,0,1,0,0,0,0,360.0,100.0,0.499,52.3503,57.4597
2089,0,0,1,0,0,0,0,360.0,100.0,0.75,58.9677,57.7991
2090,0,0,1,0,0,0,0,360.0,100.0,1.0,65.1941,57.0637
2091,0,0,1,0,0,0,0,360.0,100.0,1.25,70.5701,54.915
2092,0,0,1,0,0,0,0,360.0,100.0,1.5,74.2805,51.1638
2093,0,0,1,0,0,0,0,360.0,100.0,1.75,76.2619,45.9645
2094,0,0,1,0,0,0,0,360.0,100.0,2.0,75.982,39.9218
2095,0,0,1,0,0,0,0,360.0,100.0,2.25,73.9122,33.4364
2096,0,0,1,0,0,0,0,360.0,100.0,2.513,70.4517,26.3708
2097,0,0,1,0,0,0,0,360.0,110.0,0.499,59.5659,65.4593
2098,0,0,1,0,0,0,0,360.0,110.0,0.75,66.7633,65.4778
2099,0,0,1,0,0,0,0,360.0,110.0,1.0,73.3435,64.1224
2100,0,0,1,0,0,0,0,360.0,110.0,1.25,78.8824,61.5633
2101,0,0,1,0,0,0,0,360.0,110.0,1.5,82.996,57.3147
2102,0,0,1,0,0,0,0,360.0,110.0,1.75,85.1641,51.7068
2103,0,0,1,0,0,0,0,360.0,110.0,2.0,85.3918,45.0355
2104,0,0,1,0,0,0,0,360.0,110.0,2.25,83.8835,37.9059
2105,0,0,1,0,0,0,0,360.0,110.0,2.513,81.0095,30.3982
2106,0,0,1,0,0,0,0,420.0,30.0,0.499,10.5083,8.68936
2107,0,0,1,0,0,0,0,420.0,30.0,0.75,12.8924,9.80574
2108,0,0,1,0,0,0,0,420.0,30.0,1.0,14.462,10.5659
2109,0,0,1,0,0,0,0,420.0,30.0,1.25,15.3443,11.1762
2110,0,0,1,0,0,0,0,420.0,30.0,1.5,15.7204,11.5548
2111,0,0,1,0,0,0,0,420.0,30.0,1.75,15.3154,11.5595
2112,0,0,1,0,0,0,0,420.0,30.0,2.0,14.5802,11.308
2113,0,0,1,0,0,0,0,420.0,30.0,2.25,13.576,10.5522
2114,0,0,1,0,0,0,0,420.0,30.0,2.513,12.2981,9.41989
2115,0,0,1,0,0,0,0,420.0,40.0,0.499,15.5084,14.2086
2116,0,0,1,0,0,0,0,420.0,40.0,0.75,18.5777,15.1608
2117,0,0,1,0,0,0,0,420.0,40.0,1.0,20.5452,15.8301
2118,0,0,1,0,0,0,0,420.0,40.0,1.25,21.5609,16.0076
2119,0,0,1,0,0,0,0,420.0,40.0,1.5,22.0616,16.0337
2120,0,0,1,0,0,0,0,420.0,40.0,1.75,21.7338,15.6797
2121,0,0,1,0,0,0,0,420.0,40.0,2.0,21.057,14.7453
2122,0,0,1,0,0,0,0,420.0,40.0,2.25,19.9486,13.1635
2123,0,0,1,0,0,0,0,420.0,40.0,2.513,17.9539,10.9429
2124,0,0,1,0,0,0,0,420.0,50.0,0.499,20.8452,20.2487
2125,0,0,1,0,0,0,0,420.0,50.0,0.75,24.2654,20.8213
2126,0,0,1,0,0,0,0,420.0,50.0,1.0,27.1251,21.4539
2127,0,0,1,0,0,0,0,420.0,50.0,1.25,28.6724,21.4057
2128,0,0,1,0,0,0,0,420.0,50.0,1.5,29.3639,20.8839
2129,0,0,1,0,0,0,0,420.0,50.0,1.75,29.096,19.8548
2130,0,0,1,0,0,0,0,420.0,50.0,2.0,28.5401,18.2039
2131,0,0,1,0,0,0,0,420.0,50.0,2.25,27.0478,15.7574
2132,0,0,1,0,0,0,0,420.0,50.0,2.513,24.7924,12.74
2133,0,0,1,0,0,0,0,420.0,60.0,0.499,26.8011,27.1809
2134,0,0,1,0,0,0,0,420.0,60.0,0.75,30.529,27.3897
2135,0,0,1,0,0,0,0,420.0,60.0,1.0,33.8257,27.5677
2136,0,0,1,0,0,0,0,420.0,60.0,1.25,36.1345,27.2161
2137,0,0,1,0,0,0,0,420.0,60.0,1.5,37.1399,26.1504
2138,0,0,1,0,0,0,0,420.0,60.0,1.75,37.1849,24.2489
2139,0,0,1,0,0,0,0,420.0,60.0,2.0,36.4043,21.684
2140,0,0,1,0,0,0,0,420.0,60.0,2.25,34.8951,18.5217
2141,0,0,1,0,0,0,0,420.0,60.0,2.513,32.5351,14.9252
2142,0,0,1,0,0,0,0,420.0,70.0,0.499,33.0492,34.6045
2143,0,0,1,0,0,0,0,420.0,70.0,0.75,37.2136,34.6685
2144,0,0,1,0,0,0,0,420.0,70.0,1.0,40.8558,34.2933
2145,0,0,1,0,0,0,0,420.0,70.0,1.25,43.8311,33.4947
2146,0,0,1,0,0,0,0,420.0,70.0,1.5,45.6784,31.8591
2147,0,0,1,0,0,0,0,420.0,70.0,1.75,46.18,29.2249
2148,0,0,1,0,0,0,0,420.0,70.0,2.0,45.4605,25.6502
2149,0,0,1,0,0,0,0,420.0,70.0,2.25,43.5834,21.5699
2150,0,0,1,0,0,0,0,420.0,70.0,2.513,41.0104,17.1808
2151,0,0,1,0,0,0,0,420.0,80.0,0.499,39.8066,42.5432
2152,0,0,1,0,0,0,0,420.0,80.0,0.75,44.612,42.5373
2153,0,0,1,0,0,0,0,420.0,80.0,1.0,49.1181,42.1568
2154,0,0,1,0,0,0,0,420.0,80.0,1.25,52.427,40.4834
2155,0,0,1,0,0,0,0,420.0,80.0,1.5,54.9991,38.0168
2156,0,0,1,0,0,0,0,420.0,80.0,1.75,55.9764,34.5198
2157,0,0,1,0,0,0,0,420.0,80.0,2.0,55.2017,30.0106
2158,0,0,1,0,0,0,0,420.0,80.0,2.25,53.0713,25.0396
2159,0,0,1,0,0,0,0,420.0,80.0,2.513,50.1727,19.7115
2160,0,0,1,0,0,0,0,420.0,90.0,0.499,46.8959,50.6929
2161,0,0,1,0,0,0,0,420.0,90.0,0.75,52.4438,50.7337
2162,0,0,1,0,0,0,0,420.0,90.0,1.0,57.6079,50.0628
2163,0,0,1,0,0,0,0,420.0,90.0,1.25,61.558,47.9186
2164,0,0,1,0,0,0,0,420.0,90.0,1.5,64.4804,44.5004
2165,0,0,1,0,0,0,0,420.0,90.0,1.75,65.8352,39.8862
2166,0,0,1,0,0,0,0,420.0,90.0,2.0,65.257,34.4291
2167,0,0,1,0,0,0,0,420.0,90.0,2.25,63.0611,28.7756
2168,0,0,1,0,0,0,0,420.0,90.0,2.513,59.8994,22.691
2169,0,0,1,0,0,0,0,420.0,100.0,0.499,53.8265,58.5706
2170,0,0,1,0,0,0,0,420.0,100.0,0.75,60.0015,58.5265
2171,0,0,1,0,0,0,0,420.0,100.0,1.0,65.3782,57.1764
2172,0,0,1,0,0,0,0,420.0,100.0,1.25,70.0519,54.6774
2173,0,0,1,0,0,0,0,420.0,100.0,1.5,73.5544,50.7756
2174,0,0,1,0,0,0,0,420.0,100.0,1.75,75.3432,45.4429
2175,0,0,1,0,0,0,0,420.0,100.0,2.0,75.1625,39.3194
2176,0,0,1,0,0,0,0,420.0,100.0,2.25,73.2217,32.9191
2177,0,0,1,0,0,0,0,420.0,100.0,2.513,70.0561,26.2233
2178,0,0,1,0,0,0,0,420.0,110.0,0.499,60.8594,66.1525
2179,0,0,1,0,0,0,0,420.0,110.0,0.75,67.2788,65.6648
2180,0,0,1,0,0,0,0,420.0,110.0,1.0,73.0068,63.8868
2181,0,0,1,0,0,0,0,420.0,110.0,1.25,78.0348,60.7655
2182,0,0,1,0,0,0,0,420.0,110.0,1.5,81.6375,56.4102
2183,0,0,1,0,0,0,0,420.0,110.0,1.75,83.9218,50.9582
2184,0,0,1,0,0,0,0,420.0,110.0,2.0,84.3562,44.3469
2185,0,0,1,0,0,0,0,420.0,110.0,2.25,82.9043,37.4217
2186,0,0,1,0,0,0,0,420.0,110.0,2.513,80.1213,30.1469
2187,0,0,1,0,0,0,0,480.0,30.0,0.499,11.9645,10.631
2188,0,0,1,0,0,0,0,480.0,30.0,0.75,14.3679,11.6646
2189,0,0,1,0,0,0,0,480.0,30.0,1.0,15.7855,12.2404
2190,0,0,1,0,0,0,0,480.0,30.0,1.25,16.6516,12.6928
2191,0,0,1,0,0,0,0,480.0,30.0,1.5,16.7841,12.8296
2192,0,0,1,0,0,0,0,480.0,30.0,1.75,16.4097,12.7083
2193,0,0,1,0,0,0,0,480.0,30.0,2.0,15.5808,12.1009
2194,0,0,1,0,0,0,0,480.0,30.0,2.25,14.3973,10.9962
2195,0,0,1,0,0,0,0,480.0,30.0,2.513,12.8157,9.43896
2196,0,0,1,0,0,0,0,480.0,40.0,0.499,16.9487,16.0506
2197,0,0,1,0,0,0,0,480.0,40.0,0.75,19.8598,17.047
2198,0,0,1,0,0,0,0,480.0,40.0,1.0,21.6969,17.5317
2199,0,0,1,0,0,0,0,480.0,40.0,1.25,22.6857,17.5457
2200,0,0,1,0,0,0,0,480.0,40.0,1.5,23.1162,17.2713
2201,0,0,1,0,0,0,0,480.0,40.0,1.75,22.721,16.6973
2202,0,0,1,0,0,0,0,480.0,40.0,2.0,21.9379,15.4653
2203,0,0,1,0,0,0,0,480.0,40.0,2.25,20.4473,13.418
2204,0,0,1,0,0,0,0,480.0,40.0,2.513,18.321,10.955
2205,0,0,1,0,0,0,0,480.0,50.0,0.499,22.58,22.2637
2206,0,0,1,0,0,0,0,480.0,50.0,0.75,25.8608,22.8447
2207,0,0,1,0,0,0,0,480.0,50.0,1.0,28.3599,23.2117
2208,0,0,1,0,0,0,0,480.0,50.0,1.25,29.7249,22.8057
2209,0,0,1,0,0,0,0,480.0,50.0,1.5,30.2904,21.9961
2210,0,0,1,0,0,0,0,480.0,50.0,1.75,29.9599,20.6288
2211,0,0,1,0,0,0,0,480.0,50.0,2.0,29.2526,18.7965
2212,0,0,1,0,0,0,0,480.0,50.0,2.25,27.6981,16.0851
2213,0,0,1,0,0,0,0,480.0,50.0,2.513,25.3386,12.6301
2214,0,0,1,0,0,0,0,480.0,60.0,0.499,28.579,29.1277
2215,0,0,1,0,0,0,0,480.0,60.0,0.75,32.0776,29.249
2216,0,0,1,0,0,0,0,480.0,60.0,1.0,35.0504,29.1237
2217,0,0,1,0,0,0,0,480.0,60.0,1.25,37.1575,28.5779
2218,0,0,1,0,0,0,0,480.0,60.0,1.5,37.9363,27.1084
2219,0,0,1,0,0,0,0,480.0,60.0,1.75,37.8941,24.8997
2220,0,0,1,0,0,0,0,480.0,60.0,2.0,37.0173,22.1796
2221,0,0,1,0,0,0,0,480.0,60.0,2.25,35.3327,18.5813
2222,0,0,1,0,0,0,0,480.0,60.0,2.513,32.8937,14.515
2223,0,0,1,0,0,0,0,480.0,70.0,0.499,34.8097,36.3391
2224,0,0,1,0,0,0,0,480.0,70.0,0.75,38.7395,36.3047
2225,0,0,1,0,0,0,0,480.0,70.0,1.0,42.0677,35.7566
2226,0,0,1,0,0,0,0,480.0,70.0,1.25,44.7708,34.6238
2227,0,0,1,0,0,0,0,480.0,70.0,1.5,46.3588,32.5733
2228,0,0,1,0,0,0,0,480.0,70.0,1.75,46.8072,29.7385
2229,0,0,1,0,0,0,0,480.0,70.0,2.0,45.8367,25.9682
2230,0,0,1,0,0,0,0,480.0,70.0,2.25,43.8535,21.4836
2231,0,0,1,0,0,0,0,480.0,70.0,2.513,41.1162,16.7334
2232,0,0,1,0,0,0,0,480.0,80.0,0.499,41.4847,43.9745
2233,0,0,1,0,0,0,0,480.0,80.0,0.75,46.0027,43.7945
2234,0,0,1,0,0,0,0,480.0,80.0,1.0,49.8334,42.9758
2235,0,0,1,0,0,0,0,480.0,80.0,1.25,52.9316,41.0729
2236,0,0,1,0,0,0,0,480.0,80.0,1.5,55.3782,38.4343
2237,0,0,1,0,0,0,0,480.0,80.0,1.75,56.1397,34.6322
2238,0,0,1,0,0,0,0,480.0,80.0,2.0,55.1082,29.8635
2239,0,0,1,0,0,0,0,480.0,80.0,2.25,53.0359,24.8544
2240,0,0,1,0,0,0,0,480.0,80.0,2.513,50.0384,19.3322
2241,0,0,1,0,0,0,0,480.0,90.0,0.499,48.4882,51.867
2242,0,0,1,0,0,0,0,480.0,90.0,0.75,53.5692,51.5653
2243,0,0,1,0,0,0,0,480.0,90.0,1.0,57.9324,50.3515
2244,0,0,1,0,0,0,0,480.0,90.0,1.25,61.3796,47.8103
2245,0,0,1,0,0,0,0,480.0,90.0,1.5,64.1408,44.3501
2246,0,0,1,0,0,0,0,480.0,90.0,1.75,65.2967,39.6119
2247,0,0,1,0,0,0,0,480.0,90.0,2.0,64.5551,34.0572
2248,0,0,1,0,0,0,0,480.0,90.0,2.25,62.6902,28.4359
2249,0,0,1,0,0,0,0,480.0,90.0,2.513,59.6636,22.4791
2250,0,0,1,0,0,0,0,480.0,100.0,0.499,55.1804,59.4016
2251,0,0,1,0,0,0,0,480.0,100.0,0.75,60.8298,58.8236
2252,0,0,1,0,0,0,0,480.0,100.0,1.0,65.5324,57.005
2253,0,0,1,0,0,0,0,480.0,100.0,1.25,69.4532,54.1047
2254,0,0,1,0,0,0,0,480.0,100.0,1.5,72.4274,50.0004
2255,0,0,1,0,0,0,0,480.0,100.0,1.75,74.1335,44.8007
2256,0,0,1,0,0,0,0,480.0,100.0,2.0,74.101,38.7384
2257,0,0,1,0,0,0,0,480.0,100.0,2.25,72.5133,32.4566
2258,0,0,1,0,0,0,0,480.0,100.0,2.513,69.4637,25.9289
2259,0,0,1,0,0,0,0,480.0,110.0,0.499,61.9701,66.5834
2260,0,0,1,0,0,0,0,480.0,110.0,0.75,67.747,65.4861
2261,0,0,1,0,0,0,0,480.0,110.0,1.0,72.797,63.3271
2262,0,0,1,0,0,0,0,480.0,110.0,1.25,77.1338,59.9182
2263,0,0,1,0,0,0,0,480.0,110.0,1.5,80.2341,55.367
2264,0,0,1,0,0,0,0,480.0,110.0,1.75,82.4272,49.9534
2265,0,0,1,0,0,0,0,480.0,110.0,2.0,83.1664,43.5751
2266,0,0,1,0,0,0,0,480.0,110.0,2.25,81.9056,36.8977
2267,0,0,1,0,0,0,0,480.0,110.0,2.513,79.225,29.7935
2268,0,0,1,0,0,0,0,540.0,30.0,0.499,13.2396,12.4653
2269,0,0,1,0,0,0,0,540.0,30.0,0.75,15.5491,13.3595
2270,0,0,1,0,0,0,0,540.0,30.0,1.0,16.9945,13.8457
2271,0,0,1,0,0,0,0,540.0,30.0,1.25,17.6875,14.0167
2272,0,0,1,0,0,0,0,540.0,30.0,1.5,17.78,13.9652
2273,0,0,1,0,0,0,0,540.0,30.0,1.75,17.3293,13.5595
2274,0,0,1,0,0,0,0,540.0,30.0,2.0,16.5434,12.7188
2275,0,0,1,0,0,0,0,540.0,30.0,2.25,15.1971,11.3344
2276,0,0,1,0,0,0,0,540.0,30.0,2.513,13.4821,9.41821
2277,0,0,1,0,0,0,0,540.0,40.0,0.499,18.3431,18.1086
2278,0,0,1,0,0,0,0,540.0,40.0,0.75,20.7987,18.7245
2279,0,0,1,0,0,0,0,540.0,40.0,1.0,22.8082,19.126
2280,0,0,1,0,0,0,0,540.0,40.0,1.25,23.667,18.8348
2281,0,0,1,0,0,0,0,540.0,40.0,1.5,23.952,18.3431
2282,0,0,1,0,0,0,0,540.0,40.0,1.75,23.4751,17.3942
2283,0,0,1,0,0,0,0,540.0,40.0,2.0,22.5707,15.9656
2284,0,0,1,0,0,0,0,540.0,40.0,2.25,21.1512,13.7349
2285,0,0,1,0,0,0,0,540.0,40.0,2.513,18.7404,10.9625
2286,0,0,1,0,0,0,0,540.0,50.0,0.499,24.2245,24.2761
2287,0,0,1,0,0,0,0,540.0,50.0,0.75,27.1432,24.679
2288,0,0,1,0,0,0,0,540.0,50.0,1.0,29.3516,24.7199
2289,0,0,1,0,0,0,0,540.0,50.0,1.25,30.6353,24.1044
2290,0,0,1,0,0,0,0,540.0,50.0,1.5,31.0013,22.8544
2291,0,0,1,0,0,0,0,540.0,50.0,1.75,30.7092,21.2383
2292,0,0,1,0,0,0,0,540.0,50.0,2.0,29.732,19.0602
2293,0,0,1,0,0,0,0,540.0,50.0,2.25,28.1094,16.2087
2294,0,0,1,0,0,0,0,540.0,50.0,2.513,25.7252,12.3317
2295,0,0,1,0,0,0,0,540.0,60.0,0.499,30.2413,30.9635
2296,0,0,1,0,0,0,0,540.0,60.0,0.75,33.4889,30.909
2297,0,0,1,0,0,0,0,540.0,60.0,1.0,36.1207,30.5518
2298,0,0,1,0,0,0,0,540.0,60.0,1.25,37.926,29.6999
2299,0,0,1,0,0,0,0,540.0,60.0,1.5,38.709,27.8991
2300,0,0,1,0,0,0,0,540.0,60.0,1.75,38.5939,25.4534
2301,0,0,1,0,0,0,0,540.0,60.0,2.0,37.5801,22.509
2302,0,0,1,0,0,0,0,540.0,60.0,2.25,35.5939,18.598
2303,0,0,1,0,0,0,0,540.0,60.0,2.513,33.1599,14.1315
2304,0,0,1,0,0,0,0,540.0,70.0,0.499,36.5094,37.9249
2305,0,0,1,0,0,0,0,540.0,70.0,0.75,40.1704,37.7618
2306,0,0,1,0,0,0,0,540.0,70.0,1.0,43.147,36.8795
2307,0,0,1,0,0,0,0,540.0,70.0,1.25,45.4846,35.4719
2308,0,0,1,0,0,0,0,540.0,70.0,1.5,46.8599,33.0979
2309,0,0,1,0,0,0,0,540.0,70.0,1.75,46.9955,29.9544
2310,0,0,1,0,0,0,0,540.0,70.0,2.0,45.9802,26.0994
2311,0,0,1,0,0,0,0,540.0,70.0,2.25,44.0349,21.4836
2312,0,0,1,0,0,0,0,540.0,70.0,2.513,41.3144,16.3825
2313,0,0,1,0,0,0,0,540.0,80.0,0.499,43.0524,45.2649
2314,0,0,1,0,0,0,0,540.0,80.0,0.75,47.0607,44.7823
2315,0,0,1,0,0,0,0,540.0,80.0,1.0,50.2982,43.4769
2316,0,0,1,0,0,0,0,540.0,80.0,1.25,53.2816,41.3164
2317,0,0,1,0,0,0,0,540.0,80.0,1.5,55.4308,38.5693
2318,0,0,1,0,0,0,0,540.0,80.0,1.75,55.7719,34.5231
2319,0,0,1,0,0,0,0,540.0,80.0,2.0,54.8263,29.7838
2320,0,0,1,0,0,0,0,540.0,80.0,2.25,52.9726,24.7003
2321,0,0,1,0,0,0,0,540.0,80.0,2.513,49.9964,19.0795
2322,0,0,1,0,0,0,0,540.0,90.0,0.499,49.8276,52.7452
2323,0,0,1,0,0,0,0,540.0,90.0,0.75,54.3042,52.0273
2324,0,0,1,0,0,0,0,540.0,90.0,1.0,57.933,50.1442
2325,0,0,1,0,0,0,0,540.0,90.0,1.25,61.1842,47.515
2326,0,0,1,0,0,0,0,540.0,90.0,1.5,63.4507,43.8728
2327,0,0,1,0,0,0,0,540.0,90.0,1.75,64.373,39.1464
2328,0,0,1,0,0,0,0,540.0,90.0,2.0,63.959,33.7786
2329,0,0,1,0,0,0,0,540.0,90.0,2.25,62.0982,28.0322
2330,0,0,1,0,0,0,0,540.0,90.0,2.513,59.2792,22.2046
2331,0,0,1,0,0,0,0,540.0,100.0,0.499,56.4197,59.9299
2332,0,0,1,0,0,0,0,540.0,100.0,0.75,61.4687,58.7931
2333,0,0,1,0,0,0,0,540.0,100.0,1.0,65.3736,56.5378
2334,0,0,1,0,0,0,0,540.0,100.0,1.25,68.7481,53.2415
2335,0,0,1,0,0,0,0,540.0,100.0,1.5,71.2809,49.0409
2336,0,0,1,0,0,0,0,540.0,100.0,1.75,72.8802,43.9418
2337,0,0,1,0,0,0,0,540.0,100.0,2.0,73.0798,38.2355
2338,0,0,1,0,0,0,0,540.0,100.0,2.25,71.6294,32.1202
2339,0,0,1,0,0,0,0,540.0,100.0,2.513,68.7684,25.6001
2340,0,0,1,0,0,0,0,540.0,110.0,0.499,62.9116,66.6099
2341,0,0,1,0,0,0,0,540.0,110.0,0.75,68.0534,65.1019
2342,0,0,1,0,0,0,0,540.0,110.0,1.0,72.6392,62.5245
2343,0,0,1,0,0,0,0,540.0,110.0,1.25,76.2678,58.8425
2344,0,0,1,0,0,0,0,540.0,110.0,1.5,78.8994,54.1761
2345,0,0,1,0,0,0,0,540.0,110.0,1.75,80.9737,48.897
2346,0,0,1,0,0,0,0,540.0,110.0,2.0,81.7446,42.8216
2347,0,0,1,0,0,0,0,540.0,110.0,2.25,80.9113,36.3784
2348,0,0,1,0,0,0,0,540.0,110.0,2.513,78.3021,29.3611
2349,0,0,1,0,0,0,0,600.0,30.0,0.499,14.4227,14.2789
2350,0,0,1,0,0,0,0,600.0,30.0,0.75,16.6317,14.9451
2351,0,0,1,0,0,0,0,600.0,30.0,1.0,18.0765,15.1894
2352,0,0,1,0,0,0,0,600.0,30.0,1.25,18.6903,15.214
2353,0,0,1,0,0,0,0,600.0,30.0,1.5,18.7236,14.949
2354,0,0,1,0,0,0,0,600.0,30.0,1.75,18.2069,14.2693
2355,0,0,1,0,0,0,0,600.0,30.0,2.0,17.3676,13.1013
2356,0,0,1,0,0,0,0,600.0,30.0,2.25,16.1025,11.6577
2357,0,0,1,0,0,0,0,600.0,30.0,2.513,14.1528,9.45233
2358,0,0,1,0,0,0,0,600.0,40.0,0.499,19.6466,20.086
2359,0,0,1,0,0,0,0,600.0,40.0,0.75,21.9337,20.437
2360,0,0,1,0,0,0,0,600.0,40.0,1.0,23.5783,20.4273
2361,0,0,1,0,0,0,0,600.0,40.0,1.25,24.4907,19.9688
2362,0,0,1,0,0,0,0,600.0,40.0,1.5,24.6068,19.1383
2363,0,0,1,0,0,0,0,600.0,40.0,1.75,24.078,17.8802
2364,0,0,1,0,0,0,0,600.0,40.0,2.0,23.1595,16.1641
2365,0,0,1,0,0,0,0,600.0,40.0,2.25,21.668,13.8354
2366,0,0,1,0,0,0,0,600.0,40.0,2.513,19.3361,10.9394
2367,0,0,1,0,0,0,0,600.0,50.0,0.499,25.7231,26.1976
2368,0,0,1,0,0,0,0,600.0,50.0,0.75,28.2448,26.3333
2369,0,0,1,0,0,0,0,600.0,50.0,1.0,30.2314,26.0085
2370,0,0,1,0,0,0,0,600.0,50.0,1.25,31.4168,25.1957
2371,0,0,1,0,0,0,0,600.0,50.0,1.5,31.7658,23.7157
2372,0,0,1,0,0,0,0,600.0,50.0,1.75,31.3518,21.6646
2373,0,0,1,0,0,0,0,600.0,50.0,2.0,30.2738,19.2494
2374,0,0,1,0,0,0,0,600.0,50.0,2.25,28.5675,16.2091
2375,0,0,1,0,0,0,0,600.0,50.0,2.513,26.1284,12.1112
2376,0,0,1,0,0,0,0,600.0,60.0,0.499,31.8691,32.6595
2377,0,0,1,0,0,0,0,600.0,60.0,0.75,34.7635,32.475
2378,0,0,1,0,0,0,0,600.0,60.0,1.0,37.0053,31.7965
2379,0,0,1,0,0,0,0,600.0,60.0,1.25,38.5762,30.542
2380,0,0,1,0,0,0,0,600.0,60.0,1.5,39.2701,28.4569
2381,0,0,1,0,0,0,0,600.0,60.0,1.75,39.1019,25.8488
2382,0,0,1,0,0,0,0,600.0,60.0,2.0,37.9705,22.6274
2383,0,0,1,0,0,0,0,600.0,60.0,2.25,35.897,18.5287
2384,0,0,1,0,0,0,0,600.0,60.0,2.513,33.4303,13.8053
2385,0,0,1,0,0,0,0,600.0,70.0,0.499,38.1208,39.4086
2386,0,0,1,0,0,0,0,600.0,70.0,0.75,41.4118,38.9543
2387,0,0,1,0,0,0,0,600.0,70.0,1.0,43.9873,37.7512
2388,0,0,1,0,0,0,0,600.0,70.0,1.25,45.9139,36.0497
2389,0,0,1,0,0,0,0,600.0,70.0,1.5,47.1308,33.3711
2390,0,0,1,0,0,0,0,600.0,70.0,1.75,46.9187,29.9383
2391,0,0,1,0,0,0,0,600.0,70.0,2.0,45.9925,26.0943
2392,0,0,1,0,0,0,0,600.0,70.0,2.25,44.1914,21.503
2393,0,0,1,0,0,0,0,600.0,70.0,2.513,41.4335,16.1237
2394,0,0,1,0,0,0,0,600.0,80.0,0.499,44.4636,46.3868
2395,0,0,1,0,0,0,0,600.0,80.0,0.75,47.9256,45.4777
2396,0,0,1,0,0,0,0,600.0,80.0,1.0,50.773,43.647
2397,0,0,1,0,0,0,0,600.0,80.0,1.25,53.4382,41.3705
2398,0,0,1,0,0,0,0,600.0,80.0,1.5,55.057,38.4333
2399,0,0,1,0,0,0,0,600.0,80.0,1.75,55.3589,34.3237
2400,0,0,1,0,0,0,0,600.0,80.0,2.0,54.6132,29.6167
2401,0,0,1,0,0,0,0,600.0,80.0,2.25,52.6709,24.454
2402,0,0,1,0,0,0,0,600.0,80.0,2.513,49.9758,18.8383
2403,0,0,1,0,0,0,0,600.0,90.0,0.499,50.8563,53.2948
2404,0,0,1,0,0,0,0,600.0,90.0,0.75,54.7892,52.0342
2405,0,0,1,0,0,0,0,600.0,90.0,1.0,57.9836,49.7152
2406,0,0,1,0,0,0,0,600.0,90.0,1.25,60.8538,46.9171
2407,0,0,1,0,0,0,0,600.0,90.0,1.5,62.8182,43.2811
2408,0,0,1,0,0,0,0,600.0,90.0,1.75,63.5623,38.6356
2409,0,0,1,0,0,0,0,600.0,90.0,2.0,63.286,33.422
2410,0,0,1,0,0,0,0,600.0,90.0,2.25,61.5263,27.7863
2411,0,0,1,0,0,0,0,600.0,90.0,2.513,58.883,21.9616
2412,0,0,1,0,0,0,0,600.0,100.0,0.499,57.358,60.0983
2413,0,0,1,0,0,0,0,600.0,100.0,0.75,61.7348,58.4708
2414,0,0,1,0,0,0,0,600.0,100.0,1.0,65.18,55.7471
2415,0,0,1,0,0,0,0,600.0,100.0,1.25,68.0853,52.2151
2416,0,0,1,0,0,0,0,600.0,100.0,1.5,70.4383,48.0879
2417,0,0,1,0,0,0,0,600.0,100.0,1.75,71.8211,43.1362
2418,0,0,1,0,0,0,0,600.0,100.0,2.0,72.0882,37.6946
2419,0,0,1,0,0,0,0,600.0,100.0,2.25,70.8546,31.8238
2420,0,0,1,0,0,0,0,600.0,100.0,2.513,68.2472,25.4075
2421,0,0,1,0,0,0,0,600.0,110.0,0.499,63.7486,66.4814
2422,0,0,1,0,0,0,0,600.0,110.0,0.75,68.2654,64.5088
2423,0,0,1,0,0,0,0,600.0,110.0,1.0,72.3288,61.6139
2424,0,0,1,0,0,0,0,600.0,110.0,1.25,75.4107,57.6493
2425,0,0,1,0,0,0,0,600.0,110.0,1.5,77.9739,52.9763
2426,0,0,1,0,0,0,0,600.0,110.0,1.75,79.7511,47.787
2427,0,0,1,0,0,0,0,600.0,110.0,2.0,80.5052,42.1194
2428,0,0,1,0,0,0,0,600.0,110.0,2.25,79.7911,35.9828
2429,0,0,1,0,0,0,0,600.0,110.0,2.513,77.4341,29.0894
2430,0,0,0,1,0,0,0,60.0,30.0,0.499,0,0
2431,0,0,0,1,0,0,0,60.0,30.0,0.75,0,0
2432,0,0,0,1,0,0,0,60.0,30.0,1.0,0,0
2433,0,0,0,1,0,0,0,60.0,30.0,1.25,0,0
2434,0,0,0,1,0,0,0,60.0,30.0,1.5,0,0
2435,0,0,0,1,0,0,0,60.0,30.0,1.75,0,0
2436,0,0,0,1,0,0,0,60.0,30.0,2.0,0,0
2437,0,0,0,1,0,0,0,60.0,30.0,2.25,0,0
2438,0,0,0,1,0,0,0,60.0,30.0,2.513,0,0
2439,0,0,0,1,0,0,0,60.0,40.0,0.499,0,0
2440,0,0,0,1,0,0,0,60.0,40.0,0.75,0,0
2441,0,0,0,1,0,0,0,60.0,40.0,1.0,0,0
2442,0,0,0,1,0,0,0,60.0,40.0,1.25,0,0
2443,0,0,0,1,0,0,0,60.0,40.0,1.5,0,0
2444,0,0,0,1,0,0,0,60.0,40.0,1.75,0,0
2445,0,0,0,1,0,0,0,60.0,40.0,2.0,0,0
2446,0,0,0,1,0,0,0,60.0,40.0,2.25,0,0
2447,0,0,0,1,0,0,0,60.0,40.0,2.513,0.912184,0
2448,0,0,0,1,0,0,0,60.0,50.0,0.499,0,0
2449,0,0,0,1,0,0,0,60.0,50.0,0.75,0,0
2450,0,0,0,1,0,0,0,60.0,50.0,1.0,0,0
2451,0,0,0,1,0,0,0,60.0,50.0,1.25,0,0
2452,0,0,0,1,0,0,0,60.0,50.0,1.5,0,0
2453,0,0,0,1,0,0,0,60.0,50.0,1.75,0,0
2454,0,0,0,1,0,0,0,60.0,50.0,2.0,0.650203,0
2455,0,0,0,1,0,0,0,60.0,50.0,2.25,2.7079,0
2456,0,0,0,1,0,0,0,60.0,50.0,2.513,4.58846,0.35675
2457,0,0,0,1,0,0,0,60.0,60.0,0.499,0,0
2458,0,0,0,1,0,0,0,60.0,60.0,0.75,0,0
2459,0,0,0,1,0,0,0,60.0,60.0,1.0,0,0
2460,0,0,0,1,0,0,0,60.0,60.0,1.25,0,0
2461,0,0,0,1,0,0,0,60.0,60.0,1.5,0.0826101,0
2462,0,0,0,1,0,0,0,60.0,60.0,1.75,2.00797,0
2463,0,0,0,1,0,0,0,60.0,60.0,2.0,5.22675,0
2464,0,0,0,1,0,0,0,60.0,60.0,2.25,7.82819,0.786419
2465,0,0,0,1,0,0,0,60.0,60.0,2.513,9.93987,1.37657
2466,0,0,0,1,0,0,0,60.0,70.0,0.499,0,0
2467,0,0,0,1,0,0,0,60.0,70.0,0.75,0,0
2468,0,0,0,1,0,0,0,60.0,70.0,1.0,0,0
2469,0,0,0,1,0,0,0,60.0,70.0,1.25,0,0
2470,0,0,0,1,0,0,0,60.0,70.0,1.5,2.26641,0
2471,0,0,0,1,0,0,0,60.0,70.0,1.75,7.0787,0
2472,0,0,0,1,0,0,0,60.0,70.0,2.0,11.6707,1.0513
2473,0,0,0,1,0,0,0,60.0,70.0,2.25,14.8847,2.02352
2474,0,0,0,1,0,0,0,60.0,70.0,2.513,17.0946,2.38325
2475,0,0,0,1,0,0,0,60.0,80.0,0.499,0,0
2476,0,0,0,1,0,0,0,60.0,80.0,0.75,0,0
2477,0,0,0,1,0,0,0,60.0,80.0,1.0,0,0
2478,0,0,0,1,0,0,0,60.0,80.0,1.25,1.60357,0
2479,0,0,0,1,0,0,0,60.0,80.0,1.5,6.82988,0
2480,0,0,0,1,0,0,0,60.0,80.0,1.75,13.2823,0.72922
2481,0,0,0,1,0,0,0,60.0,80.0,2.0,18.6733,2.45594
2482,0,0,0,1,0,0,0,60.0,80.0,2.25,22.3024,3.34847
2483,0,0,0,1,0,0,0,60.0,80.0,2.513,24.4601,3.10985
2484,0,0,0,1,0,0,0,60.0,90.0,0.499,0,0
2485,0,0,0,1,0,0,0,60.0,90.0,0.75,0,0.2754
2486,0,0,0,1,0,0,0,60.0,90.0,1.0,0.901435,0.570854
2487,0,0,0,1,0,0,0,60.0,90.0,1.25,5.12641,0.653835
2488,0,0,0,1,0,0,0,60.0,90.0,1.5,12.1581,1.05121
2489,0,0,0,1,0,0,0,60.0,90.0,1.75,19.1477,2.98981
2490,0,0,0,1,0,0,0,60.0,90.0,2.0,25.0936,4.32461
2491,0,0,0,1,0,0,0,60.0,90.0,2.25,29.4007,4.84269
2492,0,0,0,1,0,0,0,60.0,90.0,2.513,31.983,4.05719
2493,0,0,0,1,0,0,0,60.0,100.0,0.499,0,1.96139
2494,0,0,0,1,0,0,0,60.0,100.0,0.75,0.398995,2.28924
2495,0,0,0,1,0,0,0,60.0,100.0,1.0,3.35102,2.81933
2496,0,0,0,1,0,0,0,60.0,100.0,1.25,10.7749,4.03331
2497,0,0,0,1,0,0,0,60.0,100.0,1.5,18.3072,5.2999
2498,0,0,0,1,0,0,0,60.0,100.0,1.75,25.3961,6.17475
2499,0,0,0,1,0,0,0,60.0,100.0,2.0,31.7494,6.98632
2500,0,0,0,1,0,0,0,60.0,100.0,2.25,36.304,6.78859
2501,0,0,0,1,0,0,0,60.0,100.0,2.513,39.3776,5.63416
2502,0,0,0,1,0,0,0,60.0,110.0,0.499,0,5.94794
2503,0,0,0,1,0,0,0,60.0,110.0,0.75,2.63811,7.17024
2504,0,0,0,1,0,0,0,60.0,110.0,1.0,8.87334,8.38863
2505,0,0,0,1,0,0,0,60.0,110.0,1.25,17.0261,9.35544
2506,0,0,0,1,0,0,0,60.0,110.0,1.5,25.0442,10.0997
2507,0,0,0,1,0,0,0,60.0,110.0,1.75,32.4374,10.3078
2508,0,0,0,1,0,0,0,60.0,110.0,2.0,38.4676,9.85675
2509,0,0,0,1,0,0,0,60.0,110.0,2.25,43.1366,9.08623
2510,0,0,0,1,0,0,0,60.0,110.0,2.513,46.5839,7.33533
2511,0,0,0,1,0,0,0,120.0,30.0,0.499,0,0
2512,0,0,0,1,0,0,0,120.0,30.0,0.75,0,0
2513,0,0,0,1,0,0,0,120.0,30.0,1.0,0,0
2514,0,0,0,1,0,0,0,120.0,30.0,1.25,0,0
2515,0,0,0,1,0,0,0,120.0,30.0,1.5,0,0
2516,0,0,0,1,0,0,0,120.0,30.0,1.75,0,0
2517,0,0,0,1,0,0,0,120.0,30.0,2.0,0,0
2518,0,0,0,1,0,0,0,120.0,30.0,2.25,0,0
2519,0,0,0,1,0,0,0,120.0,30.0,2.513,0.0522239,0
2520,0,0,0,1,0,0,0,120.0,40.0,0.499,0,0
2521,0,0,0,1,0,0,0,120.0,40.0,0.75,0,0
2522,0,0,0,1,0,0,0,120.0,40.0,1.0,0,0
2523,0,0,0,1,0,0,0,120.0,40.0,1.25,0,0
2524,0,0,0,1,0,0,0,120.0,40.0,1.5,0,0
2525,0,0,0,1,0,0,0,120.0,40.0,1.75,0,0
2526,0,0,0,1,0,0,0,120.0,40.0,2.0,0,0
2527,0,0,0,1,0,0,0,120.0,40.0,2.25,0.313931,0
2528,0,0,0,1,0,0,0,120.0,40.0,2.513,1.20975,0.0794785
2529,0,0,0,1,0,0,0,120.0,50.0,0.499,0,0
2530,0,0,0,1,0,0,0,120.0,50.0,0.75,0,0
2531,0,0,0,1,0,0,0,120.0,50.0,1.0,0,0
2532,0,0,0,1,0,0,0,120.0,50.0,1.25,0,0
2533,0,0,0,1,0,0,0,120.0,50.0,1.5,0,0
2534,0,0,0,1,0,0,0,120.0,50.0,1.75,0.00690534,0
2535,0,0,0,1,0,0,0,120.0,50.0,2.0,0.991118,0
2536,0,0,0,1,0,0,0,120.0,50.0,2.25,2.79163,0.261653
2537,0,0,0,1,0,0,0,120.0,50.0,2.513,4.63785,0.701605
2538,0,0,0,1,0,0,0,120.0,60.0,0.499,0,0
2539,0,0,0,1,0,0,0,120.0,60.0,0.75,0,0
2540,0,0,0,1,0,0,0,120.0,60.0,1.0,0,0
2541,0,0,0,1,0,0,0,120.0,60.0,1.25,0,0
2542,0,0,0,1,0,0,0,120.0,60.0,1.5,0.0403091,0
2543,0,0,0,1,0,0,0,120.0,60.0,1.75,2.18505,0
2544,0,0,0,1,0,0,0,120.0,60.0,2.0,5.25747,0.321838
2545,0,0,0,1,0,0,0,120.0,60.0,2.25,7.79037,1.19832
2546,0,0,0,1,0,0,0,120.0,60.0,2.513,9.76727,1.66186
2547,0,0,0,1,0,0,0,120.0,70.0,0.499,0,0
2548,0,0,0,1,0,0,0,120.0,70.0,0.75,0,0
2549,0,0,0,1,0,0,0,120.0,70.0,1.0,0,0
2550,0,0,0,1,0,0,0,120.0,70.0,1.25,0,0
2551,0,0,0,1,0,0,0,120.0,70.0,1.5,2.20787,0
2552,0,0,0,1,0,0,0,120.0,70.0,1.75,7.03336,0.113841
2553,0,0,0,1,0,0,0,120.0,70.0,2.0,11.629,1.51372
2554,0,0,0,1,0,0,0,120.0,70.0,2.25,14.8448,2.31431
2555,0,0,0,1,0,0,0,120.0,70.0,2.513,16.9775,2.50962
2556,0,0,0,1,0,0,0,120.0,80.0,0.499,0,0
2557,0,0,0,1,0,0,0,120.0,80.0,0.75,0,0
2558,0,0,0,1,0,0,0,120.0,80.0,1.0,0,0
2559,0,0,0,1,0,0,0,120.0,80.0,1.25,1.86461,0
2560,0,0,0,1,0,0,0,120.0,80.0,1.5,6.86074,0.0186174
2561,0,0,0,1,0,0,0,120.0,80.0,1.75,12.957,0.922796
2562,0,0,0,1,0,0,0,120.0,80.0,2.0,18.3932,2.62777
2563,0,0,0,1,0,0,0,120.0,80.0,2.25,22.0732,3.39502
2564,0,0,0,1,0,0,0,120.0,80.0,2.513,24.1904,3.11577
2565,0,0,0,1,0,0,0,120.0,90.0,0.499,0,0.42568
2566,0,0,0,1,0,0,0,120.0,90.0,0.75,0,0.790369
2567,0,0,0,1,0,0,0,120.0,90.0,1.0,1.28049,1.06625
2568,0,0,0,1,0,0,0,120.0,90.0,1.25,5.71048,1.13233
2569,0,0,0,1,0,0,0,120.0,90.0,1.5,12.3155,1.52758
2570,0,0,0,1,0,0,0,120.0,90.0,1.75,18.974,3.14918
2571,0,0,0,1,0,0,0,120.0,90.0,2.0,24.8597,4.58703
2572,0,0,0,1,0,0,0,120.0,90.0,2.25,29.096,4.76347
2573,0,0,0,1,0,0,0,120.0,90.0,2.513,31.5558,3.92051
2574,0,0,0,1,0,0,0,120.0,100.0,0.499,0,2.75413
2575,0,0,0,1,0,0,0,120.0,100.0,0.75,0.612957,2.95214
2576,0,0,0,1,0,0,0,120.0,100.0,1.0,3.83208,3.41779
2577,0,0,0,1,0,0,0,120.0,100.0,1.25,11.041,4.41312
2578,0,0,0,1,0,0,0,120.0,100.0,1.5,18.4857,5.63629
2579,0,0,0,1,0,0,0,120.0,100.0,1.75,25.3511,6.48991
2580,0,0,0,1,0,0,0,120.0,100.0,2.0,31.4251,6.88271
2581,0,0,0,1,0,0,0,120.0,100.0,2.25,36.0373,6.60016
2582,0,0,0,1,0,0,0,120.0,100.0,2.513,38.9371,5.22921
2583,0,0,0,1,0,0,0,120.0,110.0,0.499,0.0880193,7.24522
2584,0,0,0,1,0,0,0,120.0,110.0,0.75,3.09333,8.23278
2585,0,0,0,1,0,0,0,120.0,110.0,1.0,9.43085,9.14956
2586,0,0,0,1,0,0,0,120.0,110.0,1.25,17.3897,9.84869
2587,0,0,0,1,0,0,0,120.0,110.0,1.5,25.0998,10.2075
2588,0,0,0,1,0,0,0,120.0,110.0,1.75,32.1193,10.2528
2589,0,0,0,1,0,0,0,120.0,110.0,2.0,38.1481,9.66846
2590,0,0,0,1,0,0,0,120.0,110.0,2.25,42.8166,8.59295
2591,0,0,0,1,0,0,0,120.0,110.0,2.513,46.2141,6.7673
2592,0,0,0,1,0,0,0,180.0,30.0,0.499,0,0
2593,0,0,0,1,0,0,0,180.0,30.0,0.75,0,0
2594,0,0,0,1,0,0,0,180.0,30.0,1.0,0,0
2595,0,0,0,1,0,0,0,180.0,30.0,1.25,0,0
2596,0,0,0,1,0,0,0,180.0,30.0,1.5,0,0
2597,0,0,0,1,0,0,0,180.0,30.0,1.75,0,0
2598,0,0,0,1,0,0,0,180.0,30.0,2.0,0,0
2599,0,0,0,1,0,0,0,180.0,30.0,2.25,0,0
2600,0,0,0,1,0,0,0,180.0,30.0,2.513,0.318433,0
2601,0,0,0,1,0,0,0,180.0,40.0,0.499,0,0
2602,0,0,0,1,0,0,0,180.0,40.0,0.75,0,0
2603,0,0,0,1,0,0,0,180.0,40.0,1.0,0,0
2604,0,0,0,1,0,0,0,180.0,40.0,1.25,0,0
2605,0,0,0,1,0,0,0,180.0,40.0,1.5,0,0
2606,0,0,0,1,0,0,0,180.0,40.0,1.75,0,0
2607,0,0,0,1,0,0,0,180.0,40.0,2.0,0,0
2608,0,0,0,1,0,0,0,180.0,40.0,2.25,0.695193,0
2609,0,0,0,1,0,0,0,180.0,40.0,2.513,1.4668,0.334752
2610,0,0,0,1,0,0,0,180.0,50.0,0.499,0,0
2611,0,0,0,1,0,0,0,180.0,50.0,0.75,0,0
2612,0,0,0,1,0,0,0,180.0,50.0,1.0,0,0
2613,0,0,0,1,0,0,0,180.0,50.0,1.25,0,0
2614,0,0,0,1,0,0,0,180.0,50.0,1.5,0,0
2615,0,0,0,1,0,0,0,180.0,50.0,1.75,0.15191,0
2616,0,0,0,1,0,0,0,180.0,50.0,2.0,1.38996,0
2617,0,0,0,1,0,0,0,180.0,50.0,2.25,2.65205,0.481992
2618,0,0,0,1,0,0,0,180.0,50.0,2.513,4.44519,0.921415
2619,0,0,0,1,0,0,0,180.0,60.0,0.499,0,0
2620,0,0,0,1,0,0,0,180.0,60.0,0.75,0,0
2621,0,0,0,1,0,0,0,180.0,60.0,1.0,0,0
2622,0,0,0,1,0,0,0,180.0,60.0,1.25,0,0
2623,0,0,0,1,0,0,0,180.0,60.0,1.5,0.251394,0
2624,0,0,0,1,0,0,0,180.0,60.0,1.75,2.31523,0
2625,0,0,0,1,0,0,0,180.0,60.0,2.0,5.06162,0.666814
2626,0,0,0,1,0,0,0,180.0,60.0,2.25,7.66522,1.51299
2627,0,0,0,1,0,0,0,180.0,60.0,2.513,9.42004,1.70639
2628,0,0,0,1,0,0,0,180.0,70.0,0.499,0,0
2629,0,0,0,1,0,0,0,180.0,70.0,0.75,0,0
2630,0,0,0,1,0,0,0,180.0,70.0,1.0,0,0
2631,0,0,0,1,0,0,0,180.0,70.0,1.25,0.00490622,0
2632,0,0,0,1,0,0,0,180.0,70.0,1.5,2.36112,0
2633,0,0,0,1,0,0,0,180.0,70.0,1.75,6.95098,0.251006
2634,0,0,0,1,0,0,0,180.0,70.0,2.0,11.3238,1.71985
2635,0,0,0,1,0,0,0,180.0,70.0,2.25,14.5225,2.43788
2636,0,0,0,1,0,0,0,180.0,70.0,2.513,16.5445,2.42663
2637,0,0,0,1,0,0,0,180.0,80.0,0.499,0,0
2638,0,0,0,1,0,0,0,180.0,80.0,0.75,0,0
2639,0,0,0,1,0,0,0,180.0,80.0,1.0,0,0
2640,0,0,0,1,0,0,0,180.0,80.0,1.25,1.99116,0.0117288
2641,0,0,0,1,0,0,0,180.0,80.0,1.5,6.93728,0.293803
2642,0,0,0,1,0,0,0,180.0,80.0,1.75,12.6301,1.07856
2643,0,0,0,1,0,0,0,180.0,80.0,2.0,17.918,2.6687
2644,0,0,0,1,0,0,0,180.0,80.0,2.25,21.5336,3.16685
2645,0,0,0,1,0,0,0,180.0,80.0,2.513,23.7209,2.83871
2646,0,0,0,1,0,0,0,180.0,90.0,0.499,0,1.27175
2647,0,0,0,1,0,0,0,180.0,90.0,0.75,0,1.51144
2648,0,0,0,1,0,0,0,180.0,90.0,1.0,1.5759,1.60318
2649,0,0,0,1,0,0,0,180.0,90.0,1.25,5.97679,1.67986
2650,0,0,0,1,0,0,0,180.0,90.0,1.5,12.3271,1.84592
2651,0,0,0,1,0,0,0,180.0,90.0,1.75,18.6834,3.31772
2652,0,0,0,1,0,0,0,180.0,90.0,2.0,24.3709,4.48006
2653,0,0,0,1,0,0,0,180.0,90.0,2.25,28.6463,4.59546
2654,0,0,0,1,0,0,0,180.0,90.0,2.513,30.8441,3.51723
2655,0,0,0,1,0,0,0,180.0,100.0,0.499,0,3.51951
2656,0,0,0,1,0,0,0,180.0,100.0,0.75,1.00907,3.72357
2657,0,0,0,1,0,0,0,180.0,100.0,1.0,4.44197,4.03925
2658,0,0,0,1,0,0,0,180.0,100.0,1.25,11.2866,4.73606
2659,0,0,0,1,0,0,0,180.0,100.0,1.5,18.6158,5.82997
2660,0,0,0,1,0,0,0,180.0,100.0,1.75,25.2957,6.43093
2661,0,0,0,1,0,0,0,180.0,100.0,2.0,30.9384,6.65099
2662,0,0,0,1,0,0,0,180.0,100.0,2.25,35.3542,6.16879
2663,0,0,0,1,0,0,0,180.0,100.0,2.513,38.2103,4.68015
2664,0,0,0,1,0,0,0,180.0,110.0,0.499,0.571907,8.5361
2665,0,0,0,1,0,0,0,180.0,110.0,0.75,3.634,9.26254
2666,0,0,0,1,0,0,0,180.0,110.0,1.0,9.97347,9.77133
2667,0,0,0,1,0,0,0,180.0,110.0,1.25,17.8323,10.2464
2668,0,0,0,1,0,0,0,180.0,110.0,1.5,25.3815,10.3764
2669,0,0,0,1,0,0,0,180.0,110.0,1.75,32.1656,10.1791
2670,0,0,0,1,0,0,0,180.0,110.0,2.0,37.8715,9.35441
2671,0,0,0,1,0,0,0,180.0,110.0,2.25,42.4132,8.01801
2672,0,0,0,1,0,0,0,180.0,110.0,2.513,45.4091,5.96203
2673,0,0,0,1,0,0,0,240.0,30.0,0.499,0,0
2674,0,0,0,1,0,0,0,240.0,30.0,0.75,0,0
2675,0,0,0,1,0,0,0,240.0,30.0,1.0,0,0
2676,0,0,0,1,0,0,0,240.0,30.0,1.25,0,0
2677,0,0,0,1,0,0,0,240.0,30.0,1.5,0,0
2678,0,0,0,1,0,0,0,240.0,30.0,1.75,0,0
2679,0,0,0,1,0,0,0,240.0,30.0,2.0,0,0
2680,0,0,0,1,0,0,0,240.0,30.0,2.25,0,0
2681,0,0,0,1,0,0,0,240.0,30.0,2.513,0.55267,0
2682,0,0,0,1,0,0,0,240.0,40.0,0.499,0,0
2683,0,0,0,1,0,0,0,240.0,40.0,0.75,0,0
2684,0,0,0,1,0,0,0,240.0,40.0,1.0,0,0
2685,0,0,0,1,0,0,0,240.0,40.0,1.25,0,0
2686,0,0,0,1,0,0,0,240.0,40.0,1.5,0,0
2687,0,0,0,1,0,0,0,240.0,40.0,1.75,0,0
2688,0,0,0,1,0,0,0,240.0,40.0,2.0,0.239793,0
2689,0,0,0,1,0,0,0,240.0,40.0,2.25,0.970293,0.0749932
2690,0,0,0,1,0,0,0,240.0,40.0,2.513,1.57936,0.464073
2691,0,0,0,1,0,0,0,240.0,50.0,0.499,0,0
2692,0,0,0,1,0,0,0,240.0,50.0,0.75,0,0
2693,0,0,0,1,0,0,0,240.0,50.0,1.0,0,0
2694,0,0,0,1,0,0,0,240.0,50.0,1.25,0,0
2695,0,0,0,1,0,0,0,240.0,50.0,1.5,0,0
2696,0,0,0,1,0,0,0,240.0,50.0,1.75,0.351568,0
2697,0,0,0,1,0,0,0,240.0,50.0,2.0,1.6937,0.0534272
2698,0,0,0,1,0,0,0,240.0,50.0,2.25,2.80312,0.564563
2699,0,0,0,1,0,0,0,240.0,50.0,2.513,4.02528,0.85795
2700,0,0,0,1,0,0,0,240.0,60.0,0.499,0,0
2701,0,0,0,1,0,0,0,240.0,60.0,0.75,0,0
2702,0,0,0,1,0,0,0,240.0,60.0,1.0,0,0
2703,0,0,0,1,0,0,0,240.0,60.0,1.25,0,0
2704,0,0,0,1,0,0,0,240.0,60.0,1.5,0.292062,0
2705,0,0,0,1,0,0,0,240.0,60.0,1.75,2.43948,0
2706,0,0,0,1,0,0,0,240.0,60.0,2.0,4.89146,0.731269
2707,0,0,0,1,0,0,0,240.0,60.0,2.25,7.2661,1.44637
2708,0,0,0,1,0,0,0,240.0,60.0,2.513,8.90925,1.61087
2709,0,0,0,1,0,0,0,240.0,70.0,0.499,0,0
2710,0,0,0,1,0,0,0,240.0,70.0,0.75,0,0
2711,0,0,0,1,0,0,0,240.0,70.0,1.0,0,0
2712,0,0,0,1,0,0,0,240.0,70.0,1.25,0.172043,0
2713,0,0,0,1,0,0,0,240.0,70.0,1.5,2.41958,0.0498743
2714,0,0,0,1,0,0,0,240.0,70.0,1.75,6.98014,0.476518
2715,0,0,0,1,0,0,0,240.0,70.0,2.0,11.156,1.60092
2716,0,0,0,1,0,0,0,240.0,70.0,2.25,14.0591,2.27339
2717,0,0,0,1,0,0,0,240.0,70.0,2.513,15.8037,2.16438
2718,0,0,0,1,0,0,0,240.0,80.0,0.499,0,0.469326
2719,0,0,0,1,0,0,0,240.0,80.0,0.75,0,0.399148
2720,0,0,0,1,0,0,0,240.0,80.0,1.0,0.143109,0.431107
2721,0,0,0,1,0,0,0,240.0,80.0,1.25,2.10771,0.49405
2722,0,0,0,1,0,0,0,240.0,80.0,1.5,7.1101,0.650817
2723,0,0,0,1,0,0,0,240.0,80.0,1.75,12.5141,1.3201
2724,0,0,0,1,0,0,0,240.0,80.0,2.0,17.3958,2.34355
2725,0,0,0,1,0,0,0,240.0,80.0,2.25,20.9032,2.85444
2726,0,0,0,1,0,0,0,240.0,80.0,2.513,22.7784,2.35654
2727,0,0,0,1,0,0,0,240.0,90.0,0.499,0,2.0542
2728,0,0,0,1,0,0,0,240.0,90.0,0.75,0,2.13686
2729,0,0,0,1,0,0,0,240.0,90.0,1.0,1.93941,2.16703
2730,0,0,0,1,0,0,0,240.0,90.0,1.25,6.33638,2.13389
2731,0,0,0,1,0,0,0,240.0,90.0,1.5,12.5478,2.18061
2732,0,0,0,1,0,0,0,240.0,90.0,1.75,18.478,3.3669
2733,0,0,0,1,0,0,0,240.0,90.0,2.0,23.8041,4.17372
2734,0,0,0,1,0,0,0,240.0,90.0,2.25,27.7165,4.17713
2735,0,0,0,1,0,0,0,240.0,90.0,2.513,29.8272,2.82485
2736,0,0,0,1,0,0,0,240.0,100.0,0.499,0,4.59274
2737,0,0,0,1,0,0,0,240.0,100.0,0.75,1.69665,4.70676
2738,0,0,0,1,0,0,0,240.0,100.0,1.0,4.91187,4.83184
2739,0,0,0,1,0,0,0,240.0,100.0,1.25,11.8308,5.22725
2740,0,0,0,1,0,0,0,240.0,100.0,1.5,18.7758,5.95718
2741,0,0,0,1,0,0,0,240.0,100.0,1.75,25.0895,6.21483
2742,0,0,0,1,0,0,0,240.0,100.0,2.0,30.2643,6.20752
2743,0,0,0,1,0,0,0,240.0,100.0,2.25,34.4117,5.57209
2744,0,0,0,1,0,0,0,240.0,100.0,2.513,36.9885,3.83313
2745,0,0,0,1,0,0,0,240.0,110.0,0.499,1.24064,9.80872
2746,0,0,0,1,0,0,0,240.0,110.0,0.75,4.3885,10.2354
2747,0,0,0,1,0,0,0,240.0,110.0,1.0,10.7137,10.417
2748,0,0,0,1,0,0,0,240.0,110.0,1.25,18.3264,10.6382
2749,0,0,0,1,0,0,0,240.0,110.0,1.5,25.772,10.6348
2750,0,0,0,1,0,0,0,240.0,110.0,1.75,32.3688,10.0586
2751,0,0,0,1,0,0,0,240.0,110.0,2.0,37.6469,9.05078
2752,0,0,0,1,0,0,0,240.0,110.0,2.25,41.7001,7.44057
2753,0,0,0,1,0,0,0,240.0,110.0,2.513,44.1558,4.97151
2754,0,0,0,1,0,0,0,300.0,30.0,0.499,0,0
2755,0,0,0,1,0,0,0,300.0,30.0,0.75,0,0
2756,0,0,0,1,0,0,0,300.0,30.0,1.0,0,0
2757,0,0,0,1,0,0,0,300.0,30.0,1.25,0,0
2758,0,0,0,1,0,0,0,300.0,30.0,1.5,0,0
2759,0,0,0,1,0,0,0,300.0,30.0,1.75,0,0
2760,0,0,0,1,0,0,0,300.0,30.0,2.0,0,0
2761,0,0,0,1,0,0,0,300.0,30.0,2.25,0.198556,0
2762,0,0,0,1,0,0,0,300.0,30.0,2.513,0.690543,0.0842171
2763,0,0,0,1,0,0,0,300.0,40.0,0.499,0,0
2764,0,0,0,1,0,0,0,300.0,40.0,0.75,0,0
2765,0,0,0,1,0,0,0,300.0,40.0,1.0,0,0
2766,0,0,0,1,0,0,0,300.0,40.0,1.25,0,0
2767,0,0,0,1,0,0,0,300.0,40.0,1.5,0,0
2768,0,0,0,1,0,0,0,300.0,40.0,1.75,0,0
2769,0,0,0,1,0,0,0,300.0,40.0,2.0,0.513649,0
2770,0,0,0,1,0,0,0,300.0,40.0,2.25,1.17386,0.170035
2771,0,0,0,1,0,0,0,300.0,40.0,2.513,1.56942,0.414497
2772,0,0,0,1,0,0,0,300.0,50.0,0.499,0,0
2773,0,0,0,1,0,0,0,300.0,50.0,0.75,0,0
2774,0,0,0,1,0,0,0,300.0,50.0,1.0,0,0
2775,0,0,0,1,0,0,0,300.0,50.0,1.25,0,0
2776,0,0,0,1,0,0,0,300.0,50.0,1.5,0,0
2777,0,0,0,1,0,0,0,300.0,50.0,1.75,0.579066,0
2778,0,0,0,1,0,0,0,300.0,50.0,2.0,1.91328,0.0810456
2779,0,0,0,1,0,0,0,300.0,50.0,2.25,2.98388,0.57565
2780,0,0,0,1,0,0,0,300.0,50.0,2.513,3.80131,0.650909
2781,0,0,0,1,0,0,0,300.0,60.0,0.499,0,0
2782,0,0,0,1,0,0,0,300.0,60.0,0.75,0,0
2783,0,0,0,1,0,0,0,300.0,60.0,1.0,0,0
2784,0,0,0,1,0,0,0,300.0,60.0,1.25,0,0
2785,0,0,0,1,0,0,0,300.0,60.0,1.5,0.343722,0
2786,0,0,0,1,0,0,0,300.0,60.0,1.75,2.43432,0
2787,0,0,0,1,0,0,0,300.0,60.0,2.0,4.8647,0.636885
2788,0,0,0,1,0,0,0,300.0,60.0,2.25,7.07145,1.23783
2789,0,0,0,1,0,0,0,300.0,60.0,2.513,8.15419,1.25158
2790,0,0,0,1,0,0,0,300.0,70.0,0.499,0,0.134036
2791,0,0,0,1,0,0,0,300.0,70.0,0.75,0,0.0381189
2792,0,0,0,1,0,0,0,300.0,70.0,1.0,0,0.0783357
2793,0,0,0,1,0,0,0,300.0,70.0,1.25,0.278378,0.181626
2794,0,0,0,1,0,0,0,300.0,70.0,1.5,2.55292,0.398957
2795,0,0,0,1,0,0,0,300.0,70.0,1.75,7.00612,0.699124
2796,0,0,0,1,0,0,0,300.0,70.0,2.0,10.8437,1.43999
2797,0,0,0,1,0,0,0,300.0,70.0,2.25,13.5122,1.82296
2798,0,0,0,1,0,0,0,300.0,70.0,2.513,14.8206,1.6152
2799,0,0,0,1,0,0,0,300.0,80.0,0.499,0,1.11807
2800,0,0,0,1,0,0,0,300.0,80.0,0.75,0,1.00108
2801,0,0,0,1,0,0,0,300.0,80.0,1.0,0.489136,0.923919
2802,0,0,0,1,0,0,0,300.0,80.0,1.25,2.4896,0.975972
2803,0,0,0,1,0,0,0,300.0,80.0,1.5,7.3451,1.06662
2804,0,0,0,1,0,0,0,300.0,80.0,1.75,12.5269,1.5615
2805,0,0,0,1,0,0,0,300.0,80.0,2.0,16.9636,2.16857
2806,0,0,0,1,0,0,0,300.0,80.0,2.25,19.9568,2.30641
2807,0,0,0,1,0,0,0,300.0,80.0,2.513,21.6674,1.68936
2808,0,0,0,1,0,0,0,300.0,90.0,0.499,0,2.76957
2809,0,0,0,1,0,0,0,300.0,90.0,0.75,0.489425,2.77913
2810,0,0,0,1,0,0,0,300.0,90.0,1.0,2.2236,2.70896
2811,0,0,0,1,0,0,0,300.0,90.0,1.25,6.84344,2.66142
2812,0,0,0,1,0,0,0,300.0,90.0,1.5,12.9431,2.59922
2813,0,0,0,1,0,0,0,300.0,90.0,1.75,18.4201,3.1725
2814,0,0,0,1,0,0,0,300.0,90.0,2.0,23.0757,3.72986
2815,0,0,0,1,0,0,0,300.0,90.0,2.25,26.4639,3.35894
2816,0,0,0,1,0,0,0,300.0,90.0,2.513,28.6043,1.91453
2817,0,0,0,1,0,0,0,300.0,100.0,0.499,0.477582,5.58389
2818,0,0,0,1,0,0,0,300.0,100.0,0.75,2.27509,5.69027
2819,0,0,0,1,0,0,0,300.0,100.0,1.0,5.82787,5.74045
2820,0,0,0,1,0,0,0,300.0,100.0,1.25,12.5614,5.83612
2821,0,0,0,1,0,0,0,300.0,100.0,1.5,19.154,6.20393
2822,0,0,0,1,0,0,0,300.0,100.0,1.75,25.0545,6.07223
2823,0,0,0,1,0,0,0,300.0,100.0,2.0,29.7158,5.71628
2824,0,0,0,1,0,0,0,300.0,100.0,2.25,33.1478,4.58748
2825,0,0,0,1,0,0,0,300.0,100.0,2.513,35.3879,2.5715
2826,0,0,0,1,0,0,0,300.0,110.0,0.499,1.9814,11.0419
2827,0,0,0,1,0,0,0,300.0,110.0,0.75,5.29179,11.2606
2828,0,0,0,1,0,0,0,300.0,110.0,1.0,11.6304,11.2482
2829,0,0,0,1,0,0,0,300.0,110.0,1.25,19.0297,11.2257
2830,0,0,0,1,0,0,0,300.0,110.0,1.5,26.1384,10.9566
2831,0,0,0,1,0,0,0,300.0,110.0,1.75,32.2825,9.91067
2832,0,0,0,1,0,0,0,300.0,110.0,2.0,37.1955,8.59243
2833,0,0,0,1,0,0,0,300.0,110.0,2.25,40.6994,6.62429
2834,0,0,0,1,0,0,0,300.0,110.0,2.513,42.8854,4.17511
2835,0,0,0,1,0,0,0,360.0,30.0,0.499,0,0
2836,0,0,0,1,0,0,0,360.0,30.0,0.75,0,0
2837,0,0,0,1,0,0,0,360.0,30.0,1.0,0,0
2838,0,0,0,1,0,0,0,360.0,30.0,1.25,0,0
2839,0,0,0,1,0,0,0,360.0,30.0,1.5,0,0
2840,0,0,0,1,0,0,0,360.0,30.0,1.75,0,0
2841,0,0,0,1,0,0,0,360.0,30.0,2.0,0,0
2842,0,0,0,1,0,0,0,360.0,30.0,2.25,0.36785,0
2843,0,0,0,1,0,0,0,360.0,30.0,2.513,0.719296,0.103018
2844,0,0,0,1,0,0,0,360.0,40.0,0.499,0,0
2845,0,0,0,1,0,0,0,360.0,40.0,0.75,0,0
2846,0,0,0,1,0,0,0,360.0,40.0,1.0,0,0
2847,0,0,0,1,0,0,0,360.0,40.0,1.25,0,0
2848,0,0,0,1,0,0,0,360.0,40.0,1.5,0,0
2849,0,0,0,1,0,0,0,360.0,40.0,1.75,0,0
2850,0,0,0,1,0,0,0,360.0,40.0,2.0,0.676812,0
2851,0,0,0,1,0,0,0,360.0,40.0,2.25,1.26447,0.216441
2852,0,0,0,1,0,0,0,360.0,40.0,2.513,1.50763,0.318411
2853,0,0,0,1,0,0,0,360.0,50.0,0.499,0,0
2854,0,0,0,1,0,0,0,360.0,50.0,0.75,0,0
2855,0,0,0,1,0,0,0,360.0,50.0,1.0,0,0
2856,0,0,0,1,0,0,0,360.0,50.0,1.25,0,0
2857,0,0,0,1,0,0,0,360.0,50.0,1.5,0,0
2858,0,0,0,1,0,0,0,360.0,50.0,1.75,0.804069,0
2859,0,0,0,1,0,0,0,360.0,50.0,2.0,1.89924,0.0855828
2860,0,0,0,1,0,0,0,360.0,50.0,2.25,2.80935,0.420368
2861,0,0,0,1,0,0,0,360.0,50.0,2.513,3.4188,0.466486
2862,0,0,0,1,0,0,0,360.0,60.0,0.499,0,0
2863,0,0,0,1,0,0,0,360.0,60.0,0.75,0,0
2864,0,0,0,1,0,0,0,360.0,60.0,1.0,0,0
2865,0,0,0,1,0,0,0,360.0,60.0,1.25,0,0
2866,0,0,0,1,0,0,0,360.0,60.0,1.5,0.501016,0
2867,0,0,0,1,0,0,0,360.0,60.0,1.75,2.3289,0.0944536
2868,0,0,0,1,0,0,0,360.0,60.0,2.0,4.90119,0.554794
2869,0,0,0,1,0,0,0,360.0,60.0,2.25,6.73001,0.930486
2870,0,0,0,1,0,0,0,360.0,60.0,2.513,7.33884,0.778604
2871,0,0,0,1,0,0,0,360.0,70.0,0.499,0,0.740955
2872,0,0,0,1,0,0,0,360.0,70.0,0.75,0,0.623734
2873,0,0,0,1,0,0,0,360.0,70.0,1.0,0,0.563886
2874,0,0,0,1,0,0,0,360.0,70.0,1.25,0.337108,0.576065
2875,0,0,0,1,0,0,0,360.0,70.0,1.5,2.94795,0.744057
2876,0,0,0,1,0,0,0,360.0,70.0,1.75,7.10205,0.842979
2877,0,0,0,1,0,0,0,360.0,70.0,2.0,10.5172,1.38229
2878,0,0,0,1,0,0,0,360.0,70.0,2.25,12.7636,1.43843
2879,0,0,0,1,0,0,0,360.0,70.0,2.513,13.7474,1.0638
2880,0,0,0,1,0,0,0,360.0,80.0,0.499,0,1.73659
2881,0,0,0,1,0,0,0,360.0,80.0,0.75,0.159746,1.6496
2882,0,0,0,1,0,0,0,360.0,80.0,1.0,0.823874,1.51627
2883,0,0,0,1,0,0,0,360.0,80.0,1.25,2.87615,1.45601
2884,0,0,0,1,0,0,0,360.0,80.0,1.5,7.7938,1.50433
2885,0,0,0,1,0,0,0,360.0,80.0,1.75,12.3796,1.68945
2886,0,0,0,1,0,0,0,360.0,80.0,2.0,16.4977,2.08939
2887,0,0,0,1,0,0,0,360.0,80.0,2.25,18.9382,1.78807
2888,0,0,0,1,0,0,0,360.0,80.0,2.513,20.1526,1.07248
2889,0,0,0,1,0,0,0,360.0,90.0,0.499,0.166954,3.53375
2890,0,0,0,1,0,0,0,360.0,90.0,0.75,1.04036,3.43075
2891,0,0,0,1,0,0,0,360.0,90.0,1.0,2.68929,3.29924
2892,0,0,0,1,0,0,0,360.0,90.0,1.25,7.705,3.15012
2893,0,0,0,1,0,0,0,360.0,90.0,1.5,13.5512,2.99267
2894,0,0,0,1,0,0,0,360.0,90.0,1.75,18.5252,3.16079
2895,0,0,0,1,0,0,0,360.0,90.0,2.0,22.5093,3.12928
2896,0,0,0,1,0,0,0,360.0,90.0,2.25,25.2753,2.25949
2897,0,0,0,1,0,0,0,360.0,90.0,2.513,26.8555,1.06477
2898,0,0,0,1,0,0,0,360.0,100.0,0.499,1.18942,6.46825
2899,0,0,0,1,0,0,0,360.0,100.0,0.75,2.93749,6.55943
2900,0,0,0,1,0,0,0,360.0,100.0,1.0,7.04872,6.62275
2901,0,0,0,1,0,0,0,360.0,100.0,1.25,13.311,6.45028
2902,0,0,0,1,0,0,0,360.0,100.0,1.5,19.7188,6.51592
2903,0,0,0,1,0,0,0,360.0,100.0,1.75,25.1294,6.12859
2904,0,0,0,1,0,0,0,360.0,100.0,2.0,29.1837,5.25337
2905,0,0,0,1,0,0,0,360.0,100.0,2.25,32.2016,3.71563
2906,0,0,0,1,0,0,0,360.0,100.0,2.513,33.8983,1.6198
2907,0,0,0,1,0,0,0,360.0,110.0,0.499,2.71825,12.1792
2908,0,0,0,1,0,0,0,360.0,110.0,0.75,6.19635,12.2951
2909,0,0,0,1,0,0,0,360.0,110.0,1.0,12.5893,11.9326
2910,0,0,0,1,0,0,0,360.0,110.0,1.25,19.762,11.8262
2911,0,0,0,1,0,0,0,360.0,110.0,1.5,26.3701,11.0736
2912,0,0,0,1,0,0,0,360.0,110.0,1.75,32.1296,9.77935
2913,0,0,0,1,0,0,0,360.0,110.0,2.0,36.4593,7.97054
2914,0,0,0,1,0,0,0,360.0,110.0,2.25,39.5306,5.73499
2915,0,0,0,1,0,0,0,360.0,110.0,2.513,41.4168,3.40046
2916,0,0,0,1,0,0,0,420.0,30.0,0.499,0,0
2917,0,0,0,1,0,0,0,420.0,30.0,0.75,0,0
2918,0,0,0,1,0,0,0,420.0,30.0,1.0,0,0
2919,0,0,0,1,0,0,0,420.0,30.0,1.25,0,0
2920,0,0,0,1,0,0,0,420.0,30.0,1.5,0,0
2921,0,0,0,1,0,0,0,420.0,30.0,1.75,0,0
2922,0,0,0,1,0,0,0,420.0,30.0,2.0,0.0030158,0
2923,0,0,0,1,0,0,0,420.0,30.0,2.25,0.450551,0
2924,0,0,0,1,0,0,0,420.0,30.0,2.513,0.712453,0.0540749
2925,0,0,0,1,0,0,0,420.0,40.0,0.499,0,0
2926,0,0,0,1,0,0,0,420.0,40.0,0.75,0,0
2927,0,0,0,1,0,0,0,420.0,40.0,1.0,0,0
2928,0,0,0,1,0,0,0,420.0,40.0,1.25,0,0
2929,0,0,0,1,0,0,0,420.0,40.0,1.5,0,0
2930,0,0,0,1,0,0,0,420.0,40.0,1.75,0.143772,0
2931,0,0,0,1,0,0,0,420.0,40.0,2.0,0.787639,0
2932,0,0,0,1,0,0,0,420.0,40.0,2.25,1.17721,0.0895615
2933,0,0,0,1,0,0,0,420.0,40.0,2.513,1.44125,0.222559
2934,0,0,0,1,0,0,0,420.0,50.0,0.499,0,0
2935,0,0,0,1,0,0,0,420.0,50.0,0.75,0,0
2936,0,0,0,1,0,0,0,420.0,50.0,1.0,0,0
2937,0,0,0,1,0,0,0,420.0,50.0,1.25,0,0
2938,0,0,0,1,0,0,0,420.0,50.0,1.5,0,0
2939,0,0,0,1,0,0,0,420.0,50.0,1.75,0.939089,0
2940,0,0,0,1,0,0,0,420.0,50.0,2.0,1.71027,0.0158837
2941,0,0,0,1,0,0,0,420.0,50.0,2.25,2.42864,0.224409
2942,0,0,0,1,0,0,0,420.0,50.0,2.513,3.00012,0.224665
2943,0,0,0,1,0,0,0,420.0,60.0,0.499,0,0.22751
2944,0,0,0,1,0,0,0,420.0,60.0,0.75,0,0.148523
2945,0,0,0,1,0,0,0,420.0,60.0,1.0,0,0.0421632
2946,0,0,0,1,0,0,0,420.0,60.0,1.25,0,0.115727
2947,0,0,0,1,0,0,0,420.0,60.0,1.5,0.552972,0.244563
2948,0,0,0,1,0,0,0,420.0,60.0,1.75,2.29098,0.301365
2949,0,0,0,1,0,0,0,420.0,60.0,2.0,4.72274,0.503552
2950,0,0,0,1,0,0,0,420.0,60.0,2.25,6.1315,0.48691
2951,0,0,0,1,0,0,0,420.0,60.0,2.513,6.65298,0.231444
2952,0,0,0,1,0,0,0,420.0,70.0,0.499,0,1.30294
2953,0,0,0,1,0,0,0,420.0,70.0,0.75,0,1.16788
2954,0,0,0,1,0,0,0,420.0,70.0,1.0,0.0247838,1.05066
2955,0,0,0,1,0,0,0,420.0,70.0,1.25,0.551355,0.992512
2956,0,0,0,1,0,0,0,420.0,70.0,1.5,3.34841,1.09123
2957,0,0,0,1,0,0,0,420.0,70.0,1.75,7.06521,1.04865
2958,0,0,0,1,0,0,0,420.0,70.0,2.0,10.2106,1.26509
2959,0,0,0,1,0,0,0,420.0,70.0,2.25,12.0746,1.08767
2960,0,0,0,1,0,0,0,420.0,70.0,2.513,12.6016,0.394112
2961,0,0,0,1,0,0,0,420.0,80.0,0.499,0,2.39657
2962,0,0,0,1,0,0,0,420.0,80.0,0.75,0.460134,2.24447
2963,0,0,0,1,0,0,0,420.0,80.0,1.0,1.0764,2.08441
2964,0,0,0,1,0,0,0,420.0,80.0,1.25,3.59876,1.97759
2965,0,0,0,1,0,0,0,420.0,80.0,1.5,8.4422,1.92803
2966,0,0,0,1,0,0,0,420.0,80.0,1.75,12.5703,1.79129
2967,0,0,0,1,0,0,0,420.0,80.0,2.0,15.9391,1.90828
2968,0,0,0,1,0,0,0,420.0,80.0,2.25,17.9229,1.38582
2969,0,0,0,1,0,0,0,420.0,80.0,2.513,18.6079,0.475981
2970,0,0,0,1,0,0,0,420.0,90.0,0.499,0.768086,4.24828
2971,0,0,0,1,0,0,0,420.0,90.0,0.75,1.56913,4.09391
2972,0,0,0,1,0,0,0,420.0,90.0,1.0,3.48283,3.84998
2973,0,0,0,1,0,0,0,420.0,90.0,1.25,8.68439,3.64773
2974,0,0,0,1,0,0,0,420.0,90.0,1.5,14.2857,3.48323
2975,0,0,0,1,0,0,0,420.0,90.0,1.75,18.6231,3.18626
2976,0,0,0,1,0,0,0,420.0,90.0,2.0,21.9113,2.66466
2977,0,0,0,1,0,0,0,420.0,90.0,2.25,24.3232,1.65741
2978,0,0,0,1,0,0,0,420.0,90.0,2.513,25.2935,0.631745
2979,0,0,0,1,0,0,0,420.0,100.0,0.499,1.97365,7.35488
2980,0,0,0,1,0,0,0,420.0,100.0,0.75,3.51458,7.27609
2981,0,0,0,1,0,0,0,420.0,100.0,1.0,8.01947,7.23368
2982,0,0,0,1,0,0,0,420.0,100.0,1.25,14.372,7.10432
2983,0,0,0,1,0,0,0,420.0,100.0,1.5,20.3389,6.85593
2984,0,0,0,1,0,0,0,420.0,100.0,1.75,25.1736,6.11513
2985,0,0,0,1,0,0,0,420.0,100.0,2.0,28.6958,4.79014
2986,0,0,0,1,0,0,0,420.0,100.0,2.25,31.1227,2.85067
2987,0,0,0,1,0,0,0,420.0,100.0,2.513,32.3039,1.0905
2988,0,0,0,1,0,0,0,420.0,110.0,0.499,3.57629,13.2578
2989,0,0,0,1,0,0,0,420.0,110.0,0.75,7.28131,13.0101
2990,0,0,0,1,0,0,0,420.0,110.0,1.0,13.7626,12.6442
2991,0,0,0,1,0,0,0,420.0,110.0,1.25,20.4785,12.2074
2992,0,0,0,1,0,0,0,420.0,110.0,1.5,26.6724,11.1774
2993,0,0,0,1,0,0,0,420.0,110.0,1.75,31.814,9.57762
2994,0,0,0,1,0,0,0,420.0,110.0,2.0,35.7533,7.39656
2995,0,0,0,1,0,0,0,420.0,110.0,2.25,38.3108,5.13042
2996,0,0,0,1,0,0,0,420.0,110.0,2.513,39.6544,2.60526
2997,0,0,0,1,0,0,0,480.0,30.0,0.499,0,0
2998,0,0,0,1,0,0,0,480.0,30.0,0.75,0,0
2999,0,0,0,1,0,0,0,480.0,30.0,1.0,0,0
3000,0,0,0,1,0,0,0,480.0,30.0,1.25,0,0
3001,0,0,0,1,0,0,0,480.0,30.0,1.5,0,0
3002,0,0,0,1,0,0,0,480.0,30.0,1.75,0,0
3003,0,0,0,1,0,0,0,480.0,30.0,2.0,0.104359,0
3004,0,0,0,1,0,0,0,480.0,30.0,2.25,0.38025,0
3005,0,0,0,1,0,0,0,480.0,30.0,2.513,0.657886,0
3006,0,0,0,1,0,0,0,480.0,40.0,0.499,0,0
3007,0,0,0,1,0,0,0,480.0,40.0,0.75,0,0
3008,0,0,0,1,0,0,0,480.0,40.0,1.0,0,0
3009,0,0,0,1,0,0,0,480.0,40.0,1.25,0,0
3010,0,0,0,1,0,0,0,480.0,40.0,1.5,0,0
3011,0,0,0,1,0,0,0,480.0,40.0,1.75,0.328825,0
3012,0,0,0,1,0,0,0,480.0,40.0,2.0,0.772208,0
3013,0,0,0,1,0,0,0,480.0,40.0,2.25,1.04525,0
3014,0,0,0,1,0,0,0,480.0,40.0,2.513,1.31463,0
3015,0,0,0,1,0,0,0,480.0,50.0,0.499,0,0
3016,0,0,0,1,0,0,0,480.0,50.0,0.75,0,0
3017,0,0,0,1,0,0,0,480.0,50.0,1.0,0,0
3018,0,0,0,1,0,0,0,480.0,50.0,1.25,0,0
3019,0,0,0,1,0,0,0,480.0,50.0,1.5,0.11599,0
3020,0,0,0,1,0,0,0,480.0,50.0,1.75,0.964695,0
3021,0,0,0,1,0,0,0,480.0,50.0,2.0,1.48843,0
3022,0,0,0,1,0,0,0,480.0,50.0,2.25,1.93005,0
3023,0,0,0,1,0,0,0,480.0,50.0,2.513,2.47522,0
3024,0,0,0,1,0,0,0,480.0,60.0,0.499,0,0.731183
3025,0,0,0,1,0,0,0,480.0,60.0,0.75,0,0.652422
3026,0,0,0,1,0,0,0,480.0,60.0,1.0,0,0.543345
3027,0,0,0,1,0,0,0,480.0,60.0,1.25,0,0.51502
3028,0,0,0,1,0,0,0,480.0,60.0,1.5,0.678186,0.513608
3029,0,0,0,1,0,0,0,480.0,60.0,1.75,2.37204,0.496096
3030,0,0,0,1,0,0,0,480.0,60.0,2.0,4.37443,0.313321
3031,0,0,0,1,0,0,0,480.0,60.0,2.25,5.66091,0.141411
3032,0,0,0,1,0,0,0,480.0,60.0,2.513,5.90177,0
3033,0,0,0,1,0,0,0,480.0,70.0,0.499,0,1.80888
3034,0,0,0,1,0,0,0,480.0,70.0,0.75,0,1.7032
3035,0,0,0,1,0,0,0,480.0,70.0,1.0,0.143911,1.58853
3036,0,0,0,1,0,0,0,480.0,70.0,1.25,0.860805,1.47017
3037,0,0,0,1,0,0,0,480.0,70.0,1.5,3.93802,1.37821
3038,0,0,0,1,0,0,0,480.0,70.0,1.75,7.1341,1.25537
3039,0,0,0,1,0,0,0,480.0,70.0,2.0,9.84576,1.06269
3040,0,0,0,1,0,0,0,480.0,70.0,2.25,11.3308,0.669427
3041,0,0,0,1,0,0,0,480.0,70.0,2.513,11.5029,0
3042,0,0,0,1,0,0,0,480.0,80.0,0.499,0.239219,3.03045
3043,0,0,0,1,0,0,0,480.0,80.0,0.75,0.814454,2.8397
3044,0,0,0,1,0,0,0,480.0,80.0,1.0,1.46497,2.68156
3045,0,0,0,1,0,0,0,480.0,80.0,1.25,4.48753,2.53788
3046,0,0,0,1,0,0,0,480.0,80.0,1.5,9.03542,2.23813
3047,0,0,0,1,0,0,0,480.0,80.0,1.75,12.8355,1.9495
3048,0,0,0,1,0,0,0,480.0,80.0,2.0,15.5691,1.61446
3049,0,0,0,1,0,0,0,480.0,80.0,2.25,17.0968,0.995439
3050,0,0,0,1,0,0,0,480.0,80.0,2.513,17.4006,0.104363
3051,0,0,0,1,0,0,0,480.0,90.0,0.499,1.43688,4.93527
3052,0,0,0,1,0,0,0,480.0,90.0,0.75,2.16368,4.68016
3053,0,0,0,1,0,0,0,480.0,90.0,1.0,4.43283,4.39218
3054,0,0,0,1,0,0,0,480.0,90.0,1.25,9.72392,4.15097
3055,0,0,0,1,0,0,0,480.0,90.0,1.5,15.0327,3.89025
3056,0,0,0,1,0,0,0,480.0,90.0,1.75,18.8896,3.23564
3057,0,0,0,1,0,0,0,480.0,90.0,2.0,21.6868,2.40938
3058,0,0,0,1,0,0,0,480.0,90.0,2.25,23.3132,1.31035
3059,0,0,0,1,0,0,0,480.0,90.0,2.513,23.8833,0.3884
3060,0,0,0,1,0,0,0,480.0,100.0,0.499,2.7254,8.13411
3061,0,0,0,1,0,0,0,480.0,100.0,0.75,4.09759,7.88451
3062,0,0,0,1,0,0,0,480.0,100.0,1.0,9.29558,7.7588
3063,0,0,0,1,0,0,0,480.0,100.0,1.25,15.5362,7.77316
3064,0,0,0,1,0,0,0,480.0,100.0,1.5,21.071,7.29292
3065,0,0,0,1,0,0,0,480.0,100.0,1.75,25.179,6.11637
3066,0,0,0,1,0,0,0,480.0,100.0,2.0,28.1227,4.20036
3067,0,0,0,1,0,0,0,480.0,100.0,2.25,30.0858,2.40722
3068,0,0,0,1,0,0,0,480.0,100.0,2.513,30.6863,0.895475
3069,0,0,0,1,0,0,0,480.0,110.0,0.499,4.48892,13.9852
3070,0,0,0,1,0,0,0,480.0,110.0,0.75,8.62791,13.5697
3071,0,0,0,1,0,0,0,480.0,110.0,1.0,15.0614,13.2142
3072,0,0,0,1,0,0,0,480.0,110.0,1.25,21.3435,12.5373
3073,0,0,0,1,0,0,0,480.0,110.0,1.5,26.9418,11.3475
3074,0,0,0,1,0,0,0,480.0,110.0,1.75,31.5616,9.39701
3075,0,0,0,1,0,0,0,480.0,110.0,2.0,35.0133,6.98547
3076,0,0,0,1,0,0,0,480.0,110.0,2.25,37.1819,4.69824
3077,0,0,0,1,0,0,0,480.0,110.0,2.513,37.97,1.81713
3078,0,0,0,1,0,0,0,540.0,30.0,0.499,0,0
3079,0,0,0,1,0,0,0,540.0,30.0,0.75,0,0
3080,0,0,0,1,0,0,0,540.0,30.0,1.0,0,0
3081,0,0,0,1,0,0,0,540.0,30.0,1.25,0,0
3082,0,0,0,1,0,0,0,540.0,30.0,1.5,0,0
3083,0,0,0,1,0,0,0,540.0,30.0,1.75,0,0
3084,0,0,0,1,0,0,0,540.0,30.0,2.0,0.0712012,0
3085,0,0,0,1,0,0,0,540.0,30.0,2.25,0.295492,0
3086,0,0,0,1,0,0,0,540.0,30.0,2.513,0.542855,0
3087,0,0,0,1,0,0,0,540.0,40.0,0.499,0,0
3088,0,0,0,1,0,0,0,540.0,40.0,0.75,0,0
3089,0,0,0,1,0,0,0,540.0,40.0,1.0,0,0
3090,0,0,0,1,0,0,0,540.0,40.0,1.25,0,0
3091,0,0,0,1,0,0,0,540.0,40.0,1.5,0,0
3092,0,0,0,1,0,0,0,540.0,40.0,1.75,0.428028,0
3093,0,0,0,1,0,0,0,540.0,40.0,2.0,0.714096,0
3094,0,0,0,1,0,0,0,540.0,40.0,2.25,0.907623,0
3095,0,0,0,1,0,0,0,540.0,40.0,2.513,1.18115,0
3096,0,0,0,1,0,0,0,540.0,50.0,0.499,0,0.0572908
3097,0,0,0,1,0,0,0,540.0,50.0,0.75,0,0
3098,0,0,0,1,0,0,0,540.0,50.0,1.0,0,0
3099,0,0,0,1,0,0,0,540.0,50.0,1.25,0,0
3100,0,0,0,1,0,0,0,540.0,50.0,1.5,0.141979,0
3101,0,0,0,1,0,0,0,540.0,50.0,1.75,0.900945,0
3102,0,0,0,1,0,0,0,540.0,50.0,2.0,1.27163,0
3103,0,0,0,1,0,0,0,540.0,50.0,2.25,1.63179,0
3104,0,0,0,1,0,0,0,540.0,50.0,2.513,1.90067,0
3105,0,0,0,1,0,0,0,540.0,60.0,0.499,0,1.22652
3106,0,0,0,1,0,0,0,540.0,60.0,0.75,0,1.15563
3107,0,0,0,1,0,0,0,540.0,60.0,1.0,0,1.01732
3108,0,0,0,1,0,0,0,540.0,60.0,1.25,0,0.837528
3109,0,0,0,1,0,0,0,540.0,60.0,1.5,0.658962,0.726021
3110,0,0,0,1,0,0,0,540.0,60.0,1.75,2.47131,0.574484
3111,0,0,0,1,0,0,0,540.0,60.0,2.0,4.05993,0.313057
3112,0,0,0,1,0,0,0,540.0,60.0,2.25,5.06207,0
3113,0,0,0,1,0,0,0,540.0,60.0,2.513,5.18514,0
3114,0,0,0,1,0,0,0,540.0,70.0,0.499,0,2.33157
3115,0,0,0,1,0,0,0,540.0,70.0,0.75,0,2.22751
3116,0,0,0,1,0,0,0,540.0,70.0,1.0,0.395117,2.14248
3117,0,0,0,1,0,0,0,540.0,70.0,1.25,1.53223,1.89268
3118,0,0,0,1,0,0,0,540.0,70.0,1.5,4.42928,1.58941
3119,0,0,0,1,0,0,0,540.0,70.0,1.75,7.37648,1.35995
3120,0,0,0,1,0,0,0,540.0,70.0,2.0,9.62168,1.06118
3121,0,0,0,1,0,0,0,540.0,70.0,2.25,10.6208,0.444601
3122,0,0,0,1,0,0,0,540.0,70.0,2.513,10.5295,0
3123,0,0,0,1,0,0,0,540.0,80.0,0.499,0.631807,3.62266
3124,0,0,0,1,0,0,0,540.0,80.0,0.75,1.29378,3.48779
3125,0,0,0,1,0,0,0,540.0,80.0,1.0,2.42628,3.29602
3126,0,0,0,1,0,0,0,540.0,80.0,1.25,5.60591,3.0185
3127,0,0,0,1,0,0,0,540.0,80.0,1.5,9.79306,2.56093
3128,0,0,0,1,0,0,0,540.0,80.0,1.75,13.0809,2.05925
3129,0,0,0,1,0,0,0,540.0,80.0,2.0,15.2664,1.55842
3130,0,0,0,1,0,0,0,540.0,80.0,2.25,16.179,0.756999
3131,0,0,0,1,0,0,0,540.0,80.0,2.513,16.3744,0
3132,0,0,0,1,0,0,0,540.0,90.0,0.499,1.99816,5.58126
3133,0,0,0,1,0,0,0,540.0,90.0,0.75,2.7339,5.29271
3134,0,0,0,1,0,0,0,540.0,90.0,1.0,5.72542,4.93062
3135,0,0,0,1,0,0,0,540.0,90.0,1.25,10.9375,4.74769
3136,0,0,0,1,0,0,0,540.0,90.0,1.5,15.8229,4.24372
3137,0,0,0,1,0,0,0,540.0,90.0,1.75,19.171,3.36641
3138,0,0,0,1,0,0,0,540.0,90.0,2.0,21.4111,2.32423
3139,0,0,0,1,0,0,0,540.0,90.0,2.25,22.3364,1.16383
3140,0,0,0,1,0,0,0,540.0,90.0,2.513,22.6144,0.207198
3141,0,0,0,1,0,0,0,540.0,100.0,0.499,3.42164,9.08025
3142,0,0,0,1,0,0,0,540.0,100.0,0.75,5.36629,8.81532
3143,0,0,0,1,0,0,0,540.0,100.0,1.0,10.7576,8.50831
3144,0,0,0,1,0,0,0,540.0,100.0,1.25,16.6792,8.34145
3145,0,0,0,1,0,0,0,540.0,100.0,1.5,21.5678,7.54149
3146,0,0,0,1,0,0,0,540.0,100.0,1.75,25.3028,5.95644
3147,0,0,0,1,0,0,0,540.0,100.0,2.0,27.8765,3.935
3148,0,0,0,1,0,0,0,540.0,100.0,2.25,28.8602,1.86256
3149,0,0,0,1,0,0,0,540.0,100.0,2.513,29.118,0.714288
3150,0,0,0,1,0,0,0,540.0,110.0,0.499,5.26328,14.509
3151,0,0,0,1,0,0,0,540.0,110.0,0.75,10.1978,14.0494
3152,0,0,0,1,0,0,0,540.0,110.0,1.0,16.4037,13.6396
3153,0,0,0,1,0,0,0,540.0,110.0,1.25,22.2833,12.9215
3154,0,0,0,1,0,0,0,540.0,110.0,1.5,27.3227,11.4453
3155,0,0,0,1,0,0,0,540.0,110.0,1.75,31.363,9.23531
3156,0,0,0,1,0,0,0,540.0,110.0,2.0,34.3446,6.58591
3157,0,0,0,1,0,0,0,540.0,110.0,2.25,36.0395,4.06564
3158,0,0,0,1,0,0,0,540.0,110.0,2.513,36.2346,1.31226
3159,0,0,0,1,0,0,0,600.0,30.0,0.499,0,0
3160,0,0,0,1,0,0,0,600.0,30.0,0.75,0,0
3161,0,0,0,1,0,0,0,600.0,30.0,1.0,0,0
3162,0,0,0,1,0,0,0,600.0,30.0,1.25,0,0
3163,0,0,0,1,0,0,0,600.0,30.0,1.5,0,0
3164,0,0,0,1,0,0,0,600.0,30.0,1.75,0,0
3165,0,0,0,1,0,0,0,600.0,30.0,2.0,0.0654052,0
3166,0,0,0,1,0,0,0,600.0,30.0,2.25,0.161153,0
3167,0,0,0,1,0,0,0,600.0,30.0,2.513,0.431438,0
3168,0,0,0,1,0,0,0,600.0,40.0,0.499,0,0
3169,0,0,0,1,0,0,0,600.0,40.0,0.75,0,0
3170,0,0,0,1,0,0,0,600.0,40.0,1.0,0,0
3171,0,0,0,1,0,0,0,600.0,40.0,1.25,0,0
3172,0,0,0,1,0,0,0,600.0,40.0,1.5,0,0
3173,0,0,0,1,0,0,0,600.0,40.0,1.75,0.307592,0
3174,0,0,0,1,0,0,0,600.0,40.0,2.0,0.607664,0
3175,0,0,0,1,0,0,0,600.0,40.0,2.25,0.773099,0
3176,0,0,0,1,0,0,0,600.0,40.0,2.513,0.978322,0
3177,0,0,0,1,0,0,0,600.0,50.0,0.499,0,0.472867
3178,0,0,0,1,0,0,0,600.0,50.0,0.75,0,0.417304
3179,0,0,0,1,0,0,0,600.0,50.0,1.0,0,0.341879
3180,0,0,0,1,0,0,0,600.0,50.0,1.25,0,0.178314
3181,0,0,0,1,0,0,0,600.0,50.0,1.5,0.0968207,0.0298639
3182,0,0,0,1,0,0,0,600.0,50.0,1.75,0.718297,0
3183,0,0,0,1,0,0,0,600.0,50.0,2.0,1.10787,0
3184,0,0,0,1,0,0,0,600.0,50.0,2.25,1.34751,0
3185,0,0,0,1,0,0,0,600.0,50.0,2.513,1.5685,0
3186,0,0,0,1,0,0,0,600.0,60.0,0.499,0,1.66915
3187,0,0,0,1,0,0,0,600.0,60.0,0.75,0,1.59109
3188,0,0,0,1,0,0,0,600.0,60.0,1.0,0,1.44149
3189,0,0,0,1,0,0,0,600.0,60.0,1.25,0,1.12976
3190,0,0,0,1,0,0,0,600.0,60.0,1.5,0.970321,0.831097
3191,0,0,0,1,0,0,0,600.0,60.0,1.75,2.68915,0.637491
3192,0,0,0,1,0,0,0,600.0,60.0,2.0,3.91502,0.315103
3193,0,0,0,1,0,0,0,600.0,60.0,2.25,4.50312,0
3194,0,0,0,1,0,0,0,600.0,60.0,2.513,4.49732,0
3195,0,0,0,1,0,0,0,600.0,70.0,0.499,0,2.88123
3196,0,0,0,1,0,0,0,600.0,70.0,0.75,0.304688,2.80681
3197,0,0,0,1,0,0,0,600.0,70.0,1.0,0.835146,2.63123
3198,0,0,0,1,0,0,0,600.0,70.0,1.25,2.37784,2.18856
3199,0,0,0,1,0,0,0,600.0,70.0,1.5,4.95022,1.74334
3200,0,0,0,1,0,0,0,600.0,70.0,1.75,7.66833,1.39174
3201,0,0,0,1,0,0,0,600.0,70.0,2.0,9.42112,0.986329
3202,0,0,0,1,0,0,0,600.0,70.0,2.25,10.0505,0.212892
3203,0,0,0,1,0,0,0,600.0,70.0,2.513,9.76592,0
3204,0,0,0,1,0,0,0,600.0,80.0,0.499,1.11936,4.23086
3205,0,0,0,1,0,0,0,600.0,80.0,0.75,1.78407,4.04372
3206,0,0,0,1,0,0,0,600.0,80.0,1.0,3.49246,3.78111
3207,0,0,0,1,0,0,0,600.0,80.0,1.25,6.8033,3.36826
3208,0,0,0,1,0,0,0,600.0,80.0,1.5,10.5107,2.81066
3209,0,0,0,1,0,0,0,600.0,80.0,1.75,13.4758,2.24052
3210,0,0,0,1,0,0,0,600.0,80.0,2.0,14.9748,1.52931
3211,0,0,0,1,0,0,0,600.0,80.0,2.25,15.364,0.547121
3212,0,0,0,1,0,0,0,600.0,80.0,2.513,15.3961,0
3213,0,0,0,1,0,0,0,600.0,90.0,0.499,2.59057,6.17454
3214,0,0,0,1,0,0,0,600.0,90.0,0.75,3.67791,5.82677
3215,0,0,0,1,0,0,0,600.0,90.0,1.0,7.27902,5.51111
3216,0,0,0,1,0,0,0,600.0,90.0,1.25,12.167,5.24812
3217,0,0,0,1,0,0,0,600.0,90.0,1.5,16.3563,4.57469
3218,0,0,0,1,0,0,0,600.0,90.0,1.75,19.5158,3.53341
3219,0,0,0,1,0,0,0,600.0,90.0,2.0,21.1866,2.16015
3220,0,0,0,1,0,0,0,600.0,90.0,2.25,21.5496,1.03218
3221,0,0,0,1,0,0,0,600.0,90.0,2.513,21.5705,0
3222,0,0,0,1,0,0,0,600.0,100.0,0.499,4.12439,10.1645
3223,0,0,0,1,0,0,0,600.0,100.0,0.75,7.05081,9.85316
3224,0,0,0,1,0,0,0,600.0,100.0,1.0,12.4883,9.37307
3225,0,0,0,1,0,0,0,600.0,100.0,1.25,17.7917,8.90497
3226,0,0,0,1,0,0,0,600.0,100.0,1.5,21.9356,7.67915
3227,0,0,0,1,0,0,0,600.0,100.0,1.75,25.4191,5.77189
3228,0,0,0,1,0,0,0,600.0,100.0,2.0,27.5235,3.71558
3229,0,0,0,1,0,0,0,600.0,100.0,2.25,27.922,1.54794
3230,0,0,0,1,0,0,0,600.0,100.0,2.513,27.7441,0.515846
3231,0,0,0,1,0,0,0,600.0,110.0,0.499,6.2606,15.111
3232,0,0,0,1,0,0,0,600.0,110.0,0.75,11.8656,14.5962
3233,0,0,0,1,0,0,0,600.0,110.0,1.0,17.7934,14.0855
3234,0,0,0,1,0,0,0,600.0,110.0,1.25,23.2858,13.1858
3235,0,0,0,1,0,0,0,600.0,110.0,1.5,27.8242,11.5622
3236,0,0,0,1,0,0,0,600.0,110.0,1.75,31.1778,9.02649
3237,0,0,0,1,0,0,0,600.0,110.0,2.0,33.6041,6.13909
3238,0,0,0,1,0,0,0,600.0,110.0,2.25,34.744,3.39428
3239,0,0,0,1,0,0,0,600.0,110.0,2.513,34.7775,1.17135
3240,0,0,0,0,1,0,0,60.0,30.0,0.499,0,0
3241,0,0,0,0,1,0,0,60.0,30.0,0.75,0,0
3242,0,0,0,0,1,0,0,60.0,30.0,1.0,0,0
3243,0,0,0,0,1,0,0,60.0,30.0,1.25,0,0
3244,0,0,0,0,1,0,0,60.0,30.0,1.5,0,0
3245,0,0,0,0,1,0,0,60.0,30.0,1.75,0,0
3246,0,0,0,0,1,0,0,60.0,30.0,2.0,0,0
3247,0,0,0,0,1,0,0,60.0,30.0,2.25,0,0
3248,0,0,0,0,1,0,0,60.0,30.0,2.513,0,0
3249,0,0,0,0,1,0,0,60.0,40.0,0.499,0,0
3250,0,0,0,0,1,0,0,60.0,40.0,0.75,0,0
3251,0,0,0,0,1,0,0,60.0,40.0,1.0,0,0
3252,0,0,0,0,1,0,0,60.0,40.0,1.25,0,0
3253,0,0,0,0,1,0,0,60.0,40.0,1.5,0,0
3254,0,0,0,0,1,0,0,60.0,40.0,1.75,0,0
3255,0,0,0,0,1,0,0,60.0,40.0,2.0,0,0
3256,0,0,0,0,1,0,0,60.0,40.0,2.25,0,0
3257,0,0,0,0,1,0,0,60.0,40.0,2.513,0,0
3258,0,0,0,0,1,0,0,60.0,50.0,0.499,0,0
3259,0,0,0,0,1,0,0,60.0,50.0,0.75,0,0
3260,0,0,0,0,1,0,0,60.0,50.0,1.0,0,0
3261,0,0,0,0,1,0,0,60.0,50.0,1.25,0,0
3262,0,0,0,0,1,0,0,60.0,50.0,1.5,0,0
3263,0,0,0,0,1,0,0,60.0,50.0,1.75,0,0
3264,0,0,0,0,1,0,0,60.0,50.0,2.0,0,0
3265,0,0,0,0,1,0,0,60.0,50.0,2.25,0,0
3266,0,0,0,0,1,0,0,60.0,50.0,2.513,0.213177,0
3267,0,0,0,0,1,0,0,60.0,60.0,0.499,0,0
3268,0,0,0,0,1,0,0,60.0,60.0,0.75,0,0
3269,0,0,0,0,1,0,0,60.0,60.0,1.0,0,0
3270,0,0,0,0,1,0,0,60.0,60.0,1.25,0,0
3271,0,0,0,0,1,0,0,60.0,60.0,1.5,0,0
3272,0,0,0,0,1,0,0,60.0,60.0,1.75,0,0
3273,0,0,0,0,1,0,0,60.0,60.0,2.0,0.448548,0
3274,0,0,0,0,1,0,0,60.0,60.0,2.25,1.05816,0
3275,0,0,0,0,1,0,0,60.0,60.0,2.513,2.10433,0
3276,0,0,0,0,1,0,0,60.0,70.0,0.499,0,0
3277,0,0,0,0,1,0,0,60.0,70.0,0.75,0,0
3278,0,0,0,0,1,0,0,60.0,70.0,1.0,0,0
3279,0,0,0,0,1,0,0,60.0,70.0,1.25,0,0
3280,0,0,0,0,1,0,0,60.0,70.0,1.5,0,0
3281,0,0,0,0,1,0,0,60.0,70.0,1.75,1.30774,0
3282,0,0,0,0,1,0,0,60.0,70.0,2.0,4.62477,0
3283,0,0,0,0,1,0,0,60.0,70.0,2.25,7.23311,0.178382
3284,0,0,0,0,1,0,0,60.0,70.0,2.513,8.9542,0.025879
3285,0,0,0,0,1,0,0,60.0,80.0,0.499,0,0
3286,0,0,0,0,1,0,0,60.0,80.0,0.75,0,0
3287,0,0,0,0,1,0,0,60.0,80.0,1.0,0,0
3288,0,0,0,0,1,0,0,60.0,80.0,1.25,0.42084,0
3289,0,0,0,0,1,0,0,60.0,80.0,1.5,2.64886,0
3290,0,0,0,0,1,0,0,60.0,80.0,1.75,7.33463,0.248773
3291,0,0,0,0,1,0,0,60.0,80.0,2.0,11.4967,0.850216
3292,0,0,0,0,1,0,0,60.0,80.0,2.25,14.5831,1.13561
3293,0,0,0,0,1,0,0,60.0,80.0,2.513,16.7717,0.866593
3294,0,0,0,0,1,0,0,60.0,90.0,0.499,0,0
3295,0,0,0,0,1,0,0,60.0,90.0,0.75,0,0
3296,0,0,0,0,1,0,0,60.0,90.0,1.0,0.727193,0.216805
3297,0,0,0,0,1,0,0,60.0,90.0,1.25,3.53711,0.610367
3298,0,0,0,0,1,0,0,60.0,90.0,1.5,9.30224,1.08435
3299,0,0,0,0,1,0,0,60.0,90.0,1.75,14.2284,1.90871
3300,0,0,0,0,1,0,0,60.0,90.0,2.0,18.7222,2.76695
3301,0,0,0,0,1,0,0,60.0,90.0,2.25,22.4541,2.99065
3302,0,0,0,0,1,0,0,60.0,90.0,2.513,24.8004,2.6492
3303,0,0,0,0,1,0,0,60.0,100.0,0.499,0,0.826014
3304,0,0,0,0,1,0,0,60.0,100.0,0.75,0.779168,1.31412
3305,0,0,0,0,1,0,0,60.0,100.0,1.0,3.08955,1.81098
3306,0,0,0,0,1,0,0,60.0,100.0,1.25,9.663,2.95201
3307,0,0,0,0,1,0,0,60.0,100.0,1.5,16.1604,4.47406
3308,0,0,0,0,1,0,0,60.0,100.0,1.75,21.8383,5.55336
3309,0,0,0,0,1,0,0,60.0,100.0,2.0,26.6196,5.97648
3310,0,0,0,0,1,0,0,60.0,100.0,2.25,30.6253,5.83319
3311,0,0,0,0,1,0,0,60.0,100.0,2.513,33.3231,4.80526
3312,0,0,0,0,1,0,0,60.0,110.0,0.499,0.52049,5.0798
3313,0,0,0,0,1,0,0,60.0,110.0,0.75,2.88277,6.14413
3314,0,0,0,0,1,0,0,60.0,110.0,1.0,9.01694,7.10699
3315,0,0,0,0,1,0,0,60.0,110.0,1.25,16.3436,8.40159
3316,0,0,0,0,1,0,0,60.0,110.0,1.5,23.3832,9.51582
3317,0,0,0,0,1,0,0,60.0,110.0,1.75,29.8706,10.134
3318,0,0,0,0,1,0,0,60.0,110.0,2.0,35.0194,9.93991
3319,0,0,0,0,1,0,0,60.0,110.0,2.25,38.8279,8.82262
3320,0,0,0,0,1,0,0,60.0,110.0,2.513,41.6335,7.01659
3321,0,0,0,0,1,0,0,120.0,30.0,0.499,0,0
3322,0,0,0,0,1,0,0,120.0,30.0,0.75,0,0
3323,0,0,0,0,1,0,0,120.0,30.0,1.0,0,0
3324,0,0,0,0,1,0,0,120.0,30.0,1.25,0,0
3325,0,0,0,0,1,0,0,120.0,30.0,1.5,0,0
3326,0,0,0,0,1,0,0,120.0,30.0,1.75,0,0
3327,0,0,0,0,1,0,0,120.0,30.0,2.0,0,0
3328,0,0,0,0,1,0,0,120.0,30.0,2.25,0,0
3329,0,0,0,0,1,0,0,120.0,30.0,2.513,0,0
3330,0,0,0,0,1,0,0,120.0,40.0,0.499,0,0
3331,0,0,0,0,1,0,0,120.0,40.0,0.75,0,0
3332,0,0,0,0,1,0,0,120.0,40.0,1.0,0,0
3333,0,0,0,0,1,0,0,120.0,40.0,1.25,0,0
3334,0,0,0,0,1,0,0,120.0,40.0,1.5,0,0
3335,0,0,0,0,1,0,0,120.0,40.0,1.75,0,0
3336,0,0,0,0,1,0,0,120.0,40.0,2.0,0,0
3337,0,0,0,0,1,0,0,120.0,40.0,2.25,0,0
3338,0,0,0,0,1,0,0,120.0,40.0,2.513,0,0
3339,0,0,0,0,1,0,0,120.0,50.0,0.499,0,0
3340,0,0,0,0,1,0,0,120.0,50.0,0.75,0,0
3341,0,0,0,0,1,0,0,120.0,50.0,1.0,0,0
3342,0,0,0,0,1,0,0,120.0,50.0,1.25,0,0
3343,0,0,0,0,1,0,0,120.0,50.0,1.5,0,0
3344,0,0,0,0,1,0,0,120.0,50.0,1.75,0,0
3345,0,0,0,0,1,0,0,120.0,50.0,2.0,0,0
3346,0,0,0,0,1,0,0,120.0,50.0,2.25,0.138722,0
3347,0,0,0,0,1,0,0,120.0,50.0,2.513,0.499172,0
3348,0,0,0,0,1,0,0,120.0,60.0,0.499,0,0
3349,0,0,0,0,1,0,0,120.0,60.0,0.75,0,0
3350,0,0,0,0,1,0,0,120.0,60.0,1.0,0,0
3351,0,0,0,0,1,0,0,120.0,60.0,1.25,0,0
3352,0,0,0,0,1,0,0,120.0,60.0,1.5,0,0
3353,0,0,0,0,1,0,0,120.0,60.0,1.75,0,0
3354,0,0,0,0,1,0,0,120.0,60.0,2.0,0.705337,0
3355,0,0,0,0,1,0,0,120.0,60.0,2.25,1.79933,0.173644
3356,0,0,0,0,1,0,0,120.0,60.0,2.513,2.49764,0.0776085
3357,0,0,0,0,1,0,0,120.0,70.0,0.499,0,0
3358,0,0,0,0,1,0,0,120.0,70.0,0.75,0,0
3359,0,0,0,0,1,0,0,120.0,70.0,1.0,0,0
3360,0,0,0,0,1,0,0,120.0,70.0,1.25,0,0
3361,0,0,0,0,1,0,0,120.0,70.0,1.5,0.596215,0
3362,0,0,0,0,1,0,0,120.0,70.0,1.75,3.15232,0
3363,0,0,0,0,1,0,0,120.0,70.0,2.0,6.2282,0.39202
3364,0,0,0,0,1,0,0,120.0,70.0,2.25,8.13469,0.705286
3365,0,0,0,0,1,0,0,120.0,70.0,2.513,9.35812,0.399624
3366,0,0,0,0,1,0,0,120.0,80.0,0.499,0,0
3367,0,0,0,0,1,0,0,120.0,80.0,0.75,0,0
3368,0,0,0,0,1,0,0,120.0,80.0,1.0,0.0882451,0
3369,0,0,0,0,1,0,0,120.0,80.0,1.25,1.02799,0.0753509
3370,0,0,0,0,1,0,0,120.0,80.0,1.5,4.38144,0.456635
3371,0,0,0,0,1,0,0,120.0,80.0,1.75,8.92494,1.01618
3372,0,0,0,0,1,0,0,120.0,80.0,2.0,12.82,1.81249
3373,0,0,0,0,1,0,0,120.0,80.0,2.25,15.3594,2.00192
3374,0,0,0,0,1,0,0,120.0,80.0,2.513,17.0066,1.61664
3375,0,0,0,0,1,0,0,120.0,90.0,0.499,0,0.168286
3376,0,0,0,0,1,0,0,120.0,90.0,0.75,0.194536,0.485303
3377,0,0,0,0,1,0,0,120.0,90.0,1.0,1.35677,0.761401
3378,0,0,0,0,1,0,0,120.0,90.0,1.25,5.12246,1.35515
3379,0,0,0,0,1,0,0,120.0,90.0,1.5,10.6421,2.088
3380,0,0,0,0,1,0,0,120.0,90.0,1.75,15.7682,3.24575
3381,0,0,0,0,1,0,0,120.0,90.0,2.0,19.7822,3.80532
3382,0,0,0,0,1,0,0,120.0,90.0,2.25,23.0264,4.05793
3383,0,0,0,0,1,0,0,120.0,90.0,2.513,25.0616,3.28944
3384,0,0,0,0,1,0,0,120.0,100.0,0.499,0,2.39427
3385,0,0,0,0,1,0,0,120.0,100.0,0.75,1.46546,3.03247
3386,0,0,0,0,1,0,0,120.0,100.0,1.0,4.46003,3.52053
3387,0,0,0,0,1,0,0,120.0,100.0,1.25,11.2569,4.73471
3388,0,0,0,0,1,0,0,120.0,100.0,1.5,17.6898,6.18747
3389,0,0,0,0,1,0,0,120.0,100.0,1.75,23.173,6.98494
3390,0,0,0,0,1,0,0,120.0,100.0,2.0,27.6482,7.00922
3391,0,0,0,0,1,0,0,120.0,100.0,2.25,31.3336,6.69354
3392,0,0,0,0,1,0,0,120.0,100.0,2.513,33.5181,5.18105
3393,0,0,0,0,1,0,0,120.0,110.0,0.499,1.2071,7.9719
3394,0,0,0,0,1,0,0,120.0,110.0,0.75,4.86871,8.80771
3395,0,0,0,0,1,0,0,120.0,110.0,1.0,11.2064,9.49329
3396,0,0,0,0,1,0,0,120.0,110.0,1.25,18.1854,10.4324
3397,0,0,0,0,1,0,0,120.0,110.0,1.5,25.1723,11.3255
3398,0,0,0,0,1,0,0,120.0,110.0,1.75,31.2493,11.5323
3399,0,0,0,0,1,0,0,120.0,110.0,2.0,36.1357,10.8884
3400,0,0,0,0,1,0,0,120.0,110.0,2.25,39.7701,9.37984
3401,0,0,0,0,1,0,0,120.0,110.0,2.513,41.9576,7.15456
3402,0,0,0,0,1,0,0,180.0,30.0,0.499,0,0
3403,0,0,0,0,1,0,0,180.0,30.0,0.75,0,0
3404,0,0,0,0,1,0,0,180.0,30.0,1.0,0,0
3405,0,0,0,0,1,0,0,180.0,30.0,1.25,0,0
3406,0,0,0,0,1,0,0,180.0,30.0,1.5,0,0
3407,0,0,0,0,1,0,0,180.0,30.0,1.75,0,0
3408,0,0,0,0,1,0,0,180.0,30.0,2.0,0,0
3409,0,0,0,0,1,0,0,180.0,30.0,2.25,0,0
3410,0,0,0,0,1,0,0,180.0,30.0,2.513,0,0
3411,0,0,0,0,1,0,0,180.0,40.0,0.499,0,0
3412,0,0,0,0,1,0,0,180.0,40.0,0.75,0,0
3413,0,0,0,0,1,0,0,180.0,40.0,1.0,0,0
3414,0,0,0,0,1,0,0,180.0,40.0,1.25,0,0
3415,0,0,0,0,1,0,0,180.0,40.0,1.5,0,0
3416,0,0,0,0,1,0,0,180.0,40.0,1.75,0,0
3417,0,0,0,0,1,0,0,180.0,40.0,2.0,0,0
3418,0,0,0,0,1,0,0,180.0,40.0,2.25,0,0
3419,0,0,0,0,1,0,0,180.0,40.0,2.513,0,0
3420,0,0,0,0,1,0,0,180.0,50.0,0.499,0,0
3421,0,0,0,0,1,0,0,180.0,50.0,0.75,0,0
3422,0,0,0,0,1,0,0,180.0,50.0,1.0,0,0
3423,0,0,0,0,1,0,0,180.0,50.0,1.25,0,0
3424,0,0,0,0,1,0,0,180.0,50.0,1.5,0,0
3425,0,0,0,0,1,0,0,180.0,50.0,1.75,0,0
3426,0,0,0,0,1,0,0,180.0,50.0,2.0,0,0
3427,0,0,0,0,1,0,0,180.0,50.0,2.25,0.407349,0.0273621
3428,0,0,0,0,1,0,0,180.0,50.0,2.513,0.723765,0.0918725
3429,0,0,0,0,1,0,0,180.0,60.0,0.499,0,0
3430,0,0,0,0,1,0,0,180.0,60.0,0.75,0,0
3431,0,0,0,0,1,0,0,180.0,60.0,1.0,0,0
3432,0,0,0,0,1,0,0,180.0,60.0,1.25,0,0
3433,0,0,0,0,1,0,0,180.0,60.0,1.5,0,0
3434,0,0,0,0,1,0,0,180.0,60.0,1.75,0.281818,0
3435,0,0,0,0,1,0,0,180.0,60.0,2.0,1.60644,0.255492
3436,0,0,0,0,1,0,0,180.0,60.0,2.25,2.77594,0.428189
3437,0,0,0,0,1,0,0,180.0,60.0,2.513,3.14904,0.360226
3438,0,0,0,0,1,0,0,180.0,70.0,0.499,0,0
3439,0,0,0,0,1,0,0,180.0,70.0,0.75,0,0
3440,0,0,0,0,1,0,0,180.0,70.0,1.0,0,0
3441,0,0,0,0,1,0,0,180.0,70.0,1.25,0.3724,0
3442,0,0,0,0,1,0,0,180.0,70.0,1.5,1.70976,0.0563964
3443,0,0,0,0,1,0,0,180.0,70.0,1.75,4.78424,0.602268
3444,0,0,0,0,1,0,0,180.0,70.0,2.0,7.32536,1.25418
3445,0,0,0,0,1,0,0,180.0,70.0,2.25,8.88113,1.39344
3446,0,0,0,0,1,0,0,180.0,70.0,2.513,9.71747,0.854721
3447,0,0,0,0,1,0,0,180.0,80.0,0.499,0,0
3448,0,0,0,0,1,0,0,180.0,80.0,0.75,0,0.000105993
3449,0,0,0,0,1,0,0,180.0,80.0,1.0,0.724926,0.284089
3450,0,0,0,0,1,0,0,180.0,80.0,1.25,1.94964,0.603487
3451,0,0,0,0,1,0,0,180.0,80.0,1.5,6.2518,1.06165
3452,0,0,0,0,1,0,0,180.0,80.0,1.75,10.5168,2.08323
3453,0,0,0,0,1,0,0,180.0,80.0,2.0,13.8335,2.73539
3454,0,0,0,0,1,0,0,180.0,80.0,2.25,15.913,2.89273
3455,0,0,0,0,1,0,0,180.0,80.0,2.513,17.0472,2.22045
3456,0,0,0,0,1,0,0,180.0,90.0,0.499,0,0.902172
3457,0,0,0,0,1,0,0,180.0,90.0,0.75,0.779528,1.47881
3458,0,0,0,0,1,0,0,180.0,90.0,1.0,2.1945,1.89253
3459,0,0,0,0,1,0,0,180.0,90.0,1.25,6.85994,2.26646
3460,0,0,0,0,1,0,0,180.0,90.0,1.5,12.0183,3.48325
3461,0,0,0,0,1,0,0,180.0,90.0,1.75,16.7704,4.45736
3462,0,0,0,0,1,0,0,180.0,90.0,2.0,20.8625,5.01462
3463,0,0,0,0,1,0,0,180.0,90.0,2.25,23.4568,4.85846
3464,0,0,0,0,1,0,0,180.0,90.0,2.513,25.0416,3.68556
3465,0,0,0,0,1,0,0,180.0,100.0,0.499,0.614362,4.95096
3466,0,0,0,0,1,0,0,180.0,100.0,0.75,2.28626,5.48742
3467,0,0,0,0,1,0,0,180.0,100.0,1.0,6.78859,5.81399
3468,0,0,0,0,1,0,0,180.0,100.0,1.25,12.8645,6.77899
3469,0,0,0,0,1,0,0,180.0,100.0,1.5,18.8562,7.77868
3470,0,0,0,0,1,0,0,180.0,100.0,1.75,24.2145,8.30687
3471,0,0,0,0,1,0,0,180.0,100.0,2.0,28.5556,8.12416
3472,0,0,0,0,1,0,0,180.0,100.0,2.25,31.8131,7.13458
3473,0,0,0,0,1,0,0,180.0,100.0,2.513,33.3149,5.115
3474,0,0,0,0,1,0,0,180.0,110.0,0.499,2.45226,10.9821
3475,0,0,0,0,1,0,0,180.0,110.0,0.75,7.08624,11.6
3476,0,0,0,0,1,0,0,180.0,110.0,1.0,13.7792,12.2535
3477,0,0,0,0,1,0,0,180.0,110.0,1.25,20.3679,12.7138
3478,0,0,0,0,1,0,0,180.0,110.0,1.5,26.7505,12.9242
3479,0,0,0,0,1,0,0,180.0,110.0,1.75,32.2941,12.686
3480,0,0,0,0,1,0,0,180.0,110.0,2.0,36.9844,11.694
3481,0,0,0,0,1,0,0,180.0,110.0,2.25,40.1882,9.73118
3482,0,0,0,0,1,0,0,180.0,110.0,2.513,42.0314,7.03789
3483,0,0,0,0,1,0,0,240.0,30.0,0.499,0,0
3484,0,0,0,0,1,0,0,240.0,30.0,0.75,0,0
3485,0,0,0,0,1,0,0,240.0,30.0,1.0,0,0
3486,0,0,0,0,1,0,0,240.0,30.0,1.25,0,0
3487,0,0,0,0,1,0,0,240.0,30.0,1.5,0,0
3488,0,0,0,0,1,0,0,240.0,30.0,1.75,0,0
3489,0,0,0,0,1,0,0,240.0,30.0,2.0,0,0
3490,0,0,0,0,1,0,0,240.0,30.0,2.25,0,0
3491,0,0,0,0,1,0,0,240.0,30.0,2.513,0,0
3492,0,0,0,0,1,0,0,240.0,40.0,0.499,0,0
3493,0,0,0,0,1,0,0,240.0,40.0,0.75,0,0
3494,0,0,0,0,1,0,0,240.0,40.0,1.0,0,0
3495,0,0,0,0,1,0,0,240.0,40.0,1.25,0,0
3496,0,0,0,0,1,0,0,240.0,40.0,1.5,0,0
3497,0,0,0,0,1,0,0,240.0,40.0,1.75,0,0
3498,0,0,0,0,1,0,0,240.0,40.0,2.0,0,0
3499,0,0,0,0,1,0,0,240.0,40.0,2.25,0,0
3500,0,0,0,0,1,0,0,240.0,40.0,2.513,0,0
3501,0,0,0,0,1,0,0,240.0,50.0,0.499,0,0
3502,0,0,0,0,1,0,0,240.0,50.0,0.75,0,0
3503,0,0,0,0,1,0,0,240.0,50.0,1.0,0,0
3504,0,0,0,0,1,0,0,240.0,50.0,1.25,0,0
3505,0,0,0,0,1,0,0,240.0,50.0,1.5,0,0
3506,0,0,0,0,1,0,0,240.0,50.0,1.75,0,0
3507,0,0,0,0,1,0,0,240.0,50.0,2.0,0.222152,0.0765854
3508,0,0,0,0,1,0,0,240.0,50.0,2.25,0.557159,0.289488
3509,0,0,0,0,1,0,0,240.0,50.0,2.513,0.834211,0.377434
3510,0,0,0,0,1,0,0,240.0,60.0,0.499,0,0
3511,0,0,0,0,1,0,0,240.0,60.0,0.75,0,0
3512,0,0,0,0,1,0,0,240.0,60.0,1.0,0,0
3513,0,0,0,0,1,0,0,240.0,60.0,1.25,0,0
3514,0,0,0,0,1,0,0,240.0,60.0,1.5,0.0372571,0
3515,0,0,0,0,1,0,0,240.0,60.0,1.75,1.31609,0.144014
3516,0,0,0,0,1,0,0,240.0,60.0,2.0,2.85412,0.609253
3517,0,0,0,0,1,0,0,240.0,60.0,2.25,3.75676,0.716335
3518,0,0,0,0,1,0,0,240.0,60.0,2.513,3.99889,0.575414
3519,0,0,0,0,1,0,0,240.0,70.0,0.499,0,0
3520,0,0,0,0,1,0,0,240.0,70.0,0.75,0,0
3521,0,0,0,0,1,0,0,240.0,70.0,1.0,0.120176,0
3522,0,0,0,0,1,0,0,240.0,70.0,1.25,0.964513,0.0926368
3523,0,0,0,0,1,0,0,240.0,70.0,1.5,3.23437,0.426535
3524,0,0,0,0,1,0,0,240.0,70.0,1.75,6.16603,1.37625
3525,0,0,0,0,1,0,0,240.0,70.0,2.0,8.12682,2.03646
3526,0,0,0,0,1,0,0,240.0,70.0,2.25,9.49602,2.1426
3527,0,0,0,0,1,0,0,240.0,70.0,2.513,10.0201,1.34867
3528,0,0,0,0,1,0,0,240.0,80.0,0.499,0,0.335339
3529,0,0,0,0,1,0,0,240.0,80.0,0.75,0.258844,0.603497
3530,0,0,0,0,1,0,0,240.0,80.0,1.0,1.38854,0.826249
3531,0,0,0,0,1,0,0,240.0,80.0,1.25,3.68598,1.10697
3532,0,0,0,0,1,0,0,240.0,80.0,1.5,8.01686,1.97665
3533,0,0,0,0,1,0,0,240.0,80.0,1.75,11.6924,3.14805
3534,0,0,0,0,1,0,0,240.0,80.0,2.0,14.5378,3.67478
3535,0,0,0,0,1,0,0,240.0,80.0,2.25,16.1845,3.56037
3536,0,0,0,0,1,0,0,240.0,80.0,2.513,17.0918,2.43274
3537,0,0,0,0,1,0,0,240.0,90.0,0.499,0,2.91204
3538,0,0,0,0,1,0,0,240.0,90.0,0.75,1.4717,3.51233
3539,0,0,0,0,1,0,0,240.0,90.0,1.0,3.76277,3.81086
3540,0,0,0,0,1,0,0,240.0,90.0,1.25,8.51755,4.04241
3541,0,0,0,0,1,0,0,240.0,90.0,1.5,13.3975,5.07925
3542,0,0,0,0,1,0,0,240.0,90.0,1.75,17.7807,5.79977
3543,0,0,0,0,1,0,0,240.0,90.0,2.0,21.4388,6.00316
3544,0,0,0,0,1,0,0,240.0,90.0,2.25,23.8575,5.38895
3545,0,0,0,0,1,0,0,240.0,90.0,2.513,24.8031,3.57048
3546,0,0,0,0,1,0,0,240.0,100.0,0.499,1.16628,7.66943
3547,0,0,0,0,1,0,0,240.0,100.0,0.75,4.11992,8.0779
3548,0,0,0,0,1,0,0,240.0,100.0,1.0,9.37987,8.52522
3549,0,0,0,0,1,0,0,240.0,100.0,1.25,14.7621,9.00014
3550,0,0,0,0,1,0,0,240.0,100.0,1.5,19.9981,9.27026
3551,0,0,0,0,1,0,0,240.0,100.0,1.75,25.0886,9.47918
3552,0,0,0,0,1,0,0,240.0,100.0,2.0,29.319,8.88985
3553,0,0,0,0,1,0,0,240.0,100.0,2.25,32.029,7.41186
3554,0,0,0,0,1,0,0,240.0,100.0,2.513,32.9722,4.92238
3555,0,0,0,0,1,0,0,240.0,110.0,0.499,4.31008,13.9185
3556,0,0,0,0,1,0,0,240.0,110.0,0.75,9.90308,14.5267
3557,0,0,0,0,1,0,0,240.0,110.0,1.0,16.3749,14.9935
3558,0,0,0,0,1,0,0,240.0,110.0,1.25,22.3712,14.9947
3559,0,0,0,0,1,0,0,240.0,110.0,1.5,28.097,14.6062
3560,0,0,0,0,1,0,0,240.0,110.0,1.75,33.3064,13.8026
3561,0,0,0,0,1,0,0,240.0,110.0,2.0,37.5772,12.2998
3562,0,0,0,0,1,0,0,240.0,110.0,2.25,40.3097,9.96275
3563,0,0,0,0,1,0,0,240.0,110.0,2.513,41.6747,6.8142
3564,0,0,0,0,1,0,0,300.0,30.0,0.499,0,0
3565,0,0,0,0,1,0,0,300.0,30.0,0.75,0,0
3566,0,0,0,0,1,0,0,300.0,30.0,1.0,0,0
3567,0,0,0,0,1,0,0,300.0,30.0,1.25,0,0
3568,0,0,0,0,1,0,0,300.0,30.0,1.5,0,0
3569,0,0,0,0,1,0,0,300.0,30.0,1.75,0,0
3570,0,0,0,0,1,0,0,300.0,30.0,2.0,0,0
3571,0,0,0,0,1,0,0,300.0,30.0,2.25,0,0
3572,0,0,0,0,1,0,0,300.0,30.0,2.513,0,0
3573,0,0,0,0,1,0,0,300.0,40.0,0.499,0,0
3574,0,0,0,0,1,0,0,300.0,40.0,0.75,0,0
3575,0,0,0,0,1,0,0,300.0,40.0,1.0,0,0
3576,0,0,0,0,1,0,0,300.0,40.0,1.25,0,0
3577,0,0,0,0,1,0,0,300.0,40.0,1.5,0,0
3578,0,0,0,0,1,0,0,300.0,40.0,1.75,0,0
3579,0,0,0,0,1,0,0,300.0,40.0,2.0,0,0
3580,0,0,0,0,1,0,0,300.0,40.0,2.25,0,0.102721
3581,0,0,0,0,1,0,0,300.0,40.0,2.513,0,0.225104
3582,0,0,0,0,1,0,0,300.0,50.0,0.499,0,0
3583,0,0,0,0,1,0,0,300.0,50.0,0.75,0,0
3584,0,0,0,0,1,0,0,300.0,50.0,1.0,0,0
3585,0,0,0,0,1,0,0,300.0,50.0,1.25,0,0
3586,0,0,0,0,1,0,0,300.0,50.0,1.5,0,0
3587,0,0,0,0,1,0,0,300.0,50.0,1.75,0.101339,0
3588,0,0,0,0,1,0,0,300.0,50.0,2.0,0.429831,0.304948
3589,0,0,0,0,1,0,0,300.0,50.0,2.25,0.713379,0.491455
3590,0,0,0,0,1,0,0,300.0,50.0,2.513,1.00278,0.596982
3591,0,0,0,0,1,0,0,300.0,60.0,0.499,0,0
3592,0,0,0,0,1,0,0,300.0,60.0,0.75,0,0
3593,0,0,0,0,1,0,0,300.0,60.0,1.0,0,0
3594,0,0,0,0,1,0,0,300.0,60.0,1.25,0.101455,0
3595,0,0,0,0,1,0,0,300.0,60.0,1.5,0.92921,0
3596,0,0,0,0,1,0,0,300.0,60.0,1.75,2.64022,0.550168
3597,0,0,0,0,1,0,0,300.0,60.0,2.0,4.07494,1.26339
3598,0,0,0,0,1,0,0,300.0,60.0,2.25,4.65222,1.31888
3599,0,0,0,0,1,0,0,300.0,60.0,2.513,4.73314,0.855984
3600,0,0,0,0,1,0,0,300.0,70.0,0.499,0,0
3601,0,0,0,0,1,0,0,300.0,70.0,0.75,0,0.0746734
3602,0,0,0,0,1,0,0,300.0,70.0,1.0,0.664865,0.231924
3603,0,0,0,0,1,0,0,300.0,70.0,1.25,2.01891,0.477882
3604,0,0,0,0,1,0,0,300.0,70.0,1.5,4.52569,0.933039
3605,0,0,0,0,1,0,0,300.0,70.0,1.75,7.07406,1.95624
3606,0,0,0,0,1,0,0,300.0,70.0,2.0,8.79856,2.75402
3607,0,0,0,0,1,0,0,300.0,70.0,2.25,9.92703,2.6751
3608,0,0,0,0,1,0,0,300.0,70.0,2.513,10.2305,1.59498
3609,0,0,0,0,1,0,0,300.0,80.0,0.499,0,1.56963
3610,0,0,0,0,1,0,0,300.0,80.0,0.75,0.930883,1.86077
3611,0,0,0,0,1,0,0,300.0,80.0,1.0,2.59873,1.83117
3612,0,0,0,0,1,0,0,300.0,80.0,1.25,5.78242,1.8932
3613,0,0,0,0,1,0,0,300.0,80.0,1.5,9.39308,3.0416
3614,0,0,0,0,1,0,0,300.0,80.0,1.75,12.4889,3.99835
3615,0,0,0,0,1,0,0,300.0,80.0,2.0,14.9303,4.38889
3616,0,0,0,0,1,0,0,300.0,80.0,2.25,16.5913,3.88447
3617,0,0,0,0,1,0,0,300.0,80.0,2.513,17.0963,2.35485
3618,0,0,0,0,1,0,0,300.0,90.0,0.499,0.6875,5.43093
3619,0,0,0,0,1,0,0,300.0,90.0,0.75,2.86454,5.78919
3620,0,0,0,0,1,0,0,300.0,90.0,1.0,6.37912,5.89906
3621,0,0,0,0,1,0,0,300.0,90.0,1.25,10.8436,6.16766
3622,0,0,0,0,1,0,0,300.0,90.0,1.5,14.933,6.58192
3623,0,0,0,0,1,0,0,300.0,90.0,1.75,18.6558,6.9265
3624,0,0,0,0,1,0,0,300.0,90.0,2.0,21.8753,6.6608
3625,0,0,0,0,1,0,0,300.0,90.0,2.25,24.0016,5.52458
3626,0,0,0,0,1,0,0,300.0,90.0,2.513,24.6908,3.39042
3627,0,0,0,0,1,0,0,300.0,100.0,0.499,2.87664,10.287
3628,0,0,0,0,1,0,0,300.0,100.0,0.75,6.48304,10.8872
3629,0,0,0,0,1,0,0,300.0,100.0,1.0,11.984,11.1223
3630,0,0,0,0,1,0,0,300.0,100.0,1.25,16.9585,11.1979
3631,0,0,0,0,1,0,0,300.0,100.0,1.5,21.5637,10.9866
3632,0,0,0,0,1,0,0,300.0,100.0,1.75,26.1296,10.586
3633,0,0,0,0,1,0,0,300.0,100.0,2.0,29.6649,9.47627
3634,0,0,0,0,1,0,0,300.0,100.0,2.25,31.8922,7.44009
3635,0,0,0,0,1,0,0,300.0,100.0,2.513,32.7217,4.65024
3636,0,0,0,0,1,0,0,300.0,110.0,0.499,6.37599,16.6919
3637,0,0,0,0,1,0,0,300.0,110.0,0.75,12.6492,17.3394
3638,0,0,0,0,1,0,0,300.0,110.0,1.0,18.8149,17.5835
3639,0,0,0,0,1,0,0,300.0,110.0,1.25,24.2662,17.096
3640,0,0,0,0,1,0,0,300.0,110.0,1.5,29.5157,16.234
3641,0,0,0,0,1,0,0,300.0,110.0,1.75,34.2583,14.8985
3642,0,0,0,0,1,0,0,300.0,110.0,2.0,38.0934,12.7779
3643,0,0,0,0,1,0,0,300.0,110.0,2.25,40.4615,10.0952
3644,0,0,0,0,1,0,0,300.0,110.0,2.513,41.2612,6.62154
3645,0,0,0,0,1,0,0,360.0,30.0,0.499,0,0
3646,0,0,0,0,1,0,0,360.0,30.0,0.75,0,0
3647,0,0,0,0,1,0,0,360.0,30.0,1.0,0,0
3648,0,0,0,0,1,0,0,360.0,30.0,1.25,0,0
3649,0,0,0,0,1,0,0,360.0,30.0,1.5,0,0
3650,0,0,0,0,1,0,0,360.0,30.0,1.75,0,0
3651,0,0,0,0,1,0,0,360.0,30.0,2.0,0,0
3652,0,0,0,0,1,0,0,360.0,30.0,2.25,0,0
3653,0,0,0,0,1,0,0,360.0,30.0,2.513,0,0.0793572
3654,0,0,0,0,1,0,0,360.0,40.0,0.499,0,0
3655,0,0,0,0,1,0,0,360.0,40.0,0.75,0,0
3656,0,0,0,0,1,0,0,360.0,40.0,1.0,0,0
3657,0,0,0,0,1,0,0,360.0,40.0,1.25,0,0
3658,0,0,0,0,1,0,0,360.0,40.0,1.5,0,0
3659,0,0,0,0,1,0,0,360.0,40.0,1.75,0,0
3660,0,0,0,0,1,0,0,360.0,40.0,2.0,0,0.0879136
3661,0,0,0,0,1,0,0,360.0,40.0,2.25,0.0162856,0.313509
3662,0,0,0,0,1,0,0,360.0,40.0,2.513,0.116828,0.451953
3663,0,0,0,0,1,0,0,360.0,50.0,0.499,0,0
3664,0,0,0,0,1,0,0,360.0,50.0,0.75,0,0
3665,0,0,0,0,1,0,0,360.0,50.0,1.0,0,0
3666,0,0,0,0,1,0,0,360.0,50.0,1.25,0,0
3667,0,0,0,0,1,0,0,360.0,50.0,1.5,0,0
3668,0,0,0,0,1,0,0,360.0,50.0,1.75,0.403136,0.200258
3669,0,0,0,0,1,0,0,360.0,50.0,2.0,1.09787,0.576582
3670,0,0,0,0,1,0,0,360.0,50.0,2.25,1.26781,0.695143
3671,0,0,0,0,1,0,0,360.0,50.0,2.513,1.39753,0.777779
3672,0,0,0,0,1,0,0,360.0,60.0,0.499,0,0
3673,0,0,0,0,1,0,0,360.0,60.0,0.75,0,0
3674,0,0,0,0,1,0,0,360.0,60.0,1.0,0.228082,0
3675,0,0,0,0,1,0,0,360.0,60.0,1.25,0.651451,0.0193824
3676,0,0,0,0,1,0,0,360.0,60.0,1.5,1.99529,0.316462
3677,0,0,0,0,1,0,0,360.0,60.0,1.75,3.83911,1.09611
3678,0,0,0,0,1,0,0,360.0,60.0,2.0,5.07802,1.8097
3679,0,0,0,0,1,0,0,360.0,60.0,2.25,5.60791,1.99411
3680,0,0,0,0,1,0,0,360.0,60.0,2.513,5.36695,1.15514
3681,0,0,0,0,1,0,0,360.0,70.0,0.499,0,0.483045
3682,0,0,0,0,1,0,0,360.0,70.0,0.75,0.437806,0.457115
3683,0,0,0,0,1,0,0,360.0,70.0,1.0,1.60301,0.624913
3684,0,0,0,0,1,0,0,360.0,70.0,1.25,3.31685,0.870003
3685,0,0,0,0,1,0,0,360.0,70.0,1.5,5.82001,1.66304
3686,0,0,0,0,1,0,0,360.0,70.0,1.75,7.87165,2.70529
3687,0,0,0,0,1,0,0,360.0,70.0,2.0,9.42222,3.25957
3688,0,0,0,0,1,0,0,360.0,70.0,2.25,10.3998,2.98818
3689,0,0,0,0,1,0,0,360.0,70.0,2.513,10.3335,1.75711
3690,0,0,0,0,1,0,0,360.0,80.0,0.499,0.536326,3.16584
3691,0,0,0,0,1,0,0,360.0,80.0,0.75,1.96264,3.398
3692,0,0,0,0,1,0,0,360.0,80.0,1.0,4.10911,3.32064
3693,0,0,0,0,1,0,0,360.0,80.0,1.25,7.87546,3.46718
3694,0,0,0,0,1,0,0,360.0,80.0,1.5,10.8994,4.2509
3695,0,0,0,0,1,0,0,360.0,80.0,1.75,13.4641,4.85756
3696,0,0,0,0,1,0,0,360.0,80.0,2.0,15.362,4.69328
3697,0,0,0,0,1,0,0,360.0,80.0,2.25,16.7217,3.75814
3698,0,0,0,0,1,0,0,360.0,80.0,2.513,16.9623,2.23169
3699,0,0,0,0,1,0,0,360.0,90.0,0.499,2.02955,7.65271
3700,0,0,0,0,1,0,0,360.0,90.0,0.75,4.75603,7.86103
3701,0,0,0,0,1,0,0,360.0,90.0,1.0,8.93741,7.82636
3702,0,0,0,0,1,0,0,360.0,90.0,1.25,13.099,8.00415
3703,0,0,0,0,1,0,0,360.0,90.0,1.5,16.7454,8.12181
3704,0,0,0,0,1,0,0,360.0,90.0,1.75,19.8387,8.01266
3705,0,0,0,0,1,0,0,360.0,90.0,2.0,22.3836,7.20359
3706,0,0,0,0,1,0,0,360.0,90.0,2.25,23.9114,5.41923
3707,0,0,0,0,1,0,0,360.0,90.0,2.513,24.4981,2.9703
3708,0,0,0,0,1,0,0,360.0,100.0,0.499,4.9127,12.9316
3709,0,0,0,0,1,0,0,360.0,100.0,0.75,9.55334,13.5509
3710,0,0,0,0,1,0,0,360.0,100.0,1.0,14.652,13.6146
3711,0,0,0,0,1,0,0,360.0,100.0,1.25,19.164,13.2912
3712,0,0,0,0,1,0,0,360.0,100.0,1.5,23.4085,12.6855
3713,0,0,0,0,1,0,0,360.0,100.0,1.75,27.1626,11.5522
3714,0,0,0,0,1,0,0,360.0,100.0,2.0,30.098,9.93229
3715,0,0,0,0,1,0,0,360.0,100.0,2.25,31.829,7.41587
3716,0,0,0,0,1,0,0,360.0,100.0,2.513,32.275,4.26076
3717,0,0,0,0,1,0,0,360.0,110.0,0.499,9.14593,19.3757
3718,0,0,0,0,1,0,0,360.0,110.0,0.75,15.4675,19.9503
3719,0,0,0,0,1,0,0,360.0,110.0,1.0,21.0712,19.7873
3720,0,0,0,0,1,0,0,360.0,110.0,1.25,26.0763,19.0142
3721,0,0,0,0,1,0,0,360.0,110.0,1.5,30.8172,17.7956
3722,0,0,0,0,1,0,0,360.0,110.0,1.75,35.216,15.7815
3723,0,0,0,0,1,0,0,360.0,110.0,2.0,38.4058,13.0987
3724,0,0,0,0,1,0,0,360.0,110.0,2.25,40.2687,10.1038
3725,0,0,0,0,1,0,0,360.0,110.0,2.513,40.8921,6.38029
3726,0,0,0,0,1,0,0,420.0,30.0,0.499,0,0
3727,0,0,0,0,1,0,0,420.0,30.0,0.75,0,0
3728,0,0,0,0,1,0,0,420.0,30.0,1.0,0,0
3729,0,0,0,0,1,0,0,420.0,30.0,1.25,0,0
3730,0,0,0,0,1,0,0,420.0,30.0,1.5,0,0
3731,0,0,0,0,1,0,0,420.0,30.0,1.75,0,0
3732,0,0,0,0,1,0,0,420.0,30.0,2.0,0,0
3733,0,0,0,0,1,0,0,420.0,30.0,2.25,0,0.126923
3734,0,0,0,0,1,0,0,420.0,30.0,2.513,0,0.34801
3735,0,0,0,0,1,0,0,420.0,40.0,0.499,0,0
3736,0,0,0,0,1,0,0,420.0,40.0,0.75,0,0
3737,0,0,0,0,1,0,0,420.0,40.0,1.0,0,0
3738,0,0,0,0,1,0,0,420.0,40.0,1.25,0,0
3739,0,0,0,0,1,0,0,420.0,40.0,1.5,0,0
3740,0,0,0,0,1,0,0,420.0,40.0,1.75,0,0
3741,0,0,0,0,1,0,0,420.0,40.0,2.0,0.125803,0.267664
3742,0,0,0,0,1,0,0,420.0,40.0,2.25,0.243522,0.518116
3743,0,0,0,0,1,0,0,420.0,40.0,2.513,0.309527,0.641666
3744,0,0,0,0,1,0,0,420.0,50.0,0.499,0,0
3745,0,0,0,0,1,0,0,420.0,50.0,0.75,0,0
3746,0,0,0,0,1,0,0,420.0,50.0,1.0,0,0
3747,0,0,0,0,1,0,0,420.0,50.0,1.25,0.0353444,0
3748,0,0,0,0,1,0,0,420.0,50.0,1.5,0.635835,0
3749,0,0,0,0,1,0,0,420.0,50.0,1.75,1.26845,0.572371
3750,0,0,0,0,1,0,0,420.0,50.0,2.0,2.01844,0.940776
3751,0,0,0,0,1,0,0,420.0,50.0,2.25,2.24251,1.18195
3752,0,0,0,0,1,0,0,420.0,50.0,2.513,1.82966,0.931011
3753,0,0,0,0,1,0,0,420.0,60.0,0.499,0,0
3754,0,0,0,0,1,0,0,420.0,60.0,0.75,0.0939702,0
3755,0,0,0,0,1,0,0,420.0,60.0,1.0,0.774816,0.115193
3756,0,0,0,0,1,0,0,420.0,60.0,1.25,1.68164,0.368108
3757,0,0,0,0,1,0,0,420.0,60.0,1.5,3.0382,0.854541
3758,0,0,0,0,1,0,0,420.0,60.0,1.75,4.80882,1.56295
3759,0,0,0,0,1,0,0,420.0,60.0,2.0,6.08339,2.3626
3760,0,0,0,0,1,0,0,420.0,60.0,2.25,6.47383,2.37128
3761,0,0,0,0,1,0,0,420.0,60.0,2.513,5.95155,1.24195
3762,0,0,0,0,1,0,0,420.0,70.0,0.499,0.234391,1.26865
3763,0,0,0,0,1,0,0,420.0,70.0,0.75,1.08968,1.10759
3764,0,0,0,0,1,0,0,420.0,70.0,1.0,2.538,1.01391
3765,0,0,0,0,1,0,0,420.0,70.0,1.25,4.72597,1.37662
3766,0,0,0,0,1,0,0,420.0,70.0,1.5,7.10878,2.52623
3767,0,0,0,0,1,0,0,420.0,70.0,1.75,8.84606,3.3232
3768,0,0,0,0,1,0,0,420.0,70.0,2.0,10.1574,3.56953
3769,0,0,0,0,1,0,0,420.0,70.0,2.25,10.7931,3.06023
3770,0,0,0,0,1,0,0,420.0,70.0,2.513,10.4797,1.66088
3771,0,0,0,0,1,0,0,420.0,80.0,0.499,1.45782,4.95008
3772,0,0,0,0,1,0,0,420.0,80.0,0.75,3.41674,4.95769
3773,0,0,0,0,1,0,0,420.0,80.0,1.0,6.2827,4.79664
3774,0,0,0,0,1,0,0,420.0,80.0,1.25,9.84633,5.13945
3775,0,0,0,0,1,0,0,420.0,80.0,1.5,12.6466,5.63332
3776,0,0,0,0,1,0,0,420.0,80.0,1.75,14.6892,5.65
3777,0,0,0,0,1,0,0,420.0,80.0,2.0,16.0257,4.94412
3778,0,0,0,0,1,0,0,420.0,80.0,2.25,16.9609,3.78923
3779,0,0,0,0,1,0,0,420.0,80.0,2.513,16.9531,2.03077
3780,0,0,0,0,1,0,0,420.0,90.0,0.499,4.00528,9.61806
3781,0,0,0,0,1,0,0,420.0,90.0,0.75,6.96968,9.77899
3782,0,0,0,0,1,0,0,420.0,90.0,1.0,11.3342,9.74891
3783,0,0,0,0,1,0,0,420.0,90.0,1.25,15.464,9.87647
3784,0,0,0,0,1,0,0,420.0,90.0,1.5,18.6175,9.58001
3785,0,0,0,0,1,0,0,420.0,90.0,1.75,21.1799,8.93157
3786,0,0,0,0,1,0,0,420.0,90.0,2.0,22.9278,7.46252
3787,0,0,0,0,1,0,0,420.0,90.0,2.25,23.9452,5.27261
3788,0,0,0,0,1,0,0,420.0,90.0,2.513,24.1084,2.68883
3789,0,0,0,0,1,0,0,420.0,100.0,0.499,6.97529,15.4398
3790,0,0,0,0,1,0,0,420.0,100.0,0.75,12.4696,15.8526
3791,0,0,0,0,1,0,0,420.0,100.0,1.0,16.976,15.6271
3792,0,0,0,0,1,0,0,420.0,100.0,1.25,21.3713,15.1417
3793,0,0,0,0,1,0,0,420.0,100.0,1.5,25.2244,14.1868
3794,0,0,0,0,1,0,0,420.0,100.0,1.75,28.1611,12.4651
3795,0,0,0,0,1,0,0,420.0,100.0,2.0,30.602,10.2268
3796,0,0,0,0,1,0,0,420.0,100.0,2.25,31.648,7.25161
3797,0,0,0,0,1,0,0,420.0,100.0,2.513,31.8101,3.92179
3798,0,0,0,0,1,0,0,420.0,110.0,0.499,12.194,21.7326
3799,0,0,0,0,1,0,0,420.0,110.0,0.75,18.1035,22.0794
3800,0,0,0,0,1,0,0,420.0,110.0,1.0,23.2749,21.6778
3801,0,0,0,0,1,0,0,420.0,110.0,1.25,27.9593,20.6998
3802,0,0,0,0,1,0,0,420.0,110.0,1.5,32.2428,19.2071
3803,0,0,0,0,1,0,0,420.0,110.0,1.75,35.8931,16.6163
3804,0,0,0,0,1,0,0,420.0,110.0,2.0,38.5412,13.3009
3805,0,0,0,0,1,0,0,420.0,110.0,2.25,39.9722,9.89864
3806,0,0,0,0,1,0,0,420.0,110.0,2.513,40.2296,6.04323
3807,0,0,0,0,1,0,0,480.0,30.0,0.499,0,0
3808,0,0,0,0,1,0,0,480.0,30.0,0.75,0,0
3809,0,0,0,0,1,0,0,480.0,30.0,1.0,0,0
3810,0,0,0,0,1,0,0,480.0,30.0,1.25,0,0
3811,0,0,0,0,1,0,0,480.0,30.0,1.5,0,0
3812,0,0,0,0,1,0,0,480.0,30.0,1.75,0,0
3813,0,0,0,0,1,0,0,480.0,30.0,2.0,0,0
3814,0,0,0,0,1,0,0,480.0,30.0,2.25,0,0.277618
3815,0,0,0,0,1,0,0,480.0,30.0,2.513,0,0.508791
3816,0,0,0,0,1,0,0,480.0,40.0,0.499,0,0
3817,0,0,0,0,1,0,0,480.0,40.0,0.75,0,0
3818,0,0,0,0,1,0,0,480.0,40.0,1.0,0,0
3819,0,0,0,0,1,0,0,480.0,40.0,1.25,0,0
3820,0,0,0,0,1,0,0,480.0,40.0,1.5,0,0
3821,0,0,0,0,1,0,0,480.0,40.0,1.75,0.224403,0.121029
3822,0,0,0,0,1,0,0,480.0,40.0,2.0,0.298974,0.377473
3823,0,0,0,0,1,0,0,480.0,40.0,2.25,0.458625,0.638274
3824,0,0,0,0,1,0,0,480.0,40.0,2.513,0.515697,0.749691
3825,0,0,0,0,1,0,0,480.0,50.0,0.499,0,0
3826,0,0,0,0,1,0,0,480.0,50.0,0.75,0,0
3827,0,0,0,0,1,0,0,480.0,50.0,1.0,0.40663,0
3828,0,0,0,0,1,0,0,480.0,50.0,1.25,0.621401,0
3829,0,0,0,0,1,0,0,480.0,50.0,1.5,1.53599,0.331365
3830,0,0,0,0,1,0,0,480.0,50.0,1.75,2.01962,0.86899
3831,0,0,0,0,1,0,0,480.0,50.0,2.0,2.81122,1.26246
3832,0,0,0,0,1,0,0,480.0,50.0,2.25,3.04254,1.37958
3833,0,0,0,0,1,0,0,480.0,50.0,2.513,2.56619,0.96088
3834,0,0,0,0,1,0,0,480.0,60.0,0.499,0.0339169,0.0721054
3835,0,0,0,0,1,0,0,480.0,60.0,0.75,0.705413,0.285262
3836,0,0,0,0,1,0,0,480.0,60.0,1.0,1.48204,0.492467
3837,0,0,0,0,1,0,0,480.0,60.0,1.25,2.72855,0.655857
3838,0,0,0,0,1,0,0,480.0,60.0,1.5,4.18609,1.29731
3839,0,0,0,0,1,0,0,480.0,60.0,1.75,5.72067,2.03372
3840,0,0,0,0,1,0,0,480.0,60.0,2.0,6.92279,2.60208
3841,0,0,0,0,1,0,0,480.0,60.0,2.25,7.18971,2.38966
3842,0,0,0,0,1,0,0,480.0,60.0,2.513,6.44726,1.18329
3843,0,0,0,0,1,0,0,480.0,70.0,0.499,0.853032,2.07935
3844,0,0,0,0,1,0,0,480.0,70.0,0.75,2.10035,1.96861
3845,0,0,0,0,1,0,0,480.0,70.0,1.0,3.7268,1.99779
3846,0,0,0,0,1,0,0,480.0,70.0,1.25,6.34097,2.4214
3847,0,0,0,0,1,0,0,480.0,70.0,1.5,8.47889,3.31677
3848,0,0,0,0,1,0,0,480.0,70.0,1.75,9.9809,3.91789
3849,0,0,0,0,1,0,0,480.0,70.0,2.0,11.0695,3.84119
3850,0,0,0,0,1,0,0,480.0,70.0,2.25,11.4228,3.09678
3851,0,0,0,0,1,0,0,480.0,70.0,2.513,10.8157,1.45584
3852,0,0,0,0,1,0,0,480.0,80.0,0.499,2.81155,6.54028
3853,0,0,0,0,1,0,0,480.0,80.0,0.75,4.97484,6.48182
3854,0,0,0,0,1,0,0,480.0,80.0,1.0,8.31947,6.36292
3855,0,0,0,0,1,0,0,480.0,80.0,1.25,11.6637,6.66832
3856,0,0,0,0,1,0,0,480.0,80.0,1.5,14.2752,6.77597
3857,0,0,0,0,1,0,0,480.0,80.0,1.75,16.1073,6.41955
3858,0,0,0,0,1,0,0,480.0,80.0,2.0,17.0947,5.24151
3859,0,0,0,0,1,0,0,480.0,80.0,2.25,17.3715,3.76976
3860,0,0,0,0,1,0,0,480.0,80.0,2.513,16.9343,1.74234
3861,0,0,0,0,1,0,0,480.0,90.0,0.499,5.82603,11.6898
3862,0,0,0,0,1,0,0,480.0,90.0,0.75,9.73592,11.9099
3863,0,0,0,0,1,0,0,480.0,90.0,1.0,13.7598,11.6891
3864,0,0,0,0,1,0,0,480.0,90.0,1.25,17.3712,11.377
3865,0,0,0,0,1,0,0,480.0,90.0,1.5,20.4836,10.9974
3866,0,0,0,0,1,0,0,480.0,90.0,1.75,22.6401,9.75314
3867,0,0,0,0,1,0,0,480.0,90.0,2.0,23.6044,7.55624
3868,0,0,0,0,1,0,0,480.0,90.0,2.25,23.954,4.94994
3869,0,0,0,0,1,0,0,480.0,90.0,2.513,23.7123,2.36028
3870,0,0,0,0,1,0,0,480.0,100.0,0.499,9.79007,17.6774
3871,0,0,0,0,1,0,0,480.0,100.0,0.75,15.0846,17.8116
3872,0,0,0,0,1,0,0,480.0,100.0,1.0,19.417,17.4264
3873,0,0,0,0,1,0,0,480.0,100.0,1.25,23.461,16.7442
3874,0,0,0,0,1,0,0,480.0,100.0,1.5,26.8181,15.3809
3875,0,0,0,0,1,0,0,480.0,100.0,1.75,29.4078,13.3105
3876,0,0,0,0,1,0,0,480.0,100.0,2.0,31.1791,10.4323
3877,0,0,0,0,1,0,0,480.0,100.0,2.25,31.637,7.1808
3878,0,0,0,0,1,0,0,480.0,100.0,2.513,31.3168,3.58815
3879,0,0,0,0,1,0,0,480.0,110.0,0.499,14.9984,23.7731
3880,0,0,0,0,1,0,0,480.0,110.0,0.75,20.7105,23.8583
3881,0,0,0,0,1,0,0,480.0,110.0,1.0,25.5045,23.2269
3882,0,0,0,0,1,0,0,480.0,110.0,1.25,29.8751,22.1208
3883,0,0,0,0,1,0,0,480.0,110.0,1.5,33.5263,20.1568
3884,0,0,0,0,1,0,0,480.0,110.0,1.75,36.4567,17.2071
3885,0,0,0,0,1,0,0,480.0,110.0,2.0,38.7269,13.5981
3886,0,0,0,0,1,0,0,480.0,110.0,2.25,39.688,9.76856
3887,0,0,0,0,1,0,0,480.0,110.0,2.513,39.4639,5.71697
3888,0,0,0,0,1,0,0,540.0,30.0,0.499,0,0
3889,0,0,0,0,1,0,0,540.0,30.0,0.75,0,0
3890,0,0,0,0,1,0,0,540.0,30.0,1.0,0,0
3891,0,0,0,0,1,0,0,540.0,30.0,1.25,0,0
3892,0,0,0,0,1,0,0,540.0,30.0,1.5,0,0
3893,0,0,0,0,1,0,0,540.0,30.0,1.75,0,0
3894,0,0,0,0,1,0,0,540.0,30.0,2.0,0,0.0947983
3895,0,0,0,0,1,0,0,540.0,30.0,2.25,0,0.36284
3896,0,0,0,0,1,0,0,540.0,30.0,2.513,0,0.566648
3897,0,0,0,0,1,0,0,540.0,40.0,0.499,0,0
3898,0,0,0,0,1,0,0,540.0,40.0,0.75,0,0
3899,0,0,0,0,1,0,0,540.0,40.0,1.0,0,0
3900,0,0,0,0,1,0,0,540.0,40.0,1.25,0,0
3901,0,0,0,0,1,0,0,540.0,40.0,1.5,0.326661,0
3902,0,0,0,0,1,0,0,540.0,40.0,1.75,0.646097,0.211204
3903,0,0,0,0,1,0,0,540.0,40.0,2.0,0.763369,0.510834
3904,0,0,0,0,1,0,0,540.0,40.0,2.25,0.653207,0.710396
3905,0,0,0,0,1,0,0,540.0,40.0,2.513,0.704146,0.772226
3906,0,0,0,0,1,0,0,540.0,50.0,0.499,0,0
3907,0,0,0,0,1,0,0,540.0,50.0,0.75,0.357683,0
3908,0,0,0,0,1,0,0,540.0,50.0,1.0,0.899907,0.0798957
3909,0,0,0,0,1,0,0,540.0,50.0,1.25,1.65781,0.297863
3910,0,0,0,0,1,0,0,540.0,50.0,1.5,2.30216,0.699419
3911,0,0,0,0,1,0,0,540.0,50.0,1.75,2.69353,1.08508
3912,0,0,0,0,1,0,0,540.0,50.0,2.0,3.5113,1.41428
3913,0,0,0,0,1,0,0,540.0,50.0,2.25,3.78273,1.40405
3914,0,0,0,0,1,0,0,540.0,50.0,2.513,3.09092,0.848544
3915,0,0,0,0,1,0,0,540.0,60.0,0.499,0.554999,0.537129
3916,0,0,0,0,1,0,0,540.0,60.0,0.75,1.29989,0.667205
3917,0,0,0,0,1,0,0,540.0,60.0,1.0,2.00176,0.799443
3918,0,0,0,0,1,0,0,540.0,60.0,1.25,3.72727,1.14716
3919,0,0,0,0,1,0,0,540.0,60.0,1.5,5.24098,1.78778
3920,0,0,0,0,1,0,0,540.0,60.0,1.75,6.65939,2.47994
3921,0,0,0,0,1,0,0,540.0,60.0,2.0,7.58274,2.67937
3922,0,0,0,0,1,0,0,540.0,60.0,2.25,7.82237,2.19307
3923,0,0,0,0,1,0,0,540.0,60.0,2.513,6.97113,0.865957
3924,0,0,0,0,1,0,0,540.0,70.0,0.499,1.5663,3.22593
3925,0,0,0,0,1,0,0,540.0,70.0,0.75,3.12295,3.16293
3926,0,0,0,0,1,0,0,540.0,70.0,1.0,5.09643,3.20938
3927,0,0,0,0,1,0,0,540.0,70.0,1.25,7.74903,3.68773
3928,0,0,0,0,1,0,0,540.0,70.0,1.5,9.77226,4.04785
3929,0,0,0,0,1,0,0,540.0,70.0,1.75,11.285,4.42886
3930,0,0,0,0,1,0,0,540.0,70.0,2.0,12.0521,4.06259
3931,0,0,0,0,1,0,0,540.0,70.0,2.25,12.0397,2.93994
3932,0,0,0,0,1,0,0,540.0,70.0,2.513,11.317,1.13031
3933,0,0,0,0,1,0,0,540.0,80.0,0.499,4.29875,7.98854
3934,0,0,0,0,1,0,0,540.0,80.0,0.75,7.05432,8.16617
3935,0,0,0,0,1,0,0,540.0,80.0,1.0,10.3365,8.14694
3936,0,0,0,0,1,0,0,540.0,80.0,1.25,13.2682,7.99689
3937,0,0,0,0,1,0,0,540.0,80.0,1.5,15.809,7.79624
3938,0,0,0,0,1,0,0,540.0,80.0,1.75,17.5864,7.08653
3939,0,0,0,0,1,0,0,540.0,80.0,2.0,18.0781,5.48307
3940,0,0,0,0,1,0,0,540.0,80.0,2.25,17.8274,3.70197
3941,0,0,0,0,1,0,0,540.0,80.0,2.513,16.8728,1.42699
3942,0,0,0,0,1,0,0,540.0,90.0,0.499,7.83869,13.8071
3943,0,0,0,0,1,0,0,540.0,90.0,0.75,12.2231,13.8369
3944,0,0,0,0,1,0,0,540.0,90.0,1.0,16.0663,13.5084
3945,0,0,0,0,1,0,0,540.0,90.0,1.25,19.261,12.902
3946,0,0,0,0,1,0,0,540.0,90.0,1.5,22.0664,12.0773
3947,0,0,0,0,1,0,0,540.0,90.0,1.75,24.0663,10.5265
3948,0,0,0,0,1,0,0,540.0,90.0,2.0,24.6778,7.94263
3949,0,0,0,0,1,0,0,540.0,90.0,2.25,24.2893,4.80466
3950,0,0,0,0,1,0,0,540.0,90.0,2.513,23.6156,2.25429
3951,0,0,0,0,1,0,0,540.0,100.0,0.499,12.6394,19.6804
3952,0,0,0,0,1,0,0,540.0,100.0,0.75,17.5079,19.6002
3953,0,0,0,0,1,0,0,540.0,100.0,1.0,21.7629,19.1203
3954,0,0,0,0,1,0,0,540.0,100.0,1.25,25.5152,18.1254
3955,0,0,0,0,1,0,0,540.0,100.0,1.5,28.4648,16.425
3956,0,0,0,0,1,0,0,540.0,100.0,1.75,30.6946,14.0283
3957,0,0,0,0,1,0,0,540.0,100.0,2.0,31.8159,10.7726
3958,0,0,0,0,1,0,0,540.0,100.0,2.25,31.7349,7.10931
3959,0,0,0,0,1,0,0,540.0,100.0,2.513,30.9576,3.29467
3960,0,0,0,0,1,0,0,540.0,110.0,0.499,17.729,25.5363
3961,0,0,0,0,1,0,0,540.0,110.0,0.75,23.0856,25.3587
3962,0,0,0,0,1,0,0,540.0,110.0,1.0,27.7452,24.694
3963,0,0,0,0,1,0,0,540.0,110.0,1.25,31.6573,23.132
3964,0,0,0,0,1,0,0,540.0,110.0,1.5,34.9324,20.8689
3965,0,0,0,0,1,0,0,540.0,110.0,1.75,37.3646,17.7937
3966,0,0,0,0,1,0,0,540.0,110.0,2.0,39.0071,13.9579
3967,0,0,0,0,1,0,0,540.0,110.0,2.25,39.5848,9.84291
3968,0,0,0,0,1,0,0,540.0,110.0,2.513,38.8043,5.41453
3969,0,0,0,0,1,0,0,600.0,30.0,0.499,0,0
3970,0,0,0,0,1,0,0,600.0,30.0,0.75,0,0
3971,0,0,0,0,1,0,0,600.0,30.0,1.0,0,0
3972,0,0,0,0,1,0,0,600.0,30.0,1.25,0,0
3973,0,0,0,0,1,0,0,600.0,30.0,1.5,0,0
3974,0,0,0,0,1,0,0,600.0,30.0,1.75,0.0119544,0
3975,0,0,0,0,1,0,0,600.0,30.0,2.0,0.0407027,0.17599
3976,0,0,0,0,1,0,0,600.0,30.0,2.25,0.0884925,0.430959
3977,0,0,0,0,1,0,0,600.0,30.0,2.513,0.119153,0.57124
3978,0,0,0,0,1,0,0,600.0,40.0,0.499,0,0
3979,0,0,0,0,1,0,0,600.0,40.0,0.75,0,0
3980,0,0,0,0,1,0,0,600.0,40.0,1.0,0.357759,0
3981,0,0,0,0,1,0,0,600.0,40.0,1.25,0.620225,0
3982,0,0,0,0,1,0,0,600.0,40.0,1.5,1.0488,0.0104835
3983,0,0,0,0,1,0,0,600.0,40.0,1.75,1.26249,0.340995
3984,0,0,0,0,1,0,0,600.0,40.0,2.0,1.41613,0.568974
3985,0,0,0,0,1,0,0,600.0,40.0,2.25,1.15833,0.725853
3986,0,0,0,0,1,0,0,600.0,40.0,2.513,0.837284,0.724782
3987,0,0,0,0,1,0,0,600.0,50.0,0.499,0.167703,0
3988,0,0,0,0,1,0,0,600.0,50.0,0.75,0.827868,0.154434
3989,0,0,0,0,1,0,0,600.0,50.0,1.0,1.3508,0.382061
3990,0,0,0,0,1,0,0,600.0,50.0,1.25,2.4368,0.626319
3991,0,0,0,0,1,0,0,600.0,50.0,1.5,2.97759,0.981929
3992,0,0,0,0,1,0,0,600.0,50.0,1.75,3.31746,1.18765
3993,0,0,0,0,1,0,0,600.0,50.0,2.0,4.06835,1.41018
3994,0,0,0,0,1,0,0,600.0,50.0,2.25,4.32831,1.2327
3995,0,0,0,0,1,0,0,600.0,50.0,2.513,3.57419,0.745877
3996,0,0,0,0,1,0,0,600.0,60.0,0.499,1.09288,1.25899
3997,0,0,0,0,1,0,0,600.0,60.0,0.75,1.72253,1.05109
3998,0,0,0,0,1,0,0,600.0,60.0,1.0,2.81221,1.05235
3999,0,0,0,0,1,0,0,600.0,60.0,1.25,4.43324,1.7381
4000,0,0,0,0,1,0,0,600.0,60.0,1.5,6.14495,2.35072
4001,0,0,0,0,1,0,0,600.0,60.0,1.75,7.42706,2.77416
4002,0,0,0,0,1,0,0,600.0,60.0,2.0,8.2025,2.72448
4003,0,0,0,0,1,0,0,600.0,60.0,2.25,8.25344,1.8613
4004,0,0,0,0,1,0,0,600.0,60.0,2.513,7.62705,0.615832
4005,0,0,0,0,1,0,0,600.0,70.0,0.499,2.64149,4.51161
4006,0,0,0,0,1,0,0,600.0,70.0,0.75,4.1073,4.51337
4007,0,0,0,0,1,0,0,600.0,70.0,1.0,6.47416,4.69848
4008,0,0,0,0,1,0,0,600.0,70.0,1.25,8.9068,4.74139
4009,0,0,0,0,1,0,0,600.0,70.0,1.5,10.9459,4.69729
4010,0,0,0,0,1,0,0,600.0,70.0,1.75,12.5189,4.86256
4011,0,0,0,0,1,0,0,600.0,70.0,2.0,12.9908,4.20761
4012,0,0,0,0,1,0,0,600.0,70.0,2.25,12.377,2.67002
4013,0,0,0,0,1,0,0,600.0,70.0,2.513,11.6696,0.722896
4014,0,0,0,0,1,0,0,600.0,80.0,0.499,5.68615,9.83982
4015,0,0,0,0,1,0,0,600.0,80.0,0.75,9.09803,9.85853
4016,0,0,0,0,1,0,0,600.0,80.0,1.0,12.2509,9.87329
4017,0,0,0,0,1,0,0,600.0,80.0,1.25,14.8324,9.32936
4018,0,0,0,0,1,0,0,600.0,80.0,1.5,17.1918,8.72662
4019,0,0,0,0,1,0,0,600.0,80.0,1.75,18.9231,7.73663
4020,0,0,0,0,1,0,0,600.0,80.0,2.0,19.1635,5.81139
4021,0,0,0,0,1,0,0,600.0,80.0,2.25,18.4001,3.67891
4022,0,0,0,0,1,0,0,600.0,80.0,2.513,16.994,1.15599
4023,0,0,0,0,1,0,0,600.0,90.0,0.499,10.303,15.7245
4024,0,0,0,0,1,0,0,600.0,90.0,0.75,14.564,15.6394
4025,0,0,0,0,1,0,0,600.0,90.0,1.0,18.1525,15.077
4026,0,0,0,0,1,0,0,600.0,90.0,1.25,21.1705,14.22
4027,0,0,0,0,1,0,0,600.0,90.0,1.5,23.5861,12.9033
4028,0,0,0,0,1,0,0,600.0,90.0,1.75,25.2827,11.1294
4029,0,0,0,0,1,0,0,600.0,90.0,2.0,25.6767,8.38283
4030,0,0,0,0,1,0,0,600.0,90.0,2.25,24.892,4.85395
4031,0,0,0,0,1,0,0,600.0,90.0,2.513,23.5399,2.07139
4032,0,0,0,0,1,0,0,600.0,100.0,0.499,15.0863,21.4509
4033,0,0,0,0,1,0,0,600.0,100.0,0.75,19.8607,21.2416
4034,0,0,0,0,1,0,0,600.0,100.0,1.0,23.9419,20.5493
4035,0,0,0,0,1,0,0,600.0,100.0,1.25,27.4074,19.2242
4036,0,0,0,0,1,0,0,600.0,100.0,1.5,30.0371,17.2098
4037,0,0,0,0,1,0,0,600.0,100.0,1.75,31.8256,14.5992
4038,0,0,0,0,1,0,0,600.0,100.0,2.0,32.4645,11.1224
4039,0,0,0,0,1,0,0,600.0,100.0,2.25,31.9122,7.19537
4040,0,0,0,0,1,0,0,600.0,100.0,2.513,30.7358,3.22611
4041,0,0,0,0,1,0,0,600.0,110.0,0.499,20.1618,27.079
4042,0,0,0,0,1,0,0,600.0,110.0,0.75,25.2214,26.689
4043,0,0,0,0,1,0,0,600.0,110.0,1.0,29.6148,25.7548
4044,0,0,0,0,1,0,0,600.0,110.0,1.25,33.1506,23.7756
4045,0,0,0,0,1,0,0,600.0,110.0,1.5,36.1488,21.2301
4046,0,0,0,0,1,0,0,600.0,110.0,1.75,38.1464,18.1122
4047,0,0,0,0,1,0,0,600.0,110.0,2.0,39.3957,14.2865
4048,0,0,0,0,1,0,0,600.0,110.0,2.25,39.3676,9.92859
4049,0,0,0,0,1,0,0,600.0,110.0,2.513,38.3767,5.33269
4050,0,0,0,0,0,1,0,60.0,30.0,0.499,0,0
4051,0,0,0,0,0,1,0,60.0,30.0,0.75,0,0
4052,0,0,0,0,0,1,0,60.0,30.0,1.0,0,0
4053,0,0,0,0,0,1,0,60.0,30.0,1.25,0,0
4054,0,0,0,0,0,1,0,60.0,30.0,1.5,0,0
4055,0,0,0,0,0,1,0,60.0,30.0,1.75,0,0
4056,0,0,0,0,0,1,0,60.0,30.0,2.0,0,0
4057,0,0,0,0,0,1,0,60.0,30.0,2.25,0,0
4058,0,0,0,0,0,1,0,60.0,30.0,2.513,0,0
4059,0,0,0,0,0,1,0,60.0,40.0,0.499,0,0
4060,0,0,0,0,0,1,0,60.0,40.0,0.75,0,0
4061,0,0,0,0,0,1,0,60.0,40.0,1.0,0,0
4062,0,0,0,0,0,1,0,60.0,40.0,1.25,0,0
4063,0,0,0,0,0,1,0,60.0,40.0,1.5,0,0
4064,0,0,0,0,0,1,0,60.0,40.0,1.75,0,0
4065,0,0,0,0,0,1,0,60.0,40.0,2.0,0,0
4066,0,0,0,0,0,1,0,60.0,40.0,2.25,0,0
4067,0,0,0,0,0,1,0,60.0,40.0,2.513,0,0
4068,0,0,0,0,0,1,0,60.0,50.0,0.499,0,0.516358
4069,0,0,0,0,0,1,0,60.0,50.0,0.75,0,0.627534
4070,0,0,0,0,0,1,0,60.0,50.0,1.0,0,0.6042
4071,0,0,0,0,0,1,0,60.0,50.0,1.25,0.120104,0.480209
4072,0,0,0,0,0,1,0,60.0,50.0,1.5,0,0.288716
4073,0,0,0,0,0,1,0,60.0,50.0,1.75,0,0.199924
4074,0,0,0,0,0,1,0,60.0,50.0,2.0,0,0.376157
4075,0,0,0,0,0,1,0,60.0,50.0,2.25,0,0.20752
4076,0,0,0,0,0,1,0,60.0,50.0,2.513,0,0
4077,0,0,0,0,0,1,0,60.0,60.0,0.499,0,2.99952
4078,0,0,0,0,0,1,0,60.0,60.0,0.75,0.0744176,3.053
4079,0,0,0,0,0,1,0,60.0,60.0,1.0,0.957383,2.87717
4080,0,0,0,0,0,1,0,60.0,60.0,1.25,1.44684,2.56944
4081,0,0,0,0,0,1,0,60.0,60.0,1.5,1.37725,2.03008
4082,0,0,0,0,0,1,0,60.0,60.0,1.75,0.885171,1.66657
4083,0,0,0,0,0,1,0,60.0,60.0,2.0,0.362907,1.24506
4084,0,0,0,0,0,1,0,60.0,60.0,2.25,0,0.831543
4085,0,0,0,0,0,1,0,60.0,60.0,2.513,0,0.197958
4086,0,0,0,0,0,1,0,60.0,70.0,0.499,0.0191663,7.22445
4087,0,0,0,0,0,1,0,60.0,70.0,0.75,1.98722,7.16523
4088,0,0,0,0,0,1,0,60.0,70.0,1.0,3.55845,6.66805
4089,0,0,0,0,0,1,0,60.0,70.0,1.25,4.40939,6.16296
4090,0,0,0,0,0,1,0,60.0,70.0,1.5,4.41721,5.73967
4091,0,0,0,0,0,1,0,60.0,70.0,1.75,3.65777,4.89026
4092,0,0,0,0,0,1,0,60.0,70.0,2.0,2.57717,3.69085
4093,0,0,0,0,0,1,0,60.0,70.0,2.25,1.63904,2.09579
4094,0,0,0,0,0,1,0,60.0,70.0,2.513,0.364818,0.474892
4095,0,0,0,0,0,1,0,60.0,80.0,0.499,1.78836,11.5421
4096,0,0,0,0,0,1,0,60.0,80.0,0.75,4.30599,11.5118
4097,0,0,0,0,0,1,0,60.0,80.0,1.0,6.66431,11.0197
4098,0,0,0,0,0,1,0,60.0,80.0,1.25,7.97148,10.6736
4099,0,0,0,0,0,1,0,60.0,80.0,1.5,8.11299,9.86894
4100,0,0,0,0,0,1,0,60.0,80.0,1.75,7.39612,8.48882
4101,0,0,0,0,0,1,0,60.0,80.0,2.0,6.44472,6.68886
4102,0,0,0,0,0,1,0,60.0,80.0,2.25,5.09672,4.26157
4103,0,0,0,0,0,1,0,60.0,80.0,2.513,3.58864,1.50091
4104,0,0,0,0,0,1,0,60.0,90.0,0.499,3.88247,16.4793
4105,0,0,0,0,0,1,0,60.0,90.0,0.75,7.25319,16.8102
4106,0,0,0,0,0,1,0,60.0,90.0,1.0,9.79412,16.6112
4107,0,0,0,0,0,1,0,60.0,90.0,1.25,12.1217,15.9599
4108,0,0,0,0,0,1,0,60.0,90.0,1.5,13.5361,14.6667
4109,0,0,0,0,0,1,0,60.0,90.0,1.75,12.798,12.4317
4110,0,0,0,0,0,1,0,60.0,90.0,2.0,11.8011,9.99418
4111,0,0,0,0,0,1,0,60.0,90.0,2.25,10.3623,7.04746
4112,0,0,0,0,0,1,0,60.0,90.0,2.513,8.13722,3.31095
4113,0,0,0,0,0,1,0,60.0,100.0,0.499,6.69301,22.8202
4114,0,0,0,0,0,1,0,60.0,100.0,0.75,10.4346,22.9252
4115,0,0,0,0,0,1,0,60.0,100.0,1.0,13.5869,22.5551
4116,0,0,0,0,0,1,0,60.0,100.0,1.25,16.8956,21.3803
4117,0,0,0,0,0,1,0,60.0,100.0,1.5,18.8762,19.6489
4118,0,0,0,0,0,1,0,60.0,100.0,1.75,19.3871,16.8974
4119,0,0,0,0,0,1,0,60.0,100.0,2.0,18.7541,13.7177
4120,0,0,0,0,0,1,0,60.0,100.0,2.25,17.4408,10.2881
4121,0,0,0,0,0,1,0,60.0,100.0,2.513,15.3946,5.8792
4122,0,0,0,0,0,1,0,60.0,110.0,0.499,10.0499,29.4601
4123,0,0,0,0,0,1,0,60.0,110.0,0.75,14.0653,29.2481
4124,0,0,0,0,0,1,0,60.0,110.0,1.0,18.6673,28.4086
4125,0,0,0,0,0,1,0,60.0,110.0,1.25,22.304,27.0562
4126,0,0,0,0,0,1,0,60.0,110.0,1.5,24.6279,24.5757
4127,0,0,0,0,0,1,0,60.0,110.0,1.75,26.0778,21.6166
4128,0,0,0,0,0,1,0,60.0,110.0,2.0,26.1175,17.7915
4129,0,0,0,0,0,1,0,60.0,110.0,2.25,25.2798,13.659
4130,0,0,0,0,0,1,0,60.0,110.0,2.513,23.522,8.86708
4131,0,0,0,0,0,1,0,120.0,30.0,0.499,0,0
4132,0,0,0,0,0,1,0,120.0,30.0,0.75,0,0
4133,0,0,0,0,0,1,0,120.0,30.0,1.0,0,0
4134,0,0,0,0,0,1,0,120.0,30.0,1.25,0,0
4135,0,0,0,0,0,1,0,120.0,30.0,1.5,0,0
4136,0,0,0,0,0,1,0,120.0,30.0,1.75,0,0
4137,0,0,0,0,0,1,0,120.0,30.0,2.0,0,0
4138,0,0,0,0,0,1,0,120.0,30.0,2.25,0,0
4139,0,0,0,0,0,1,0,120.0,30.0,2.513,0,0
4140,0,0,0,0,0,1,0,120.0,40.0,0.499,0,0
4141,0,0,0,0,0,1,0,120.0,40.0,0.75,0,0.139297
4142,0,0,0,0,0,1,0,120.0,40.0,1.0,0,0.229179
4143,0,0,0,0,0,1,0,120.0,40.0,1.25,0,0.171384
4144,0,0,0,0,0,1,0,120.0,40.0,1.5,0,0.0538421
4145,0,0,0,0,0,1,0,120.0,40.0,1.75,0,0
4146,0,0,0,0,0,1,0,120.0,40.0,2.0,0,0
4147,0,0,0,0,0,1,0,120.0,40.0,2.25,0,0.127916
4148,0,0,0,0,0,1,0,120.0,40.0,2.513,0,0
4149,0,0,0,0,0,1,0,120.0,50.0,0.499,0,1.05866
4150,0,0,0,0,0,1,0,120.0,50.0,0.75,0.14577,1.3473
4151,0,0,0,0,0,1,0,120.0,50.0,1.0,0.557259,1.43692
4152,0,0,0,0,0,1,0,120.0,50.0,1.25,0.687828,1.15567
4153,0,0,0,0,0,1,0,120.0,50.0,1.5,0.433807,0.767705
4154,0,0,0,0,0,1,0,120.0,50.0,1.75,0.0328499,0.755798
4155,0,0,0,0,0,1,0,120.0,50.0,2.0,0,0.928791
4156,0,0,0,0,0,1,0,120.0,50.0,2.25,0,0.725878
4157,0,0,0,0,0,1,0,120.0,50.0,2.513,0,0.195866
4158,0,0,0,0,0,1,0,120.0,60.0,0.499,0,4.73177
4159,0,0,0,0,0,1,0,120.0,60.0,0.75,1.2519,4.77231
4160,0,0,0,0,0,1,0,120.0,60.0,1.0,2.11472,4.51435
4161,0,0,0,0,0,1,0,120.0,60.0,1.25,2.42435,4.11105
4162,0,0,0,0,0,1,0,120.0,60.0,1.5,2.15265,3.45638
4163,0,0,0,0,0,1,0,120.0,60.0,1.75,1.40021,2.94111
4164,0,0,0,0,0,1,0,120.0,60.0,2.0,0.560698,2.06752
4165,0,0,0,0,0,1,0,120.0,60.0,2.25,0,1.28387
4166,0,0,0,0,0,1,0,120.0,60.0,2.513,0,0.489914
4167,0,0,0,0,0,1,0,120.0,70.0,0.499,1.00354,8.93081
4168,0,0,0,0,0,1,0,120.0,70.0,0.75,3.64589,9.06751
4169,0,0,0,0,0,1,0,120.0,70.0,1.0,5.2001,8.52076
4170,0,0,0,0,0,1,0,120.0,70.0,1.25,5.29975,7.71507
4171,0,0,0,0,0,1,0,120.0,70.0,1.5,4.70344,7.27207
4172,0,0,0,0,0,1,0,120.0,70.0,1.75,3.72765,6.01084
4173,0,0,0,0,0,1,0,120.0,70.0,2.0,2.79927,4.32402
4174,0,0,0,0,0,1,0,120.0,70.0,2.25,1.48462,2.41699
4175,0,0,0,0,0,1,0,120.0,70.0,2.513,0.163237,0.688185
4176,0,0,0,0,0,1,0,120.0,80.0,0.499,3.10902,13.2797
4177,0,0,0,0,0,1,0,120.0,80.0,0.75,6.02451,13.3058
4178,0,0,0,0,0,1,0,120.0,80.0,1.0,8.12753,12.9769
4179,0,0,0,0,0,1,0,120.0,80.0,1.25,8.99648,12.3591
4180,0,0,0,0,0,1,0,120.0,80.0,1.5,8.60717,11.2021
4181,0,0,0,0,0,1,0,120.0,80.0,1.75,7.33685,9.38514
4182,0,0,0,0,0,1,0,120.0,80.0,2.0,5.96606,7.12071
4183,0,0,0,0,0,1,0,120.0,80.0,2.25,4.65742,4.28607
4184,0,0,0,0,0,1,0,120.0,80.0,2.513,2.9606,1.54297
4185,0,0,0,0,0,1,0,120.0,90.0,0.499,5.66372,18.7997
4186,0,0,0,0,0,1,0,120.0,90.0,0.75,8.63265,18.7597
4187,0,0,0,0,0,1,0,120.0,90.0,1.0,11.0084,18.4243
4188,0,0,0,0,0,1,0,120.0,90.0,1.25,12.7639,17.3785
4189,0,0,0,0,0,1,0,120.0,90.0,1.5,13.5917,15.7014
4190,0,0,0,0,0,1,0,120.0,90.0,1.75,12.4987,13.0833
4191,0,0,0,0,0,1,0,120.0,90.0,2.0,10.9088,10.1536
4192,0,0,0,0,0,1,0,120.0,90.0,2.25,8.91107,6.74056
4193,0,0,0,0,0,1,0,120.0,90.0,2.513,6.73624,2.72204
4194,0,0,0,0,0,1,0,120.0,100.0,0.499,8.34643,25.1925
4195,0,0,0,0,0,1,0,120.0,100.0,0.75,11.6195,24.9197
4196,0,0,0,0,0,1,0,120.0,100.0,1.0,14.6321,24.1654
4197,0,0,0,0,0,1,0,120.0,100.0,1.25,17.3683,22.7721
4198,0,0,0,0,0,1,0,120.0,100.0,1.5,18.9203,20.6281
4199,0,0,0,0,0,1,0,120.0,100.0,1.75,18.6972,17.4188
4200,0,0,0,0,0,1,0,120.0,100.0,2.0,17.5328,13.7486
4201,0,0,0,0,0,1,0,120.0,100.0,2.25,15.7941,9.57719
4202,0,0,0,0,0,1,0,120.0,100.0,2.513,13.4388,4.82413
4203,0,0,0,0,0,1,0,120.0,110.0,0.499,11.7806,31.8482
4204,0,0,0,0,0,1,0,120.0,110.0,0.75,15.5132,31.4366
4205,0,0,0,0,0,1,0,120.0,110.0,1.0,19.5764,30.2491
4206,0,0,0,0,0,1,0,120.0,110.0,1.25,22.8082,28.5118
4207,0,0,0,0,0,1,0,120.0,110.0,1.5,24.759,25.7099
4208,0,0,0,0,0,1,0,120.0,110.0,1.75,25.4344,22.0761
4209,0,0,0,0,0,1,0,120.0,110.0,2.0,25.0659,17.6695
4210,0,0,0,0,0,1,0,120.0,110.0,2.25,23.3969,12.735
4211,0,0,0,0,0,1,0,120.0,110.0,2.513,21.1389,7.43883
4212,0,0,0,0,0,1,0,180.0,30.0,0.499,0,0
4213,0,0,0,0,0,1,0,180.0,30.0,0.75,0,0
4214,0,0,0,0,0,1,0,180.0,30.0,1.0,0,0
4215,0,0,0,0,0,1,0,180.0,30.0,1.25,0,0
4216,0,0,0,0,0,1,0,180.0,30.0,1.5,0,0
4217,0,0,0,0,0,1,0,180.0,30.0,1.75,0,0
4218,0,0,0,0,0,1,0,180.0,30.0,2.0,0,0
4219,0,0,0,0,0,1,0,180.0,30.0,2.25,0,0
4220,0,0,0,0,0,1,0,180.0,30.0,2.513,0,0
4221,0,0,0,0,0,1,0,180.0,40.0,0.499,0,0.363036
4222,0,0,0,0,0,1,0,180.0,40.0,0.75,0,0.539117
4223,0,0,0,0,0,1,0,180.0,40.0,1.0,0.310196,0.649338
4224,0,0,0,0,0,1,0,180.0,40.0,1.25,0.263547,0.648376
4225,0,0,0,0,0,1,0,180.0,40.0,1.5,0,0.528283
4226,0,0,0,0,0,1,0,180.0,40.0,1.75,0,0.406576
4227,0,0,0,0,0,1,0,180.0,40.0,2.0,0,0.42783
4228,0,0,0,0,0,1,0,180.0,40.0,2.25,0,0.415717
4229,0,0,0,0,0,1,0,180.0,40.0,2.513,0,0.236931
4230,0,0,0,0,0,1,0,180.0,50.0,0.499,0.0187668,2.24062
4231,0,0,0,0,0,1,0,180.0,50.0,0.75,0.862054,2.46527
4232,0,0,0,0,0,1,0,180.0,50.0,1.0,1.48946,2.53379
4233,0,0,0,0,0,1,0,180.0,50.0,1.25,1.2793,2.11765
4234,0,0,0,0,0,1,0,180.0,50.0,1.5,0.818101,1.54576
4235,0,0,0,0,0,1,0,180.0,50.0,1.75,0.371918,1.51987
4236,0,0,0,0,0,1,0,180.0,50.0,2.0,0,1.38593
4237,0,0,0,0,0,1,0,180.0,50.0,2.25,0,1.07182
4238,0,0,0,0,0,1,0,180.0,50.0,2.513,0,0.460739
4239,0,0,0,0,0,1,0,180.0,60.0,0.499,0.735696,6.09204
4240,0,0,0,0,0,1,0,180.0,60.0,0.75,2.74673,6.34337
4241,0,0,0,0,0,1,0,180.0,60.0,1.0,3.34987,6.01408
4242,0,0,0,0,0,1,0,180.0,60.0,1.25,3.23697,5.40522
4243,0,0,0,0,0,1,0,180.0,60.0,1.5,2.74407,4.92711
4244,0,0,0,0,0,1,0,180.0,60.0,1.75,1.72909,3.98048
4245,0,0,0,0,0,1,0,180.0,60.0,2.0,0.682881,2.75358
4246,0,0,0,0,0,1,0,180.0,60.0,2.25,0,1.62143
4247,0,0,0,0,0,1,0,180.0,60.0,2.513,0,0.694958
4248,0,0,0,0,0,1,0,180.0,70.0,0.499,2.37732,10.4177
4249,0,0,0,0,0,1,0,180.0,70.0,0.75,5.08764,10.5111
4250,0,0,0,0,0,1,0,180.0,70.0,1.0,6.32283,10.047
4251,0,0,0,0,0,1,0,180.0,70.0,1.25,5.93311,9.33057
4252,0,0,0,0,0,1,0,180.0,70.0,1.5,4.77607,8.49331
4253,0,0,0,0,0,1,0,180.0,70.0,1.75,4.07,6.93151
4254,0,0,0,0,0,1,0,180.0,70.0,2.0,2.92346,4.86554
4255,0,0,0,0,0,1,0,180.0,70.0,2.25,1.18048,2.67795
4256,0,0,0,0,0,1,0,180.0,70.0,2.513,0,0.849987
4257,0,0,0,0,0,1,0,180.0,80.0,0.499,4.63118,14.8892
4258,0,0,0,0,0,1,0,180.0,80.0,0.75,7.49471,14.9874
4259,0,0,0,0,0,1,0,180.0,80.0,1.0,9.29785,14.7603
4260,0,0,0,0,0,1,0,180.0,80.0,1.25,9.57194,13.9958
4261,0,0,0,0,0,1,0,180.0,80.0,1.5,8.93106,12.5227
4262,0,0,0,0,0,1,0,180.0,80.0,1.75,7.08068,10.2374
4263,0,0,0,0,0,1,0,180.0,80.0,2.0,5.80298,7.39718
4264,0,0,0,0,0,1,0,180.0,80.0,2.25,4.14465,4.24006
4265,0,0,0,0,0,1,0,180.0,80.0,2.513,2.37861,1.52874
4266,0,0,0,0,0,1,0,180.0,90.0,0.499,7.07222,20.8396
4267,0,0,0,0,0,1,0,180.0,90.0,0.75,9.83158,20.5343
4268,0,0,0,0,0,1,0,180.0,90.0,1.0,11.9622,19.9717
4269,0,0,0,0,0,1,0,180.0,90.0,1.25,13.4798,18.7912
4270,0,0,0,0,0,1,0,180.0,90.0,1.5,13.5591,16.6616
4271,0,0,0,0,0,1,0,180.0,90.0,1.75,12.0575,13.7904
4272,0,0,0,0,0,1,0,180.0,90.0,2.0,9.9592,10.3343
4273,0,0,0,0,0,1,0,180.0,90.0,2.25,7.71612,6.30019
4274,0,0,0,0,0,1,0,180.0,90.0,2.513,5.82417,2.41536
4275,0,0,0,0,0,1,0,180.0,100.0,0.499,9.96283,27.4592
4276,0,0,0,0,0,1,0,180.0,100.0,0.75,12.8093,26.8479
4277,0,0,0,0,0,1,0,180.0,100.0,1.0,15.6707,25.6603
4278,0,0,0,0,0,1,0,180.0,100.0,1.25,17.8805,24.1369
4279,0,0,0,0,0,1,0,180.0,100.0,1.5,18.6609,21.5803
4280,0,0,0,0,0,1,0,180.0,100.0,1.75,17.8389,17.8422
4281,0,0,0,0,0,1,0,180.0,100.0,2.0,16.2966,13.6122
4282,0,0,0,0,0,1,0,180.0,100.0,2.25,13.9974,8.78283
4283,0,0,0,0,0,1,0,180.0,100.0,2.513,11.394,3.71483
4284,0,0,0,0,0,1,0,180.0,110.0,0.499,13.3006,34.0506
4285,0,0,0,0,0,1,0,180.0,110.0,0.75,17.2108,33.4801
4286,0,0,0,0,0,1,0,180.0,110.0,1.0,20.7929,32.1621
4287,0,0,0,0,0,1,0,180.0,110.0,1.25,23.5067,29.9722
4288,0,0,0,0,0,1,0,180.0,110.0,1.5,24.7257,26.7085
4289,0,0,0,0,0,1,0,180.0,110.0,1.75,24.7894,22.4916
4290,0,0,0,0,0,1,0,180.0,110.0,2.0,23.6407,17.3883
4291,0,0,0,0,0,1,0,180.0,110.0,2.25,21.5301,11.8379
4292,0,0,0,0,0,1,0,180.0,110.0,2.513,18.7969,6.02135
4293,0,0,0,0,0,1,0,240.0,30.0,0.499,0,0
4294,0,0,0,0,0,1,0,240.0,30.0,0.75,0,0
4295,0,0,0,0,0,1,0,240.0,30.0,1.0,0,0.049295
4296,0,0,0,0,0,1,0,240.0,30.0,1.25,0,0.193277
4297,0,0,0,0,0,1,0,240.0,30.0,1.5,0,0.257413
4298,0,0,0,0,0,1,0,240.0,30.0,1.75,0,0.138271
4299,0,0,0,0,0,1,0,240.0,30.0,2.0,0,0
4300,0,0,0,0,0,1,0,240.0,30.0,2.25,0,0.174155
4301,0,0,0,0,0,1,0,240.0,30.0,2.513,0,0.153741
4302,0,0,0,0,0,1,0,240.0,40.0,0.499,0,0.791048
4303,0,0,0,0,0,1,0,240.0,40.0,0.75,0.321761,0.943243
4304,0,0,0,0,0,1,0,240.0,40.0,1.0,0.614844,1.04189
4305,0,0,0,0,0,1,0,240.0,40.0,1.25,0.543786,1.03707
4306,0,0,0,0,0,1,0,240.0,40.0,1.5,0.266091,0.972533
4307,0,0,0,0,0,1,0,240.0,40.0,1.75,0,0.962593
4308,0,0,0,0,0,1,0,240.0,40.0,2.0,0,0.958945
4309,0,0,0,0,0,1,0,240.0,40.0,2.25,0,0.834113
4310,0,0,0,0,0,1,0,240.0,40.0,2.513,0,0.45723
4311,0,0,0,0,0,1,0,240.0,50.0,0.499,0.516411,3.18922
4312,0,0,0,0,0,1,0,240.0,50.0,0.75,1.62063,3.51748
4313,0,0,0,0,0,1,0,240.0,50.0,1.0,2.10436,3.5128
4314,0,0,0,0,0,1,0,240.0,50.0,1.25,1.8494,3.15919
4315,0,0,0,0,0,1,0,240.0,50.0,1.5,1.182,2.62057
4316,0,0,0,0,0,1,0,240.0,50.0,1.75,0.655072,2.32319
4317,0,0,0,0,0,1,0,240.0,50.0,2.0,0,1.85269
4318,0,0,0,0,0,1,0,240.0,50.0,2.25,0,1.3502
4319,0,0,0,0,0,1,0,240.0,50.0,2.513,0,0.625983
4320,0,0,0,0,0,1,0,240.0,60.0,0.499,1.75732,7.2583
4321,0,0,0,0,0,1,0,240.0,60.0,0.75,3.5859,7.50589
4322,0,0,0,0,0,1,0,240.0,60.0,1.0,4.17906,7.30752
4323,0,0,0,0,0,1,0,240.0,60.0,1.25,3.77499,6.61925
4324,0,0,0,0,0,1,0,240.0,60.0,1.5,3.11269,6.0758
4325,0,0,0,0,0,1,0,240.0,60.0,1.75,1.98416,4.89451
4326,0,0,0,0,0,1,0,240.0,60.0,2.0,0.729678,3.25518
4327,0,0,0,0,0,1,0,240.0,60.0,2.25,0,1.95695
4328,0,0,0,0,0,1,0,240.0,60.0,2.513,0,0.860266
4329,0,0,0,0,0,1,0,240.0,70.0,0.499,3.68317,11.7099
4330,0,0,0,0,0,1,0,240.0,70.0,0.75,5.93058,11.6337
4331,0,0,0,0,0,1,0,240.0,70.0,1.0,6.85804,11.4212
4332,0,0,0,0,0,1,0,240.0,70.0,1.25,6.05487,10.8033
4333,0,0,0,0,0,1,0,240.0,70.0,1.5,5.17514,9.54278
4334,0,0,0,0,0,1,0,240.0,70.0,1.75,4.39885,7.73538
4335,0,0,0,0,0,1,0,240.0,70.0,2.0,2.88438,5.35751
4336,0,0,0,0,0,1,0,240.0,70.0,2.25,0.970163,2.95105
4337,0,0,0,0,0,1,0,240.0,70.0,2.513,0.0467903,0.966411
4338,0,0,0,0,0,1,0,240.0,80.0,0.499,6.07259,16.617
4339,0,0,0,0,0,1,0,240.0,80.0,0.75,8.58392,16.6844
4340,0,0,0,0,0,1,0,240.0,80.0,1.0,9.89318,16.2929
4341,0,0,0,0,0,1,0,240.0,80.0,1.25,9.95274,15.4291
4342,0,0,0,0,0,1,0,240.0,80.0,1.5,8.81593,13.5562
4343,0,0,0,0,0,1,0,240.0,80.0,1.75,6.89953,10.812
4344,0,0,0,0,0,1,0,240.0,80.0,2.0,5.50143,7.66201
4345,0,0,0,0,0,1,0,240.0,80.0,2.25,3.67319,4.05342
4346,0,0,0,0,0,1,0,240.0,80.0,2.513,1.8144,1.4075
4347,0,0,0,0,0,1,0,240.0,90.0,0.499,8.45629,22.7081
4348,0,0,0,0,0,1,0,240.0,90.0,0.75,11.0411,22.2882
4349,0,0,0,0,0,1,0,240.0,90.0,1.0,12.7276,21.4214
4350,0,0,0,0,0,1,0,240.0,90.0,1.25,13.9032,20.0434
4351,0,0,0,0,0,1,0,240.0,90.0,1.5,13.4255,17.6147
4352,0,0,0,0,0,1,0,240.0,90.0,1.75,11.5652,14.3756
4353,0,0,0,0,0,1,0,240.0,90.0,2.0,8.85911,10.3483
4354,0,0,0,0,0,1,0,240.0,90.0,2.25,6.74454,5.7128
4355,0,0,0,0,0,1,0,240.0,90.0,2.513,4.91514,1.96866
4356,0,0,0,0,0,1,0,240.0,100.0,0.499,11.3393,29.2929
4357,0,0,0,0,0,1,0,240.0,100.0,0.75,14.1932,28.7648
4358,0,0,0,0,0,1,0,240.0,100.0,1.0,16.7917,27.3404
4359,0,0,0,0,0,1,0,240.0,100.0,1.25,18.5041,25.4548
4360,0,0,0,0,0,1,0,240.0,100.0,1.5,18.4897,22.3484
4361,0,0,0,0,0,1,0,240.0,100.0,1.75,17.2318,18.2789
4362,0,0,0,0,0,1,0,240.0,100.0,2.0,14.9592,13.3683
4363,0,0,0,0,0,1,0,240.0,100.0,2.25,12.2944,8.09706
4364,0,0,0,0,0,1,0,240.0,100.0,2.513,9.72206,2.99615
4365,0,0,0,0,0,1,0,240.0,110.0,0.499,14.6694,35.9495
4366,0,0,0,0,0,1,0,240.0,110.0,0.75,18.7631,35.2592
4367,0,0,0,0,0,1,0,240.0,110.0,1.0,22.1196,33.8671
4368,0,0,0,0,0,1,0,240.0,110.0,1.25,24.0488,31.2788
4369,0,0,0,0,0,1,0,240.0,110.0,1.5,24.7636,27.6228
4370,0,0,0,0,0,1,0,240.0,110.0,1.75,24.1653,22.7208
4371,0,0,0,0,0,1,0,240.0,110.0,2.0,22.4174,17.0833
4372,0,0,0,0,0,1,0,240.0,110.0,2.25,19.7348,11.119
4373,0,0,0,0,0,1,0,240.0,110.0,2.513,16.8693,4.93777
4374,0,0,0,0,0,1,0,300.0,30.0,0.499,0,0.157133
4375,0,0,0,0,0,1,0,300.0,30.0,0.75,0,0.301408
4376,0,0,0,0,0,1,0,300.0,30.0,1.0,0,0.417869
4377,0,0,0,0,0,1,0,300.0,30.0,1.25,0,0.542543
4378,0,0,0,0,0,1,0,300.0,30.0,1.5,0,0.575286
4379,0,0,0,0,0,1,0,300.0,30.0,1.75,0,0.48253
4380,0,0,0,0,0,1,0,300.0,30.0,2.0,0,0.491967
4381,0,0,0,0,0,1,0,300.0,30.0,2.25,0,0.413174
4382,0,0,0,0,0,1,0,300.0,30.0,2.513,0,0.417538
4383,0,0,0,0,0,1,0,300.0,40.0,0.499,0.289659,1.21978
4384,0,0,0,0,0,1,0,300.0,40.0,0.75,0.747802,1.57762
4385,0,0,0,0,0,1,0,300.0,40.0,1.0,0.84259,1.59963
4386,0,0,0,0,0,1,0,300.0,40.0,1.25,0.783609,1.44111
4387,0,0,0,0,0,1,0,300.0,40.0,1.5,0.43505,1.33694
4388,0,0,0,0,0,1,0,300.0,40.0,1.75,0,1.4785
4389,0,0,0,0,0,1,0,300.0,40.0,2.0,0,1.45003
4390,0,0,0,0,0,1,0,300.0,40.0,2.25,0,1.11844
4391,0,0,0,0,0,1,0,300.0,40.0,2.513,0,0.578885
4392,0,0,0,0,0,1,0,300.0,50.0,0.499,0.957737,4.02088
4393,0,0,0,0,0,1,0,300.0,50.0,0.75,2.14388,4.50862
4394,0,0,0,0,0,1,0,300.0,50.0,1.0,2.54998,4.43879
4395,0,0,0,0,0,1,0,300.0,50.0,1.25,2.2305,3.91812
4396,0,0,0,0,0,1,0,300.0,50.0,1.5,1.42778,3.57029
4397,0,0,0,0,0,1,0,300.0,50.0,1.75,0.852248,3.05868
4398,0,0,0,0,0,1,0,300.0,50.0,2.0,0.0691871,2.35104
4399,0,0,0,0,0,1,0,300.0,50.0,2.25,0,1.59133
4400,0,0,0,0,0,1,0,300.0,50.0,2.513,0,0.770093
4401,0,0,0,0,0,1,0,300.0,60.0,0.499,2.49131,8.32223
4402,0,0,0,0,0,1,0,300.0,60.0,0.75,3.98365,8.40186
4403,0,0,0,0,0,1,0,300.0,60.0,1.0,4.45225,8.21868
4404,0,0,0,0,0,1,0,300.0,60.0,1.25,4.04077,7.78212
4405,0,0,0,0,0,1,0,300.0,60.0,1.5,3.31928,6.9927
4406,0,0,0,0,0,1,0,300.0,60.0,1.75,2.15656,5.51705
4407,0,0,0,0,0,1,0,300.0,60.0,2.0,0.855831,3.76748
4408,0,0,0,0,0,1,0,300.0,60.0,2.25,0,2.33541
4409,0,0,0,0,0,1,0,300.0,60.0,2.513,0,0.925201
4410,0,0,0,0,0,1,0,300.0,70.0,0.499,4.65996,12.8239
4411,0,0,0,0,0,1,0,300.0,70.0,0.75,6.32846,12.6874
4412,0,0,0,0,0,1,0,300.0,70.0,1.0,6.86985,12.6794
4413,0,0,0,0,0,1,0,300.0,70.0,1.25,6.11944,12.0106
4414,0,0,0,0,0,1,0,300.0,70.0,1.5,5.59836,10.4759
4415,0,0,0,0,0,1,0,300.0,70.0,1.75,4.47377,8.27257
4416,0,0,0,0,0,1,0,300.0,70.0,2.0,2.8184,5.71853
4417,0,0,0,0,0,1,0,300.0,70.0,2.25,0.958323,3.14154
4418,0,0,0,0,0,1,0,300.0,70.0,2.513,0.121694,0.986856
4419,0,0,0,0,0,1,0,300.0,80.0,0.499,7.32217,18.3333
4420,0,0,0,0,0,1,0,300.0,80.0,0.75,9.30451,18.1005
4421,0,0,0,0,0,1,0,300.0,80.0,1.0,10.0019,17.6608
4422,0,0,0,0,0,1,0,300.0,80.0,1.25,10.0303,16.6076
4423,0,0,0,0,0,1,0,300.0,80.0,1.5,8.5387,14.3786
4424,0,0,0,0,0,1,0,300.0,80.0,1.75,6.98138,11.2571
4425,0,0,0,0,0,1,0,300.0,80.0,2.0,5.26206,7.7465
4426,0,0,0,0,0,1,0,300.0,80.0,2.25,3.27919,3.94321
4427,0,0,0,0,0,1,0,300.0,80.0,2.513,1.67862,1.21488
4428,0,0,0,0,0,1,0,300.0,90.0,0.499,9.69122,24.328
4429,0,0,0,0,0,1,0,300.0,90.0,0.75,12.1706,23.9618
4430,0,0,0,0,0,1,0,300.0,90.0,1.0,13.6402,22.9569
4431,0,0,0,0,0,1,0,300.0,90.0,1.25,14.1021,21.1995
4432,0,0,0,0,0,1,0,300.0,90.0,1.5,13.2149,18.467
4433,0,0,0,0,0,1,0,300.0,90.0,1.75,10.6602,14.6127
4434,0,0,0,0,0,1,0,300.0,90.0,2.0,8.19531,10.0429
4435,0,0,0,0,0,1,0,300.0,90.0,2.25,6.06097,5.17008
4436,0,0,0,0,0,1,0,300.0,90.0,2.513,4.3695,1.80085
4437,0,0,0,0,0,1,0,300.0,100.0,0.499,12.6386,30.8428
4438,0,0,0,0,0,1,0,300.0,100.0,0.75,15.4526,30.3042
4439,0,0,0,0,0,1,0,300.0,100.0,1.0,17.9694,28.9487
4440,0,0,0,0,0,1,0,300.0,100.0,1.25,19.054,26.5074
4441,0,0,0,0,0,1,0,300.0,100.0,1.5,18.5271,23.1005
4442,0,0,0,0,0,1,0,300.0,100.0,1.75,16.636,18.5058
4443,0,0,0,0,0,1,0,300.0,100.0,2.0,13.758,13.0585
4444,0,0,0,0,0,1,0,300.0,100.0,2.25,10.8868,7.4966
4445,0,0,0,0,0,1,0,300.0,100.0,2.513,8.73672,2.80678
4446,0,0,0,0,0,1,0,300.0,110.0,0.499,16.031,37.4611
4447,0,0,0,0,0,1,0,300.0,110.0,0.75,20.1497,36.7339
4448,0,0,0,0,0,1,0,300.0,110.0,1.0,23.16,35.1633
4449,0,0,0,0,0,1,0,300.0,110.0,1.25,24.7096,32.2899
4450,0,0,0,0,0,1,0,300.0,110.0,1.5,24.7676,28.1294
4451,0,0,0,0,0,1,0,300.0,110.0,1.75,23.6171,22.8615
4452,0,0,0,0,0,1,0,300.0,110.0,2.0,21.2394,16.8077
4453,0,0,0,0,0,1,0,300.0,110.0,2.25,18.2554,10.6416
4454,0,0,0,0,0,1,0,300.0,110.0,2.513,15.5445,4.41949
4455,0,0,0,0,0,1,0,360.0,30.0,0.499,0,0.496308
4456,0,0,0,0,0,1,0,360.0,30.0,0.75,0.141804,0.669929
4457,0,0,0,0,0,1,0,360.0,30.0,1.0,0.0658912,0.765817
4458,0,0,0,0,0,1,0,360.0,30.0,1.25,0,0.900021
4459,0,0,0,0,0,1,0,360.0,30.0,1.5,0,0.825476
4460,0,0,0,0,0,1,0,360.0,30.0,1.75,0,0.780016
4461,0,0,0,0,0,1,0,360.0,30.0,2.0,0,0.888808
4462,0,0,0,0,0,1,0,360.0,30.0,2.25,0,0.633391
4463,0,0,0,0,0,1,0,360.0,30.0,2.513,0,0.580431
4464,0,0,0,0,0,1,0,360.0,40.0,0.499,0.564297,1.81926
4465,0,0,0,0,0,1,0,360.0,40.0,0.75,1.08868,2.18665
4466,0,0,0,0,0,1,0,360.0,40.0,1.0,1.15609,2.20369
4467,0,0,0,0,0,1,0,360.0,40.0,1.25,0.972031,2.0003
4468,0,0,0,0,0,1,0,360.0,40.0,1.5,0.553172,1.80248
4469,0,0,0,0,0,1,0,360.0,40.0,1.75,0.076886,1.97058
4470,0,0,0,0,0,1,0,360.0,40.0,2.0,0,1.79025
4471,0,0,0,0,0,1,0,360.0,40.0,2.25,0,1.30448
4472,0,0,0,0,0,1,0,360.0,40.0,2.513,0,0.658782
4473,0,0,0,0,0,1,0,360.0,50.0,0.499,1.49777,4.98683
4474,0,0,0,0,0,1,0,360.0,50.0,0.75,2.45383,5.27425
4475,0,0,0,0,0,1,0,360.0,50.0,1.0,2.87164,5.09574
4476,0,0,0,0,0,1,0,360.0,50.0,1.25,2.46571,4.79451
4477,0,0,0,0,0,1,0,360.0,50.0,1.5,1.55627,4.33153
4478,0,0,0,0,0,1,0,360.0,50.0,1.75,0.971259,3.59147
4479,0,0,0,0,0,1,0,360.0,50.0,2.0,0.185664,2.76475
4480,0,0,0,0,0,1,0,360.0,50.0,2.25,0,1.78924
4481,0,0,0,0,0,1,0,360.0,50.0,2.513,0,0.789217
4482,0,0,0,0,0,1,0,360.0,60.0,0.499,2.98774,9.26289
4483,0,0,0,0,0,1,0,360.0,60.0,0.75,4.03581,9.1663
4484,0,0,0,0,0,1,0,360.0,60.0,1.0,4.40154,9.13444
4485,0,0,0,0,0,1,0,360.0,60.0,1.25,4.22868,8.63979
4486,0,0,0,0,0,1,0,360.0,60.0,1.5,3.56969,7.6039
4487,0,0,0,0,0,1,0,360.0,60.0,1.75,2.28468,6.00409
4488,0,0,0,0,0,1,0,360.0,60.0,2.0,0.991805,4.30736
4489,0,0,0,0,0,1,0,360.0,60.0,2.25,0.031047,2.6065
4490,0,0,0,0,0,1,0,360.0,60.0,2.513,0,0.887179
4491,0,0,0,0,0,1,0,360.0,70.0,0.499,5.29601,13.8442
4492,0,0,0,0,0,1,0,360.0,70.0,0.75,6.52509,13.8478
4493,0,0,0,0,0,1,0,360.0,70.0,1.0,6.49908,13.7154
4494,0,0,0,0,0,1,0,360.0,70.0,1.25,6.29833,13.0071
4495,0,0,0,0,0,1,0,360.0,70.0,1.5,5.72252,11.1517
4496,0,0,0,0,0,1,0,360.0,70.0,1.75,4.64122,8.71155
4497,0,0,0,0,0,1,0,360.0,70.0,2.0,2.92698,6.0179
4498,0,0,0,0,0,1,0,360.0,70.0,2.25,1.14982,3.34172
4499,0,0,0,0,0,1,0,360.0,70.0,2.513,0.235484,0.876787
4500,0,0,0,0,0,1,0,360.0,80.0,0.499,8.02308,19.6894
4501,0,0,0,0,0,1,0,360.0,80.0,0.75,9.65329,19.4626
4502,0,0,0,0,0,1,0,360.0,80.0,1.0,9.94504,18.7099
4503,0,0,0,0,0,1,0,360.0,80.0,1.25,9.82335,17.4383
4504,0,0,0,0,0,1,0,360.0,80.0,1.5,8.36855,14.9737
4505,0,0,0,0,0,1,0,360.0,80.0,1.75,6.96806,11.6391
4506,0,0,0,0,0,1,0,360.0,80.0,2.0,5.09181,7.72521
4507,0,0,0,0,0,1,0,360.0,80.0,2.25,3.28417,3.94069
4508,0,0,0,0,0,1,0,360.0,80.0,2.513,1.75185,1.25205
4509,0,0,0,0,0,1,0,360.0,90.0,0.499,10.6727,25.795
4510,0,0,0,0,0,1,0,360.0,90.0,0.75,12.7271,25.3677
4511,0,0,0,0,0,1,0,360.0,90.0,1.0,14.2577,24.2807
4512,0,0,0,0,0,1,0,360.0,90.0,1.25,14.2324,22.2106
4513,0,0,0,0,0,1,0,360.0,90.0,1.5,13.0293,19.2073
4514,0,0,0,0,0,1,0,360.0,90.0,1.75,10.1896,14.8921
4515,0,0,0,0,0,1,0,360.0,90.0,2.0,7.91483,9.90377
4516,0,0,0,0,0,1,0,360.0,90.0,2.25,5.81423,4.87233
4517,0,0,0,0,0,1,0,360.0,90.0,2.513,4.07303,1.72206
4518,0,0,0,0,0,1,0,360.0,100.0,0.499,13.7914,32.1961
4519,0,0,0,0,0,1,0,360.0,100.0,0.75,16.5696,31.5498
4520,0,0,0,0,0,1,0,360.0,100.0,1.0,18.8366,30.108
4521,0,0,0,0,0,1,0,360.0,100.0,1.25,19.6189,27.5638
4522,0,0,0,0,0,1,0,360.0,100.0,1.5,18.7544,23.6913
4523,0,0,0,0,0,1,0,360.0,100.0,1.75,16.2387,18.6695
4524,0,0,0,0,0,1,0,360.0,100.0,2.0,13.0499,12.8808
4525,0,0,0,0,0,1,0,360.0,100.0,2.25,10.1631,7.06773
4526,0,0,0,0,0,1,0,360.0,100.0,2.513,7.88166,2.69753
4527,0,0,0,0,0,1,0,360.0,110.0,0.499,17.4402,38.6802
4528,0,0,0,0,0,1,0,360.0,110.0,0.75,21.2386,37.9192
4529,0,0,0,0,0,1,0,360.0,110.0,1.0,23.8914,36.0695
4530,0,0,0,0,0,1,0,360.0,110.0,1.25,25.2617,32.9272
4531,0,0,0,0,0,1,0,360.0,110.0,1.5,24.8742,28.4078
4532,0,0,0,0,0,1,0,360.0,110.0,1.75,23.0541,22.8115
4533,0,0,0,0,0,1,0,360.0,110.0,2.0,20.1718,16.7109
4534,0,0,0,0,0,1,0,360.0,110.0,2.25,17.26,10.3377
4535,0,0,0,0,0,1,0,360.0,110.0,2.513,14.5946,4.3268
4536,0,0,0,0,0,1,0,420.0,30.0,0.499,0.072361,0.770504
4537,0,0,0,0,0,1,0,420.0,30.0,0.75,0.41663,1.01215
4538,0,0,0,0,0,1,0,420.0,30.0,1.0,0.321101,1.11001
4539,0,0,0,0,0,1,0,420.0,30.0,1.25,0.0732979,1.16057
4540,0,0,0,0,0,1,0,420.0,30.0,1.5,0,1.13417
4541,0,0,0,0,0,1,0,420.0,30.0,1.75,0,1.20043
4542,0,0,0,0,0,1,0,420.0,30.0,2.0,0,1.12026
4543,0,0,0,0,0,1,0,420.0,30.0,2.25,0,0.814864
4544,0,0,0,0,0,1,0,420.0,30.0,2.513,0,0.677118
4545,0,0,0,0,0,1,0,420.0,40.0,0.499,0.821029,2.48722
4546,0,0,0,0,0,1,0,420.0,40.0,0.75,1.25884,2.67847
4547,0,0,0,0,0,1,0,420.0,40.0,1.0,1.40513,2.66956
4548,0,0,0,0,0,1,0,420.0,40.0,1.25,1.16483,2.57784
4549,0,0,0,0,0,1,0,420.0,40.0,1.5,0.639763,2.43525
4550,0,0,0,0,0,1,0,420.0,40.0,1.75,0.135226,2.26756
4551,0,0,0,0,0,1,0,420.0,40.0,2.0,0,1.96958
4552,0,0,0,0,0,1,0,420.0,40.0,2.25,0,1.48486
4553,0,0,0,0,0,1,0,420.0,40.0,2.513,0,0.675896
4554,0,0,0,0,0,1,0,420.0,50.0,0.499,1.87368,5.9182
4555,0,0,0,0,0,1,0,420.0,50.0,0.75,2.63417,5.8956
4556,0,0,0,0,0,1,0,420.0,50.0,1.0,2.88609,5.54886
4557,0,0,0,0,0,1,0,420.0,50.0,1.25,2.64719,5.51346
4558,0,0,0,0,0,1,0,420.0,50.0,1.5,1.69548,4.88343
4559,0,0,0,0,0,1,0,420.0,50.0,1.75,0.986955,4.00263
4560,0,0,0,0,0,1,0,420.0,50.0,2.0,0.270853,3.09103
4561,0,0,0,0,0,1,0,420.0,50.0,2.25,0,1.93917
4562,0,0,0,0,0,1,0,420.0,50.0,2.513,0,0.782431
4563,0,0,0,0,0,1,0,420.0,60.0,0.499,3.18864,10.1409
4564,0,0,0,0,0,1,0,420.0,60.0,0.75,4.13139,10.0565
4565,0,0,0,0,0,1,0,420.0,60.0,1.0,4.56363,9.9741
4566,0,0,0,0,0,1,0,420.0,60.0,1.25,4.36311,9.28023
4567,0,0,0,0,0,1,0,420.0,60.0,1.5,3.66369,8.06765
4568,0,0,0,0,0,1,0,420.0,60.0,1.75,2.51683,6.29685
4569,0,0,0,0,0,1,0,420.0,60.0,2.0,1.038,4.69177
4570,0,0,0,0,0,1,0,420.0,60.0,2.25,0.248986,2.74203
4571,0,0,0,0,0,1,0,420.0,60.0,2.513,0,0.831093
4572,0,0,0,0,0,1,0,420.0,70.0,0.499,5.49003,15.2221
4573,0,0,0,0,0,1,0,420.0,70.0,0.75,6.47354,15.0373
4574,0,0,0,0,0,1,0,420.0,70.0,1.0,6.43741,14.7349
4575,0,0,0,0,0,1,0,420.0,70.0,1.25,6.40089,13.6823
4576,0,0,0,0,0,1,0,420.0,70.0,1.5,5.77679,11.5217
4577,0,0,0,0,0,1,0,420.0,70.0,1.75,4.71998,8.91413
4578,0,0,0,0,0,1,0,420.0,70.0,2.0,3.0252,6.10777
4579,0,0,0,0,0,1,0,420.0,70.0,2.25,1.42211,3.38209
4580,0,0,0,0,0,1,0,420.0,70.0,2.513,0.481309,0.797969
4581,0,0,0,0,0,1,0,420.0,80.0,0.499,8.27194,20.9466
4582,0,0,0,0,0,1,0,420.0,80.0,0.75,9.65532,20.6136
4583,0,0,0,0,0,1,0,420.0,80.0,1.0,10.0494,19.7116
4584,0,0,0,0,0,1,0,420.0,80.0,1.25,9.63893,18.1377
4585,0,0,0,0,0,1,0,420.0,80.0,1.5,8.33959,15.3638
4586,0,0,0,0,0,1,0,420.0,80.0,1.75,6.85323,11.8206
4587,0,0,0,0,0,1,0,420.0,80.0,2.0,5.01876,7.62533
4588,0,0,0,0,0,1,0,420.0,80.0,2.25,3.57556,3.93604
4589,0,0,0,0,0,1,0,420.0,80.0,2.513,1.85515,1.36681
4590,0,0,0,0,0,1,0,420.0,90.0,0.499,11.4578,27.1193
4591,0,0,0,0,0,1,0,420.0,90.0,0.75,13.2466,26.602
4592,0,0,0,0,0,1,0,420.0,90.0,1.0,14.5904,25.2705
4593,0,0,0,0,0,1,0,420.0,90.0,1.25,14.4326,23.0284
4594,0,0,0,0,0,1,0,420.0,90.0,1.5,12.838,19.5684
4595,0,0,0,0,0,1,0,420.0,90.0,1.75,10.2108,15.2155
4596,0,0,0,0,0,1,0,420.0,90.0,2.0,7.90434,10.0064
4597,0,0,0,0,0,1,0,420.0,90.0,2.25,5.76471,4.75829
4598,0,0,0,0,0,1,0,420.0,90.0,2.513,4.02796,1.7456
4599,0,0,0,0,0,1,0,420.0,100.0,0.499,14.6125,33.3672
4600,0,0,0,0,0,1,0,420.0,100.0,0.75,17.608,32.661
4601,0,0,0,0,0,1,0,420.0,100.0,1.0,19.5369,31.0918
4602,0,0,0,0,0,1,0,420.0,100.0,1.25,19.9199,28.3169
4603,0,0,0,0,0,1,0,420.0,100.0,1.5,18.9343,24.1959
4604,0,0,0,0,0,1,0,420.0,100.0,1.75,16.1862,18.8187
4605,0,0,0,0,0,1,0,420.0,100.0,2.0,12.7185,12.9848
4606,0,0,0,0,0,1,0,420.0,100.0,2.25,9.69926,6.87502
4607,0,0,0,0,0,1,0,420.0,100.0,2.513,7.30156,2.61355
4608,0,0,0,0,0,1,0,420.0,110.0,0.499,18.6719,39.6309
4609,0,0,0,0,0,1,0,420.0,110.0,0.75,22.2953,38.7399
4610,0,0,0,0,0,1,0,420.0,110.0,1.0,24.4816,36.6535
4611,0,0,0,0,0,1,0,420.0,110.0,1.25,25.6244,33.2611
4612,0,0,0,0,0,1,0,420.0,110.0,1.5,25.0719,28.6343
4613,0,0,0,0,0,1,0,420.0,110.0,1.75,22.7572,22.8987
4614,0,0,0,0,0,1,0,420.0,110.0,2.0,19.5093,16.6003
4615,0,0,0,0,0,1,0,420.0,110.0,2.25,16.5424,10.1918
4616,0,0,0,0,0,1,0,420.0,110.0,2.513,13.7746,4.18575
4617,0,0,0,0,0,1,0,480.0,30.0,0.499,0.238407,1.08832
4618,0,0,0,0,0,1,0,480.0,30.0,0.75,0.507573,1.24804
4619,0,0,0,0,0,1,0,480.0,30.0,1.0,0.532636,1.41298
4620,0,0,0,0,0,1,0,480.0,30.0,1.25,0.211174,1.41862
4621,0,0,0,0,0,1,0,480.0,30.0,1.5,0,1.35859
4622,0,0,0,0,0,1,0,480.0,30.0,1.75,0,1.46536
4623,0,0,0,0,0,1,0,480.0,30.0,2.0,0,1.30741
4624,0,0,0,0,0,1,0,480.0,30.0,2.25,0,0.930066
4625,0,0,0,0,0,1,0,480.0,30.0,2.513,0,0.710198
4626,0,0,0,0,0,1,0,480.0,40.0,0.499,1.0128,3.03498
4627,0,0,0,0,0,1,0,480.0,40.0,0.75,1.39385,3.07077
4628,0,0,0,0,0,1,0,480.0,40.0,1.0,1.51115,3.07454
4629,0,0,0,0,0,1,0,480.0,40.0,1.25,1.31684,3.15693
4630,0,0,0,0,0,1,0,480.0,40.0,1.5,0.738775,2.85958
4631,0,0,0,0,0,1,0,480.0,40.0,1.75,0.0958519,2.52271
4632,0,0,0,0,0,1,0,480.0,40.0,2.0,0,2.12724
4633,0,0,0,0,0,1,0,480.0,40.0,2.25,0,1.56652
4634,0,0,0,0,0,1,0,480.0,40.0,2.513,0,0.693678
4635,0,0,0,0,0,1,0,480.0,50.0,0.499,2.15611,6.73977
4636,0,0,0,0,0,1,0,480.0,50.0,0.75,2.77549,6.414
4637,0,0,0,0,0,1,0,480.0,50.0,1.0,2.92019,6.31745
4638,0,0,0,0,0,1,0,480.0,50.0,1.25,2.65297,6.02388
4639,0,0,0,0,0,1,0,480.0,50.0,1.5,1.7423,5.317
4640,0,0,0,0,0,1,0,480.0,50.0,1.75,1.0081,4.31539
4641,0,0,0,0,0,1,0,480.0,50.0,2.0,0.263151,3.31852
4642,0,0,0,0,0,1,0,480.0,50.0,2.25,0,2.05179
4643,0,0,0,0,0,1,0,480.0,50.0,2.513,0,0.762697
4644,0,0,0,0,0,1,0,480.0,60.0,0.499,3.54337,11.1006
4645,0,0,0,0,0,1,0,480.0,60.0,0.75,4.4338,11.1006
4646,0,0,0,0,0,1,0,480.0,60.0,1.0,4.80187,10.7874
4647,0,0,0,0,0,1,0,480.0,60.0,1.25,4.35153,9.92128
4648,0,0,0,0,0,1,0,480.0,60.0,1.5,3.71632,8.29187
4649,0,0,0,0,0,1,0,480.0,60.0,1.75,2.58187,6.43484
4650,0,0,0,0,0,1,0,480.0,60.0,2.0,1.15287,4.74428
4651,0,0,0,0,0,1,0,480.0,60.0,2.25,0.490369,2.80396
4652,0,0,0,0,0,1,0,480.0,60.0,2.513,0,0.770023
4653,0,0,0,0,0,1,0,480.0,70.0,0.499,5.49222,16.3775
4654,0,0,0,0,0,1,0,480.0,70.0,0.75,6.32077,16.1291
4655,0,0,0,0,0,1,0,480.0,70.0,1.0,6.52709,15.5829
4656,0,0,0,0,0,1,0,480.0,70.0,1.25,6.51895,14.1272
4657,0,0,0,0,0,1,0,480.0,70.0,1.5,5.86357,11.7852
4658,0,0,0,0,0,1,0,480.0,70.0,1.75,4.68388,8.94112
4659,0,0,0,0,0,1,0,480.0,70.0,2.0,3.19402,6.16704
4660,0,0,0,0,0,1,0,480.0,70.0,2.25,1.7595,3.38997
4661,0,0,0,0,0,1,0,480.0,70.0,2.513,0.799789,1.0357
4662,0,0,0,0,0,1,0,480.0,80.0,0.499,8.47298,22.1092
4663,0,0,0,0,0,1,0,480.0,80.0,0.75,9.66757,21.6523
4664,0,0,0,0,0,1,0,480.0,80.0,1.0,10.3407,20.6479
4665,0,0,0,0,0,1,0,480.0,80.0,1.25,9.31982,18.4861
4666,0,0,0,0,0,1,0,480.0,80.0,1.5,8.38354,15.5663
4667,0,0,0,0,0,1,0,480.0,80.0,1.75,7.01246,12.0888
4668,0,0,0,0,0,1,0,480.0,80.0,2.0,5.18939,7.69888
4669,0,0,0,0,0,1,0,480.0,80.0,2.25,3.85649,3.96408
4670,0,0,0,0,0,1,0,480.0,80.0,2.513,2.11879,1.47014
4671,0,0,0,0,0,1,0,480.0,90.0,0.499,11.8199,28.2337
4672,0,0,0,0,0,1,0,480.0,90.0,0.75,13.8789,27.5638
4673,0,0,0,0,0,1,0,480.0,90.0,1.0,14.9861,26.1583
4674,0,0,0,0,0,1,0,480.0,90.0,1.25,14.4938,23.4834
4675,0,0,0,0,0,1,0,480.0,90.0,1.5,12.8432,19.8196
4676,0,0,0,0,0,1,0,480.0,90.0,1.75,10.3067,15.3918
4677,0,0,0,0,0,1,0,480.0,90.0,2.0,8.05699,10.193
4678,0,0,0,0,0,1,0,480.0,90.0,2.25,5.93923,4.98727
4679,0,0,0,0,0,1,0,480.0,90.0,2.513,4.08886,1.78685
4680,0,0,0,0,0,1,0,480.0,100.0,0.499,15.6912,34.4352
4681,0,0,0,0,0,1,0,480.0,100.0,0.75,18.6174,33.6032
4682,0,0,0,0,0,1,0,480.0,100.0,1.0,19.9692,31.7311
4683,0,0,0,0,0,1,0,480.0,100.0,1.25,20.1223,28.6153
4684,0,0,0,0,0,1,0,480.0,100.0,1.5,18.9479,24.3453
4685,0,0,0,0,0,1,0,480.0,100.0,1.75,16.3661,19.0793
4686,0,0,0,0,0,1,0,480.0,100.0,2.0,12.8319,13.1882
4687,0,0,0,0,0,1,0,480.0,100.0,2.25,9.45942,6.94906
4688,0,0,0,0,0,1,0,480.0,100.0,2.513,6.99864,2.56902
4689,0,0,0,0,0,1,0,480.0,110.0,0.499,19.9759,40.4265
4690,0,0,0,0,0,1,0,480.0,110.0,0.75,23.2795,39.3449
4691,0,0,0,0,0,1,0,480.0,110.0,1.0,25.1289,37.075
4692,0,0,0,0,0,1,0,480.0,110.0,1.25,25.8436,33.41
4693,0,0,0,0,0,1,0,480.0,110.0,1.5,25.123,28.6125
4694,0,0,0,0,0,1,0,480.0,110.0,1.75,22.7365,22.9935
4695,0,0,0,0,0,1,0,480.0,110.0,2.0,19.5443,16.6716
4696,0,0,0,0,0,1,0,480.0,110.0,2.25,16.1117,10.0437
4697,0,0,0,0,0,1,0,480.0,110.0,2.513,13.1255,4.08478
4698,0,0,0,0,0,1,0,540.0,30.0,0.499,0.329098,1.36978
4699,0,0,0,0,0,1,0,540.0,30.0,0.75,0.595003,1.49251
4700,0,0,0,0,0,1,0,540.0,30.0,1.0,0.624113,1.62888
4701,0,0,0,0,0,1,0,540.0,30.0,1.25,0.338319,1.65314
4702,0,0,0,0,0,1,0,540.0,30.0,1.5,0,1.61255
4703,0,0,0,0,0,1,0,540.0,30.0,1.75,0,1.67383
4704,0,0,0,0,0,1,0,540.0,30.0,2.0,0,1.45203
4705,0,0,0,0,0,1,0,540.0,30.0,2.25,0,0.957235
4706,0,0,0,0,0,1,0,540.0,30.0,2.513,0,0.671619
4707,0,0,0,0,0,1,0,540.0,40.0,0.499,1.16842,3.47737
4708,0,0,0,0,0,1,0,540.0,40.0,0.75,1.48394,3.45894
4709,0,0,0,0,0,1,0,540.0,40.0,1.0,1.54719,3.42958
4710,0,0,0,0,0,1,0,540.0,40.0,1.25,1.36775,3.61048
4711,0,0,0,0,0,1,0,540.0,40.0,1.5,0.785847,3.2226
4712,0,0,0,0,0,1,0,540.0,40.0,1.75,0.153336,2.77607
4713,0,0,0,0,0,1,0,540.0,40.0,2.0,0,2.22417
4714,0,0,0,0,0,1,0,540.0,40.0,2.25,0,1.54997
4715,0,0,0,0,0,1,0,540.0,40.0,2.513,0,0.584505
4716,0,0,0,0,0,1,0,540.0,50.0,0.499,2.37179,7.4646
4717,0,0,0,0,0,1,0,540.0,50.0,0.75,2.97383,7.20267
4718,0,0,0,0,0,1,0,540.0,50.0,1.0,3.04049,7.05927
4719,0,0,0,0,0,1,0,540.0,50.0,1.25,2.55754,6.51799
4720,0,0,0,0,0,1,0,540.0,50.0,1.5,1.76221,5.58622
4721,0,0,0,0,0,1,0,540.0,50.0,1.75,1.06279,4.54563
4722,0,0,0,0,0,1,0,540.0,50.0,2.0,0.31871,3.40968
4723,0,0,0,0,0,1,0,540.0,50.0,2.25,0,2.06439
4724,0,0,0,0,0,1,0,540.0,50.0,2.513,0,0.766807
4725,0,0,0,0,0,1,0,540.0,60.0,0.499,3.82462,12.2283
4726,0,0,0,0,0,1,0,540.0,60.0,0.75,4.67366,12.1098
4727,0,0,0,0,0,1,0,540.0,60.0,1.0,4.90509,11.5163
4728,0,0,0,0,0,1,0,540.0,60.0,1.25,4.43554,10.3862
4729,0,0,0,0,0,1,0,540.0,60.0,1.5,3.82002,8.61392
4730,0,0,0,0,0,1,0,540.0,60.0,1.75,2.57944,6.58032
4731,0,0,0,0,0,1,0,540.0,60.0,2.0,1.39793,4.68789
4732,0,0,0,0,0,1,0,540.0,60.0,2.25,0.800894,2.78247
4733,0,0,0,0,0,1,0,540.0,60.0,2.513,0,0.817175
4734,0,0,0,0,0,1,0,540.0,70.0,0.499,5.45507,17.4285
4735,0,0,0,0,0,1,0,540.0,70.0,0.75,6.15992,17.0305
4736,0,0,0,0,0,1,0,540.0,70.0,1.0,6.72444,16.2255
4737,0,0,0,0,0,1,0,540.0,70.0,1.25,6.67839,14.4825
4738,0,0,0,0,0,1,0,540.0,70.0,1.5,5.98707,12.0867
4739,0,0,0,0,0,1,0,540.0,70.0,1.75,4.95243,9.16689
4740,0,0,0,0,0,1,0,540.0,70.0,2.0,3.40339,6.18902
4741,0,0,0,0,0,1,0,540.0,70.0,2.25,2.06634,3.50151
4742,0,0,0,0,0,1,0,540.0,70.0,2.513,1.15484,1.25937
4743,0,0,0,0,0,1,0,540.0,80.0,0.499,8.684,23.231
4744,0,0,0,0,0,1,0,540.0,80.0,0.75,10.018,22.6158
4745,0,0,0,0,0,1,0,540.0,80.0,1.0,10.4625,21.3207
4746,0,0,0,0,0,1,0,540.0,80.0,1.25,9.21794,18.776
4747,0,0,0,0,0,1,0,540.0,80.0,1.5,8.53194,15.8035
4748,0,0,0,0,0,1,0,540.0,80.0,1.75,7.27975,12.1873
4749,0,0,0,0,0,1,0,540.0,80.0,2.0,5.47865,7.81409
4750,0,0,0,0,0,1,0,540.0,80.0,2.25,3.97526,4.06792
4751,0,0,0,0,0,1,0,540.0,80.0,2.513,2.38156,1.6026
4752,0,0,0,0,0,1,0,540.0,90.0,0.499,12.1589,29.1774
4753,0,0,0,0,0,1,0,540.0,90.0,0.75,14.4414,28.3883
4754,0,0,0,0,0,1,0,540.0,90.0,1.0,15.2685,26.6266
4755,0,0,0,0,0,1,0,540.0,90.0,1.25,14.6708,23.7269
4756,0,0,0,0,0,1,0,540.0,90.0,1.5,13.0303,19.957
4757,0,0,0,0,0,1,0,540.0,90.0,1.75,10.6144,15.5136
4758,0,0,0,0,0,1,0,540.0,90.0,2.0,8.45871,10.4767
4759,0,0,0,0,0,1,0,540.0,90.0,2.25,6.1612,5.20232
4760,0,0,0,0,0,1,0,540.0,90.0,2.513,4.25267,1.89692
4761,0,0,0,0,0,1,0,540.0,100.0,0.499,16.6203,35.1712
4762,0,0,0,0,0,1,0,540.0,100.0,0.75,19.1612,34.1502
4763,0,0,0,0,0,1,0,540.0,100.0,1.0,20.3344,32.0653
4764,0,0,0,0,0,1,0,540.0,100.0,1.25,20.3099,28.6329
4765,0,0,0,0,0,1,0,540.0,100.0,1.5,18.9456,24.2698
4766,0,0,0,0,0,1,0,540.0,100.0,1.75,16.6333,19.2365
4767,0,0,0,0,0,1,0,540.0,100.0,2.0,13.3479,13.4843
4768,0,0,0,0,0,1,0,540.0,100.0,2.25,9.60433,7.10618
4769,0,0,0,0,0,1,0,540.0,100.0,2.513,6.9686,2.66607
4770,0,0,0,0,0,1,0,540.0,110.0,0.499,21.1751,41.1332
4771,0,0,0,0,0,1,0,540.0,110.0,0.75,23.8152,39.6726
4772,0,0,0,0,0,1,0,540.0,110.0,1.0,25.5011,37.0933
4773,0,0,0,0,0,1,0,540.0,110.0,1.25,25.8707,33.2888
4774,0,0,0,0,0,1,0,540.0,110.0,1.5,24.9833,28.4777
4775,0,0,0,0,0,1,0,540.0,110.0,1.75,22.8035,22.8817
4776,0,0,0,0,0,1,0,540.0,110.0,2.0,19.8383,16.7515
4777,0,0,0,0,0,1,0,540.0,110.0,2.25,16.0816,10.0912
4778,0,0,0,0,0,1,0,540.0,110.0,2.513,12.6525,3.96268
4779,0,0,0,0,0,1,0,600.0,30.0,0.499,0.452557,1.73462
4780,0,0,0,0,0,1,0,600.0,30.0,0.75,0.636044,1.80435
4781,0,0,0,0,0,1,0,600.0,30.0,1.0,0.60571,1.78335
4782,0,0,0,0,0,1,0,600.0,30.0,1.25,0.366917,1.82808
4783,0,0,0,0,0,1,0,600.0,30.0,1.5,0,1.87809
4784,0,0,0,0,0,1,0,600.0,30.0,1.75,0,1.81287
4785,0,0,0,0,0,1,0,600.0,30.0,2.0,0,1.55399
4786,0,0,0,0,0,1,0,600.0,30.0,2.25,0,0.951377
4787,0,0,0,0,0,1,0,600.0,30.0,2.513,0,0.561902
4788,0,0,0,0,0,1,0,600.0,40.0,0.499,1.33383,4.06012
4789,0,0,0,0,0,1,0,600.0,40.0,0.75,1.55759,3.82157
4790,0,0,0,0,0,1,0,600.0,40.0,1.0,1.57668,3.9215
4791,0,0,0,0,0,1,0,600.0,40.0,1.25,1.30177,3.94277
4792,0,0,0,0,0,1,0,600.0,40.0,1.5,0.818098,3.53561
4793,0,0,0,0,0,1,0,600.0,40.0,1.75,0.197184,3.04457
4794,0,0,0,0,0,1,0,600.0,40.0,2.0,0,2.28567
4795,0,0,0,0,0,1,0,600.0,40.0,2.25,0,1.54592
4796,0,0,0,0,0,1,0,600.0,40.0,2.513,0,0.473245
4797,0,0,0,0,0,1,0,600.0,50.0,0.499,2.57404,8.24743
4798,0,0,0,0,0,1,0,600.0,50.0,0.75,3.06789,8.13819
4799,0,0,0,0,0,1,0,600.0,50.0,1.0,2.99696,7.63331
4800,0,0,0,0,0,1,0,600.0,50.0,1.25,2.46158,6.82212
4801,0,0,0,0,0,1,0,600.0,50.0,1.5,1.69596,5.80093
4802,0,0,0,0,0,1,0,600.0,50.0,1.75,1.1025,4.71707
4803,0,0,0,0,0,1,0,600.0,50.0,2.0,0.495599,3.49502
4804,0,0,0,0,0,1,0,600.0,50.0,2.25,0,1.98842
4805,0,0,0,0,0,1,0,600.0,50.0,2.513,0,0.770634
4806,0,0,0,0,0,1,0,600.0,60.0,0.499,4.13431,13.2815
4807,0,0,0,0,0,1,0,600.0,60.0,0.75,4.7396,12.9493
4808,0,0,0,0,0,1,0,600.0,60.0,1.0,4.79514,12.1481
4809,0,0,0,0,0,1,0,600.0,60.0,1.25,4.53471,10.8023
4810,0,0,0,0,0,1,0,600.0,60.0,1.5,3.87155,8.94179
4811,0,0,0,0,0,1,0,600.0,60.0,1.75,2.80006,6.70107
4812,0,0,0,0,0,1,0,600.0,60.0,2.0,1.6042,4.70513
4813,0,0,0,0,0,1,0,600.0,60.0,2.25,1.10091,2.77358
4814,0,0,0,0,0,1,0,600.0,60.0,2.513,0.286053,0.972351
4815,0,0,0,0,0,1,0,600.0,70.0,0.499,5.65719,18.4399
4816,0,0,0,0,0,1,0,600.0,70.0,0.75,6.32928,17.8017
4817,0,0,0,0,0,1,0,600.0,70.0,1.0,6.97186,16.7121
4818,0,0,0,0,0,1,0,600.0,70.0,1.25,6.67544,14.7985
4819,0,0,0,0,0,1,0,600.0,70.0,1.5,6.19081,12.3065
4820,0,0,0,0,0,1,0,600.0,70.0,1.75,5.13978,9.29502
4821,0,0,0,0,0,1,0,600.0,70.0,2.0,3.72497,6.31725
4822,0,0,0,0,0,1,0,600.0,70.0,2.25,2.23206,3.54102
4823,0,0,0,0,0,1,0,600.0,70.0,2.513,1.44042,1.4156
4824,0,0,0,0,0,1,0,600.0,80.0,0.499,8.91979,24.128
4825,0,0,0,0,0,1,0,600.0,80.0,0.75,10.2972,23.3222
4826,0,0,0,0,0,1,0,600.0,80.0,1.0,10.3875,21.705
4827,0,0,0,0,0,1,0,600.0,80.0,1.25,9.41847,19.1875
4828,0,0,0,0,0,1,0,600.0,80.0,1.5,8.64751,16.0307
4829,0,0,0,0,0,1,0,600.0,80.0,1.75,7.5601,12.2806
4830,0,0,0,0,0,1,0,600.0,80.0,2.0,5.94518,7.95246
4831,0,0,0,0,0,1,0,600.0,80.0,2.25,4.24903,4.27402
4832,0,0,0,0,0,1,0,600.0,80.0,2.513,2.56324,1.81251
4833,0,0,0,0,0,1,0,600.0,90.0,0.499,12.8992,30.0221
4834,0,0,0,0,0,1,0,600.0,90.0,0.75,14.8702,28.9447
4835,0,0,0,0,0,1,0,600.0,90.0,1.0,15.4785,26.8625
4836,0,0,0,0,0,1,0,600.0,90.0,1.25,14.958,23.8463
4837,0,0,0,0,0,1,0,600.0,90.0,1.5,13.301,20.0671
4838,0,0,0,0,0,1,0,600.0,90.0,1.75,11.128,15.6601
4839,0,0,0,0,0,1,0,600.0,90.0,2.0,8.88408,10.5968
4840,0,0,0,0,0,1,0,600.0,90.0,2.25,6.45638,5.41332
4841,0,0,0,0,0,1,0,600.0,90.0,2.513,4.53653,2.05685
4842,0,0,0,0,0,1,0,600.0,100.0,0.499,17.3975,35.9148
4843,0,0,0,0,0,1,0,600.0,100.0,0.75,19.4093,34.4179
4844,0,0,0,0,0,1,0,600.0,100.0,1.0,20.6182,32.0086
4845,0,0,0,0,0,1,0,600.0,100.0,1.25,20.3942,28.5207
4846,0,0,0,0,0,1,0,600.0,100.0,1.5,19.005,24.1366
4847,0,0,0,0,0,1,0,600.0,100.0,1.75,16.7887,19.1472
4848,0,0,0,0,0,1,0,600.0,100.0,2.0,13.8574,13.6034
4849,0,0,0,0,0,1,0,600.0,100.0,2.25,10.1202,7.30931
4850,0,0,0,0,0,1,0,600.0,100.0,2.513,7.18541,2.82237
4851,0,0,0,0,0,1,0,600.0,110.0,0.499,21.92,41.5417
4852,0,0,0,0,0,1,0,600.0,110.0,0.75,24.1922,39.7907
4853,0,0,0,0,0,1,0,600.0,110.0,1.0,25.6013,36.9121
4854,0,0,0,0,0,1,0,600.0,110.0,1.25,25.8792,32.9771
4855,0,0,0,0,0,1,0,600.0,110.0,1.5,24.8443,28.2226
4856,0,0,0,0,0,1,0,600.0,110.0,1.75,22.8899,22.736
4857,0,0,0,0,0,1,0,600.0,110.0,2.0,20.1183,16.7169
4858,0,0,0,0,0,1,0,600.0,110.0,2.25,16.5625,10.3043
4859,0,0,0,0,0,1,0,600.0,110.0,2.513,12.5979,3.99966
4860,0,0,0,0,0,0,1,60.0,30.0,0.499,0,0
4861,0,0,0,0,0,0,1,60.0,30.0,0.75,0,0
4862,0,0,0,0,0,0,1,60.0,30.0,1.0,0,0
4863,0,0,0,0,0,0,1,60.0,30.0,1.25,0,0
4864,0,0,0,0,0,0,1,60.0,30.0,1.5,0,0
4865,0,0,0,0,0,0,1,60.0,30.0,1.75,0,0
4866,0,0,0,0,0,0,1,60.0,30.0,2.0,0,0
4867,0,0,0,0,0,0,1,60.0,30.0,2.25,0.208891,0
4868,0,0,0,0,0,0,1,60.0,30.0,2.513,0.860079,0.11449
4869,0,0,0,0,0,0,1,60.0,40.0,0.499,0,0
4870,0,0,0,0,0,0,1,60.0,40.0,0.75,0,0
4871,0,0,0,0,0,0,1,60.0,40.0,1.0,0,0
4872,0,0,0,0,0,0,1,60.0,40.0,1.25,0,0
4873,0,0,0,0,0,0,1,60.0,40.0,1.5,0,0
4874,0,0,0,0,0,0,1,60.0,40.0,1.75,0,0
4875,0,0,0,0,0,0,1,60.0,40.0,2.0,0.667034,0.107734
4876,0,0,0,0,0,0,1,60.0,40.0,2.25,1.39177,0.462698
4877,0,0,0,0,0,0,1,60.0,40.0,2.513,2.04406,0.667768
4878,0,0,0,0,0,0,1,60.0,50.0,0.499,0,0
4879,0,0,0,0,0,0,1,60.0,50.0,0.75,0,0
4880,0,0,0,0,0,0,1,60.0,50.0,1.0,0,0
4881,0,0,0,0,0,0,1,60.0,50.0,1.25,0,0
4882,0,0,0,0,0,0,1,60.0,50.0,1.5,0.210164,0
4883,0,0,0,0,0,0,1,60.0,50.0,1.75,1.38589,0.366904
4884,0,0,0,0,0,0,1,60.0,50.0,2.0,2.8416,0.985506
4885,0,0,0,0,0,0,1,60.0,50.0,2.25,3.955,1.7146
4886,0,0,0,0,0,0,1,60.0,50.0,2.513,4.37982,2.06909
4887,0,0,0,0,0,0,1,60.0,60.0,0.499,0,0
4888,0,0,0,0,0,0,1,60.0,60.0,0.75,0,0
4889,0,0,0,0,0,0,1,60.0,60.0,1.0,0.114535,0
4890,0,0,0,0,0,0,1,60.0,60.0,1.25,0.714573,0.106089
4891,0,0,0,0,0,0,1,60.0,60.0,1.5,2.78781,0.966072
4892,0,0,0,0,0,0,1,60.0,60.0,1.75,4.9308,1.77765
4893,0,0,0,0,0,0,1,60.0,60.0,2.0,6.48823,3.15457
4894,0,0,0,0,0,0,1,60.0,60.0,2.25,7.67071,3.81105
4895,0,0,0,0,0,0,1,60.0,60.0,2.513,8.35466,3.84534
4896,0,0,0,0,0,0,1,60.0,70.0,0.499,0,0
4897,0,0,0,0,0,0,1,60.0,70.0,0.75,0.191008,0.340117
4898,0,0,0,0,0,0,1,60.0,70.0,1.0,1.21246,1.27009
4899,0,0,0,0,0,0,1,60.0,70.0,1.25,4.32722,2.88597
4900,0,0,0,0,0,0,1,60.0,70.0,1.5,7.17872,4.19816
4901,0,0,0,0,0,0,1,60.0,70.0,1.75,10.2722,5.36092
4902,0,0,0,0,0,0,1,60.0,70.0,2.0,12.7553,6.19431
4903,0,0,0,0,0,0,1,60.0,70.0,2.25,14.1713,6.38152
4904,0,0,0,0,0,0,1,60.0,70.0,2.513,14.6765,5.70211
4905,0,0,0,0,0,0,1,60.0,80.0,0.499,0.230356,5.17877
4906,0,0,0,0,0,0,1,60.0,80.0,0.75,1.94698,6.1967
4907,0,0,0,0,0,0,1,60.0,80.0,1.0,5.36417,6.89463
4908,0,0,0,0,0,0,1,60.0,80.0,1.25,9.67048,8.03969
4909,0,0,0,0,0,0,1,60.0,80.0,1.5,13.7964,9.12998
4910,0,0,0,0,0,0,1,60.0,80.0,1.75,17.2673,9.60036
4911,0,0,0,0,0,0,1,60.0,80.0,2.0,20.1207,9.94797
4912,0,0,0,0,0,0,1,60.0,80.0,2.25,21.7619,9.46494
4913,0,0,0,0,0,0,1,60.0,80.0,2.513,22.5084,8.13017
4914,0,0,0,0,0,0,1,60.0,90.0,0.499,2.26553,12.0254
4915,0,0,0,0,0,0,1,60.0,90.0,0.75,5.66573,13.0321
4916,0,0,0,0,0,0,1,60.0,90.0,1.0,11.2326,13.5451
4917,0,0,0,0,0,0,1,60.0,90.0,1.25,16.6005,14.0333
4918,0,0,0,0,0,0,1,60.0,90.0,1.5,21.2309,14.4259
4919,0,0,0,0,0,0,1,60.0,90.0,1.75,25.1082,14.4992
4920,0,0,0,0,0,0,1,60.0,90.0,2.0,28.3664,14.1658
4921,0,0,0,0,0,0,1,60.0,90.0,2.25,30.3907,12.9563
4922,0,0,0,0,0,0,1,60.0,90.0,2.513,30.7807,10.7162
4923,0,0,0,0,0,0,1,60.0,100.0,0.499,5.88028,19.9697
4924,0,0,0,0,0,0,1,60.0,100.0,0.75,12.1009,20.6263
4925,0,0,0,0,0,0,1,60.0,100.0,1.0,18.2724,21.0948
4926,0,0,0,0,0,0,1,60.0,100.0,1.25,24.0433,20.8703
4927,0,0,0,0,0,0,1,60.0,100.0,1.5,29.2959,20.3303
4928,0,0,0,0,0,0,1,60.0,100.0,1.75,33.6605,19.6702
4929,0,0,0,0,0,0,1,60.0,100.0,2.0,36.9786,18.4823
4930,0,0,0,0,0,0,1,60.0,100.0,2.25,38.828,16.3331
4931,0,0,0,0,0,0,1,60.0,100.0,2.513,39.302,13.4171
4932,0,0,0,0,0,0,1,60.0,110.0,0.499,12.4349,28.0677
4933,0,0,0,0,0,0,1,60.0,110.0,0.75,19.1663,28.5864
4934,0,0,0,0,0,0,1,60.0,110.0,1.0,25.7583,28.552
4935,0,0,0,0,0,0,1,60.0,110.0,1.25,31.8594,27.8559
4936,0,0,0,0,0,0,1,60.0,110.0,1.5,37.3687,26.5543
4937,0,0,0,0,0,0,1,60.0,110.0,1.75,42.2136,24.9954
4938,0,0,0,0,0,0,1,60.0,110.0,2.0,45.5497,22.8599
4939,0,0,0,0,0,0,1,60.0,110.0,2.25,47.4292,20.0173
4940,0,0,0,0,0,0,1,60.0,110.0,2.513,48.3028,16.6586
4941,0,0,0,0,0,0,1,120.0,30.0,0.499,0,0
4942,0,0,0,0,0,0,1,120.0,30.0,0.75,0,0
4943,0,0,0,0,0,0,1,120.0,30.0,1.0,0,0
4944,0,0,0,0,0,0,1,120.0,30.0,1.25,0,0
4945,0,0,0,0,0,0,1,120.0,30.0,1.5,0,0
4946,0,0,0,0,0,0,1,120.0,30.0,1.75,0,0
4947,0,0,0,0,0,0,1,120.0,30.0,2.0,0,0.0231728
4948,0,0,0,0,0,0,1,120.0,30.0,2.25,0.658193,0.326837
4949,0,0,0,0,0,0,1,120.0,30.0,2.513,1.23407,0.566419
4950,0,0,0,0,0,0,1,120.0,40.0,0.499,0,0
4951,0,0,0,0,0,0,1,120.0,40.0,0.75,0,0
4952,0,0,0,0,0,0,1,120.0,40.0,1.0,0,0
4953,0,0,0,0,0,0,1,120.0,40.0,1.25,0,0
4954,0,0,0,0,0,0,1,120.0,40.0,1.5,0,0
4955,0,0,0,0,0,0,1,120.0,40.0,1.75,0.395457,0.243576
4956,0,0,0,0,0,0,1,120.0,40.0,2.0,1.18497,0.661465
4957,0,0,0,0,0,0,1,120.0,40.0,2.25,1.82577,0.991866
4958,0,0,0,0,0,0,1,120.0,40.0,2.513,2.3883,1.13477
4959,0,0,0,0,0,0,1,120.0,50.0,0.499,0,0
4960,0,0,0,0,0,0,1,120.0,50.0,0.75,0,0
4961,0,0,0,0,0,0,1,120.0,50.0,1.0,0,0
4962,0,0,0,0,0,0,1,120.0,50.0,1.25,0,0
4963,0,0,0,0,0,0,1,120.0,50.0,1.5,0.811278,0.428526
4964,0,0,0,0,0,0,1,120.0,50.0,1.75,1.83705,1.02551
4965,0,0,0,0,0,0,1,120.0,50.0,2.0,3.11365,1.81263
4966,0,0,0,0,0,0,1,120.0,50.0,2.25,3.97905,2.70022
4967,0,0,0,0,0,0,1,120.0,50.0,2.513,4.42996,2.79842
4968,0,0,0,0,0,0,1,120.0,60.0,0.499,0,0
4969,0,0,0,0,0,0,1,120.0,60.0,0.75,0,0
4970,0,0,0,0,0,0,1,120.0,60.0,1.0,0.191311,0
4971,0,0,0,0,0,0,1,120.0,60.0,1.25,1.1972,0.674306
4972,0,0,0,0,0,0,1,120.0,60.0,1.5,3.59976,1.81049
4973,0,0,0,0,0,0,1,120.0,60.0,1.75,5.56214,3.24088
4974,0,0,0,0,0,0,1,120.0,60.0,2.0,7.05335,4.28883
4975,0,0,0,0,0,0,1,120.0,60.0,2.25,8.04377,4.68371
4976,0,0,0,0,0,0,1,120.0,60.0,2.513,8.61319,4.49406
4977,0,0,0,0,0,0,1,120.0,70.0,0.499,0,1.74083
4978,0,0,0,0,0,0,1,120.0,70.0,0.75,0.960114,2.4984
4979,0,0,0,0,0,0,1,120.0,70.0,1.0,2.83687,3.49019
4980,0,0,0,0,0,0,1,120.0,70.0,1.25,5.81926,4.6929
4981,0,0,0,0,0,0,1,120.0,70.0,1.5,8.96209,5.94004
4982,0,0,0,0,0,0,1,120.0,70.0,1.75,11.5235,6.82906
4983,0,0,0,0,0,0,1,120.0,70.0,2.0,13.5914,7.47887
4984,0,0,0,0,0,0,1,120.0,70.0,2.25,14.5411,7.44614
4985,0,0,0,0,0,0,1,120.0,70.0,2.513,14.9763,6.56142
4986,0,0,0,0,0,0,1,120.0,80.0,0.499,1.35427,7.83775
4987,0,0,0,0,0,0,1,120.0,80.0,0.75,3.44293,8.76533
4988,0,0,0,0,0,0,1,120.0,80.0,1.0,7.7857,9.44876
4989,0,0,0,0,0,0,1,120.0,80.0,1.25,12.1061,10.0675
4990,0,0,0,0,0,0,1,120.0,80.0,1.5,15.6438,10.8512
4991,0,0,0,0,0,0,1,120.0,80.0,1.75,18.4485,11.0709
4992,0,0,0,0,0,0,1,120.0,80.0,2.0,20.9896,11.0912
4993,0,0,0,0,0,0,1,120.0,80.0,2.25,22.2875,10.4386
4994,0,0,0,0,0,0,1,120.0,80.0,2.513,22.7515,8.80039
4995,0,0,0,0,0,0,1,120.0,90.0,0.499,3.59317,14.9252
4996,0,0,0,0,0,0,1,120.0,90.0,0.75,8.45464,15.709
4997,0,0,0,0,0,0,1,120.0,90.0,1.0,13.8878,16.1665
4998,0,0,0,0,0,0,1,120.0,90.0,1.25,18.7481,16.2086
4999,0,0,0,0,0,0,1,120.0,90.0,1.5,22.9528,16.1487
5000,0,0,0,0,0,0,1,120.0,90.0,1.75,26.3725,15.8598
5001,0,0,0,0,0,0,1,120.0,90.0,2.0,29.017,15.138
5002,0,0,0,0,0,0,1,120.0,90.0,2.25,30.5719,13.4811
5003,0,0,0,0,0,0,1,120.0,90.0,2.513,30.8121,10.988
5004,0,0,0,0,0,0,1,120.0,100.0,0.499,8.92058,23.0135
5005,0,0,0,0,0,0,1,120.0,100.0,0.75,15.1665,23.6014
5006,0,0,0,0,0,0,1,120.0,100.0,1.0,20.9788,23.7354
5007,0,0,0,0,0,0,1,120.0,100.0,1.25,26.4661,23.1503
5008,0,0,0,0,0,0,1,120.0,100.0,1.5,31.1047,22.1721
5009,0,0,0,0,0,0,1,120.0,100.0,1.75,35.0377,21.0752
5010,0,0,0,0,0,0,1,120.0,100.0,2.0,37.7519,19.2261
5011,0,0,0,0,0,0,1,120.0,100.0,2.25,39.2393,16.7187
5012,0,0,0,0,0,0,1,120.0,100.0,2.513,39.2928,13.5236
5013,0,0,0,0,0,0,1,120.0,110.0,0.499,15.3635,31.138
5014,0,0,0,0,0,0,1,120.0,110.0,0.75,22.2107,31.4575
5015,0,0,0,0,0,0,1,120.0,110.0,1.0,28.7104,31.253
5016,0,0,0,0,0,0,1,120.0,110.0,1.25,34.5265,30.2671
5017,0,0,0,0,0,0,1,120.0,110.0,1.5,39.5037,28.567
5018,0,0,0,0,0,0,1,120.0,110.0,1.75,43.7344,26.3243
5019,0,0,0,0,0,0,1,120.0,110.0,2.0,46.6629,23.6404
5020,0,0,0,0,0,0,1,120.0,110.0,2.25,48.173,20.3216
5021,0,0,0,0,0,0,1,120.0,110.0,2.513,48.5152,16.6341
5022,0,0,0,0,0,0,1,180.0,30.0,0.499,0,0
5023,0,0,0,0,0,0,1,180.0,30.0,0.75,0,0
5024,0,0,0,0,0,0,1,180.0,30.0,1.0,0,0
5025,0,0,0,0,0,0,1,180.0,30.0,1.25,0,0
5026,0,0,0,0,0,0,1,180.0,30.0,1.5,0,0
5027,0,0,0,0,0,0,1,180.0,30.0,1.75,0,0.103419
5028,0,0,0,0,0,0,1,180.0,30.0,2.0,0.60073,0.556004
5029,0,0,0,0,0,0,1,180.0,30.0,2.25,1.15245,0.81317
5030,0,0,0,0,0,0,1,180.0,30.0,2.513,1.56524,1.02326
5031,0,0,0,0,0,0,1,180.0,40.0,0.499,0,0
5032,0,0,0,0,0,0,1,180.0,40.0,0.75,0,0
5033,0,0,0,0,0,0,1,180.0,40.0,1.0,0,0
5034,0,0,0,0,0,0,1,180.0,40.0,1.25,0,0
5035,0,0,0,0,0,0,1,180.0,40.0,1.5,0.261027,0.217938
5036,0,0,0,0,0,0,1,180.0,40.0,1.75,0.9976,0.766438
5037,0,0,0,0,0,0,1,180.0,40.0,2.0,1.77445,1.15973
5038,0,0,0,0,0,0,1,180.0,40.0,2.25,2.24161,1.58587
5039,0,0,0,0,0,0,1,180.0,40.0,2.513,2.75475,1.82324
5040,0,0,0,0,0,0,1,180.0,50.0,0.499,0,0
5041,0,0,0,0,0,0,1,180.0,50.0,0.75,0,0
5042,0,0,0,0,0,0,1,180.0,50.0,1.0,0,0
5043,0,0,0,0,0,0,1,180.0,50.0,1.25,0.269421,0.159782
5044,0,0,0,0,0,0,1,180.0,50.0,1.5,1.29927,0.875025
5045,0,0,0,0,0,0,1,180.0,50.0,1.75,2.37465,1.71431
5046,0,0,0,0,0,0,1,180.0,50.0,2.0,3.39695,2.77403
5047,0,0,0,0,0,0,1,180.0,50.0,2.25,4.04908,3.41129
5048,0,0,0,0,0,0,1,180.0,50.0,2.513,4.47241,3.48988
5049,0,0,0,0,0,0,1,180.0,60.0,0.499,0,0.1268
5050,0,0,0,0,0,0,1,180.0,60.0,0.75,0.106957,0.244419
5051,0,0,0,0,0,0,1,180.0,60.0,1.0,0.579679,0.596975
5052,0,0,0,0,0,0,1,180.0,60.0,1.25,2.44977,1.93694
5053,0,0,0,0,0,0,1,180.0,60.0,1.5,4.88363,3.60455
5054,0,0,0,0,0,0,1,180.0,60.0,1.75,6.87029,4.83293
5055,0,0,0,0,0,0,1,180.0,60.0,2.0,8.04122,5.56974
5056,0,0,0,0,0,0,1,180.0,60.0,2.25,8.5423,5.76512
5057,0,0,0,0,0,0,1,180.0,60.0,2.513,8.83036,5.16678
5058,0,0,0,0,0,0,1,180.0,70.0,0.499,0.806584,4.1466
5059,0,0,0,0,0,0,1,180.0,70.0,0.75,2.06133,5.01971
5060,0,0,0,0,0,0,1,180.0,70.0,1.0,4.91484,5.80796
5061,0,0,0,0,0,0,1,180.0,70.0,1.25,7.90319,6.60057
5062,0,0,0,0,0,0,1,180.0,70.0,1.5,10.7974,7.82448
5063,0,0,0,0,0,0,1,180.0,70.0,1.75,12.9217,8.52287
5064,0,0,0,0,0,0,1,180.0,70.0,2.0,14.426,8.66639
5065,0,0,0,0,0,0,1,180.0,70.0,2.25,15.2356,8.47245
5066,0,0,0,0,0,0,1,180.0,70.0,2.513,15.0413,7.11421
5067,0,0,0,0,0,0,1,180.0,80.0,0.499,2.69394,10.5988
5068,0,0,0,0,0,0,1,180.0,80.0,0.75,6.32871,11.3826
5069,0,0,0,0,0,0,1,180.0,80.0,1.0,10.5819,11.9514
5070,0,0,0,0,0,0,1,180.0,80.0,1.25,14.252,12.2529
5071,0,0,0,0,0,0,1,180.0,80.0,1.5,17.2792,12.4811
5072,0,0,0,0,0,0,1,180.0,80.0,1.75,19.6789,12.5712
5073,0,0,0,0,0,0,1,180.0,80.0,2.0,21.658,12.1432
5074,0,0,0,0,0,0,1,180.0,80.0,2.25,22.7414,11.2461
5075,0,0,0,0,0,0,1,180.0,80.0,2.513,22.8224,9.18494
5076,0,0,0,0,0,0,1,180.0,90.0,0.499,6.18633,17.9708
5077,0,0,0,0,0,0,1,180.0,90.0,0.75,11.6811,18.5646
5078,0,0,0,0,0,0,1,180.0,90.0,1.0,16.7181,18.7928
5079,0,0,0,0,0,0,1,180.0,90.0,1.25,20.7873,18.2782
5080,0,0,0,0,0,0,1,180.0,90.0,1.5,24.5778,17.785
5081,0,0,0,0,0,0,1,180.0,90.0,1.75,27.6284,17.1999
5082,0,0,0,0,0,0,1,180.0,90.0,2.0,29.6235,15.8413
5083,0,0,0,0,0,0,1,180.0,90.0,2.25,30.8429,13.9332
5084,0,0,0,0,0,0,1,180.0,90.0,2.513,30.8112,11.067
5085,0,0,0,0,0,0,1,180.0,100.0,0.499,11.8484,25.9454
5086,0,0,0,0,0,0,1,180.0,100.0,0.75,18.1364,26.3818
5087,0,0,0,0,0,0,1,180.0,100.0,1.0,23.8627,26.1667
5088,0,0,0,0,0,0,1,180.0,100.0,1.25,28.758,25.3184
5089,0,0,0,0,0,0,1,180.0,100.0,1.5,32.9273,24.0647
5090,0,0,0,0,0,0,1,180.0,100.0,1.75,36.3563,22.2822
5091,0,0,0,0,0,0,1,180.0,100.0,2.0,38.554,19.9627
5092,0,0,0,0,0,0,1,180.0,100.0,2.25,39.5866,17.004
5093,0,0,0,0,0,0,1,180.0,100.0,2.513,39.5508,13.5098
5094,0,0,0,0,0,0,1,180.0,110.0,0.499,18.1968,33.8762
5095,0,0,0,0,0,0,1,180.0,110.0,0.75,25.1908,34.2179
5096,0,0,0,0,0,0,1,180.0,110.0,1.0,31.5119,33.7114
5097,0,0,0,0,0,0,1,180.0,110.0,1.25,37.1161,32.4996
5098,0,0,0,0,0,0,1,180.0,110.0,1.5,41.6686,30.4661
5099,0,0,0,0,0,0,1,180.0,110.0,1.75,45.185,27.7245
5100,0,0,0,0,0,0,1,180.0,110.0,2.0,47.8443,24.4336
5101,0,0,0,0,0,0,1,180.0,110.0,2.25,48.7571,20.6137
5102,0,0,0,0,0,0,1,180.0,110.0,2.513,48.761,16.4621
5103,0,0,0,0,0,0,1,240.0,30.0,0.499,0,0
5104,0,0,0,0,0,0,1,240.0,30.0,0.75,0,0
5105,0,0,0,0,0,0,1,240.0,30.0,1.0,0,0
5106,0,0,0,0,0,0,1,240.0,30.0,1.25,0,0
5107,0,0,0,0,0,0,1,240.0,30.0,1.5,0,0
5108,0,0,0,0,0,0,1,240.0,30.0,1.75,0.572561,0.61195
5109,0,0,0,0,0,0,1,240.0,30.0,2.0,1.16746,1.03735
5110,0,0,0,0,0,0,1,240.0,30.0,2.25,1.62665,1.29167
5111,0,0,0,0,0,0,1,240.0,30.0,2.513,1.93143,1.47242
5112,0,0,0,0,0,0,1,240.0,40.0,0.499,0,0
5113,0,0,0,0,0,0,1,240.0,40.0,0.75,0,0
5114,0,0,0,0,0,0,1,240.0,40.0,1.0,0,0
5115,0,0,0,0,0,0,1,240.0,40.0,1.25,0,0
5116,0,0,0,0,0,0,1,240.0,40.0,1.5,0.782633,0.654024
5117,0,0,0,0,0,0,1,240.0,40.0,1.75,1.62103,1.28306
5118,0,0,0,0,0,0,1,240.0,40.0,2.0,2.21895,1.66051
5119,0,0,0,0,0,0,1,240.0,40.0,2.25,2.68168,2.24106
5120,0,0,0,0,0,0,1,240.0,40.0,2.513,3.03987,2.46895
5121,0,0,0,0,0,0,1,240.0,50.0,0.499,0,0
5122,0,0,0,0,0,0,1,240.0,50.0,0.75,0,0
5123,0,0,0,0,0,0,1,240.0,50.0,1.0,0,0
5124,0,0,0,0,0,0,1,240.0,50.0,1.25,0.719154,0.741096
5125,0,0,0,0,0,0,1,240.0,50.0,1.5,1.7325,1.68714
5126,0,0,0,0,0,0,1,240.0,50.0,1.75,2.97837,3.02613
5127,0,0,0,0,0,0,1,240.0,50.0,2.0,3.94234,3.95275
5128,0,0,0,0,0,0,1,240.0,50.0,2.25,4.3379,4.15897
5129,0,0,0,0,0,0,1,240.0,50.0,2.513,4.56619,4.02489
5130,0,0,0,0,0,0,1,240.0,60.0,0.499,0.28425,1.41524
5131,0,0,0,0,0,0,1,240.0,60.0,0.75,0.851289,1.6963
5132,0,0,0,0,0,0,1,240.0,60.0,1.0,2.06171,2.57056
5133,0,0,0,0,0,0,1,240.0,60.0,1.25,4.54588,3.92128
5134,0,0,0,0,0,0,1,240.0,60.0,1.5,6.70358,5.30475
5135,0,0,0,0,0,0,1,240.0,60.0,1.75,8.31553,6.35105
5136,0,0,0,0,0,0,1,240.0,60.0,2.0,9.08578,6.73146
5137,0,0,0,0,0,0,1,240.0,60.0,2.25,9.24125,6.67447
5138,0,0,0,0,0,0,1,240.0,60.0,2.513,8.95772,5.71158
5139,0,0,0,0,0,0,1,240.0,70.0,0.499,2.03048,6.81984
5140,0,0,0,0,0,0,1,240.0,70.0,0.75,4.35073,7.54707
5141,0,0,0,0,0,0,1,240.0,70.0,1.0,7.42124,8.09261
5142,0,0,0,0,0,0,1,240.0,70.0,1.25,9.97998,8.63072
5143,0,0,0,0,0,0,1,240.0,70.0,1.5,12.4741,9.48497
5144,0,0,0,0,0,0,1,240.0,70.0,1.75,14.2819,9.97846
5145,0,0,0,0,0,0,1,240.0,70.0,2.0,15.3289,9.77649
5146,0,0,0,0,0,0,1,240.0,70.0,2.25,15.7537,9.16268
5147,0,0,0,0,0,0,1,240.0,70.0,2.513,15.143,7.36565
5148,0,0,0,0,0,0,1,240.0,80.0,0.499,4.77736,13.5058
5149,0,0,0,0,0,0,1,240.0,80.0,0.75,9.47005,14.0888
5150,0,0,0,0,0,0,1,240.0,80.0,1.0,13.2267,14.385
5151,0,0,0,0,0,0,1,240.0,80.0,1.25,16.1655,14.2439
5152,0,0,0,0,0,0,1,240.0,80.0,1.5,18.8136,14.0815
5153,0,0,0,0,0,0,1,240.0,80.0,1.75,20.9118,13.8361
5154,0,0,0,0,0,0,1,240.0,80.0,2.0,22.4194,13.1179
5155,0,0,0,0,0,0,1,240.0,80.0,2.25,23.0489,11.7349
5156,0,0,0,0,0,0,1,240.0,80.0,2.513,22.7348,9.16748
5157,0,0,0,0,0,0,1,240.0,90.0,0.499,9.58216,20.8556
5158,0,0,0,0,0,0,1,240.0,90.0,0.75,14.9801,21.3069
5159,0,0,0,0,0,0,1,240.0,90.0,1.0,19.4914,21.1461
5160,0,0,0,0,0,0,1,240.0,90.0,1.25,23.3238,20.5427
5161,0,0,0,0,0,0,1,240.0,90.0,1.5,26.333,19.6483
5162,0,0,0,0,0,0,1,240.0,90.0,1.75,28.8597,18.3836
5163,0,0,0,0,0,0,1,240.0,90.0,2.0,30.4043,16.6234
5164,0,0,0,0,0,0,1,240.0,90.0,2.25,31.1767,14.245
5165,0,0,0,0,0,0,1,240.0,90.0,2.513,30.8468,10.9724
5166,0,0,0,0,0,0,1,240.0,100.0,0.499,15.0872,28.5237
5167,0,0,0,0,0,0,1,240.0,100.0,0.75,20.9333,28.8171
5168,0,0,0,0,0,0,1,240.0,100.0,1.0,26.473,28.3844
5169,0,0,0,0,0,0,1,240.0,100.0,1.25,31.012,27.3784
5170,0,0,0,0,0,0,1,240.0,100.0,1.5,34.7924,25.8595
5171,0,0,0,0,0,0,1,240.0,100.0,1.75,37.5117,23.4754
5172,0,0,0,0,0,0,1,240.0,100.0,2.0,39.3585,20.6119
5173,0,0,0,0,0,0,1,240.0,100.0,2.25,40.0823,17.2444
5174,0,0,0,0,0,0,1,240.0,100.0,2.513,39.7496,13.3039
5175,0,0,0,0,0,0,1,240.0,110.0,0.499,21.0267,36.2935
5176,0,0,0,0,0,0,1,240.0,110.0,0.75,27.796,36.4897
5177,0,0,0,0,0,0,1,240.0,110.0,1.0,33.9953,35.9283
5178,0,0,0,0,0,0,1,240.0,110.0,1.25,39.5473,34.5399
5179,0,0,0,0,0,0,1,240.0,110.0,1.5,43.601,32.1239
5180,0,0,0,0,0,0,1,240.0,110.0,1.75,46.6257,28.9991
5181,0,0,0,0,0,0,1,240.0,110.0,2.0,48.5721,25.1013
5182,0,0,0,0,0,0,1,240.0,110.0,2.25,49.2409,20.8563
5183,0,0,0,0,0,0,1,240.0,110.0,2.513,48.8934,16.2141
5184,0,0,0,0,0,0,1,300.0,30.0,0.499,0,0
5185,0,0,0,0,0,0,1,300.0,30.0,0.75,0,0
5186,0,0,0,0,0,0,1,300.0,30.0,1.0,0,0
5187,0,0,0,0,0,0,1,300.0,30.0,1.25,0,0
5188,0,0,0,0,0,0,1,300.0,30.0,1.5,0.285446,0.392513
5189,0,0,0,0,0,0,1,300.0,30.0,1.75,1.13051,1.05273
5190,0,0,0,0,0,0,1,300.0,30.0,2.0,1.65998,1.46024
5191,0,0,0,0,0,0,1,300.0,30.0,2.25,2.0253,1.75312
5192,0,0,0,0,0,0,1,300.0,30.0,2.513,2.28166,1.91232
5193,0,0,0,0,0,0,1,300.0,40.0,0.499,0,0
5194,0,0,0,0,0,0,1,300.0,40.0,0.75,0,0
5195,0,0,0,0,0,0,1,300.0,40.0,1.0,0,0
5196,0,0,0,0,0,0,1,300.0,40.0,1.25,0.430176,0.36164
5197,0,0,0,0,0,0,1,300.0,40.0,1.5,1.25324,1.0606
5198,0,0,0,0,0,0,1,300.0,40.0,1.75,2.08106,1.73417
5199,0,0,0,0,0,0,1,300.0,40.0,2.0,2.68795,2.37308
5200,0,0,0,0,0,0,1,300.0,40.0,2.25,3.09452,2.87059
5201,0,0,0,0,0,0,1,300.0,40.0,2.513,3.26976,2.98648
5202,0,0,0,0,0,0,1,300.0,50.0,0.499,0,0
5203,0,0,0,0,0,0,1,300.0,50.0,0.75,0.151381,0.155832
5204,0,0,0,0,0,0,1,300.0,50.0,1.0,0.58958,0.67484
5205,0,0,0,0,0,0,1,300.0,50.0,1.25,1.99555,1.68325
5206,0,0,0,0,0,0,1,300.0,50.0,1.5,3.36012,3.00353
5207,0,0,0,0,0,0,1,300.0,50.0,1.75,4.3755,4.43361
5208,0,0,0,0,0,0,1,300.0,50.0,2.0,4.7003,5.13042
5209,0,0,0,0,0,0,1,300.0,50.0,2.25,5.03348,5.02397
5210,0,0,0,0,0,0,1,300.0,50.0,2.513,5.17781,4.35466
5211,0,0,0,0,0,0,1,300.0,60.0,0.499,0.8013,3.36152
5212,0,0,0,0,0,0,1,300.0,60.0,0.75,2.37251,4.13055
5213,0,0,0,0,0,0,1,300.0,60.0,1.0,4.67246,5.03518
5214,0,0,0,0,0,0,1,300.0,60.0,1.25,6.61043,5.85695
5215,0,0,0,0,0,0,1,300.0,60.0,1.5,8.53653,6.84461
5216,0,0,0,0,0,0,1,300.0,60.0,1.75,9.78167,7.5955
5217,0,0,0,0,0,0,1,300.0,60.0,2.0,10.1864,7.81709
5218,0,0,0,0,0,0,1,300.0,60.0,2.25,9.89025,7.38336
5219,0,0,0,0,0,0,1,300.0,60.0,2.513,9.0723,5.99012
5220,0,0,0,0,0,0,1,300.0,70.0,0.499,3.52711,9.38632
5221,0,0,0,0,0,0,1,300.0,70.0,0.75,7.06471,9.95924
5222,0,0,0,0,0,0,1,300.0,70.0,1.0,10.0478,10.4715
5223,0,0,0,0,0,0,1,300.0,70.0,1.25,12.2661,10.8759
5224,0,0,0,0,0,0,1,300.0,70.0,1.5,14.0512,10.9093
5225,0,0,0,0,0,0,1,300.0,70.0,1.75,15.4375,10.9894
5226,0,0,0,0,0,0,1,300.0,70.0,2.0,16.2593,10.6503
5227,0,0,0,0,0,0,1,300.0,70.0,2.25,16.2769,9.66281
5228,0,0,0,0,0,0,1,300.0,70.0,2.513,15.3835,7.40039
5229,0,0,0,0,0,0,1,300.0,80.0,0.499,7.88683,16.2317
5230,0,0,0,0,0,0,1,300.0,80.0,0.75,12.2948,16.6114
5231,0,0,0,0,0,0,1,300.0,80.0,1.0,15.9816,16.6792
5232,0,0,0,0,0,0,1,300.0,80.0,1.25,18.6006,16.3775
5233,0,0,0,0,0,0,1,300.0,80.0,1.5,20.5832,15.7272
5234,0,0,0,0,0,0,1,300.0,80.0,1.75,22.1655,14.9205
5235,0,0,0,0,0,0,1,300.0,80.0,2.0,23.1861,13.7888
5236,0,0,0,0,0,0,1,300.0,80.0,2.25,23.3406,11.8463
5237,0,0,0,0,0,0,1,300.0,80.0,2.513,22.9355,9.07377
5238,0,0,0,0,0,0,1,300.0,90.0,0.499,12.7512,23.4806
5239,0,0,0,0,0,0,1,300.0,90.0,0.75,17.8564,23.6637
5240,0,0,0,0,0,0,1,300.0,90.0,1.0,22.4284,23.4427
5241,0,0,0,0,0,0,1,300.0,90.0,1.25,25.8356,22.6816
5242,0,0,0,0,0,0,1,300.0,90.0,1.5,28.241,21.4701
5243,0,0,0,0,0,0,1,300.0,90.0,1.75,29.94,19.4226
5244,0,0,0,0,0,0,1,300.0,90.0,2.0,31.2226,17.2163
5245,0,0,0,0,0,0,1,300.0,90.0,2.25,31.4926,14.3477
5246,0,0,0,0,0,0,1,300.0,90.0,2.513,30.9122,10.78
5247,0,0,0,0,0,0,1,300.0,100.0,0.499,18.0763,30.7834
5248,0,0,0,0,0,0,1,300.0,100.0,0.75,23.7742,30.9134
5249,0,0,0,0,0,0,1,300.0,100.0,1.0,29.0541,30.4386
5250,0,0,0,0,0,0,1,300.0,100.0,1.25,33.3481,29.426
5251,0,0,0,0,0,0,1,300.0,100.0,1.5,36.4815,27.3401
5252,0,0,0,0,0,0,1,300.0,100.0,1.75,38.7397,24.5853
5253,0,0,0,0,0,0,1,300.0,100.0,2.0,40.0924,21.1806
5254,0,0,0,0,0,0,1,300.0,100.0,2.25,40.5152,17.3963
5255,0,0,0,0,0,0,1,300.0,100.0,2.513,39.6891,12.9547
5256,0,0,0,0,0,0,1,300.0,110.0,0.499,23.8986,38.2879
5257,0,0,0,0,0,0,1,300.0,110.0,0.75,30.4271,38.4605
5258,0,0,0,0,0,0,1,300.0,110.0,1.0,36.2186,37.7874
5259,0,0,0,0,0,0,1,300.0,110.0,1.25,41.4219,36.1399
5260,0,0,0,0,0,0,1,300.0,110.0,1.5,45.3052,33.4963
5261,0,0,0,0,0,0,1,300.0,110.0,1.75,47.8423,29.86
5262,0,0,0,0,0,0,1,300.0,110.0,2.0,49.2341,25.621
5263,0,0,0,0,0,0,1,300.0,110.0,2.25,49.4605,20.8379
5264,0,0,0,0,0,0,1,300.0,110.0,2.513,48.6833,15.7365
5265,0,0,0,0,0,0,1,360.0,30.0,0.499,0,0
5266,0,0,0,0,0,0,1,360.0,30.0,0.75,0,0
5267,0,0,0,0,0,0,1,360.0,30.0,1.0,0,0
5268,0,0,0,0,0,0,1,360.0,30.0,1.25,0.0660224,0.12176
5269,0,0,0,0,0,0,1,360.0,30.0,1.5,0.793288,0.791713
5270,0,0,0,0,0,0,1,360.0,30.0,1.75,1.49607,1.35828
5271,0,0,0,0,0,0,1,360.0,30.0,2.0,2.11689,1.86737
5272,0,0,0,0,0,0,1,360.0,30.0,2.25,2.38249,2.15259
5273,0,0,0,0,0,0,1,360.0,30.0,2.513,2.56926,2.28985
5274,0,0,0,0,0,0,1,360.0,40.0,0.499,0,0
5275,0,0,0,0,0,0,1,360.0,40.0,0.75,0,0
5276,0,0,0,0,0,0,1,360.0,40.0,1.0,0.0491271,0.00762945
5277,0,0,0,0,0,0,1,360.0,40.0,1.25,0.919459,0.936969
5278,0,0,0,0,0,0,1,360.0,40.0,1.5,1.78145,1.95046
5279,0,0,0,0,0,0,1,360.0,40.0,1.75,2.52437,2.68945
5280,0,0,0,0,0,0,1,360.0,40.0,2.0,3.094,3.3455
5281,0,0,0,0,0,0,1,360.0,40.0,2.25,3.43044,3.44858
5282,0,0,0,0,0,0,1,360.0,40.0,2.513,3.48126,3.3115
5283,0,0,0,0,0,0,1,360.0,50.0,0.499,0.324761,0.639232
5284,0,0,0,0,0,0,1,360.0,50.0,0.75,1.19138,1.23849
5285,0,0,0,0,0,0,1,360.0,50.0,1.0,2.60814,2.27087
5286,0,0,0,0,0,0,1,360.0,50.0,1.25,3.92876,3.18779
5287,0,0,0,0,0,0,1,360.0,50.0,1.5,5.06969,4.40489
5288,0,0,0,0,0,0,1,360.0,50.0,1.75,5.63442,5.44775
5289,0,0,0,0,0,0,1,360.0,50.0,2.0,5.76689,5.96612
5290,0,0,0,0,0,0,1,360.0,50.0,2.25,5.78722,5.77981
5291,0,0,0,0,0,0,1,360.0,50.0,2.513,5.69832,4.73125
5292,0,0,0,0,0,0,1,360.0,60.0,0.499,2.14207,5.67356
5293,0,0,0,0,0,0,1,360.0,60.0,0.75,4.72059,6.46696
5294,0,0,0,0,0,0,1,360.0,60.0,1.0,6.9486,7.19622
5295,0,0,0,0,0,0,1,360.0,60.0,1.25,8.75275,7.78178
5296,0,0,0,0,0,0,1,360.0,60.0,1.5,10.1356,8.26571
5297,0,0,0,0,0,0,1,360.0,60.0,1.75,10.9001,8.5531
5298,0,0,0,0,0,0,1,360.0,60.0,2.0,11.141,8.67837
5299,0,0,0,0,0,0,1,360.0,60.0,2.25,10.7116,7.90985
5300,0,0,0,0,0,0,1,360.0,60.0,2.513,9.55702,6.07132
5301,0,0,0,0,0,0,1,360.0,70.0,0.499,5.88621,11.8255
5302,0,0,0,0,0,0,1,360.0,70.0,0.75,9.7073,12.4324
5303,0,0,0,0,0,0,1,360.0,70.0,1.0,12.5717,12.7801
5304,0,0,0,0,0,0,1,360.0,70.0,1.25,14.5889,12.9023
5305,0,0,0,0,0,0,1,360.0,70.0,1.5,15.9135,12.4649
5306,0,0,0,0,0,0,1,360.0,70.0,1.75,16.6994,11.9029
5307,0,0,0,0,0,0,1,360.0,70.0,2.0,17.1232,11.2687
5308,0,0,0,0,0,0,1,360.0,70.0,2.25,16.861,9.85499
5309,0,0,0,0,0,0,1,360.0,70.0,2.513,15.8417,7.34831
5310,0,0,0,0,0,0,1,360.0,80.0,0.499,10.7386,18.7102
5311,0,0,0,0,0,0,1,360.0,80.0,0.75,14.9323,18.9435
5312,0,0,0,0,0,0,1,360.0,80.0,1.0,18.5508,18.8285
5313,0,0,0,0,0,0,1,360.0,80.0,1.25,20.9756,18.2968
5314,0,0,0,0,0,0,1,360.0,80.0,1.5,22.5185,17.3
5315,0,0,0,0,0,0,1,360.0,80.0,1.75,23.3576,15.8069
5316,0,0,0,0,0,0,1,360.0,80.0,2.0,23.9652,14.1465
5317,0,0,0,0,0,0,1,360.0,80.0,2.25,23.7755,11.8337
5318,0,0,0,0,0,0,1,360.0,80.0,2.513,22.9326,8.86109
5319,0,0,0,0,0,0,1,360.0,90.0,0.499,15.6819,25.686
5320,0,0,0,0,0,0,1,360.0,90.0,0.75,20.5899,25.7452
5321,0,0,0,0,0,0,1,360.0,90.0,1.0,24.9437,25.4825
5322,0,0,0,0,0,0,1,360.0,90.0,1.25,28.0152,24.5076
5323,0,0,0,0,0,0,1,360.0,90.0,1.5,30.0112,22.7798
5324,0,0,0,0,0,0,1,360.0,90.0,1.75,31.254,20.4557
5325,0,0,0,0,0,0,1,360.0,90.0,2.0,32.0439,17.6257
5326,0,0,0,0,0,0,1,360.0,90.0,2.25,32.0262,14.4417
5327,0,0,0,0,0,0,1,360.0,90.0,2.513,30.8973,10.4919
5328,0,0,0,0,0,0,1,360.0,100.0,0.499,20.8639,32.7271
5329,0,0,0,0,0,0,1,360.0,100.0,0.75,26.5547,32.801
5330,0,0,0,0,0,0,1,360.0,100.0,1.0,31.4139,32.2588
5331,0,0,0,0,0,0,1,360.0,100.0,1.25,35.2479,30.9111
5332,0,0,0,0,0,0,1,360.0,100.0,1.5,38.0886,28.5873
5333,0,0,0,0,0,0,1,360.0,100.0,1.75,39.9558,25.5119
5334,0,0,0,0,0,0,1,360.0,100.0,2.0,40.808,21.6383
5335,0,0,0,0,0,0,1,360.0,100.0,2.25,40.8321,17.4523
5336,0,0,0,0,0,0,1,360.0,100.0,2.513,39.7031,12.6857
5337,0,0,0,0,0,0,1,360.0,110.0,0.499,26.7404,39.9848
5338,0,0,0,0,0,0,1,360.0,110.0,0.75,32.8534,39.9987
5339,0,0,0,0,0,0,1,360.0,110.0,1.0,38.1196,39.0987
5340,0,0,0,0,0,0,1,360.0,110.0,1.25,42.8253,37.1637
5341,0,0,0,0,0,0,1,360.0,110.0,1.5,46.4983,34.398
5342,0,0,0,0,0,0,1,360.0,110.0,1.75,48.8811,30.5822
5343,0,0,0,0,0,0,1,360.0,110.0,2.0,49.8951,25.9595
5344,0,0,0,0,0,0,1,360.0,110.0,2.25,49.7727,20.8866
5345,0,0,0,0,0,0,1,360.0,110.0,2.513,48.5391,15.3625
5346,0,0,0,0,0,0,1,420.0,30.0,0.499,0,0
5347,0,0,0,0,0,0,1,420.0,30.0,0.75,0,0
5348,0,0,0,0,0,0,1,420.0,30.0,1.0,0,0
5349,0,0,0,0,0,0,1,420.0,30.0,1.25,0.541169,0.448041
5350,0,0,0,0,0,0,1,420.0,30.0,1.5,1.27049,1.21756
5351,0,0,0,0,0,0,1,420.0,30.0,1.75,1.83795,1.73123
5352,0,0,0,0,0,0,1,420.0,30.0,2.0,2.41768,2.19431
5353,0,0,0,0,0,0,1,420.0,30.0,2.25,2.70571,2.49751
5354,0,0,0,0,0,0,1,420.0,30.0,2.513,2.81611,2.49547
5355,0,0,0,0,0,0,1,420.0,40.0,0.499,0,0
5356,0,0,0,0,0,0,1,420.0,40.0,0.75,0.285907,0.107511
5357,0,0,0,0,0,0,1,420.0,40.0,1.0,1.05116,0.812774
5358,0,0,0,0,0,0,1,420.0,40.0,1.25,1.96824,1.80446
5359,0,0,0,0,0,0,1,420.0,40.0,1.5,2.81011,2.88604
5360,0,0,0,0,0,0,1,420.0,40.0,1.75,3.15631,3.43902
5361,0,0,0,0,0,0,1,420.0,40.0,2.0,3.55409,4.01057
5362,0,0,0,0,0,0,1,420.0,40.0,2.25,3.71392,3.91902
5363,0,0,0,0,0,0,1,420.0,40.0,2.513,3.71214,3.50408
5364,0,0,0,0,0,0,1,420.0,50.0,0.499,1.25968,2.3801
5365,0,0,0,0,0,0,1,420.0,50.0,0.75,2.8943,3.49775
5366,0,0,0,0,0,0,1,420.0,50.0,1.0,4.64452,4.27685
5367,0,0,0,0,0,0,1,420.0,50.0,1.25,5.85025,5.04544
5368,0,0,0,0,0,0,1,420.0,50.0,1.5,6.51838,5.68628
5369,0,0,0,0,0,0,1,420.0,50.0,1.75,6.75647,6.27689
5370,0,0,0,0,0,0,1,420.0,50.0,2.0,6.76742,6.56213
5371,0,0,0,0,0,0,1,420.0,50.0,2.25,6.4318,6.24276
5372,0,0,0,0,0,0,1,420.0,50.0,2.513,6.14927,4.88012
5373,0,0,0,0,0,0,1,420.0,60.0,0.499,3.81412,7.98377
5374,0,0,0,0,0,0,1,420.0,60.0,0.75,6.93004,8.72575
5375,0,0,0,0,0,0,1,420.0,60.0,1.0,9.22021,9.32422
5376,0,0,0,0,0,0,1,420.0,60.0,1.25,10.7604,9.62922
5377,0,0,0,0,0,0,1,420.0,60.0,1.5,11.6362,9.61989
5378,0,0,0,0,0,0,1,420.0,60.0,1.75,11.9438,9.44722
5379,0,0,0,0,0,0,1,420.0,60.0,2.0,12.0693,9.17671
5380,0,0,0,0,0,0,1,420.0,60.0,2.25,11.4932,8.16675
5381,0,0,0,0,0,0,1,420.0,60.0,2.513,10.2581,6.02027
5382,0,0,0,0,0,0,1,420.0,70.0,0.499,8.51614,14.1776
5383,0,0,0,0,0,0,1,420.0,70.0,0.75,11.9645,14.598
5384,0,0,0,0,0,0,1,420.0,70.0,1.0,14.7125,14.8107
5385,0,0,0,0,0,0,1,420.0,70.0,1.25,16.784,14.6898
5386,0,0,0,0,0,0,1,420.0,70.0,1.5,17.7367,14.0239
5387,0,0,0,0,0,0,1,420.0,70.0,1.75,17.9863,12.8664
5388,0,0,0,0,0,0,1,420.0,70.0,2.0,17.906,11.5443
5389,0,0,0,0,0,0,1,420.0,70.0,2.25,17.5133,9.83576
5390,0,0,0,0,0,0,1,420.0,70.0,2.513,16.3419,7.15121
5391,0,0,0,0,0,0,1,420.0,80.0,0.499,13.326,20.8805
5392,0,0,0,0,0,0,1,420.0,80.0,0.75,17.3293,20.9588
5393,0,0,0,0,0,0,1,420.0,80.0,1.0,20.5765,20.626
5394,0,0,0,0,0,0,1,420.0,80.0,1.25,23.0904,19.8642
5395,0,0,0,0,0,0,1,420.0,80.0,1.5,24.4192,18.7611
5396,0,0,0,0,0,0,1,420.0,80.0,1.75,24.8653,16.8521
5397,0,0,0,0,0,0,1,420.0,80.0,2.0,24.9515,14.4641
5398,0,0,0,0,0,0,1,420.0,80.0,2.25,24.4019,11.8028
5399,0,0,0,0,0,0,1,420.0,80.0,2.513,23.1507,8.58088
5400,0,0,0,0,0,0,1,420.0,90.0,0.499,18.3667,27.696
5401,0,0,0,0,0,0,1,420.0,90.0,0.75,23.0396,27.5678
5402,0,0,0,0,0,0,1,420.0,90.0,1.0,26.9731,27.0934
5403,0,0,0,0,0,0,1,420.0,90.0,1.25,29.9197,25.8787
5404,0,0,0,0,0,0,1,420.0,90.0,1.5,31.7738,24.0526
5405,0,0,0,0,0,0,1,420.0,90.0,1.75,32.7839,21.4086
5406,0,0,0,0,0,0,1,420.0,90.0,2.0,33.0393,17.9663
5407,0,0,0,0,0,0,1,420.0,90.0,2.25,32.3415,14.3742
5408,0,0,0,0,0,0,1,420.0,90.0,2.513,30.9998,10.1805
5409,0,0,0,0,0,0,1,420.0,100.0,0.499,23.4926,34.4526
5410,0,0,0,0,0,0,1,420.0,100.0,0.75,28.8532,34.3277
5411,0,0,0,0,0,0,1,420.0,100.0,1.0,33.4186,33.6121
5412,0,0,0,0,0,0,1,420.0,100.0,1.25,37.045,32.0282
5413,0,0,0,0,0,0,1,420.0,100.0,1.5,39.5115,29.4174
5414,0,0,0,0,0,0,1,420.0,100.0,1.75,40.9833,26.0882
5415,0,0,0,0,0,0,1,420.0,100.0,2.0,41.6141,22.1011
5416,0,0,0,0,0,0,1,420.0,100.0,2.25,41.1281,17.5222
5417,0,0,0,0,0,0,1,420.0,100.0,2.513,39.6439,12.3884
5418,0,0,0,0,0,0,1,420.0,110.0,0.499,29.3161,41.4758
5419,0,0,0,0,0,0,1,420.0,110.0,0.75,34.9378,41.1552
5420,0,0,0,0,0,0,1,420.0,110.0,1.0,39.8608,40.0852
5421,0,0,0,0,0,0,1,420.0,110.0,1.25,44.0804,37.9853
5422,0,0,0,0,0,0,1,420.0,110.0,1.5,47.4133,34.9421
5423,0,0,0,0,0,0,1,420.0,110.0,1.75,49.4882,30.9521
5424,0,0,0,0,0,0,1,420.0,110.0,2.0,50.4965,26.3159
5425,0,0,0,0,0,0,1,420.0,110.0,2.25,50.0428,21.0227
5426,0,0,0,0,0,0,1,420.0,110.0,2.513,48.4577,15.1453
5427,0,0,0,0,0,0,1,480.0,30.0,0.499,0,0
5428,0,0,0,0,0,0,1,480.0,30.0,0.75,0,0
5429,0,0,0,0,0,0,1,480.0,30.0,1.0,0.355791,0.218909
5430,0,0,0,0,0,0,1,480.0,30.0,1.25,1.08737,1.12512
5431,0,0,0,0,0,0,1,480.0,30.0,1.5,1.68372,1.77738
5432,0,0,0,0,0,0,1,480.0,30.0,1.75,2.18518,2.37735
5433,0,0,0,0,0,0,1,480.0,30.0,2.0,2.59352,2.59477
5434,0,0,0,0,0,0,1,480.0,30.0,2.25,2.99273,2.75319
5435,0,0,0,0,0,0,1,480.0,30.0,2.513,3.0412,2.67599
5436,0,0,0,0,0,0,1,480.0,40.0,0.499,0.402035,0.264609
5437,0,0,0,0,0,0,1,480.0,40.0,0.75,1.35458,1.07847
5438,0,0,0,0,0,0,1,480.0,40.0,1.0,2.38104,1.98959
5439,0,0,0,0,0,0,1,480.0,40.0,1.25,3.23312,2.82248
5440,0,0,0,0,0,0,1,480.0,40.0,1.5,3.69283,3.56873
5441,0,0,0,0,0,0,1,480.0,40.0,1.75,3.67435,4.09706
5442,0,0,0,0,0,0,1,480.0,40.0,2.0,3.86889,4.44222
5443,0,0,0,0,0,0,1,480.0,40.0,2.25,4.09865,4.30352
5444,0,0,0,0,0,0,1,480.0,40.0,2.513,3.98611,3.5195
5445,0,0,0,0,0,0,1,480.0,50.0,0.499,2.11179,4.65754
5446,0,0,0,0,0,0,1,480.0,50.0,0.75,4.79377,5.60717
5447,0,0,0,0,0,0,1,480.0,50.0,1.0,6.45534,6.16097
5448,0,0,0,0,0,0,1,480.0,50.0,1.25,7.41038,6.63727
5449,0,0,0,0,0,0,1,480.0,50.0,1.5,7.83045,6.90508
5450,0,0,0,0,0,0,1,480.0,50.0,1.75,7.88628,7.03039
5451,0,0,0,0,0,0,1,480.0,50.0,2.0,7.67611,6.95575
5452,0,0,0,0,0,0,1,480.0,50.0,2.25,7.29125,6.40465
5453,0,0,0,0,0,0,1,480.0,50.0,2.513,6.63853,4.66298
5454,0,0,0,0,0,0,1,480.0,60.0,0.499,5.91181,10.1201
5455,0,0,0,0,0,0,1,480.0,60.0,0.75,8.87284,10.8299
5456,0,0,0,0,0,0,1,480.0,60.0,1.0,11.28,11.2364
5457,0,0,0,0,0,0,1,480.0,60.0,1.25,12.3685,11.169
5458,0,0,0,0,0,0,1,480.0,60.0,1.5,12.8764,10.8345
5459,0,0,0,0,0,0,1,480.0,60.0,1.75,12.8963,10.2828
5460,0,0,0,0,0,0,1,480.0,60.0,2.0,12.7401,9.3694
5461,0,0,0,0,0,0,1,480.0,60.0,2.25,12.2759,8.08317
5462,0,0,0,0,0,0,1,480.0,60.0,2.513,10.9455,5.83298
5463,0,0,0,0,0,0,1,480.0,70.0,0.499,10.791,16.3077
5464,0,0,0,0,0,0,1,480.0,70.0,0.75,13.942,16.4653
5465,0,0,0,0,0,0,1,480.0,70.0,1.0,16.6618,16.5327
5466,0,0,0,0,0,0,1,480.0,70.0,1.25,18.4756,16.0918
5467,0,0,0,0,0,0,1,480.0,70.0,1.5,19.3232,15.3239
5468,0,0,0,0,0,0,1,480.0,70.0,1.75,19.2302,13.8456
5469,0,0,0,0,0,0,1,480.0,70.0,2.0,18.9992,11.9255
5470,0,0,0,0,0,0,1,480.0,70.0,2.25,18.4009,9.68904
5471,0,0,0,0,0,0,1,480.0,70.0,2.513,16.8359,6.73382
5472,0,0,0,0,0,0,1,480.0,80.0,0.499,15.7933,22.8252
5473,0,0,0,0,0,0,1,480.0,80.0,0.75,19.4671,22.6734
5474,0,0,0,0,0,0,1,480.0,80.0,1.0,22.5074,22.2093
5475,0,0,0,0,0,0,1,480.0,80.0,1.25,24.8121,21.2596
5476,0,0,0,0,0,0,1,480.0,80.0,1.5,26.2508,20.0342
5477,0,0,0,0,0,0,1,480.0,80.0,1.75,26.5319,17.9154
5478,0,0,0,0,0,0,1,480.0,80.0,2.0,26.1213,14.9098
5479,0,0,0,0,0,0,1,480.0,80.0,2.25,25.211,11.794
5480,0,0,0,0,0,0,1,480.0,80.0,2.513,23.6569,8.24468
5481,0,0,0,0,0,0,1,480.0,90.0,0.499,20.7683,29.4247
5482,0,0,0,0,0,0,1,480.0,90.0,0.75,25.1759,29.1005
5483,0,0,0,0,0,0,1,480.0,90.0,1.0,28.7766,28.3042
5484,0,0,0,0,0,0,1,480.0,90.0,1.25,31.6052,26.9633
5485,0,0,0,0,0,0,1,480.0,90.0,1.5,33.3227,24.914
5486,0,0,0,0,0,0,1,480.0,90.0,1.75,34.1713,22.0787
5487,0,0,0,0,0,0,1,480.0,90.0,2.0,34.1454,18.5184
5488,0,0,0,0,0,0,1,480.0,90.0,2.25,32.9612,14.396
5489,0,0,0,0,0,0,1,480.0,90.0,2.513,31.275,9.95152
5490,0,0,0,0,0,0,1,480.0,100.0,0.499,25.7481,35.921
5491,0,0,0,0,0,0,1,480.0,100.0,0.75,30.778,35.5209
5492,0,0,0,0,0,0,1,480.0,100.0,1.0,35.1837,34.5841
5493,0,0,0,0,0,0,1,480.0,100.0,1.25,38.5219,32.6782
5494,0,0,0,0,0,0,1,480.0,100.0,1.5,40.6812,29.8966
5495,0,0,0,0,0,0,1,480.0,100.0,1.75,41.8408,26.444
5496,0,0,0,0,0,0,1,480.0,100.0,2.0,42.2317,22.3587
5497,0,0,0,0,0,0,1,480.0,100.0,2.25,41.4846,17.6693
5498,0,0,0,0,0,0,1,480.0,100.0,2.513,39.6548,12.2373
5499,0,0,0,0,0,0,1,480.0,110.0,0.499,31.5301,42.6551
5500,0,0,0,0,0,0,1,480.0,110.0,0.75,36.7232,42.0458
5501,0,0,0,0,0,0,1,480.0,110.0,1.0,41.3899,40.6737
5502,0,0,0,0,0,0,1,480.0,110.0,1.25,45.1308,38.3965
5503,0,0,0,0,0,0,1,480.0,110.0,1.5,47.9678,35.1138
5504,0,0,0,0,0,0,1,480.0,110.0,1.75,49.8496,31.0798
5505,0,0,0,0,0,0,1,480.0,110.0,2.0,50.6417,26.4425
5506,0,0,0,0,0,0,1,480.0,110.0,2.25,50.1456,21.1799
5507,0,0,0,0,0,0,1,480.0,110.0,2.513,48.4678,15.2634
5508,0,0,0,0,0,0,1,540.0,30.0,0.499,0,0
5509,0,0,0,0,0,0,1,540.0,30.0,0.75,0.0141349,0.0111488
5510,0,0,0,0,0,0,1,540.0,30.0,1.0,0.873527,0.854132
5511,0,0,0,0,0,0,1,540.0,30.0,1.25,1.60838,1.73417
5512,0,0,0,0,0,0,1,540.0,30.0,1.5,2.03112,2.38119
5513,0,0,0,0,0,0,1,540.0,30.0,1.75,2.46176,2.78786
5514,0,0,0,0,0,0,1,540.0,30.0,2.0,2.81402,2.99005
5515,0,0,0,0,0,0,1,540.0,30.0,2.25,3.15621,2.89932
5516,0,0,0,0,0,0,1,540.0,30.0,2.513,3.24307,2.82619
5517,0,0,0,0,0,0,1,540.0,40.0,0.499,0.971713,1.49953
5518,0,0,0,0,0,0,1,540.0,40.0,0.75,2.59021,2.52156
5519,0,0,0,0,0,0,1,540.0,40.0,1.0,3.84596,3.26983
5520,0,0,0,0,0,0,1,540.0,40.0,1.25,4.58641,4.06965
5521,0,0,0,0,0,0,1,540.0,40.0,1.5,4.71784,4.47133
5522,0,0,0,0,0,0,1,540.0,40.0,1.75,4.52451,4.67768
5523,0,0,0,0,0,0,1,540.0,40.0,2.0,4.13764,4.75109
5524,0,0,0,0,0,0,1,540.0,40.0,2.25,4.30879,4.35764
5525,0,0,0,0,0,0,1,540.0,40.0,2.513,4.2697,3.44964
5526,0,0,0,0,0,0,1,540.0,50.0,0.499,3.60443,6.58703
5527,0,0,0,0,0,0,1,540.0,50.0,0.75,6.20473,7.433
5528,0,0,0,0,0,0,1,540.0,50.0,1.0,7.9473,7.90927
5529,0,0,0,0,0,0,1,540.0,50.0,1.25,8.61282,7.99319
5530,0,0,0,0,0,0,1,540.0,50.0,1.5,8.94893,8.02833
5531,0,0,0,0,0,0,1,540.0,50.0,1.75,8.75419,7.68931
5532,0,0,0,0,0,0,1,540.0,50.0,2.0,8.42496,7.08809
5533,0,0,0,0,0,0,1,540.0,50.0,2.25,8.09057,6.23045
5534,0,0,0,0,0,0,1,540.0,50.0,2.513,7.08466,4.40883
5535,0,0,0,0,0,0,1,540.0,60.0,0.499,7.76171,12.1547
5536,0,0,0,0,0,0,1,540.0,60.0,0.75,10.6524,12.6758
5537,0,0,0,0,0,0,1,540.0,60.0,1.0,12.7596,12.7718
5538,0,0,0,0,0,0,1,540.0,60.0,1.25,13.7055,12.4791
5539,0,0,0,0,0,0,1,540.0,60.0,1.5,14.0228,11.9208
5540,0,0,0,0,0,0,1,540.0,60.0,1.75,13.9037,11.0366
5541,0,0,0,0,0,0,1,540.0,60.0,2.0,13.6478,9.62608
5542,0,0,0,0,0,0,1,540.0,60.0,2.25,12.9005,7.75058
5543,0,0,0,0,0,0,1,540.0,60.0,2.513,11.3804,5.25584
5544,0,0,0,0,0,0,1,540.0,70.0,0.499,12.7891,18.1831
5545,0,0,0,0,0,0,1,540.0,70.0,0.75,15.8675,18.1953
5546,0,0,0,0,0,0,1,540.0,70.0,1.0,18.3021,17.9644
5547,0,0,0,0,0,0,1,540.0,70.0,1.25,19.8437,17.2985
5548,0,0,0,0,0,0,1,540.0,70.0,1.5,20.558,16.2886
5549,0,0,0,0,0,0,1,540.0,70.0,1.75,20.6622,14.7534
5550,0,0,0,0,0,0,1,540.0,70.0,2.0,20.2531,12.4094
5551,0,0,0,0,0,0,1,540.0,70.0,2.25,19.2731,9.57188
5552,0,0,0,0,0,0,1,540.0,70.0,2.513,17.4881,6.28465
5553,0,0,0,0,0,0,1,540.0,80.0,0.499,18.0754,24.5695
5554,0,0,0,0,0,0,1,540.0,80.0,0.75,21.3557,24.2152
5555,0,0,0,0,0,0,1,540.0,80.0,1.0,24.1441,23.4896
5556,0,0,0,0,0,0,1,540.0,80.0,1.25,26.2635,22.3603
5557,0,0,0,0,0,0,1,540.0,80.0,1.5,27.6283,20.8473
5558,0,0,0,0,0,0,1,540.0,80.0,1.75,27.986,18.5547
5559,0,0,0,0,0,0,1,540.0,80.0,2.0,27.4026,15.4345
5560,0,0,0,0,0,0,1,540.0,80.0,2.25,26.0968,11.7152
5561,0,0,0,0,0,0,1,540.0,80.0,2.513,24.4208,7.93385
5562,0,0,0,0,0,0,1,540.0,90.0,0.499,22.8932,30.9097
5563,0,0,0,0,0,0,1,540.0,90.0,0.75,27.0026,30.3423
5564,0,0,0,0,0,0,1,540.0,90.0,1.0,30.3674,29.2572
5565,0,0,0,0,0,0,1,540.0,90.0,1.25,32.982,27.6171
5566,0,0,0,0,0,0,1,540.0,90.0,1.5,34.7354,25.5712
5567,0,0,0,0,0,0,1,540.0,90.0,1.75,35.2629,22.5042
5568,0,0,0,0,0,0,1,540.0,90.0,2.0,35.0684,18.8148
5569,0,0,0,0,0,0,1,540.0,90.0,2.25,33.7091,14.5892
5570,0,0,0,0,0,0,1,540.0,90.0,2.513,31.7466,9.80625
5571,0,0,0,0,0,0,1,540.0,100.0,0.499,27.8177,37.1703
5572,0,0,0,0,0,0,1,540.0,100.0,0.75,32.6878,36.5148
5573,0,0,0,0,0,0,1,540.0,100.0,1.0,36.6951,35.1209
5574,0,0,0,0,0,0,1,540.0,100.0,1.25,39.568,33.0707
5575,0,0,0,0,0,0,1,540.0,100.0,1.5,41.5203,30.1912
5576,0,0,0,0,0,0,1,540.0,100.0,1.75,42.5331,26.5824
5577,0,0,0,0,0,0,1,540.0,100.0,2.0,42.6944,22.4895
5578,0,0,0,0,0,0,1,540.0,100.0,2.25,41.8265,17.7953
5579,0,0,0,0,0,0,1,540.0,100.0,2.513,39.7591,12.2312
5580,0,0,0,0,0,0,1,540.0,110.0,0.499,33.2552,43.4757
5581,0,0,0,0,0,0,1,540.0,110.0,0.75,38.1729,42.5327
5582,0,0,0,0,0,0,1,540.0,110.0,1.0,42.5052,40.9016
5583,0,0,0,0,0,0,1,540.0,110.0,1.25,45.9925,38.4807
5584,0,0,0,0,0,0,1,540.0,110.0,1.5,48.3961,35.0129
5585,0,0,0,0,0,0,1,540.0,110.0,1.75,49.9047,31.0011
5586,0,0,0,0,0,0,1,540.0,110.0,2.0,50.4909,26.3015
5587,0,0,0,0,0,0,1,540.0,110.0,2.25,50.0589,21.1789
5588,0,0,0,0,0,0,1,540.0,110.0,2.513,48.2852,15.2757
5589,0,0,0,0,0,0,1,600.0,30.0,0.499,0,0.149325
5590,0,0,0,0,0,0,1,600.0,30.0,0.75,0.816224,0.938434
5591,0,0,0,0,0,0,1,600.0,30.0,1.0,1.76091,1.79817
5592,0,0,0,0,0,0,1,600.0,30.0,1.25,2.35794,2.5793
5593,0,0,0,0,0,0,1,600.0,30.0,1.5,2.37193,2.85176
5594,0,0,0,0,0,0,1,600.0,30.0,1.75,2.6841,3.10229
5595,0,0,0,0,0,0,1,600.0,30.0,2.0,2.98453,3.2045
5596,0,0,0,0,0,0,1,600.0,30.0,2.25,3.26044,3.03858
5597,0,0,0,0,0,0,1,600.0,30.0,2.513,3.33375,2.83422
5598,0,0,0,0,0,0,1,600.0,40.0,0.499,1.7501,3.31034
5599,0,0,0,0,0,0,1,600.0,40.0,0.75,3.86765,4.18936
5600,0,0,0,0,0,0,1,600.0,40.0,1.0,5.0808,4.75499
5601,0,0,0,0,0,0,1,600.0,40.0,1.25,5.62255,5.16584
5602,0,0,0,0,0,0,1,600.0,40.0,1.5,5.68909,5.36709
5603,0,0,0,0,0,0,1,600.0,40.0,1.75,5.30707,5.19967
5604,0,0,0,0,0,0,1,600.0,40.0,2.0,4.90615,4.93325
5605,0,0,0,0,0,0,1,600.0,40.0,2.25,4.72572,4.39159
5606,0,0,0,0,0,0,1,600.0,40.0,2.513,4.43959,3.32395
5607,0,0,0,0,0,0,1,600.0,50.0,0.499,4.82404,8.39766
5608,0,0,0,0,0,0,1,600.0,50.0,0.75,7.28371,9.00557
5609,0,0,0,0,0,0,1,600.0,50.0,1.0,8.84384,9.23951
5610,0,0,0,0,0,0,1,600.0,50.0,1.25,9.53467,9.14591
5611,0,0,0,0,0,0,1,600.0,50.0,1.5,9.88943,8.92557
5612,0,0,0,0,0,0,1,600.0,50.0,1.75,9.61905,8.28174
5613,0,0,0,0,0,0,1,600.0,50.0,2.0,9.19748,7.17817
5614,0,0,0,0,0,0,1,600.0,50.0,2.25,8.64592,5.74494
5615,0,0,0,0,0,0,1,600.0,50.0,2.513,7.4954,4.1044
5616,0,0,0,0,0,0,1,600.0,60.0,0.499,9.44874,13.998
5617,0,0,0,0,0,0,1,600.0,60.0,0.75,12.1672,14.1934
5618,0,0,0,0,0,0,1,600.0,60.0,1.0,13.8422,13.9508
5619,0,0,0,0,0,0,1,600.0,60.0,1.25,14.7051,13.4486
5620,0,0,0,0,0,0,1,600.0,60.0,1.5,15.0713,12.746
5621,0,0,0,0,0,0,1,600.0,60.0,1.75,15.015,11.6593
5622,0,0,0,0,0,0,1,600.0,60.0,2.0,14.7465,9.92073
5623,0,0,0,0,0,0,1,600.0,60.0,2.25,13.6292,7.50138
5624,0,0,0,0,0,0,1,600.0,60.0,2.513,11.7787,4.7896
5625,0,0,0,0,0,0,1,600.0,70.0,0.499,14.7246,19.9442
5626,0,0,0,0,0,0,1,600.0,70.0,0.75,17.6081,19.7403
5627,0,0,0,0,0,0,1,600.0,70.0,1.0,19.6746,19.1555
5628,0,0,0,0,0,0,1,600.0,70.0,1.25,20.9863,18.2162
5629,0,0,0,0,0,0,1,600.0,70.0,1.5,21.6828,16.9101
5630,0,0,0,0,0,0,1,600.0,70.0,1.75,21.9533,15.3497
5631,0,0,0,0,0,0,1,600.0,70.0,2.0,21.3906,12.7681
5632,0,0,0,0,0,0,1,600.0,70.0,2.25,20.0533,9.44162
5633,0,0,0,0,0,0,1,600.0,70.0,2.513,18.0774,5.75749
5634,0,0,0,0,0,0,1,600.0,80.0,0.499,19.9236,26.0718
5635,0,0,0,0,0,0,1,600.0,80.0,0.75,23.0419,25.5469
5636,0,0,0,0,0,0,1,600.0,80.0,1.0,25.6417,24.5449
5637,0,0,0,0,0,0,1,600.0,80.0,1.25,27.3582,23.0878
5638,0,0,0,0,0,0,1,600.0,80.0,1.5,28.7481,21.4104
5639,0,0,0,0,0,0,1,600.0,80.0,1.75,29.253,19.0116
5640,0,0,0,0,0,0,1,600.0,80.0,2.0,28.4951,15.7505
5641,0,0,0,0,0,0,1,600.0,80.0,2.25,26.9715,11.8024
5642,0,0,0,0,0,0,1,600.0,80.0,2.513,24.9334,7.5469
5643,0,0,0,0,0,0,1,600.0,90.0,0.499,24.8268,32.1967
5644,0,0,0,0,0,0,1,600.0,90.0,0.75,28.6517,31.3395
5645,0,0,0,0,0,0,1,600.0,90.0,1.0,31.7942,30.0126
5646,0,0,0,0,0,0,1,600.0,90.0,1.25,34.0339,28.127
5647,0,0,0,0,0,0,1,600.0,90.0,1.5,35.6526,25.9022
5648,0,0,0,0,0,0,1,600.0,90.0,1.75,36.1905,22.7841
5649,0,0,0,0,0,0,1,600.0,90.0,2.0,35.814,18.9536
5650,0,0,0,0,0,0,1,600.0,90.0,2.25,34.4667,14.7769
5651,0,0,0,0,0,0,1,600.0,90.0,2.513,32.0308,9.61839
5652,0,0,0,0,0,0,1,600.0,100.0,0.499,29.8147,38.2105
5653,0,0,0,0,0,0,1,600.0,100.0,0.75,34.2561,37.1866
5654,0,0,0,0,0,0,1,600.0,100.0,1.0,37.7421,35.4803
5655,0,0,0,0,0,0,1,600.0,100.0,1.25,40.5365,33.2947
5656,0,0,0,0,0,0,1,600.0,100.0,1.5,42.2342,30.2695
5657,0,0,0,0,0,0,1,600.0,100.0,1.75,43.0355,26.5948
5658,0,0,0,0,0,0,1,600.0,100.0,2.0,42.9234,22.3886
5659,0,0,0,0,0,0,1,600.0,100.0,2.25,41.8639,17.7425
5660,0,0,0,0,0,0,1,600.0,100.0,2.513,39.9382,12.3224
5661,0,0,0,0,0,0,1,600.0,110.0,0.499,34.8905,44.197
5662,0,0,0,0,0,0,1,600.0,110.0,0.75,39.3908,42.776
5663,0,0,0,0,0,0,1,600.0,110.0,1.0,43.475,40.955
5664,0,0,0,0,0,0,1,600.0,110.0,1.25,46.723,38.3896
5665,0,0,0,0,0,0,1,600.0,110.0,1.5,48.7326,34.7034
5666,0,0,0,0,0,0,1,600.0,110.0,1.75,49.9136,30.6705
5667,0,0,0,0,0,0,1,600.0,110.0,2.0,50.2276,26.0384
5668,0,0,0,0,0,0,1,600.0,110.0,2.25,49.6692,20.9559
5669,0,0,0,0,0,0,1,600.0,110.0,2.513,48.068,15.2579
