,L0,L1,L2,L3,L4,L5,L6,res_time,temperature,catalyst_loading,yield,turnover
0,1,0,0,0,0,0,0,60.0,30.0,0.489,17.6746,22.7174
1,1,0,0,0,0,0,0,60.0,30.0,0.75,20.7795,19.1847
2,1,0,0,0,0,0,0,60.0,30.0,1.0,23.6554,16.6761
3,1,0,0,0,0,0,0,60.0,30.0,1.25,26.401,14.7156
4,1,0,0,0,0,0,0,60.0,30.0,1.5,28.8614,13.2182
5,1,0,0,0,0,0,0,60.0,30.0,1.75,31.1601,12.1438
6,1,0,0,0,0,0,0,60.0,30.0,2.0,33.3675,11.303
7,1,0,0,0,0,0,0,60.0,30.0,2.25,35.7424,11.062
8,1,0,0,0,0,0,0,60.0,30.0,2.51,38.5248,11.499
9,1,0,0,0,0,0,0,60.0,40.0,0.489,27.3378,33.3448
10,1,0,0,0,0,0,0,60.0,40.0,0.75,30.7823,28.839
11,1,0,0,0,0,0,0,60.0,40.0,1.0,34.207,25.7399
12,1,0,0,0,0,0,0,60.0,40.0,1.25,37.6703,23.4327
13,1,0,0,0,0,0,0,60.0,40.0,1.5,40.58,21.551
14,1,0,0,0,0,0,0,60.0,40.0,1.75,43.3219,20.059
15,1,0,0,0,0,0,0,60.0,40.0,2.0,45.773,18.8373
16,1,0,0,0,0,0,0,60.0,40.0,2.25,48.1936,18.0471
17,1,0,0,0,0,0,0,60.0,40.0,2.51,50.8023,17.9961
18,1,0,0,0,0,0,0,60.0,50.0,0.489,36.4664,44.2598
19,1,0,0,0,0,0,0,60.0,50.0,0.75,40.3084,39.239
20,1,0,0,0,0,0,0,60.0,50.0,1.0,44.2211,35.1339
21,1,0,0,0,0,0,0,60.0,50.0,1.25,47.8393,32.143
22,1,0,0,0,0,0,0,60.0,50.0,1.5,51.236,29.6844
23,1,0,0,0,0,0,0,60.0,50.0,1.75,54.5151,27.6715
24,1,0,0,0,0,0,0,60.0,50.0,2.0,57.449,26.0099
25,1,0,0,0,0,0,0,60.0,50.0,2.25,60.0761,24.7195
26,1,0,0,0,0,0,0,60.0,50.0,2.51,62.3603,23.5643
27,1,0,0,0,0,0,0,60.0,60.0,0.489,45.0228,55.5032
28,1,0,0,0,0,0,0,60.0,60.0,0.75,49.4022,49.8014
29,1,0,0,0,0,0,0,60.0,60.0,1.0,53.3506,44.9925
30,1,0,0,0,0,0,0,60.0,60.0,1.25,57.2163,40.9325
31,1,0,0,0,0,0,0,60.0,60.0,1.5,60.864,37.4874
32,1,0,0,0,0,0,0,60.0,60.0,1.75,64.2162,34.572
33,1,0,0,0,0,0,0,60.0,60.0,2.0,67.2713,32.0549
34,1,0,0,0,0,0,0,60.0,60.0,2.25,70.0578,29.8856
35,1,0,0,0,0,0,0,60.0,60.0,2.51,72.3594,28.1832
36,1,0,0,0,0,0,0,60.0,70.0,0.489,52.9845,67.0294
37,1,0,0,0,0,0,0,60.0,70.0,0.75,57.4372,60.38
38,1,0,0,0,0,0,0,60.0,70.0,1.0,61.5964,54.8
39,1,0,0,0,0,0,0,60.0,70.0,1.25,65.5014,49.6757
40,1,0,0,0,0,0,0,60.0,70.0,1.5,69.1975,44.9497
41,1,0,0,0,0,0,0,60.0,70.0,1.75,72.3353,40.5414
42,1,0,0,0,0,0,0,60.0,70.0,2.0,75.4052,37.0425
43,1,0,0,0,0,0,0,60.0,70.0,2.25,77.957,34.0412
44,1,0,0,0,0,0,0,60.0,70.0,2.51,79.9386,31.5066
45,1,0,0,0,0,0,0,60.0,80.0,0.489,60.2165,78.3882
46,1,0,0,0,0,0,0,60.0,80.0,0.75,64.8489,71.2323
47,1,0,0,0,0,0,0,60.0,80.0,1.0,68.8811,64.2809
48,1,0,0,0,0,0,0,60.0,80.0,1.25,72.6029,57.5149
49,1,0,0,0,0,0,0,60.0,80.0,1.5,75.8587,51.2968
50,1,0,0,0,0,0,0,60.0,80.0,1.75,78.8179,45.967
51,1,0,0,0,0,0,0,60.0,80.0,2.0,81.3734,40.9709
52,1,0,0,0,0,0,0,60.0,80.0,2.25,83.1264,36.5669
53,1,0,0,0,0,0,0,60.0,80.0,2.51,84.5243,32.622
54,1,0,0,0,0,0,0,60.0,90.0,0.489,66.3144,89.3358
55,1,0,0,0,0,0,0,60.0,90.0,0.75,70.5932,80.9468
56,1,0,0,0,0,0,0,60.0,90.0,1.0,74.398,72.5923
57,1,0,0,0,0,0,0,60.0,90.0,1.25,77.7277,64.4751
58,1,0,0,0,0,0,0,60.0,90.0,1.5,80.573,56.9411
59,1,0,0,0,0,0,0,60.0,90.0,1.75,82.6204,49.9185
60,1,0,0,0,0,0,0,60.0,90.0,2.0,84.3901,43.6658
61,1,0,0,0,0,0,0,60.0,90.0,2.25,85.7015,37.8077
62,1,0,0,0,0,0,0,60.0,90.0,2.51,86.6845,33.0973
63,1,0,0,0,0,0,0,60.0,100.0,0.489,70.7226,98.7514
64,1,0,0,0,0,0,0,60.0,100.0,0.75,74.2413,89.0845
65,1,0,0,0,0,0,0,60.0,100.0,1.0,77.5661,79.472
66,1,0,0,0,0,0,0,60.0,100.0,1.25,80.2626,70.023
67,1,0,0,0,0,0,0,60.0,100.0,1.5,82.4168,61.2029
68,1,0,0,0,0,0,0,60.0,100.0,1.75,84.1076,53.1192
69,1,0,0,0,0,0,0,60.0,100.0,2.0,85.3167,45.734
70,1,0,0,0,0,0,0,60.0,100.0,2.25,86.4222,39.2735
71,1,0,0,0,0,0,0,60.0,100.0,2.51,87.4646,33.5286
72,1,0,0,0,0,0,0,60.0,110.0,0.489,73.1711,106.03
73,1,0,0,0,0,0,0,60.0,110.0,0.75,75.869,95.4185
74,1,0,0,0,0,0,0,60.0,110.0,1.0,78.0169,84.567
75,1,0,0,0,0,0,0,60.0,110.0,1.25,80.2063,74.1364
76,1,0,0,0,0,0,0,60.0,110.0,1.5,82.0835,64.4447
77,1,0,0,0,0,0,0,60.0,110.0,1.75,83.4436,55.5461
78,1,0,0,0,0,0,0,60.0,110.0,2.0,84.3997,47.4836
79,1,0,0,0,0,0,0,60.0,110.0,2.25,85.4195,40.4023
80,1,0,0,0,0,0,0,60.0,110.0,2.51,86.54,34.077
81,1,0,0,0,0,0,0,120.0,30.0,0.489,18.2967,22.7867
82,1,0,0,0,0,0,0,120.0,30.0,0.75,21.331,19.1391
83,1,0,0,0,0,0,0,120.0,30.0,1.0,24.0165,16.5138
84,1,0,0,0,0,0,0,120.0,30.0,1.25,26.6127,14.5986
85,1,0,0,0,0,0,0,120.0,30.0,1.5,29.0726,13.2004
86,1,0,0,0,0,0,0,120.0,30.0,1.75,31.5067,12.2659
87,1,0,0,0,0,0,0,120.0,30.0,2.0,33.882,11.7168
88,1,0,0,0,0,0,0,120.0,30.0,2.25,36.3715,11.6847
89,1,0,0,0,0,0,0,120.0,30.0,2.51,39.2967,12.2613
90,1,0,0,0,0,0,0,120.0,40.0,0.489,28.124,33.4535
91,1,0,0,0,0,0,0,120.0,40.0,0.75,31.6107,28.9433
92,1,0,0,0,0,0,0,120.0,40.0,1.0,34.9242,25.842
93,1,0,0,0,0,0,0,120.0,40.0,1.25,38.1647,23.4297
94,1,0,0,0,0,0,0,120.0,40.0,1.5,41.252,21.6702
95,1,0,0,0,0,0,0,120.0,40.0,1.75,44.0091,20.342
96,1,0,0,0,0,0,0,120.0,40.0,2.0,46.508,19.3015
97,1,0,0,0,0,0,0,120.0,40.0,2.25,49.1569,18.747
98,1,0,0,0,0,0,0,120.0,40.0,2.51,51.9819,18.7742
99,1,0,0,0,0,0,0,120.0,50.0,0.489,37.3716,44.6638
100,1,0,0,0,0,0,0,120.0,50.0,0.75,41.1763,39.4591
101,1,0,0,0,0,0,0,120.0,50.0,1.0,45.1704,35.4358
102,1,0,0,0,0,0,0,120.0,50.0,1.25,48.9481,32.4811
103,1,0,0,0,0,0,0,120.0,50.0,1.5,52.533,30.112
104,1,0,0,0,0,0,0,120.0,50.0,1.75,55.855,28.2775
105,1,0,0,0,0,0,0,120.0,50.0,2.0,58.7943,26.7416
106,1,0,0,0,0,0,0,120.0,50.0,2.25,61.5119,25.3391
107,1,0,0,0,0,0,0,120.0,50.0,2.51,63.9012,24.4136
108,1,0,0,0,0,0,0,120.0,60.0,0.489,45.985,56.3753
109,1,0,0,0,0,0,0,120.0,60.0,0.75,50.4848,50.4493
110,1,0,0,0,0,0,0,120.0,60.0,1.0,54.6748,45.6353
111,1,0,0,0,0,0,0,120.0,60.0,1.25,58.8401,41.6508
112,1,0,0,0,0,0,0,120.0,60.0,1.5,62.696,38.3987
113,1,0,0,0,0,0,0,120.0,60.0,1.75,66.3203,35.5658
114,1,0,0,0,0,0,0,120.0,60.0,2.0,69.5529,33.023
115,1,0,0,0,0,0,0,120.0,60.0,2.25,72.3311,30.7761
116,1,0,0,0,0,0,0,120.0,60.0,2.51,74.438,29.0094
117,1,0,0,0,0,0,0,120.0,70.0,0.489,54.2069,68.5055
118,1,0,0,0,0,0,0,120.0,70.0,0.75,58.7834,61.7765
119,1,0,0,0,0,0,0,120.0,70.0,1.0,63.2028,55.8566
120,1,0,0,0,0,0,0,120.0,70.0,1.25,67.5754,50.7556
121,1,0,0,0,0,0,0,120.0,70.0,1.5,71.4971,46.1003
122,1,0,0,0,0,0,0,120.0,70.0,1.75,74.9768,41.7786
123,1,0,0,0,0,0,0,120.0,70.0,2.0,78.2207,38.1437
124,1,0,0,0,0,0,0,120.0,70.0,2.25,80.7107,35.018
125,1,0,0,0,0,0,0,120.0,70.0,2.51,82.5096,32.2347
126,1,0,0,0,0,0,0,120.0,80.0,0.489,61.4708,80.443
127,1,0,0,0,0,0,0,120.0,80.0,0.75,66.3121,73.1273
128,1,0,0,0,0,0,0,120.0,80.0,1.0,70.7698,66.022
129,1,0,0,0,0,0,0,120.0,80.0,1.25,74.7849,59.0897
130,1,0,0,0,0,0,0,120.0,80.0,1.5,78.4142,52.6974
131,1,0,0,0,0,0,0,120.0,80.0,1.75,81.5414,47.048
132,1,0,0,0,0,0,0,120.0,80.0,2.0,84.119,41.8859
133,1,0,0,0,0,0,0,120.0,80.0,2.25,86.0565,37.2525
134,1,0,0,0,0,0,0,120.0,80.0,2.51,87.3258,33.2968
135,1,0,0,0,0,0,0,120.0,90.0,0.489,67.7681,91.8078
136,1,0,0,0,0,0,0,120.0,90.0,0.75,72.2395,83.4502
137,1,0,0,0,0,0,0,120.0,90.0,1.0,76.2753,75.0462
138,1,0,0,0,0,0,0,120.0,90.0,1.25,79.9877,66.4973
139,1,0,0,0,0,0,0,120.0,90.0,1.5,82.9749,58.428
140,1,0,0,0,0,0,0,120.0,90.0,1.75,85.4854,50.9611
141,1,0,0,0,0,0,0,120.0,90.0,2.0,87.1286,44.1851
142,1,0,0,0,0,0,0,120.0,90.0,2.25,88.419,38.3265
143,1,0,0,0,0,0,0,120.0,90.0,2.51,89.4371,33.5125
144,1,0,0,0,0,0,0,120.0,100.0,0.489,72.5138,101.483
145,1,0,0,0,0,0,0,120.0,100.0,0.75,76.2582,91.9442
146,1,0,0,0,0,0,0,120.0,100.0,1.0,79.4058,82.0754
147,1,0,0,0,0,0,0,120.0,100.0,1.25,82.2191,72.1136
148,1,0,0,0,0,0,0,120.0,100.0,1.5,84.6498,62.5793
149,1,0,0,0,0,0,0,120.0,100.0,1.75,86.5346,54.0527
150,1,0,0,0,0,0,0,120.0,100.0,2.0,87.7897,46.2593
151,1,0,0,0,0,0,0,120.0,100.0,2.25,88.8627,39.4665
152,1,0,0,0,0,0,0,120.0,100.0,2.51,89.9116,33.566
153,1,0,0,0,0,0,0,120.0,110.0,0.489,74.5421,108.373
154,1,0,0,0,0,0,0,120.0,110.0,0.75,77.3873,97.9373
155,1,0,0,0,0,0,0,120.0,110.0,1.0,79.5366,86.9137
156,1,0,0,0,0,0,0,120.0,110.0,1.25,81.5364,75.85
157,1,0,0,0,0,0,0,120.0,110.0,1.5,83.515,65.6138
158,1,0,0,0,0,0,0,120.0,110.0,1.75,85.1562,56.3599
159,1,0,0,0,0,0,0,120.0,110.0,2.0,86.3058,47.9834
160,1,0,0,0,0,0,0,120.0,110.0,2.25,87.3981,40.45
161,1,0,0,0,0,0,0,120.0,110.0,2.51,88.2649,33.6052
162,1,0,0,0,0,0,0,180.0,30.0,0.489,18.6922,22.8663
163,1,0,0,0,0,0,0,180.0,30.0,0.75,21.6129,19.0732
164,1,0,0,0,0,0,0,180.0,30.0,1.0,24.2729,16.2787
165,1,0,0,0,0,0,0,180.0,30.0,1.25,26.7586,14.4175
166,1,0,0,0,0,0,0,180.0,30.0,1.5,29.3555,13.2304
167,1,0,0,0,0,0,0,180.0,30.0,1.75,31.8456,12.4726
168,1,0,0,0,0,0,0,180.0,30.0,2.0,34.3859,12.2932
169,1,0,0,0,0,0,0,180.0,30.0,2.25,36.9964,12.4612
170,1,0,0,0,0,0,0,180.0,30.0,2.51,40.0143,13.1393
171,1,0,0,0,0,0,0,180.0,40.0,0.489,28.8885,33.7792
172,1,0,0,0,0,0,0,180.0,40.0,0.75,32.376,29.2671
173,1,0,0,0,0,0,0,180.0,40.0,1.0,35.5916,25.9473
174,1,0,0,0,0,0,0,180.0,40.0,1.25,38.6432,23.5365
175,1,0,0,0,0,0,0,180.0,40.0,1.5,41.6363,21.7389
176,1,0,0,0,0,0,0,180.0,40.0,1.75,44.5739,20.6722
177,1,0,0,0,0,0,0,180.0,40.0,2.0,47.2529,19.91
178,1,0,0,0,0,0,0,180.0,40.0,2.25,49.9331,19.5574
179,1,0,0,0,0,0,0,180.0,40.0,2.51,53.0763,19.7257
180,1,0,0,0,0,0,0,180.0,50.0,0.489,38.103,45.1955
181,1,0,0,0,0,0,0,180.0,50.0,0.75,42.1918,39.9225
182,1,0,0,0,0,0,0,180.0,50.0,1.0,46.0624,35.918
183,1,0,0,0,0,0,0,180.0,50.0,1.25,49.8389,32.8178
184,1,0,0,0,0,0,0,180.0,50.0,1.5,53.565,30.543
185,1,0,0,0,0,0,0,180.0,50.0,1.75,56.8802,28.7764
186,1,0,0,0,0,0,0,180.0,50.0,2.0,59.8932,27.4697
187,1,0,0,0,0,0,0,180.0,50.0,2.25,62.8161,26.1267
188,1,0,0,0,0,0,0,180.0,50.0,2.51,65.3444,25.3012
189,1,0,0,0,0,0,0,180.0,60.0,0.489,46.9169,57.3717
190,1,0,0,0,0,0,0,180.0,60.0,0.75,51.4141,51.3764
191,1,0,0,0,0,0,0,180.0,60.0,1.0,55.8346,46.4208
192,1,0,0,0,0,0,0,180.0,60.0,1.25,60.2436,42.4235
193,1,0,0,0,0,0,0,180.0,60.0,1.5,64.3142,39.1836
194,1,0,0,0,0,0,0,180.0,60.0,1.75,68.1832,36.6574
195,1,0,0,0,0,0,0,180.0,60.0,2.0,71.5193,33.9718
196,1,0,0,0,0,0,0,180.0,60.0,2.25,74.1685,31.7237
197,1,0,0,0,0,0,0,180.0,60.0,2.51,76.1954,29.8621
198,1,0,0,0,0,0,0,180.0,70.0,0.489,55.2889,70.0965
199,1,0,0,0,0,0,0,180.0,70.0,0.75,60.0035,63.3077
200,1,0,0,0,0,0,0,180.0,70.0,1.0,64.7539,57.2912
201,1,0,0,0,0,0,0,180.0,70.0,1.25,69.5734,52.0751
202,1,0,0,0,0,0,0,180.0,70.0,1.5,73.8695,47.4028
203,1,0,0,0,0,0,0,180.0,70.0,1.75,77.6086,43.1558
204,1,0,0,0,0,0,0,180.0,70.0,2.0,80.6666,39.2571
205,1,0,0,0,0,0,0,180.0,70.0,2.25,83.1779,35.9582
206,1,0,0,0,0,0,0,180.0,70.0,2.51,84.7708,32.8391
207,1,0,0,0,0,0,0,180.0,80.0,0.489,62.6862,82.3828
208,1,0,0,0,0,0,0,180.0,80.0,0.75,67.6476,75.0542
209,1,0,0,0,0,0,0,180.0,80.0,1.0,72.4196,67.9966
210,1,0,0,0,0,0,0,180.0,80.0,1.25,77.0411,60.91
211,1,0,0,0,0,0,0,180.0,80.0,1.5,80.9431,54.3506
212,1,0,0,0,0,0,0,180.0,80.0,1.75,84.1982,48.3378
213,1,0,0,0,0,0,0,180.0,80.0,2.0,86.8045,42.894
214,1,0,0,0,0,0,0,180.0,80.0,2.25,88.5988,38.0613
215,1,0,0,0,0,0,0,180.0,80.0,2.51,89.998,34.0743
216,1,0,0,0,0,0,0,180.0,90.0,0.489,69.0541,94.0663
217,1,0,0,0,0,0,0,180.0,90.0,0.75,73.6953,85.8473
218,1,0,0,0,0,0,0,180.0,90.0,1.0,77.9011,77.3499
219,1,0,0,0,0,0,0,180.0,90.0,1.25,81.8326,68.7029
220,1,0,0,0,0,0,0,180.0,90.0,1.5,85.3809,60.2721
221,1,0,0,0,0,0,0,180.0,90.0,1.75,87.8619,52.2628
222,1,0,0,0,0,0,0,180.0,90.0,2.0,89.7543,45.024
223,1,0,0,0,0,0,0,180.0,90.0,2.25,91.1124,39.0902
224,1,0,0,0,0,0,0,180.0,90.0,2.51,92.2271,34.0742
225,1,0,0,0,0,0,0,180.0,100.0,0.489,73.7374,103.784
226,1,0,0,0,0,0,0,180.0,100.0,0.75,77.8731,94.5371
227,1,0,0,0,0,0,0,180.0,100.0,1.0,81.126,84.7735
228,1,0,0,0,0,0,0,180.0,100.0,1.25,83.856,74.508
229,1,0,0,0,0,0,0,180.0,100.0,1.5,86.4111,64.3325
230,1,0,0,0,0,0,0,180.0,100.0,1.75,88.6624,55.1353
231,1,0,0,0,0,0,0,180.0,100.0,2.0,90.0584,47.0231
232,1,0,0,0,0,0,0,180.0,100.0,2.25,91.1521,39.7638
233,1,0,0,0,0,0,0,180.0,100.0,2.51,91.9607,33.7049
234,1,0,0,0,0,0,0,180.0,110.0,0.489,75.6702,110.418
235,1,0,0,0,0,0,0,180.0,110.0,0.75,78.5683,99.977
236,1,0,0,0,0,0,0,180.0,110.0,1.0,80.7692,89.0664
237,1,0,0,0,0,0,0,180.0,110.0,1.25,82.6977,77.6168
238,1,0,0,0,0,0,0,180.0,110.0,1.5,84.6138,66.839
239,1,0,0,0,0,0,0,180.0,110.0,1.75,86.6102,57.392
240,1,0,0,0,0,0,0,180.0,110.0,2.0,87.9671,48.4827
241,1,0,0,0,0,0,0,180.0,110.0,2.25,89.0494,40.5956
242,1,0,0,0,0,0,0,180.0,110.0,2.51,89.6021,33.1854
243,1,0,0,0,0,0,0,240.0,30.0,0.489,18.9316,22.8721
244,1,0,0,0,0,0,0,240.0,30.0,0.75,21.7783,19.0569
245,1,0,0,0,0,0,0,240.0,30.0,1.0,24.3998,16.2305
246,1,0,0,0,0,0,0,240.0,30.0,1.25,26.9854,14.4079
247,1,0,0,0,0,0,0,240.0,30.0,1.5,29.5459,13.2519
248,1,0,0,0,0,0,0,240.0,30.0,1.75,32.1314,12.7812
249,1,0,0,0,0,0,0,240.0,30.0,2.0,34.7459,12.812
250,1,0,0,0,0,0,0,240.0,30.0,2.25,37.4893,13.2087
251,1,0,0,0,0,0,0,240.0,30.0,2.51,40.71,13.9475
252,1,0,0,0,0,0,0,240.0,40.0,0.489,29.3103,34.0974
253,1,0,0,0,0,0,0,240.0,40.0,0.75,32.8675,29.5159
254,1,0,0,0,0,0,0,240.0,40.0,1.0,36.0819,26.108
255,1,0,0,0,0,0,0,240.0,40.0,1.25,39.0038,23.506
256,1,0,0,0,0,0,0,240.0,40.0,1.5,42.0612,22.023
257,1,0,0,0,0,0,0,240.0,40.0,1.75,45.0634,21.033
258,1,0,0,0,0,0,0,240.0,40.0,2.0,47.9003,20.5931
259,1,0,0,0,0,0,0,240.0,40.0,2.25,50.7117,20.4587
260,1,0,0,0,0,0,0,240.0,40.0,2.51,53.8524,20.6387
261,1,0,0,0,0,0,0,240.0,50.0,0.489,38.9282,46.1149
262,1,0,0,0,0,0,0,240.0,50.0,0.75,43.1194,40.7177
263,1,0,0,0,0,0,0,240.0,50.0,1.0,46.9563,36.4953
264,1,0,0,0,0,0,0,240.0,50.0,1.25,50.6336,33.33
265,1,0,0,0,0,0,0,240.0,50.0,1.5,54.1954,30.9143
266,1,0,0,0,0,0,0,240.0,50.0,1.75,57.7245,29.3721
267,1,0,0,0,0,0,0,240.0,50.0,2.0,60.8651,28.1736
268,1,0,0,0,0,0,0,240.0,50.0,2.25,63.7684,27.0267
269,1,0,0,0,0,0,0,240.0,50.0,2.51,66.4025,26.1301
270,1,0,0,0,0,0,0,240.0,60.0,0.489,47.9587,58.627
271,1,0,0,0,0,0,0,240.0,60.0,0.75,52.4675,52.6109
272,1,0,0,0,0,0,0,240.0,60.0,1.0,56.9633,47.4401
273,1,0,0,0,0,0,0,240.0,60.0,1.25,61.4388,43.1851
274,1,0,0,0,0,0,0,240.0,60.0,1.5,65.789,40.0079
275,1,0,0,0,0,0,0,240.0,60.0,1.75,69.7067,37.4449
276,1,0,0,0,0,0,0,240.0,60.0,2.0,73.008,34.8522
277,1,0,0,0,0,0,0,240.0,60.0,2.25,75.5667,32.5611
278,1,0,0,0,0,0,0,240.0,60.0,2.51,77.6121,30.6007
279,1,0,0,0,0,0,0,240.0,70.0,0.489,56.423,71.5626
280,1,0,0,0,0,0,0,240.0,70.0,0.75,61.2241,64.9363
281,1,0,0,0,0,0,0,240.0,70.0,1.0,66.2389,58.9648
282,1,0,0,0,0,0,0,240.0,70.0,1.25,71.3107,53.4912
283,1,0,0,0,0,0,0,240.0,70.0,1.5,76.0703,48.7522
284,1,0,0,0,0,0,0,240.0,70.0,1.75,79.7488,44.43
285,1,0,0,0,0,0,0,240.0,70.0,2.0,82.6529,40.4149
286,1,0,0,0,0,0,0,240.0,70.0,2.25,85.1319,36.8899
287,1,0,0,0,0,0,0,240.0,70.0,2.51,86.4824,33.4503
288,1,0,0,0,0,0,0,240.0,80.0,0.489,63.7897,84.1312
289,1,0,0,0,0,0,0,240.0,80.0,0.75,68.797,76.8931
290,1,0,0,0,0,0,0,240.0,80.0,1.0,73.8134,69.9042
291,1,0,0,0,0,0,0,240.0,80.0,1.25,78.8226,62.8811
292,1,0,0,0,0,0,0,240.0,80.0,1.5,83.2813,56.3444
293,1,0,0,0,0,0,0,240.0,80.0,1.75,86.6502,49.9681
294,1,0,0,0,0,0,0,240.0,80.0,2.0,89.248,44.1391
295,1,0,0,0,0,0,0,240.0,80.0,2.25,91.0486,39.265
296,1,0,0,0,0,0,0,240.0,80.0,2.51,91.9796,34.6519
297,1,0,0,0,0,0,0,240.0,90.0,0.489,70.1204,95.9909
298,1,0,0,0,0,0,0,240.0,90.0,0.75,74.9762,87.9393
299,1,0,0,0,0,0,0,240.0,90.0,1.0,79.3536,79.6097
300,1,0,0,0,0,0,0,240.0,90.0,1.25,83.5969,70.9616
301,1,0,0,0,0,0,0,240.0,90.0,1.5,87.4176,62.4138
302,1,0,0,0,0,0,0,240.0,90.0,1.75,90.1402,53.9455
303,1,0,0,0,0,0,0,240.0,90.0,2.0,92.1317,46.3797
304,1,0,0,0,0,0,0,240.0,90.0,2.25,93.605,40.0007
305,1,0,0,0,0,0,0,240.0,90.0,2.51,94.5657,34.763
306,1,0,0,0,0,0,0,240.0,100.0,0.489,74.5303,105.518
307,1,0,0,0,0,0,0,240.0,100.0,0.75,78.8686,96.5546
308,1,0,0,0,0,0,0,240.0,100.0,1.0,82.3863,87.0453
309,1,0,0,0,0,0,0,240.0,100.0,1.25,85.2013,76.6739
310,1,0,0,0,0,0,0,240.0,100.0,1.5,87.7658,66.149
311,1,0,0,0,0,0,0,240.0,100.0,1.75,90.2447,56.5769
312,1,0,0,0,0,0,0,240.0,100.0,2.0,92.0516,47.9543
313,1,0,0,0,0,0,0,240.0,100.0,2.25,93.3031,40.5265
314,1,0,0,0,0,0,0,240.0,100.0,2.51,93.6516,33.8767
315,1,0,0,0,0,0,0,240.0,110.0,0.489,76.4261,112.08
316,1,0,0,0,0,0,0,240.0,110.0,0.75,79.4444,101.731
317,1,0,0,0,0,0,0,240.0,110.0,1.0,81.8068,90.9999
318,1,0,0,0,0,0,0,240.0,110.0,1.25,83.8401,79.6831
319,1,0,0,0,0,0,0,240.0,110.0,1.5,85.8762,68.6682
320,1,0,0,0,0,0,0,240.0,110.0,1.75,87.8165,58.5016
321,1,0,0,0,0,0,0,240.0,110.0,2.0,89.4869,49.1979
322,1,0,0,0,0,0,0,240.0,110.0,2.25,90.4453,40.8283
323,1,0,0,0,0,0,0,240.0,110.0,2.51,90.8029,33.1342
324,1,0,0,0,0,0,0,300.0,30.0,0.489,19.082,22.932
325,1,0,0,0,0,0,0,300.0,30.0,0.75,21.8186,19.1354
326,1,0,0,0,0,0,0,300.0,30.0,1.0,24.4304,16.4231
327,1,0,0,0,0,0,0,300.0,30.0,1.25,27.0653,14.514
328,1,0,0,0,0,0,0,300.0,30.0,1.5,29.7584,13.547
329,1,0,0,0,0,0,0,300.0,30.0,1.75,32.4188,13.1534
330,1,0,0,0,0,0,0,300.0,30.0,2.0,35.1949,13.4523
331,1,0,0,0,0,0,0,300.0,30.0,2.25,38.1446,13.9438
332,1,0,0,0,0,0,0,300.0,30.0,2.51,41.2116,14.5775
333,1,0,0,0,0,0,0,300.0,40.0,0.489,29.6193,34.532
334,1,0,0,0,0,0,0,300.0,40.0,0.75,33.1633,29.7987
335,1,0,0,0,0,0,0,300.0,40.0,1.0,36.3963,26.3607
336,1,0,0,0,0,0,0,300.0,40.0,1.25,39.4101,23.8477
337,1,0,0,0,0,0,0,300.0,40.0,1.5,42.4788,22.3372
338,1,0,0,0,0,0,0,300.0,40.0,1.75,45.4301,21.4927
339,1,0,0,0,0,0,0,300.0,40.0,2.0,48.3502,21.1757
340,1,0,0,0,0,0,0,300.0,40.0,2.25,51.3617,21.2562
341,1,0,0,0,0,0,0,300.0,40.0,2.51,54.382,21.2454
342,1,0,0,0,0,0,0,300.0,50.0,0.489,39.5489,47.0061
343,1,0,0,0,0,0,0,300.0,50.0,0.75,43.6597,41.5024
344,1,0,0,0,0,0,0,300.0,50.0,1.0,47.7125,37.1542
345,1,0,0,0,0,0,0,300.0,50.0,1.25,51.3852,33.7737
346,1,0,0,0,0,0,0,300.0,50.0,1.5,54.8279,31.4425
347,1,0,0,0,0,0,0,300.0,50.0,1.75,58.3062,29.9478
348,1,0,0,0,0,0,0,300.0,50.0,2.0,61.5428,28.8656
349,1,0,0,0,0,0,0,300.0,50.0,2.25,64.3501,27.7893
350,1,0,0,0,0,0,0,300.0,50.0,2.51,67.0629,26.803
351,1,0,0,0,0,0,0,300.0,60.0,0.489,49.1375,60.0258
352,1,0,0,0,0,0,0,300.0,60.0,0.75,53.6065,53.994
353,1,0,0,0,0,0,0,300.0,60.0,1.0,58.0705,48.76
354,1,0,0,0,0,0,0,300.0,60.0,1.25,62.607,44.2786
355,1,0,0,0,0,0,0,300.0,60.0,1.5,66.7975,40.7216
356,1,0,0,0,0,0,0,300.0,60.0,1.75,70.6489,38.1153
357,1,0,0,0,0,0,0,300.0,60.0,2.0,73.8162,35.7369
358,1,0,0,0,0,0,0,300.0,60.0,2.25,76.516,33.4736
359,1,0,0,0,0,0,0,300.0,60.0,2.51,78.4616,31.0612
360,1,0,0,0,0,0,0,300.0,70.0,0.489,57.5096,73.05
361,1,0,0,0,0,0,0,300.0,70.0,0.75,62.4509,66.5496
362,1,0,0,0,0,0,0,300.0,70.0,1.0,67.4079,60.5529
363,1,0,0,0,0,0,0,300.0,70.0,1.25,72.7435,55.0233
364,1,0,0,0,0,0,0,300.0,70.0,1.5,77.5005,50.1275
365,1,0,0,0,0,0,0,300.0,70.0,1.75,81.2411,45.618
366,1,0,0,0,0,0,0,300.0,70.0,2.0,84.061,41.3253
367,1,0,0,0,0,0,0,300.0,70.0,2.25,86.3937,37.771
368,1,0,0,0,0,0,0,300.0,70.0,2.51,87.6293,34.0814
369,1,0,0,0,0,0,0,300.0,80.0,0.489,64.8988,85.8094
370,1,0,0,0,0,0,0,300.0,80.0,0.75,69.9013,78.75
371,1,0,0,0,0,0,0,300.0,80.0,1.0,75.1049,71.8469
372,1,0,0,0,0,0,0,300.0,80.0,1.25,80.3343,65.0589
373,1,0,0,0,0,0,0,300.0,80.0,1.5,85.0593,58.3613
374,1,0,0,0,0,0,0,300.0,80.0,1.75,88.6794,51.8577
375,1,0,0,0,0,0,0,300.0,80.0,2.0,91.3132,45.7589
376,1,0,0,0,0,0,0,300.0,80.0,2.25,92.7651,40.2196
377,1,0,0,0,0,0,0,300.0,80.0,2.51,93.2762,35.1952
378,1,0,0,0,0,0,0,300.0,90.0,0.489,70.9701,97.5134
379,1,0,0,0,0,0,0,300.0,90.0,0.75,76.0574,89.6954
380,1,0,0,0,0,0,0,300.0,90.0,1.0,80.7401,81.725
381,1,0,0,0,0,0,0,300.0,90.0,1.25,85.1424,73.2003
382,1,0,0,0,0,0,0,300.0,90.0,1.5,88.9961,64.5368
383,1,0,0,0,0,0,0,300.0,90.0,1.75,91.9941,55.9016
384,1,0,0,0,0,0,0,300.0,90.0,2.0,93.9321,47.8743
385,1,0,0,0,0,0,0,300.0,90.0,2.25,95.4683,41.1266
386,1,0,0,0,0,0,0,300.0,90.0,2.51,95.92,35.1747
387,1,0,0,0,0,0,0,300.0,100.0,0.489,75.122,106.816
388,1,0,0,0,0,0,0,300.0,100.0,0.75,79.6626,98.0791
389,1,0,0,0,0,0,0,300.0,100.0,1.0,83.3394,88.7362
390,1,0,0,0,0,0,0,300.0,100.0,1.25,86.3323,78.5726
391,1,0,0,0,0,0,0,300.0,100.0,1.5,89.0676,68.1157
392,1,0,0,0,0,0,0,300.0,100.0,1.75,91.5134,58.1059
393,1,0,0,0,0,0,0,300.0,100.0,2.0,93.6316,49.2048
394,1,0,0,0,0,0,0,300.0,100.0,2.25,94.6811,41.3027
395,1,0,0,0,0,0,0,300.0,100.0,2.51,94.7379,34.2015
396,1,0,0,0,0,0,0,300.0,110.0,0.489,76.9274,113.398
397,1,0,0,0,0,0,0,300.0,110.0,0.75,80.0812,103.039
398,1,0,0,0,0,0,0,300.0,110.0,1.0,82.5791,92.5638
399,1,0,0,0,0,0,0,300.0,110.0,1.25,84.9039,81.6702
400,1,0,0,0,0,0,0,300.0,110.0,1.5,87.0229,70.5035
401,1,0,0,0,0,0,0,300.0,110.0,1.75,88.8363,59.7303
402,1,0,0,0,0,0,0,300.0,110.0,2.0,90.6259,49.9242
403,1,0,0,0,0,0,0,300.0,110.0,2.25,91.5779,41.2989
404,1,0,0,0,0,0,0,300.0,110.0,2.51,91.8812,33.4669
405,1,0,0,0,0,0,0,360.0,30.0,0.489,19.0263,23.2319
406,1,0,0,0,0,0,0,360.0,30.0,0.75,21.7647,19.3937
407,1,0,0,0,0,0,0,360.0,30.0,1.0,24.6179,16.7008
408,1,0,0,0,0,0,0,360.0,30.0,1.25,27.3059,14.9491
409,1,0,0,0,0,0,0,360.0,30.0,1.5,29.9422,13.9921
410,1,0,0,0,0,0,0,360.0,30.0,1.75,32.7204,13.7071
411,1,0,0,0,0,0,0,360.0,30.0,2.0,35.6746,14.131
412,1,0,0,0,0,0,0,360.0,30.0,2.25,38.6064,14.5309
413,1,0,0,0,0,0,0,360.0,30.0,2.51,41.6732,15.0576
414,1,0,0,0,0,0,0,360.0,40.0,0.489,29.8482,35.0663
415,1,0,0,0,0,0,0,360.0,40.0,0.75,33.2874,30.2871
416,1,0,0,0,0,0,0,360.0,40.0,1.0,36.509,26.7114
417,1,0,0,0,0,0,0,360.0,40.0,1.25,39.78,24.2944
418,1,0,0,0,0,0,0,360.0,40.0,1.5,42.7785,22.8457
419,1,0,0,0,0,0,0,360.0,40.0,1.75,45.6149,22.0285
420,1,0,0,0,0,0,0,360.0,40.0,2.0,48.7602,21.8602
421,1,0,0,0,0,0,0,360.0,40.0,2.25,51.7969,21.7925
422,1,0,0,0,0,0,0,360.0,40.0,2.51,54.7575,21.6334
423,1,0,0,0,0,0,0,360.0,50.0,0.489,40.2717,48.0051
424,1,0,0,0,0,0,0,360.0,50.0,0.75,44.1203,42.3591
425,1,0,0,0,0,0,0,360.0,50.0,1.0,48.1634,37.8165
426,1,0,0,0,0,0,0,360.0,50.0,1.25,51.8754,34.3285
427,1,0,0,0,0,0,0,360.0,50.0,1.5,55.2766,32.0727
428,1,0,0,0,0,0,0,360.0,50.0,1.75,58.7037,30.6094
429,1,0,0,0,0,0,0,360.0,50.0,2.0,61.8216,29.4894
430,1,0,0,0,0,0,0,360.0,50.0,2.25,64.6978,28.4115
431,1,0,0,0,0,0,0,360.0,50.0,2.51,67.4147,27.2474
432,1,0,0,0,0,0,0,360.0,60.0,0.489,49.9838,61.2544
433,1,0,0,0,0,0,0,360.0,60.0,0.75,54.5599,55.2996
434,1,0,0,0,0,0,0,360.0,60.0,1.0,58.8975,49.9788
435,1,0,0,0,0,0,0,360.0,60.0,1.25,63.1983,45.3575
436,1,0,0,0,0,0,0,360.0,60.0,1.5,67.4468,41.6136
437,1,0,0,0,0,0,0,360.0,60.0,1.75,71.1173,38.8179
438,1,0,0,0,0,0,0,360.0,60.0,2.0,74.1745,36.5229
439,1,0,0,0,0,0,0,360.0,60.0,2.25,76.6502,34.0233
440,1,0,0,0,0,0,0,360.0,60.0,2.51,78.8109,31.5005
441,1,0,0,0,0,0,0,360.0,70.0,0.489,58.5261,74.5705
442,1,0,0,0,0,0,0,360.0,70.0,0.75,63.5331,68.1958
443,1,0,0,0,0,0,0,360.0,70.0,1.0,68.3718,62.3224
444,1,0,0,0,0,0,0,360.0,70.0,1.25,73.4741,56.5986
445,1,0,0,0,0,0,0,360.0,70.0,1.5,78.1273,51.4713
446,1,0,0,0,0,0,0,360.0,70.0,1.75,82.0679,46.8559
447,1,0,0,0,0,0,0,360.0,70.0,2.0,84.8252,42.3801
448,1,0,0,0,0,0,0,360.0,70.0,2.25,87.0555,38.6151
449,1,0,0,0,0,0,0,360.0,70.0,2.51,88.232,34.6723
450,1,0,0,0,0,0,0,360.0,80.0,0.489,65.9283,87.3864
451,1,0,0,0,0,0,0,360.0,80.0,0.75,71.1539,80.5861
452,1,0,0,0,0,0,0,360.0,80.0,1.0,76.3392,73.9005
453,1,0,0,0,0,0,0,360.0,80.0,1.25,81.429,67.0666
454,1,0,0,0,0,0,0,360.0,80.0,1.5,86.1447,60.2312
455,1,0,0,0,0,0,0,360.0,80.0,1.75,90.0611,53.7098
456,1,0,0,0,0,0,0,360.0,80.0,2.0,92.4811,47.202
457,1,0,0,0,0,0,0,360.0,80.0,2.25,93.7107,41.1491
458,1,0,0,0,0,0,0,360.0,80.0,2.51,93.8151,35.6898
459,1,0,0,0,0,0,0,360.0,90.0,0.489,71.8164,98.8223
460,1,0,0,0,0,0,0,360.0,90.0,0.75,76.9676,91.1338
461,1,0,0,0,0,0,0,360.0,90.0,1.0,81.6828,83.3459
462,1,0,0,0,0,0,0,360.0,90.0,1.25,86.2479,75.2156
463,1,0,0,0,0,0,0,360.0,90.0,1.5,90.1684,66.484
464,1,0,0,0,0,0,0,360.0,90.0,1.75,93.2385,57.7051
465,1,0,0,0,0,0,0,360.0,90.0,2.0,95.1329,49.431
466,1,0,0,0,0,0,0,360.0,90.0,2.25,96.3148,42.1625
467,1,0,0,0,0,0,0,360.0,90.0,2.51,96.445,35.496
468,1,0,0,0,0,0,0,360.0,100.0,0.489,75.6275,107.886
469,1,0,0,0,0,0,0,360.0,100.0,0.75,80.3495,99.2102
470,1,0,0,0,0,0,0,360.0,100.0,1.0,83.9581,90.0258
471,1,0,0,0,0,0,0,360.0,100.0,1.25,87.2132,80.1854
472,1,0,0,0,0,0,0,360.0,100.0,1.5,90.1924,70.0667
473,1,0,0,0,0,0,0,360.0,100.0,1.75,92.5886,59.7974
474,1,0,0,0,0,0,0,360.0,100.0,2.0,94.5243,50.3549
475,1,0,0,0,0,0,0,360.0,100.0,2.25,95.483,42.1382
476,1,0,0,0,0,0,0,360.0,100.0,2.51,95.3908,34.7076
477,1,0,0,0,0,0,0,360.0,110.0,0.489,77.3645,114.427
478,1,0,0,0,0,0,0,360.0,110.0,0.75,80.5703,104.173
479,1,0,0,0,0,0,0,360.0,110.0,1.0,83.3316,93.8913
480,1,0,0,0,0,0,0,360.0,110.0,1.25,85.6777,83.1325
481,1,0,0,0,0,0,0,360.0,110.0,1.5,87.8185,71.9548
482,1,0,0,0,0,0,0,360.0,110.0,1.75,89.7937,61.0593
483,1,0,0,0,0,0,0,360.0,110.0,2.0,91.3887,50.8654
484,1,0,0,0,0,0,0,360.0,110.0,2.25,92.2494,41.7487
485,1,0,0,0,0,0,0,360.0,110.0,2.51,92.5175,33.9462
486,1,0,0,0,0,0,0,420.0,30.0,0.489,18.8589,23.7628
487,1,0,0,0,0,0,0,420.0,30.0,0.75,21.7974,19.7952
488,1,0,0,0,0,0,0,420.0,30.0,1.0,24.6292,17.1851
489,1,0,0,0,0,0,0,420.0,30.0,1.25,27.4368,15.5472
490,1,0,0,0,0,0,0,420.0,30.0,1.5,30.1759,14.6473
491,1,0,0,0,0,0,0,420.0,30.0,1.75,32.9935,14.4178
492,1,0,0,0,0,0,0,420.0,30.0,2.0,35.8812,14.6646
493,1,0,0,0,0,0,0,420.0,30.0,2.25,38.838,14.9136
494,1,0,0,0,0,0,0,420.0,30.0,2.51,41.8843,15.2598
495,1,0,0,0,0,0,0,420.0,40.0,0.489,30.0302,35.7974
496,1,0,0,0,0,0,0,420.0,40.0,0.75,33.3069,30.8481
497,1,0,0,0,0,0,0,420.0,40.0,1.0,36.6904,27.3863
498,1,0,0,0,0,0,0,420.0,40.0,1.25,39.9637,24.963
499,1,0,0,0,0,0,0,420.0,40.0,1.5,43.0143,23.5988
500,1,0,0,0,0,0,0,420.0,40.0,1.75,45.8564,22.8027
501,1,0,0,0,0,0,0,420.0,40.0,2.0,48.9288,22.4547
502,1,0,0,0,0,0,0,420.0,40.0,2.25,51.9431,22.1738
503,1,0,0,0,0,0,0,420.0,40.0,2.51,54.891,21.8845
504,1,0,0,0,0,0,0,420.0,50.0,0.489,40.7251,48.8479
505,1,0,0,0,0,0,0,420.0,50.0,0.75,44.6054,43.2323
506,1,0,0,0,0,0,0,420.0,50.0,1.0,48.4308,38.7613
507,1,0,0,0,0,0,0,420.0,50.0,1.25,52.1938,35.2988
508,1,0,0,0,0,0,0,420.0,50.0,1.5,55.6401,33.0379
509,1,0,0,0,0,0,0,420.0,50.0,1.75,58.7988,31.4224
510,1,0,0,0,0,0,0,420.0,50.0,2.0,61.8761,30.0563
511,1,0,0,0,0,0,0,420.0,50.0,2.25,64.6468,28.8133
512,1,0,0,0,0,0,0,420.0,50.0,2.51,67.3587,27.4915
513,1,0,0,0,0,0,0,420.0,60.0,0.489,50.6079,62.4425
514,1,0,0,0,0,0,0,420.0,60.0,0.75,55.0916,56.4372
515,1,0,0,0,0,0,0,420.0,60.0,1.0,59.3898,51.1611
516,1,0,0,0,0,0,0,420.0,60.0,1.25,63.5472,46.5069
517,1,0,0,0,0,0,0,420.0,60.0,1.5,67.7209,42.9095
518,1,0,0,0,0,0,0,420.0,60.0,1.75,71.2497,39.9146
519,1,0,0,0,0,0,0,420.0,60.0,2.0,74.0434,37.0934
520,1,0,0,0,0,0,0,420.0,60.0,2.25,76.4844,34.4427
521,1,0,0,0,0,0,0,420.0,60.0,2.51,78.8426,31.9921
522,1,0,0,0,0,0,0,420.0,70.0,0.489,59.4116,75.9919
523,1,0,0,0,0,0,0,420.0,70.0,0.75,64.4633,69.7625
524,1,0,0,0,0,0,0,420.0,70.0,1.0,69.1738,64.0034
525,1,0,0,0,0,0,0,420.0,70.0,1.25,73.7327,58.0367
526,1,0,0,0,0,0,0,420.0,70.0,1.5,78.224,52.6536
527,1,0,0,0,0,0,0,420.0,70.0,1.75,82.2059,47.9583
528,1,0,0,0,0,0,0,420.0,70.0,2.0,84.9528,43.3904
529,1,0,0,0,0,0,0,420.0,70.0,2.25,87.1605,39.2211
530,1,0,0,0,0,0,0,420.0,70.0,2.51,88.1617,35.021
531,1,0,0,0,0,0,0,420.0,80.0,0.489,66.786,88.8229
532,1,0,0,0,0,0,0,420.0,80.0,0.75,72.0509,82.1871
533,1,0,0,0,0,0,0,420.0,80.0,1.0,77.1533,75.6987
534,1,0,0,0,0,0,0,420.0,80.0,1.25,82.0684,68.8391
535,1,0,0,0,0,0,0,420.0,80.0,1.5,86.5398,61.7436
536,1,0,0,0,0,0,0,420.0,80.0,1.75,90.4054,55.0768
537,1,0,0,0,0,0,0,420.0,80.0,2.0,92.6911,48.2591
538,1,0,0,0,0,0,0,420.0,80.0,2.25,93.6345,41.8959
539,1,0,0,0,0,0,0,420.0,80.0,2.51,93.7148,36.0544
540,1,0,0,0,0,0,0,420.0,90.0,0.489,72.3462,99.9131
541,1,0,0,0,0,0,0,420.0,90.0,0.75,77.5058,92.4737
542,1,0,0,0,0,0,0,420.0,90.0,1.0,82.3654,84.916
543,1,0,0,0,0,0,0,420.0,90.0,1.25,86.9921,76.8895
544,1,0,0,0,0,0,0,420.0,90.0,1.5,90.849,68.0694
545,1,0,0,0,0,0,0,420.0,90.0,1.75,93.5477,58.9451
546,1,0,0,0,0,0,0,420.0,90.0,2.0,95.311,50.5654
547,1,0,0,0,0,0,0,420.0,90.0,2.25,96.1194,42.8366
548,1,0,0,0,0,0,0,420.0,90.0,2.51,96.1905,35.9603
549,1,0,0,0,0,0,0,420.0,100.0,0.489,76.0886,108.804
550,1,0,0,0,0,0,0,420.0,100.0,0.75,80.6334,100.125
551,1,0,0,0,0,0,0,420.0,100.0,1.0,84.4723,91.1922
552,1,0,0,0,0,0,0,420.0,100.0,1.25,87.9535,81.644
553,1,0,0,0,0,0,0,420.0,100.0,1.5,90.8424,71.5871
554,1,0,0,0,0,0,0,420.0,100.0,1.75,93.0522,61.1618
555,1,0,0,0,0,0,0,420.0,100.0,2.0,94.6408,51.3897
556,1,0,0,0,0,0,0,420.0,100.0,2.25,95.3434,42.9834
557,1,0,0,0,0,0,0,420.0,100.0,2.51,95.6404,35.3602
558,1,0,0,0,0,0,0,420.0,110.0,0.489,77.5814,115.182
559,1,0,0,0,0,0,0,420.0,110.0,0.75,80.8833,105.083
560,1,0,0,0,0,0,0,420.0,110.0,1.0,83.7008,94.9236
561,1,0,0,0,0,0,0,420.0,110.0,1.25,86.1581,84.2038
562,1,0,0,0,0,0,0,420.0,110.0,1.5,88.3814,73.183
563,1,0,0,0,0,0,0,420.0,110.0,1.75,90.4413,62.351
564,1,0,0,0,0,0,0,420.0,110.0,2.0,91.6815,51.835
565,1,0,0,0,0,0,0,420.0,110.0,2.25,92.5816,42.5077
566,1,0,0,0,0,0,0,420.0,110.0,2.51,92.8387,34.5249
567,1,0,0,0,0,0,0,480.0,30.0,0.489,18.9217,24.5528
568,1,0,0,0,0,0,0,480.0,30.0,0.75,21.8793,20.6194
569,1,0,0,0,0,0,0,480.0,30.0,1.0,24.7774,18.0402
570,1,0,0,0,0,0,0,480.0,30.0,1.25,27.7256,16.537
571,1,0,0,0,0,0,0,480.0,30.0,1.5,30.4735,15.6296
572,1,0,0,0,0,0,0,480.0,30.0,1.75,33.273,15.3161
573,1,0,0,0,0,0,0,480.0,30.0,2.0,35.9913,15.2675
574,1,0,0,0,0,0,0,480.0,30.0,2.25,38.9166,15.2255
575,1,0,0,0,0,0,0,480.0,30.0,2.51,42.0455,15.4209
576,1,0,0,0,0,0,0,480.0,40.0,0.489,30.2538,36.6923
577,1,0,0,0,0,0,0,480.0,40.0,0.75,33.432,31.7698
578,1,0,0,0,0,0,0,480.0,40.0,1.0,36.8407,28.4024
579,1,0,0,0,0,0,0,480.0,40.0,1.25,40.1408,26.0988
580,1,0,0,0,0,0,0,480.0,40.0,1.5,43.2381,24.7473
581,1,0,0,0,0,0,0,480.0,40.0,1.75,46.0275,23.74
582,1,0,0,0,0,0,0,480.0,40.0,2.0,49.0183,23.1214
583,1,0,0,0,0,0,0,480.0,40.0,2.25,51.9447,22.5196
584,1,0,0,0,0,0,0,480.0,40.0,2.51,54.9614,22.0846
585,1,0,0,0,0,0,0,480.0,50.0,0.489,40.9848,49.7231
586,1,0,0,0,0,0,0,480.0,50.0,0.75,44.8027,44.251
587,1,0,0,0,0,0,0,480.0,50.0,1.0,48.5261,39.8671
588,1,0,0,0,0,0,0,480.0,50.0,1.25,52.3852,36.6578
589,1,0,0,0,0,0,0,480.0,50.0,1.5,55.6956,34.3223
590,1,0,0,0,0,0,0,480.0,50.0,1.75,58.8282,32.3408
591,1,0,0,0,0,0,0,480.0,50.0,2.0,62.0045,30.7681
592,1,0,0,0,0,0,0,480.0,50.0,2.25,64.6226,29.2302
593,1,0,0,0,0,0,0,480.0,50.0,2.51,67.1559,27.6973
594,1,0,0,0,0,0,0,480.0,60.0,0.489,50.932,63.4528
595,1,0,0,0,0,0,0,480.0,60.0,0.75,55.3117,57.516
596,1,0,0,0,0,0,0,480.0,60.0,1.0,59.682,52.5033
597,1,0,0,0,0,0,0,480.0,60.0,1.25,63.7971,47.9325
598,1,0,0,0,0,0,0,480.0,60.0,1.5,67.7794,44.1853
599,1,0,0,0,0,0,0,480.0,60.0,1.75,71.3134,41.1813
600,1,0,0,0,0,0,0,480.0,60.0,2.0,73.8862,37.7928
601,1,0,0,0,0,0,0,480.0,60.0,2.25,76.2876,34.8993
602,1,0,0,0,0,0,0,480.0,60.0,2.51,78.4787,32.2466
603,1,0,0,0,0,0,0,480.0,70.0,0.489,59.7361,77.1035
604,1,0,0,0,0,0,0,480.0,70.0,0.75,65.0121,71.0267
605,1,0,0,0,0,0,0,480.0,70.0,1.0,69.5921,65.3836
606,1,0,0,0,0,0,0,480.0,70.0,1.25,73.9939,59.5385
607,1,0,0,0,0,0,0,480.0,70.0,1.5,78.1716,53.995
608,1,0,0,0,0,0,0,480.0,70.0,1.75,81.8353,48.9844
609,1,0,0,0,0,0,0,480.0,70.0,2.0,84.6665,44.3132
610,1,0,0,0,0,0,0,480.0,70.0,2.25,86.5655,39.7009
611,1,0,0,0,0,0,0,480.0,70.0,2.51,87.5401,35.1543
612,1,0,0,0,0,0,0,480.0,80.0,0.489,67.1294,89.8764
613,1,0,0,0,0,0,0,480.0,80.0,0.75,72.4748,83.378
614,1,0,0,0,0,0,0,480.0,80.0,1.0,77.5734,76.9582
615,1,0,0,0,0,0,0,480.0,80.0,1.25,81.965,69.9658
616,1,0,0,0,0,0,0,480.0,80.0,1.5,86.2483,62.85
617,1,0,0,0,0,0,0,480.0,80.0,1.75,89.8292,55.7996
618,1,0,0,0,0,0,0,480.0,80.0,2.0,91.8953,48.9624
619,1,0,0,0,0,0,0,480.0,80.0,2.25,92.9826,42.4717
620,1,0,0,0,0,0,0,480.0,80.0,2.51,93.2361,36.4425
621,1,0,0,0,0,0,0,480.0,90.0,0.489,72.6304,100.854
622,1,0,0,0,0,0,0,480.0,90.0,0.75,77.868,93.5963
623,1,0,0,0,0,0,0,480.0,90.0,1.0,82.7242,86.2559
624,1,0,0,0,0,0,0,480.0,90.0,1.25,87.0494,78.0176
625,1,0,0,0,0,0,0,480.0,90.0,1.5,90.724,69.0239
626,1,0,0,0,0,0,0,480.0,90.0,1.75,93.1819,59.8062
627,1,0,0,0,0,0,0,480.0,90.0,2.0,94.6505,51.1798
628,1,0,0,0,0,0,0,480.0,90.0,2.25,95.3076,43.4606
629,1,0,0,0,0,0,0,480.0,90.0,2.51,95.4145,36.4244
630,1,0,0,0,0,0,0,480.0,100.0,0.489,76.3462,109.591
631,1,0,0,0,0,0,0,480.0,100.0,0.75,80.8385,101.015
632,1,0,0,0,0,0,0,480.0,100.0,1.0,84.6548,92.1918
633,1,0,0,0,0,0,0,480.0,100.0,1.25,88.1326,82.5831
634,1,0,0,0,0,0,0,480.0,100.0,1.5,90.9173,72.4393
635,1,0,0,0,0,0,0,480.0,100.0,1.75,92.9562,62.0434
636,1,0,0,0,0,0,0,480.0,100.0,2.0,94.1914,52.3571
637,1,0,0,0,0,0,0,480.0,100.0,2.25,94.7521,43.7323
638,1,0,0,0,0,0,0,480.0,100.0,2.51,95.0929,35.9901
639,1,0,0,0,0,0,0,480.0,110.0,0.489,77.4526,115.594
640,1,0,0,0,0,0,0,480.0,110.0,0.75,80.8413,105.676
641,1,0,0,0,0,0,0,480.0,110.0,1.0,83.7339,95.5332
642,1,0,0,0,0,0,0,480.0,110.0,1.25,86.2098,84.815
643,1,0,0,0,0,0,0,480.0,110.0,1.5,88.511,74.0838
644,1,0,0,0,0,0,0,480.0,110.0,1.75,90.4716,63.3006
645,1,0,0,0,0,0,0,480.0,110.0,2.0,91.5937,52.7247
646,1,0,0,0,0,0,0,480.0,110.0,2.25,92.3534,43.5523
647,1,0,0,0,0,0,0,480.0,110.0,2.51,92.7871,35.1683
648,1,0,0,0,0,0,0,540.0,30.0,0.489,18.9883,25.5962
649,1,0,0,0,0,0,0,540.0,30.0,0.75,21.8616,21.7969
650,1,0,0,0,0,0,0,540.0,30.0,1.0,24.9324,19.3879
651,1,0,0,0,0,0,0,540.0,30.0,1.25,28.0435,17.8625
652,1,0,0,0,0,0,0,540.0,30.0,1.5,30.9227,17.0105
653,1,0,0,0,0,0,0,540.0,30.0,1.75,33.5714,16.4251
654,1,0,0,0,0,0,0,540.0,30.0,2.0,36.2283,16.1087
655,1,0,0,0,0,0,0,540.0,30.0,2.25,39.0503,15.709
656,1,0,0,0,0,0,0,540.0,30.0,2.51,42.2608,15.7098
657,1,0,0,0,0,0,0,540.0,40.0,0.489,30.3178,37.7209
658,1,0,0,0,0,0,0,540.0,40.0,0.75,33.491,33.0159
659,1,0,0,0,0,0,0,540.0,40.0,1.0,36.9115,29.8441
660,1,0,0,0,0,0,0,540.0,40.0,1.25,40.2934,27.5993
661,1,0,0,0,0,0,0,540.0,40.0,1.5,43.4372,26.1505
662,1,0,0,0,0,0,0,540.0,40.0,1.75,46.2247,24.9099
663,1,0,0,0,0,0,0,540.0,40.0,2.0,49.1391,23.9343
664,1,0,0,0,0,0,0,540.0,40.0,2.25,51.942,23.0225
665,1,0,0,0,0,0,0,540.0,40.0,2.51,54.9741,22.3696
666,1,0,0,0,0,0,0,540.0,50.0,0.489,40.9694,50.8146
667,1,0,0,0,0,0,0,540.0,50.0,0.75,44.8259,45.5473
668,1,0,0,0,0,0,0,540.0,50.0,1.0,48.6806,41.4146
669,1,0,0,0,0,0,0,540.0,50.0,1.25,52.4555,38.2207
670,1,0,0,0,0,0,0,540.0,50.0,1.5,55.7387,35.6953
671,1,0,0,0,0,0,0,540.0,50.0,1.75,58.9657,33.5653
672,1,0,0,0,0,0,0,540.0,50.0,2.0,61.8446,31.5624
673,1,0,0,0,0,0,0,540.0,50.0,2.25,64.5759,29.7713
674,1,0,0,0,0,0,0,540.0,50.0,2.51,66.9412,27.9341
675,1,0,0,0,0,0,0,540.0,60.0,0.489,50.9743,64.4346
676,1,0,0,0,0,0,0,540.0,60.0,0.75,55.4345,58.7089
677,1,0,0,0,0,0,0,540.0,60.0,1.0,59.7871,53.9358
678,1,0,0,0,0,0,0,540.0,60.0,1.25,63.8938,49.4984
679,1,0,0,0,0,0,0,540.0,60.0,1.5,67.8051,45.5092
680,1,0,0,0,0,0,0,540.0,60.0,1.75,71.1644,42.324
681,1,0,0,0,0,0,0,540.0,60.0,2.0,73.646,38.7188
682,1,0,0,0,0,0,0,540.0,60.0,2.25,75.8903,35.3349
683,1,0,0,0,0,0,0,540.0,60.0,2.51,77.8506,32.4419
684,1,0,0,0,0,0,0,540.0,70.0,0.489,59.7445,77.9073
685,1,0,0,0,0,0,0,540.0,70.0,0.75,64.8804,71.9255
686,1,0,0,0,0,0,0,540.0,70.0,1.0,69.6145,66.3686
687,1,0,0,0,0,0,0,540.0,70.0,1.25,73.9989,60.8147
688,1,0,0,0,0,0,0,540.0,70.0,1.5,77.8721,55.2174
689,1,0,0,0,0,0,0,540.0,70.0,1.75,81.2061,49.7732
690,1,0,0,0,0,0,0,540.0,70.0,2.0,83.8454,44.9267
691,1,0,0,0,0,0,0,540.0,70.0,2.25,85.5272,40.1226
692,1,0,0,0,0,0,0,540.0,70.0,2.51,86.5927,35.37
693,1,0,0,0,0,0,0,540.0,80.0,0.489,66.9644,90.494
694,1,0,0,0,0,0,0,540.0,80.0,0.75,72.4861,84.0419
695,1,0,0,0,0,0,0,540.0,80.0,1.0,77.3214,77.5902
696,1,0,0,0,0,0,0,540.0,80.0,1.25,81.5481,70.7773
697,1,0,0,0,0,0,0,540.0,80.0,1.5,85.4201,63.5082
698,1,0,0,0,0,0,0,540.0,80.0,1.75,88.4593,56.1783
699,1,0,0,0,0,0,0,540.0,80.0,2.0,90.5565,49.2538
700,1,0,0,0,0,0,0,540.0,80.0,2.25,91.887,43.0385
701,1,0,0,0,0,0,0,540.0,80.0,2.51,92.219,36.9093
702,1,0,0,0,0,0,0,540.0,90.0,0.489,72.6637,101.57
703,1,0,0,0,0,0,0,540.0,90.0,0.75,77.8755,94.3585
704,1,0,0,0,0,0,0,540.0,90.0,1.0,82.665,87.0545
705,1,0,0,0,0,0,0,540.0,90.0,1.25,86.5235,78.4289
706,1,0,0,0,0,0,0,540.0,90.0,1.5,89.8035,69.3678
707,1,0,0,0,0,0,0,540.0,90.0,1.75,92.0867,60.1389
708,1,0,0,0,0,0,0,540.0,90.0,2.0,93.4731,51.6381
709,1,0,0,0,0,0,0,540.0,90.0,2.25,94.0861,44.0261
710,1,0,0,0,0,0,0,540.0,90.0,2.51,94.2508,36.8664
711,1,0,0,0,0,0,0,540.0,100.0,0.489,76.3855,110.164
712,1,0,0,0,0,0,0,540.0,100.0,0.75,80.9153,101.828
713,1,0,0,0,0,0,0,540.0,100.0,1.0,84.3958,92.6329
714,1,0,0,0,0,0,0,540.0,100.0,1.25,87.6471,82.8499
715,1,0,0,0,0,0,0,540.0,100.0,1.5,90.3712,72.7283
716,1,0,0,0,0,0,0,540.0,100.0,1.75,92.3168,62.5843
717,1,0,0,0,0,0,0,540.0,100.0,2.0,93.2862,53.01
718,1,0,0,0,0,0,0,540.0,100.0,2.25,93.8377,44.4382
719,1,0,0,0,0,0,0,540.0,100.0,2.51,94.1083,36.5926
720,1,0,0,0,0,0,0,540.0,110.0,0.489,77.1352,115.769
721,1,0,0,0,0,0,0,540.0,110.0,0.75,80.5859,105.868
722,1,0,0,0,0,0,0,540.0,110.0,1.0,83.3328,95.6453
723,1,0,0,0,0,0,0,540.0,110.0,1.25,85.9301,85.1277
724,1,0,0,0,0,0,0,540.0,110.0,1.5,88.1793,74.5143
725,1,0,0,0,0,0,0,540.0,110.0,1.75,90.0327,63.9244
726,1,0,0,0,0,0,0,540.0,110.0,2.0,91.3914,53.8318
727,1,0,0,0,0,0,0,540.0,110.0,2.25,91.9222,44.5616
728,1,0,0,0,0,0,0,540.0,110.0,2.51,92.1813,35.9729
729,1,0,0,0,0,0,0,600.0,30.0,0.489,18.9477,26.8595
730,1,0,0,0,0,0,0,600.0,30.0,0.75,22.0758,23.4921
731,1,0,0,0,0,0,0,600.0,30.0,1.0,25.2822,21.1284
732,1,0,0,0,0,0,0,600.0,30.0,1.25,28.4659,19.565
733,1,0,0,0,0,0,0,600.0,30.0,1.5,31.3496,18.5275
734,1,0,0,0,0,0,0,600.0,30.0,1.75,34.09,17.7913
735,1,0,0,0,0,0,0,600.0,30.0,2.0,36.5734,16.9941
736,1,0,0,0,0,0,0,600.0,30.0,2.25,39.2915,16.3257
737,1,0,0,0,0,0,0,600.0,30.0,2.51,42.3318,16.0773
738,1,0,0,0,0,0,0,600.0,40.0,0.489,30.2988,39.1872
739,1,0,0,0,0,0,0,600.0,40.0,0.75,33.6631,34.7153
740,1,0,0,0,0,0,0,600.0,40.0,1.0,37.1712,31.7902
741,1,0,0,0,0,0,0,600.0,40.0,1.25,40.5471,29.5521
742,1,0,0,0,0,0,0,600.0,40.0,1.5,43.6714,27.7496
743,1,0,0,0,0,0,0,600.0,40.0,1.75,46.6454,26.309
744,1,0,0,0,0,0,0,600.0,40.0,2.0,49.424,24.8939
745,1,0,0,0,0,0,0,600.0,40.0,2.25,52.1691,23.7902
746,1,0,0,0,0,0,0,600.0,40.0,2.51,54.8248,22.612
747,1,0,0,0,0,0,0,600.0,50.0,0.489,40.919,52.1764
748,1,0,0,0,0,0,0,600.0,50.0,0.75,44.8993,47.2134
749,1,0,0,0,0,0,0,600.0,50.0,1.0,48.7223,43.2366
750,1,0,0,0,0,0,0,600.0,50.0,1.25,52.6519,40.1398
751,1,0,0,0,0,0,0,600.0,50.0,1.5,55.9824,37.295
752,1,0,0,0,0,0,0,600.0,50.0,1.75,59.131,34.9228
753,1,0,0,0,0,0,0,600.0,50.0,2.0,61.8061,32.5653
754,1,0,0,0,0,0,0,600.0,50.0,2.25,64.3355,30.3444
755,1,0,0,0,0,0,0,600.0,50.0,2.51,66.6177,28.2169
756,1,0,0,0,0,0,0,600.0,60.0,0.489,50.7357,65.4641
757,1,0,0,0,0,0,0,600.0,60.0,0.75,55.3482,59.9844
758,1,0,0,0,0,0,0,600.0,60.0,1.0,59.7813,55.4107
759,1,0,0,0,0,0,0,600.0,60.0,1.25,63.8717,51.1355
760,1,0,0,0,0,0,0,600.0,60.0,1.5,67.5653,47.0146
761,1,0,0,0,0,0,0,600.0,60.0,1.75,70.7093,43.2388
762,1,0,0,0,0,0,0,600.0,60.0,2.0,73.0733,39.4414
763,1,0,0,0,0,0,0,600.0,60.0,2.25,75.227,35.959
764,1,0,0,0,0,0,0,600.0,60.0,2.51,77.0652,32.5734
765,1,0,0,0,0,0,0,600.0,70.0,0.489,59.403,78.5792
766,1,0,0,0,0,0,0,600.0,70.0,0.75,64.5045,72.6632
767,1,0,0,0,0,0,0,600.0,70.0,1.0,69.2176,67.2235
768,1,0,0,0,0,0,0,600.0,70.0,1.25,73.5582,61.7084
769,1,0,0,0,0,0,0,600.0,70.0,1.5,77.0333,56.0168
770,1,0,0,0,0,0,0,600.0,70.0,1.75,80.0946,50.3721
771,1,0,0,0,0,0,0,600.0,70.0,2.0,82.49,45.2223
772,1,0,0,0,0,0,0,600.0,70.0,2.25,84.2198,40.4273
773,1,0,0,0,0,0,0,600.0,70.0,2.51,85.3684,35.6432
774,1,0,0,0,0,0,0,600.0,80.0,0.489,66.6596,90.9306
775,1,0,0,0,0,0,0,600.0,80.0,0.75,71.9542,84.387
776,1,0,0,0,0,0,0,600.0,80.0,1.0,76.7044,77.9308
777,1,0,0,0,0,0,0,600.0,80.0,1.25,80.7309,71.129
778,1,0,0,0,0,0,0,600.0,80.0,1.5,84.0818,63.6634
779,1,0,0,0,0,0,0,600.0,80.0,1.75,86.7486,56.2932
780,1,0,0,0,0,0,0,600.0,80.0,2.0,88.8351,49.3778
781,1,0,0,0,0,0,0,600.0,80.0,2.25,90.1035,43.2615
782,1,0,0,0,0,0,0,600.0,80.0,2.51,90.706,37.2142
783,1,0,0,0,0,0,0,600.0,90.0,0.489,72.4774,101.98
784,1,0,0,0,0,0,0,600.0,90.0,0.75,77.6753,94.7479
785,1,0,0,0,0,0,0,600.0,90.0,1.0,82.0324,87.0641
786,1,0,0,0,0,0,0,600.0,90.0,1.25,85.3574,78.1322
787,1,0,0,0,0,0,0,600.0,90.0,1.5,88.2279,69.1234
788,1,0,0,0,0,0,0,600.0,90.0,1.75,90.3552,60.1343
789,1,0,0,0,0,0,0,600.0,90.0,2.0,91.8243,51.9327
790,1,0,0,0,0,0,0,600.0,90.0,2.25,92.5965,44.5637
791,1,0,0,0,0,0,0,600.0,90.0,2.51,92.8683,37.517
792,1,0,0,0,0,0,0,600.0,100.0,0.489,76.0712,110.426
793,1,0,0,0,0,0,0,600.0,100.0,0.75,80.3216,101.821
794,1,0,0,0,0,0,0,600.0,100.0,1.0,83.6246,92.4263
795,1,0,0,0,0,0,0,600.0,100.0,1.25,86.6248,82.6533
796,1,0,0,0,0,0,0,600.0,100.0,1.5,89.3026,72.6903
797,1,0,0,0,0,0,0,600.0,100.0,1.75,91.2277,62.9187
798,1,0,0,0,0,0,0,600.0,100.0,2.0,92.3329,53.5801
799,1,0,0,0,0,0,0,600.0,100.0,2.25,92.8014,45.2327
800,1,0,0,0,0,0,0,600.0,100.0,2.51,92.8861,37.2224
801,1,0,0,0,0,0,0,600.0,110.0,0.489,76.6986,115.652
802,1,0,0,0,0,0,0,600.0,110.0,0.75,80.005,105.727
803,1,0,0,0,0,0,0,600.0,110.0,1.0,82.7934,95.6253
804,1,0,0,0,0,0,0,600.0,110.0,1.25,85.377,85.1357
805,1,0,0,0,0,0,0,600.0,110.0,1.5,87.6426,74.7053
806,1,0,0,0,0,0,0,600.0,110.0,1.75,89.4057,64.416
807,1,0,0,0,0,0,0,600.0,110.0,2.0,90.7109,54.6232
808,1,0,0,0,0,0,0,600.0,110.0,2.25,91.1488,45.4924
809,1,0,0,0,0,0,0,600.0,110.0,2.51,91.3245,36.821
810,0,1,0,0,0,0,0,60.0,30.0,0.489,26.1392,23.8694
811,0,1,0,0,0,0,0,60.0,30.0,0.75,29.3565,21.3164
812,0,1,0,0,0,0,0,60.0,30.0,1.0,32.3971,19.3863
813,0,1,0,0,0,0,0,60.0,30.0,1.25,35.3923,18.1481
814,0,1,0,0,0,0,0,60.0,30.0,1.5,38.1017,17.3322
815,0,1,0,0,0,0,0,60.0,30.0,1.75,40.7062,17.0681
816,0,1,0,0,0,0,0,60.0,30.0,2.0,43.3389,17.2143
817,0,1,0,0,0,0,0,60.0,30.0,2.25,45.6973,17.673
818,0,1,0,0,0,0,0,60.0,30.0,2.51,48.0391,18.2685
819,0,1,0,0,0,0,0,60.0,40.0,0.489,35.0575,32.8067
820,0,1,0,0,0,0,0,60.0,40.0,0.75,38.74,29.6901
821,0,1,0,0,0,0,0,60.0,40.0,1.0,42.148,27.3851
822,0,1,0,0,0,0,0,60.0,40.0,1.25,45.4649,25.7496
823,0,1,0,0,0,0,0,60.0,40.0,1.5,48.6072,24.8171
824,0,1,0,0,0,0,0,60.0,40.0,1.75,51.5801,24.147
825,0,1,0,0,0,0,0,60.0,40.0,2.0,54.2676,23.7811
826,0,1,0,0,0,0,0,60.0,40.0,2.25,56.8915,23.9722
827,0,1,0,0,0,0,0,60.0,40.0,2.51,59.3071,24.4006
828,0,1,0,0,0,0,0,60.0,50.0,0.489,43.0964,41.9905
829,0,1,0,0,0,0,0,60.0,50.0,0.75,47.2894,38.3743
830,0,1,0,0,0,0,0,60.0,50.0,1.0,51.0644,35.5222
831,0,1,0,0,0,0,0,60.0,50.0,1.25,54.6905,33.2386
832,0,1,0,0,0,0,0,60.0,50.0,1.5,58.1351,31.7638
833,0,1,0,0,0,0,0,60.0,50.0,1.75,61.3281,30.4674
834,0,1,0,0,0,0,0,60.0,50.0,2.0,64.4215,29.7496
835,0,1,0,0,0,0,0,60.0,50.0,2.25,67.3042,29.6952
836,0,1,0,0,0,0,0,60.0,50.0,2.51,69.7096,29.8489
837,0,1,0,0,0,0,0,60.0,60.0,0.489,50.3018,51.3137
838,0,1,0,0,0,0,0,60.0,60.0,0.75,54.6462,47.0196
839,0,1,0,0,0,0,0,60.0,60.0,1.0,59.012,43.6392
840,0,1,0,0,0,0,0,60.0,60.0,1.25,62.9357,40.7219
841,0,1,0,0,0,0,0,60.0,60.0,1.5,66.5588,38.278
842,0,1,0,0,0,0,0,60.0,60.0,1.75,70.1201,36.437
843,0,1,0,0,0,0,0,60.0,60.0,2.0,73.312,35.2829
844,0,1,0,0,0,0,0,60.0,60.0,2.25,75.9118,34.3287
845,0,1,0,0,0,0,0,60.0,60.0,2.51,77.8271,33.7767
846,0,1,0,0,0,0,0,60.0,70.0,0.489,56.3559,60.7426
847,0,1,0,0,0,0,0,60.0,70.0,0.75,61.012,55.565
848,0,1,0,0,0,0,0,60.0,70.0,1.0,65.2674,51.3158
849,0,1,0,0,0,0,0,60.0,70.0,1.25,69.5894,47.6237
850,0,1,0,0,0,0,0,60.0,70.0,1.5,73.6776,44.4946
851,0,1,0,0,0,0,0,60.0,70.0,1.75,77.1352,41.9576
852,0,1,0,0,0,0,0,60.0,70.0,2.0,79.9323,39.7263
853,0,1,0,0,0,0,0,60.0,70.0,2.25,82.1345,37.6962
854,0,1,0,0,0,0,0,60.0,70.0,2.51,83.8145,35.8155
855,0,1,0,0,0,0,0,60.0,80.0,0.489,61.5976,70.0587
856,0,1,0,0,0,0,0,60.0,80.0,0.75,66.1709,64.089
857,0,1,0,0,0,0,0,60.0,80.0,1.0,70.4508,58.6001
858,0,1,0,0,0,0,0,60.0,80.0,1.25,74.5303,53.8727
859,0,1,0,0,0,0,0,60.0,80.0,1.5,78.4113,49.9011
860,0,1,0,0,0,0,0,60.0,80.0,1.75,81.733,46.2886
861,0,1,0,0,0,0,0,60.0,80.0,2.0,84.2703,42.8749
862,0,1,0,0,0,0,0,60.0,80.0,2.25,85.9378,39.5308
863,0,1,0,0,0,0,0,60.0,80.0,2.51,87.1842,36.4376
864,0,1,0,0,0,0,0,60.0,90.0,0.489,65.969,78.8853
865,0,1,0,0,0,0,0,60.0,90.0,0.75,70.1178,71.7706
866,0,1,0,0,0,0,0,60.0,90.0,1.0,73.8689,65.333
867,0,1,0,0,0,0,0,60.0,90.0,1.25,77.4413,59.3825
868,0,1,0,0,0,0,0,60.0,90.0,1.5,80.5409,53.897
869,0,1,0,0,0,0,0,60.0,90.0,1.75,83.3087,48.8791
870,0,1,0,0,0,0,0,60.0,90.0,2.0,85.7222,44.3204
871,0,1,0,0,0,0,0,60.0,90.0,2.25,87.3126,40.0244
872,0,1,0,0,0,0,0,60.0,90.0,2.51,88.3122,35.9204
873,0,1,0,0,0,0,0,60.0,100.0,0.489,68.7613,86.5398
874,0,1,0,0,0,0,0,60.0,100.0,0.75,72.2968,78.463
875,0,1,0,0,0,0,0,60.0,100.0,1.0,75.268,70.6788
876,0,1,0,0,0,0,0,60.0,100.0,1.25,77.9147,63.1991
877,0,1,0,0,0,0,0,60.0,100.0,1.5,80.2316,56.1702
878,0,1,0,0,0,0,0,60.0,100.0,1.75,82.5342,50.2618
879,0,1,0,0,0,0,0,60.0,100.0,2.0,84.5896,44.704
880,0,1,0,0,0,0,0,60.0,100.0,2.25,86.1104,39.4032
881,0,1,0,0,0,0,0,60.0,100.0,2.51,87.0861,34.402
882,0,1,0,0,0,0,0,60.0,110.0,0.489,69.7743,92.6624
883,0,1,0,0,0,0,0,60.0,110.0,0.75,72.473,83.4561
884,0,1,0,0,0,0,0,60.0,110.0,1.0,74.7856,74.6987
885,0,1,0,0,0,0,0,60.0,110.0,1.25,76.9345,66.2498
886,0,1,0,0,0,0,0,60.0,110.0,1.5,78.7364,58.3742
887,0,1,0,0,0,0,0,60.0,110.0,1.75,80.355,51.1044
888,0,1,0,0,0,0,0,60.0,110.0,2.0,81.7999,44.5064
889,0,1,0,0,0,0,0,60.0,110.0,2.25,82.9883,38.3774
890,0,1,0,0,0,0,0,60.0,110.0,2.51,83.9068,32.7293
891,0,1,0,0,0,0,0,120.0,30.0,0.489,27.3508,24.4837
892,0,1,0,0,0,0,0,120.0,30.0,0.75,30.5801,21.8142
893,0,1,0,0,0,0,0,120.0,30.0,1.0,33.504,19.8868
894,0,1,0,0,0,0,0,120.0,30.0,1.25,36.3213,18.4931
895,0,1,0,0,0,0,0,120.0,30.0,1.5,39.2467,17.717
896,0,1,0,0,0,0,0,120.0,30.0,1.75,41.9564,17.5311
897,0,1,0,0,0,0,0,120.0,30.0,2.0,44.5781,17.8355
898,0,1,0,0,0,0,0,120.0,30.0,2.25,46.9668,18.2755
899,0,1,0,0,0,0,0,120.0,30.0,2.51,49.4748,19.0157
900,0,1,0,0,0,0,0,120.0,40.0,0.489,36.4207,33.4442
901,0,1,0,0,0,0,0,120.0,40.0,0.75,40.0965,30.2987
902,0,1,0,0,0,0,0,120.0,40.0,1.0,43.5267,28.0884
903,0,1,0,0,0,0,0,120.0,40.0,1.25,46.9743,26.4752
904,0,1,0,0,0,0,0,120.0,40.0,1.5,50.1559,25.4416
905,0,1,0,0,0,0,0,120.0,40.0,1.75,53.2385,24.8272
906,0,1,0,0,0,0,0,120.0,40.0,2.0,56.0858,24.6959
907,0,1,0,0,0,0,0,120.0,40.0,2.25,58.6171,24.8201
908,0,1,0,0,0,0,0,120.0,40.0,2.51,61.113,25.2963
909,0,1,0,0,0,0,0,120.0,50.0,0.489,44.4461,42.737
910,0,1,0,0,0,0,0,120.0,50.0,0.75,48.8944,39.0491
911,0,1,0,0,0,0,0,120.0,50.0,1.0,52.739,36.2543
912,0,1,0,0,0,0,0,120.0,50.0,1.25,56.3406,34.0202
913,0,1,0,0,0,0,0,120.0,50.0,1.5,60.1248,32.6652
914,0,1,0,0,0,0,0,120.0,50.0,1.75,63.5278,31.5247
915,0,1,0,0,0,0,0,120.0,50.0,2.0,66.738,30.8128
916,0,1,0,0,0,0,0,120.0,50.0,2.25,69.5891,30.7278
917,0,1,0,0,0,0,0,120.0,50.0,2.51,72.0508,31.0803
918,0,1,0,0,0,0,0,120.0,60.0,0.489,51.5523,52.2575
919,0,1,0,0,0,0,0,120.0,60.0,0.75,56.2485,47.7972
920,0,1,0,0,0,0,0,120.0,60.0,1.0,60.7835,44.5266
921,0,1,0,0,0,0,0,120.0,60.0,1.25,65.0671,41.7393
922,0,1,0,0,0,0,0,120.0,60.0,1.5,68.96,39.3773
923,0,1,0,0,0,0,0,120.0,60.0,1.75,72.7253,37.6586
924,0,1,0,0,0,0,0,120.0,60.0,2.0,76.2364,36.5243
925,0,1,0,0,0,0,0,120.0,60.0,2.25,78.8979,35.6514
926,0,1,0,0,0,0,0,120.0,60.0,2.51,80.9325,35.2409
927,0,1,0,0,0,0,0,120.0,70.0,0.489,57.7157,61.9589
928,0,1,0,0,0,0,0,120.0,70.0,0.75,62.664,56.804
929,0,1,0,0,0,0,0,120.0,70.0,1.0,67.3924,52.6102
930,0,1,0,0,0,0,0,120.0,70.0,1.25,72.0704,48.9921
931,0,1,0,0,0,0,0,120.0,70.0,1.5,76.4779,45.8074
932,0,1,0,0,0,0,0,120.0,70.0,1.75,80.1652,43.1193
933,0,1,0,0,0,0,0,120.0,70.0,2.0,83.2975,41.0744
934,0,1,0,0,0,0,0,120.0,70.0,2.25,85.4109,38.9082
935,0,1,0,0,0,0,0,120.0,70.0,2.51,86.9463,37.202
936,0,1,0,0,0,0,0,120.0,80.0,0.489,63.0378,71.6958
937,0,1,0,0,0,0,0,120.0,80.0,0.75,67.827,65.603
938,0,1,0,0,0,0,0,120.0,80.0,1.0,72.4355,60.1974
939,0,1,0,0,0,0,0,120.0,80.0,1.25,77.0586,55.4879
940,0,1,0,0,0,0,0,120.0,80.0,1.5,81.3977,51.3855
941,0,1,0,0,0,0,0,120.0,80.0,1.75,84.9789,47.5641
942,0,1,0,0,0,0,0,120.0,80.0,2.0,87.3918,43.7457
943,0,1,0,0,0,0,0,120.0,80.0,2.25,89.0109,40.3471
944,0,1,0,0,0,0,0,120.0,80.0,2.51,90.0518,37.2412
945,0,1,0,0,0,0,0,120.0,90.0,0.489,67.4165,80.6325
946,0,1,0,0,0,0,0,120.0,90.0,0.75,71.8313,73.3749
947,0,1,0,0,0,0,0,120.0,90.0,1.0,75.8659,66.8589
948,0,1,0,0,0,0,0,120.0,90.0,1.25,79.8456,60.9099
949,0,1,0,0,0,0,0,120.0,90.0,1.5,83.1562,55.0667
950,0,1,0,0,0,0,0,120.0,90.0,1.75,85.8996,49.6321
951,0,1,0,0,0,0,0,120.0,90.0,2.0,88.2539,44.9226
952,0,1,0,0,0,0,0,120.0,90.0,2.25,89.7474,40.3539
953,0,1,0,0,0,0,0,120.0,90.0,2.51,90.6148,36.1418
954,0,1,0,0,0,0,0,120.0,100.0,0.489,70.3019,88.3621
955,0,1,0,0,0,0,0,120.0,100.0,0.75,74.0665,80.0692
956,0,1,0,0,0,0,0,120.0,100.0,1.0,77.1588,72.0789
957,0,1,0,0,0,0,0,120.0,100.0,1.25,79.9398,64.3637
958,0,1,0,0,0,0,0,120.0,100.0,1.5,82.3871,57.159
959,0,1,0,0,0,0,0,120.0,100.0,1.75,84.7505,50.8829
960,0,1,0,0,0,0,0,120.0,100.0,2.0,86.5504,44.932
961,0,1,0,0,0,0,0,120.0,100.0,2.25,87.7349,39.3042
962,0,1,0,0,0,0,0,120.0,100.0,2.51,88.6643,34.3291
963,0,1,0,0,0,0,0,120.0,110.0,0.489,71.1238,94.3947
964,0,1,0,0,0,0,0,120.0,110.0,0.75,73.9443,84.9961
965,0,1,0,0,0,0,0,120.0,110.0,1.0,76.4283,76.0844
966,0,1,0,0,0,0,0,120.0,110.0,1.25,78.5762,67.2449
967,0,1,0,0,0,0,0,120.0,110.0,1.5,80.3213,58.9622
968,0,1,0,0,0,0,0,120.0,110.0,1.75,81.7646,51.3321
969,0,1,0,0,0,0,0,120.0,110.0,2.0,83.0166,44.4226
970,0,1,0,0,0,0,0,120.0,110.0,2.25,84.0215,38.109
971,0,1,0,0,0,0,0,120.0,110.0,2.51,85.006,32.4106
972,0,1,0,0,0,0,0,180.0,30.0,0.489,28.346,25.0706
973,0,1,0,0,0,0,0,180.0,30.0,0.75,31.6057,22.4716
974,0,1,0,0,0,0,0,180.0,30.0,1.0,34.351,20.4212
975,0,1,0,0,0,0,0,180.0,30.0,1.25,37.2644,19.0117
976,0,1,0,0,0,0,0,180.0,30.0,1.5,40.1482,18.1885
977,0,1,0,0,0,0,0,180.0,30.0,1.75,42.8488,17.9733
978,0,1,0,0,0,0,0,180.0,30.0,2.0,45.6117,18.3658
979,0,1,0,0,0,0,0,180.0,30.0,2.25,48.1997,18.9376
980,0,1,0,0,0,0,0,180.0,30.0,2.51,50.8125,19.7987
981,0,1,0,0,0,0,0,180.0,40.0,0.489,37.4584,34.2698
982,0,1,0,0,0,0,0,180.0,40.0,0.75,41.4603,31.1495
983,0,1,0,0,0,0,0,180.0,40.0,1.0,44.9055,28.8442
984,0,1,0,0,0,0,0,180.0,40.0,1.25,48.169,27.0971
985,0,1,0,0,0,0,0,180.0,40.0,1.5,51.4629,26.1257
986,0,1,0,0,0,0,0,180.0,40.0,1.75,54.6763,25.4738
987,0,1,0,0,0,0,0,180.0,40.0,2.0,57.5672,25.4026
988,0,1,0,0,0,0,0,180.0,40.0,2.25,60.2774,25.6025
989,0,1,0,0,0,0,0,180.0,40.0,2.51,62.8403,26.1847
990,0,1,0,0,0,0,0,180.0,50.0,0.489,45.7541,43.7841
991,0,1,0,0,0,0,0,180.0,50.0,0.75,50.1854,39.9516
992,0,1,0,0,0,0,0,180.0,50.0,1.0,54.1956,37.1193
993,0,1,0,0,0,0,0,180.0,50.0,1.25,58.1013,35.0327
994,0,1,0,0,0,0,0,180.0,50.0,1.5,62.0118,33.6556
995,0,1,0,0,0,0,0,180.0,50.0,1.75,65.6354,32.6752
996,0,1,0,0,0,0,0,180.0,50.0,2.0,68.7982,31.8094
997,0,1,0,0,0,0,0,180.0,50.0,2.25,71.7514,31.7765
998,0,1,0,0,0,0,0,180.0,50.0,2.51,74.1286,32.1556
999,0,1,0,0,0,0,0,180.0,60.0,0.489,52.8144,53.5268
1000,0,1,0,0,0,0,0,180.0,60.0,0.75,57.7839,48.9541
1001,0,1,0,0,0,0,0,180.0,60.0,1.0,62.407,45.523
1002,0,1,0,0,0,0,0,180.0,60.0,1.25,66.9127,42.8496
1003,0,1,0,0,0,0,0,180.0,60.0,1.5,71.1913,40.6772
1004,0,1,0,0,0,0,0,180.0,60.0,1.75,75.1866,38.9857
1005,0,1,0,0,0,0,0,180.0,60.0,2.0,78.7562,37.6604
1006,0,1,0,0,0,0,0,180.0,60.0,2.25,81.5868,36.8757
1007,0,1,0,0,0,0,0,180.0,60.0,2.51,83.5712,36.4832
1008,0,1,0,0,0,0,0,180.0,70.0,0.489,59.0177,63.4348
1009,0,1,0,0,0,0,0,180.0,70.0,0.75,64.1506,58.2775
1010,0,1,0,0,0,0,0,180.0,70.0,1.0,69.2975,54.0494
1011,0,1,0,0,0,0,0,180.0,70.0,1.25,74.1875,50.3967
1012,0,1,0,0,0,0,0,180.0,70.0,1.5,78.9115,47.3048
1013,0,1,0,0,0,0,0,180.0,70.0,1.75,83.046,44.6374
1014,0,1,0,0,0,0,0,180.0,70.0,2.0,86.3479,42.2299
1015,0,1,0,0,0,0,0,180.0,70.0,2.25,88.5252,40.1429
1016,0,1,0,0,0,0,0,180.0,70.0,2.51,89.6545,38.3691
1017,0,1,0,0,0,0,0,180.0,80.0,0.489,64.4235,73.3081
1018,0,1,0,0,0,0,0,180.0,80.0,0.75,69.4628,67.2217
1019,0,1,0,0,0,0,0,180.0,80.0,1.0,74.304,62.0258
1020,0,1,0,0,0,0,0,180.0,80.0,1.25,79.2836,57.1596
1021,0,1,0,0,0,0,0,180.0,80.0,1.5,83.9459,52.9038
1022,0,1,0,0,0,0,0,180.0,80.0,1.75,87.778,48.6952
1023,0,1,0,0,0,0,0,180.0,80.0,2.0,90.2777,44.6953
1024,0,1,0,0,0,0,0,180.0,80.0,2.25,91.6328,41.0233
1025,0,1,0,0,0,0,0,180.0,80.0,2.51,92.4155,37.8839
1026,0,1,0,0,0,0,0,180.0,90.0,0.489,68.8402,82.4254
1027,0,1,0,0,0,0,0,180.0,90.0,0.75,73.4604,75.1279
1028,0,1,0,0,0,0,0,180.0,90.0,1.0,77.8413,68.5313
1029,0,1,0,0,0,0,0,180.0,90.0,1.25,82.033,62.4414
1030,0,1,0,0,0,0,0,180.0,90.0,1.5,85.5995,56.3996
1031,0,1,0,0,0,0,0,180.0,90.0,1.75,88.3828,50.6872
1032,0,1,0,0,0,0,0,180.0,90.0,2.0,90.5304,45.6069
1033,0,1,0,0,0,0,0,180.0,90.0,2.25,91.7539,40.6587
1034,0,1,0,0,0,0,0,180.0,90.0,2.51,92.4337,36.3246
1035,0,1,0,0,0,0,0,180.0,100.0,0.489,71.5796,90.1627
1036,0,1,0,0,0,0,0,180.0,100.0,0.75,75.4755,81.7403
1037,0,1,0,0,0,0,0,180.0,100.0,1.0,78.8106,73.6243
1038,0,1,0,0,0,0,0,180.0,100.0,1.25,81.8492,65.6943
1039,0,1,0,0,0,0,0,180.0,100.0,1.5,84.4096,58.334
1040,0,1,0,0,0,0,0,180.0,100.0,1.75,86.5202,51.4665
1041,0,1,0,0,0,0,0,180.0,100.0,2.0,88.1476,45.2559
1042,0,1,0,0,0,0,0,180.0,100.0,2.25,89.1962,39.3917
1043,0,1,0,0,0,0,0,180.0,100.0,2.51,89.9709,34.1602
1044,0,1,0,0,0,0,0,180.0,110.0,0.489,72.0346,95.9184
1045,0,1,0,0,0,0,0,180.0,110.0,0.75,74.9876,86.4145
1046,0,1,0,0,0,0,0,180.0,110.0,1.0,77.6417,77.3368
1047,0,1,0,0,0,0,0,180.0,110.0,1.25,79.8554,68.2318
1048,0,1,0,0,0,0,0,180.0,110.0,1.5,81.4668,59.492
1049,0,1,0,0,0,0,0,180.0,110.0,1.75,82.9033,51.6019
1050,0,1,0,0,0,0,0,180.0,110.0,2.0,84.0892,44.4247
1051,0,1,0,0,0,0,0,180.0,110.0,2.25,84.9733,37.8627
1052,0,1,0,0,0,0,0,180.0,110.0,2.51,85.9661,32.056
1053,0,1,0,0,0,0,0,240.0,30.0,0.489,29.1432,25.6535
1054,0,1,0,0,0,0,0,240.0,30.0,0.75,32.4576,23.0924
1055,0,1,0,0,0,0,0,240.0,30.0,1.0,35.2757,21.1813
1056,0,1,0,0,0,0,0,240.0,30.0,1.25,38.1134,19.6909
1057,0,1,0,0,0,0,0,240.0,30.0,1.5,41.0351,18.8093
1058,0,1,0,0,0,0,0,240.0,30.0,1.75,43.7499,18.6231
1059,0,1,0,0,0,0,0,240.0,30.0,2.0,46.548,18.9528
1060,0,1,0,0,0,0,0,240.0,30.0,2.25,49.3768,19.689
1061,0,1,0,0,0,0,0,240.0,30.0,2.51,52.0037,20.5444
1062,0,1,0,0,0,0,0,240.0,40.0,0.489,38.4112,35.2021
1063,0,1,0,0,0,0,0,240.0,40.0,0.75,42.5886,32.0531
1064,0,1,0,0,0,0,0,240.0,40.0,1.0,46.0841,29.712
1065,0,1,0,0,0,0,0,240.0,40.0,1.25,49.3187,27.8842
1066,0,1,0,0,0,0,0,240.0,40.0,1.5,52.559,26.785
1067,0,1,0,0,0,0,0,240.0,40.0,1.75,55.8818,26.2087
1068,0,1,0,0,0,0,0,240.0,40.0,2.0,58.9433,26.1841
1069,0,1,0,0,0,0,0,240.0,40.0,2.25,61.8579,26.4907
1070,0,1,0,0,0,0,0,240.0,40.0,2.51,64.426,27.0877
1071,0,1,0,0,0,0,0,240.0,50.0,0.489,46.8449,44.9803
1072,0,1,0,0,0,0,0,240.0,50.0,0.75,51.4198,41.1933
1073,0,1,0,0,0,0,0,240.0,50.0,1.0,55.5969,38.2051
1074,0,1,0,0,0,0,0,240.0,50.0,1.25,59.7047,36.1094
1075,0,1,0,0,0,0,0,240.0,50.0,1.5,63.5928,34.6558
1076,0,1,0,0,0,0,0,240.0,50.0,1.75,67.3613,33.6898
1077,0,1,0,0,0,0,0,240.0,50.0,2.0,70.604,32.8169
1078,0,1,0,0,0,0,0,240.0,50.0,2.25,73.6406,32.757
1079,0,1,0,0,0,0,0,240.0,50.0,2.51,75.8584,33.0449
1080,0,1,0,0,0,0,0,240.0,60.0,0.489,54.0222,54.9678
1081,0,1,0,0,0,0,0,240.0,60.0,0.75,59.1503,50.478
1082,0,1,0,0,0,0,0,240.0,60.0,1.0,63.8647,46.9065
1083,0,1,0,0,0,0,0,240.0,60.0,1.25,68.5789,44.1336
1084,0,1,0,0,0,0,0,240.0,60.0,1.5,73.2061,42.0811
1085,0,1,0,0,0,0,0,240.0,60.0,1.75,77.3058,40.311
1086,0,1,0,0,0,0,0,240.0,60.0,2.0,80.99,38.9347
1087,0,1,0,0,0,0,0,240.0,60.0,2.25,83.7768,38.0127
1088,0,1,0,0,0,0,0,240.0,60.0,2.51,85.5385,37.4352
1089,0,1,0,0,0,0,0,240.0,70.0,0.489,60.2051,64.997
1090,0,1,0,0,0,0,0,240.0,70.0,0.75,65.6082,59.9651
1091,0,1,0,0,0,0,0,240.0,70.0,1.0,70.9511,55.7934
1092,0,1,0,0,0,0,0,240.0,70.0,1.25,76.214,52.055
1093,0,1,0,0,0,0,0,240.0,70.0,1.5,81.16,48.9026
1094,0,1,0,0,0,0,0,240.0,70.0,1.75,85.4637,46.1103
1095,0,1,0,0,0,0,0,240.0,70.0,2.0,88.8256,43.3985
1096,0,1,0,0,0,0,0,240.0,70.0,2.25,90.8857,41.2016
1097,0,1,0,0,0,0,0,240.0,70.0,2.51,91.8979,39.204
1098,0,1,0,0,0,0,0,240.0,80.0,0.489,65.6967,74.9254
1099,0,1,0,0,0,0,0,240.0,80.0,0.75,71.1291,69.0875
1100,0,1,0,0,0,0,0,240.0,80.0,1.0,76.2702,63.9567
1101,0,1,0,0,0,0,0,240.0,80.0,1.25,81.3788,59.004
1102,0,1,0,0,0,0,0,240.0,80.0,1.5,86.2594,54.3578
1103,0,1,0,0,0,0,0,240.0,80.0,1.75,90.1807,49.9622
1104,0,1,0,0,0,0,0,240.0,80.0,2.0,92.4867,45.6672
1105,0,1,0,0,0,0,0,240.0,80.0,2.25,93.6094,41.6879
1106,0,1,0,0,0,0,0,240.0,80.0,2.51,94.1253,38.392
1107,0,1,0,0,0,0,0,240.0,90.0,0.489,70.2249,84.1851
1108,0,1,0,0,0,0,0,240.0,90.0,0.75,74.9706,77.0976
1109,0,1,0,0,0,0,0,240.0,90.0,1.0,79.5301,70.5088
1110,0,1,0,0,0,0,0,240.0,90.0,1.25,83.8894,64.0901
1111,0,1,0,0,0,0,0,240.0,90.0,1.5,87.5996,57.7878
1112,0,1,0,0,0,0,0,240.0,90.0,1.75,90.517,51.8951
1113,0,1,0,0,0,0,0,240.0,90.0,2.0,92.2478,46.1441
1114,0,1,0,0,0,0,0,240.0,90.0,2.25,93.2378,41.0292
1115,0,1,0,0,0,0,0,240.0,90.0,2.51,93.7103,36.4615
1116,0,1,0,0,0,0,0,240.0,100.0,0.489,72.6293,91.8686
1117,0,1,0,0,0,0,0,240.0,100.0,0.75,76.531,83.4434
1118,0,1,0,0,0,0,0,240.0,100.0,1.0,80.1557,75.1746
1119,0,1,0,0,0,0,0,240.0,100.0,1.25,83.3841,67.0383
1120,0,1,0,0,0,0,0,240.0,100.0,1.5,85.8757,59.2995
1121,0,1,0,0,0,0,0,240.0,100.0,1.75,87.7372,52.086
1122,0,1,0,0,0,0,0,240.0,100.0,2.0,89.3901,45.5747
1123,0,1,0,0,0,0,0,240.0,100.0,2.25,90.4678,39.5049
1124,0,1,0,0,0,0,0,240.0,100.0,2.51,91.2252,34.1156
1125,0,1,0,0,0,0,0,240.0,110.0,0.489,72.6858,97.1981
1126,0,1,0,0,0,0,0,240.0,110.0,0.75,75.7013,87.6582
1127,0,1,0,0,0,0,0,240.0,110.0,1.0,78.4591,78.466
1128,0,1,0,0,0,0,0,240.0,110.0,1.25,80.5544,69.0006
1129,0,1,0,0,0,0,0,240.0,110.0,1.5,82.2831,59.9852
1130,0,1,0,0,0,0,0,240.0,110.0,1.75,83.7505,51.8905
1131,0,1,0,0,0,0,0,240.0,110.0,2.0,85.0108,44.4663
1132,0,1,0,0,0,0,0,240.0,110.0,2.25,86.0052,37.7492
1133,0,1,0,0,0,0,0,240.0,110.0,2.51,86.9223,31.7612
1134,0,1,0,0,0,0,0,300.0,30.0,0.489,29.7299,26.3446
1135,0,1,0,0,0,0,0,300.0,30.0,0.75,33.161,23.7393
1136,0,1,0,0,0,0,0,300.0,30.0,1.0,36.1406,21.9609
1137,0,1,0,0,0,0,0,300.0,30.0,1.25,38.9046,20.5663
1138,0,1,0,0,0,0,0,300.0,30.0,1.5,41.7838,19.6302
1139,0,1,0,0,0,0,0,300.0,30.0,1.75,44.5752,19.3085
1140,0,1,0,0,0,0,0,300.0,30.0,2.0,47.39,19.5971
1141,0,1,0,0,0,0,0,300.0,30.0,2.25,50.2276,20.2565
1142,0,1,0,0,0,0,0,300.0,30.0,2.51,52.8944,21.0561
1143,0,1,0,0,0,0,0,300.0,40.0,0.489,39.2841,36.1536
1144,0,1,0,0,0,0,0,300.0,40.0,0.75,43.383,32.9944
1145,0,1,0,0,0,0,0,300.0,40.0,1.0,46.9639,30.5982
1146,0,1,0,0,0,0,0,300.0,40.0,1.25,50.3278,28.9376
1147,0,1,0,0,0,0,0,300.0,40.0,1.5,53.5243,27.6783
1148,0,1,0,0,0,0,0,300.0,40.0,1.75,56.848,27.0297
1149,0,1,0,0,0,0,0,300.0,40.0,2.0,60.1235,27.036
1150,0,1,0,0,0,0,0,300.0,40.0,2.25,62.9749,27.3214
1151,0,1,0,0,0,0,0,300.0,40.0,2.51,65.6373,27.8328
1152,0,1,0,0,0,0,0,300.0,50.0,0.489,47.7567,46.2947
1153,0,1,0,0,0,0,0,300.0,50.0,0.75,52.635,42.5554
1154,0,1,0,0,0,0,0,300.0,50.0,1.0,56.9332,39.5715
1155,0,1,0,0,0,0,0,300.0,50.0,1.25,60.9274,37.2436
1156,0,1,0,0,0,0,0,300.0,50.0,1.5,64.9028,35.7692
1157,0,1,0,0,0,0,0,300.0,50.0,1.75,68.7412,34.7004
1158,0,1,0,0,0,0,0,300.0,50.0,2.0,72.2373,33.9689
1159,0,1,0,0,0,0,0,300.0,50.0,2.25,74.9781,33.649
1160,0,1,0,0,0,0,0,300.0,50.0,2.51,77.1464,33.6962
1161,0,1,0,0,0,0,0,300.0,60.0,0.489,55.1255,56.5324
1162,0,1,0,0,0,0,0,300.0,60.0,0.75,60.2913,52.1209
1163,0,1,0,0,0,0,0,300.0,60.0,1.0,65.475,48.6158
1164,0,1,0,0,0,0,0,300.0,60.0,1.25,70.2946,45.6279
1165,0,1,0,0,0,0,0,300.0,60.0,1.5,74.9163,43.4012
1166,0,1,0,0,0,0,0,300.0,60.0,1.75,79.1388,41.7257
1167,0,1,0,0,0,0,0,300.0,60.0,2.0,82.7153,40.1862
1168,0,1,0,0,0,0,0,300.0,60.0,2.25,85.187,38.9136
1169,0,1,0,0,0,0,0,300.0,60.0,2.51,86.8775,37.9413
1170,0,1,0,0,0,0,0,300.0,70.0,0.489,61.426,66.6558
1171,0,1,0,0,0,0,0,300.0,70.0,0.75,66.9581,61.8133
1172,0,1,0,0,0,0,0,300.0,70.0,1.0,72.5068,57.5557
1173,0,1,0,0,0,0,0,300.0,70.0,1.25,78.048,53.8227
1174,0,1,0,0,0,0,0,300.0,70.0,1.5,83.0707,50.4513
1175,0,1,0,0,0,0,0,300.0,70.0,1.75,87.3239,47.3655
1176,0,1,0,0,0,0,0,300.0,70.0,2.0,90.5448,44.6549
1177,0,1,0,0,0,0,0,300.0,70.0,2.25,92.4145,42.0982
1178,0,1,0,0,0,0,0,300.0,70.0,2.51,93.1964,39.5235
1179,0,1,0,0,0,0,0,300.0,80.0,0.489,66.9778,76.7
1180,0,1,0,0,0,0,0,300.0,80.0,0.75,72.6736,71.0235
1181,0,1,0,0,0,0,0,300.0,80.0,1.0,77.9942,65.933
1182,0,1,0,0,0,0,0,300.0,80.0,1.25,83.2037,60.8544
1183,0,1,0,0,0,0,0,300.0,80.0,1.5,88.1915,56.0583
1184,0,1,0,0,0,0,0,300.0,80.0,1.75,91.9255,51.201
1185,0,1,0,0,0,0,0,300.0,80.0,2.0,94.1755,46.6724
1186,0,1,0,0,0,0,0,300.0,80.0,2.25,95.0619,42.5192
1187,0,1,0,0,0,0,0,300.0,80.0,2.51,95.3977,38.833
1188,0,1,0,0,0,0,0,300.0,90.0,0.489,71.4421,85.9682
1189,0,1,0,0,0,0,0,300.0,90.0,0.75,76.3489,79.0212
1190,0,1,0,0,0,0,0,300.0,90.0,1.0,80.9871,72.4968
1191,0,1,0,0,0,0,0,300.0,90.0,1.25,85.4264,65.8034
1192,0,1,0,0,0,0,0,300.0,90.0,1.5,89.2462,59.1953
1193,0,1,0,0,0,0,0,300.0,90.0,1.75,91.8847,52.8288
1194,0,1,0,0,0,0,0,300.0,90.0,2.0,93.4361,46.6826
1195,0,1,0,0,0,0,0,300.0,90.0,2.25,94.3715,41.4661
1196,0,1,0,0,0,0,0,300.0,90.0,2.51,94.8547,36.7433
1197,0,1,0,0,0,0,0,300.0,100.0,0.489,73.5383,93.4304
1198,0,1,0,0,0,0,0,300.0,100.0,0.75,77.3188,84.9661
1199,0,1,0,0,0,0,0,300.0,100.0,1.0,81.1015,76.658
1200,0,1,0,0,0,0,0,300.0,100.0,1.25,84.3802,68.3895
1201,0,1,0,0,0,0,0,300.0,100.0,1.5,86.6963,59.9931
1202,0,1,0,0,0,0,0,300.0,100.0,1.75,88.784,52.6843
1203,0,1,0,0,0,0,0,300.0,100.0,2.0,90.2708,45.7884
1204,0,1,0,0,0,0,0,300.0,100.0,2.25,91.4311,39.6105
1205,0,1,0,0,0,0,0,300.0,100.0,2.51,92.2402,34.0788
1206,0,1,0,0,0,0,0,300.0,110.0,0.489,73.2927,98.4962
1207,0,1,0,0,0,0,0,300.0,110.0,0.75,76.3222,88.8179
1208,0,1,0,0,0,0,0,300.0,110.0,1.0,78.955,79.331
1209,0,1,0,0,0,0,0,300.0,110.0,1.25,81.0264,69.7228
1210,0,1,0,0,0,0,0,300.0,110.0,1.5,82.8,60.5287
1211,0,1,0,0,0,0,0,300.0,110.0,1.75,84.3311,52.1979
1212,0,1,0,0,0,0,0,300.0,110.0,2.0,85.7315,44.6294
1213,0,1,0,0,0,0,0,300.0,110.0,2.25,86.9984,37.8318
1214,0,1,0,0,0,0,0,300.0,110.0,2.51,87.8054,31.5615
1215,0,1,0,0,0,0,0,360.0,30.0,0.489,30.1257,27.2838
1216,0,1,0,0,0,0,0,360.0,30.0,0.75,33.5962,24.5487
1217,0,1,0,0,0,0,0,360.0,30.0,1.0,36.5938,22.7008
1218,0,1,0,0,0,0,0,360.0,30.0,1.25,39.5309,21.5771
1219,0,1,0,0,0,0,0,360.0,30.0,1.5,42.5068,20.6678
1220,0,1,0,0,0,0,0,360.0,30.0,1.75,45.3558,20.2162
1221,0,1,0,0,0,0,0,360.0,30.0,2.0,48.0953,20.286
1222,0,1,0,0,0,0,0,360.0,30.0,2.25,50.7729,20.7289
1223,0,1,0,0,0,0,0,360.0,30.0,2.51,53.5765,21.5963
1224,0,1,0,0,0,0,0,360.0,40.0,0.489,39.9808,37.4108
1225,0,1,0,0,0,0,0,360.0,40.0,0.75,44.2076,34.1643
1226,0,1,0,0,0,0,0,360.0,40.0,1.0,47.7675,31.7539
1227,0,1,0,0,0,0,0,360.0,40.0,1.25,51.1388,30.0111
1228,0,1,0,0,0,0,0,360.0,40.0,1.5,54.4447,28.8671
1229,0,1,0,0,0,0,0,360.0,40.0,1.75,57.7917,28.0206
1230,0,1,0,0,0,0,0,360.0,40.0,2.0,60.9119,27.8342
1231,0,1,0,0,0,0,0,360.0,40.0,2.25,63.5972,27.9836
1232,0,1,0,0,0,0,0,360.0,40.0,2.51,66.3194,28.3108
1233,0,1,0,0,0,0,0,360.0,50.0,0.489,48.6576,47.6716
1234,0,1,0,0,0,0,0,360.0,50.0,0.75,53.6693,44.0652
1235,0,1,0,0,0,0,0,360.0,50.0,1.0,57.9728,41.0075
1236,0,1,0,0,0,0,0,360.0,50.0,1.25,61.9845,38.6387
1237,0,1,0,0,0,0,0,360.0,50.0,1.5,65.8512,36.8885
1238,0,1,0,0,0,0,0,360.0,50.0,1.75,69.6474,35.7882
1239,0,1,0,0,0,0,0,360.0,50.0,2.0,73.0114,34.8728
1240,0,1,0,0,0,0,0,360.0,50.0,2.25,75.826,34.4845
1241,0,1,0,0,0,0,0,360.0,50.0,2.51,77.9315,34.1916
1242,0,1,0,0,0,0,0,360.0,60.0,0.489,56.1448,58.1692
1243,0,1,0,0,0,0,0,360.0,60.0,0.75,61.5677,54.0205
1244,0,1,0,0,0,0,0,360.0,60.0,1.0,66.8702,50.3706
1245,0,1,0,0,0,0,0,360.0,60.0,1.25,71.7291,47.3106
1246,0,1,0,0,0,0,0,360.0,60.0,1.5,76.205,44.8449
1247,0,1,0,0,0,0,0,360.0,60.0,1.75,80.3611,42.8681
1248,0,1,0,0,0,0,0,360.0,60.0,2.0,83.6454,41.1056
1249,0,1,0,0,0,0,0,360.0,60.0,2.25,86.015,39.6525
1250,0,1,0,0,0,0,0,360.0,60.0,2.51,87.6255,38.1051
1251,0,1,0,0,0,0,0,360.0,70.0,0.489,62.5163,68.4141
1252,0,1,0,0,0,0,0,360.0,70.0,0.75,68.2197,63.6352
1253,0,1,0,0,0,0,0,360.0,70.0,1.0,73.8629,59.4208
1254,0,1,0,0,0,0,0,360.0,70.0,1.25,79.4746,55.6278
1255,0,1,0,0,0,0,0,360.0,70.0,1.5,84.6152,51.8645
1256,0,1,0,0,0,0,0,360.0,70.0,1.75,88.6108,48.5715
1257,0,1,0,0,0,0,0,360.0,70.0,2.0,91.4541,45.6277
1258,0,1,0,0,0,0,0,360.0,70.0,2.25,93.1088,42.6164
1259,0,1,0,0,0,0,0,360.0,70.0,2.51,93.6453,39.565
1260,0,1,0,0,0,0,0,360.0,80.0,0.489,67.9873,78.3309
1261,0,1,0,0,0,0,0,360.0,80.0,0.75,73.8021,72.8547
1262,0,1,0,0,0,0,0,360.0,80.0,1.0,79.399,67.7831
1263,0,1,0,0,0,0,0,360.0,80.0,1.25,84.7645,62.6677
1264,0,1,0,0,0,0,0,360.0,80.0,1.5,89.4942,57.5812
1265,0,1,0,0,0,0,0,360.0,80.0,1.75,92.9824,52.2792
1266,0,1,0,0,0,0,0,360.0,80.0,2.0,95.0643,47.5141
1267,0,1,0,0,0,0,0,360.0,80.0,2.25,95.9083,43.1351
1268,0,1,0,0,0,0,0,360.0,80.0,2.51,96.2171,39.1651
1269,0,1,0,0,0,0,0,360.0,90.0,0.489,72.1423,87.4407
1270,0,1,0,0,0,0,0,360.0,90.0,0.75,77.4714,80.7342
1271,0,1,0,0,0,0,0,360.0,90.0,1.0,82.285,74.363
1272,0,1,0,0,0,0,0,360.0,90.0,1.25,86.622,67.4377
1273,0,1,0,0,0,0,0,360.0,90.0,1.5,90.1474,60.3151
1274,0,1,0,0,0,0,0,360.0,90.0,1.75,92.6929,53.5873
1275,0,1,0,0,0,0,0,360.0,90.0,2.0,94.3395,47.3767
1276,0,1,0,0,0,0,0,360.0,90.0,2.25,95.3911,41.9264
1277,0,1,0,0,0,0,0,360.0,90.0,2.51,95.7006,36.953
1278,0,1,0,0,0,0,0,360.0,100.0,0.489,74.2025,94.6658
1279,0,1,0,0,0,0,0,360.0,100.0,0.75,77.9855,86.2589
1280,0,1,0,0,0,0,0,360.0,100.0,1.0,81.782,77.9805
1281,0,1,0,0,0,0,0,360.0,100.0,1.25,85.0573,69.5521
1282,0,1,0,0,0,0,0,360.0,100.0,1.5,87.4693,61.0957
1283,0,1,0,0,0,0,0,360.0,100.0,1.75,89.4031,53.2074
1284,0,1,0,0,0,0,0,360.0,100.0,2.0,91.0309,46.165
1285,0,1,0,0,0,0,0,360.0,100.0,2.25,92.3623,39.9511
1286,0,1,0,0,0,0,0,360.0,100.0,2.51,93.0731,34.2519
1287,0,1,0,0,0,0,0,360.0,110.0,0.489,73.7658,99.5941
1288,0,1,0,0,0,0,0,360.0,110.0,0.75,76.6317,89.7842
1289,0,1,0,0,0,0,0,360.0,110.0,1.0,79.1802,80.0841
1290,0,1,0,0,0,0,0,360.0,110.0,1.25,81.3777,70.4473
1291,0,1,0,0,0,0,0,360.0,110.0,1.5,83.124,61.1062
1292,0,1,0,0,0,0,0,360.0,110.0,1.75,84.6684,52.5002
1293,0,1,0,0,0,0,0,360.0,110.0,2.0,86.2312,44.899
1294,0,1,0,0,0,0,0,360.0,110.0,2.25,87.6537,38.0225
1295,0,1,0,0,0,0,0,360.0,110.0,2.51,88.5615,31.6478
1296,0,1,0,0,0,0,0,420.0,30.0,0.489,30.3993,28.4261
1297,0,1,0,0,0,0,0,420.0,30.0,0.75,33.8219,25.6145
1298,0,1,0,0,0,0,0,420.0,30.0,1.0,36.9403,23.7133
1299,0,1,0,0,0,0,0,420.0,30.0,1.25,39.9783,22.5766
1300,0,1,0,0,0,0,0,420.0,30.0,1.5,43.075,21.6748
1301,0,1,0,0,0,0,0,420.0,30.0,1.75,46.0104,21.2273
1302,0,1,0,0,0,0,0,420.0,30.0,2.0,48.6372,21.0218
1303,0,1,0,0,0,0,0,420.0,30.0,2.25,51.2103,21.2701
1304,0,1,0,0,0,0,0,420.0,30.0,2.51,54.029,22.0628
1305,0,1,0,0,0,0,0,420.0,40.0,0.489,40.5112,38.6422
1306,0,1,0,0,0,0,0,420.0,40.0,0.75,44.6407,35.5184
1307,0,1,0,0,0,0,0,420.0,40.0,1.0,48.3631,33.1198
1308,0,1,0,0,0,0,0,420.0,40.0,1.25,51.7648,31.3081
1309,0,1,0,0,0,0,0,420.0,40.0,1.5,55.1295,30.0592
1310,0,1,0,0,0,0,0,420.0,40.0,1.75,58.495,29.1318
1311,0,1,0,0,0,0,0,420.0,40.0,2.0,61.2796,28.5533
1312,0,1,0,0,0,0,0,420.0,40.0,2.25,63.9833,28.5279
1313,0,1,0,0,0,0,0,420.0,40.0,2.51,66.6098,28.7663
1314,0,1,0,0,0,0,0,420.0,50.0,0.489,49.6026,49.2325
1315,0,1,0,0,0,0,0,420.0,50.0,0.75,54.473,45.6615
1316,0,1,0,0,0,0,0,420.0,50.0,1.0,58.7284,42.7189
1317,0,1,0,0,0,0,0,420.0,50.0,1.25,62.7337,40.1556
1318,0,1,0,0,0,0,0,420.0,50.0,1.5,66.6498,38.2474
1319,0,1,0,0,0,0,0,420.0,50.0,1.75,70.3216,36.8922
1320,0,1,0,0,0,0,0,420.0,50.0,2.0,73.3732,35.7647
1321,0,1,0,0,0,0,0,420.0,50.0,2.25,76.1181,35.0742
1322,0,1,0,0,0,0,0,420.0,50.0,2.51,78.2101,34.4165
1323,0,1,0,0,0,0,0,420.0,60.0,0.489,57.1475,59.8836
1324,0,1,0,0,0,0,0,420.0,60.0,0.75,62.7461,55.8759
1325,0,1,0,0,0,0,0,420.0,60.0,1.0,67.9402,52.2137
1326,0,1,0,0,0,0,0,420.0,60.0,1.25,72.7497,48.9179
1327,0,1,0,0,0,0,0,420.0,60.0,1.5,77.0565,46.1798
1328,0,1,0,0,0,0,0,420.0,60.0,1.75,81.0221,43.9894
1329,0,1,0,0,0,0,0,420.0,60.0,2.0,84.1017,41.9827
1330,0,1,0,0,0,0,0,420.0,60.0,2.25,86.273,40.1201
1331,0,1,0,0,0,0,0,420.0,60.0,2.51,87.5983,37.9882
1332,0,1,0,0,0,0,0,420.0,70.0,0.489,63.5534,70.2083
1333,0,1,0,0,0,0,0,420.0,70.0,0.75,69.4675,65.6217
1334,0,1,0,0,0,0,0,420.0,70.0,1.0,75.1433,61.4303
1335,0,1,0,0,0,0,0,420.0,70.0,1.25,80.5511,57.2376
1336,0,1,0,0,0,0,0,420.0,70.0,1.5,85.3195,53.3214
1337,0,1,0,0,0,0,0,420.0,70.0,1.75,89.0325,49.5992
1338,0,1,0,0,0,0,0,420.0,70.0,2.0,91.5643,46.0729
1339,0,1,0,0,0,0,0,420.0,70.0,2.25,93.0064,42.7055
1340,0,1,0,0,0,0,0,420.0,70.0,2.51,93.5203,39.4418
1341,0,1,0,0,0,0,0,420.0,80.0,0.489,68.6674,79.8519
1342,0,1,0,0,0,0,0,420.0,80.0,0.75,74.7296,74.5597
1343,0,1,0,0,0,0,0,420.0,80.0,1.0,80.2931,69.437
1344,0,1,0,0,0,0,0,420.0,80.0,1.25,85.7152,64.3028
1345,0,1,0,0,0,0,0,420.0,80.0,1.5,90.0659,58.5689
1346,0,1,0,0,0,0,0,420.0,80.0,1.75,93.0978,53.1049
1347,0,1,0,0,0,0,0,420.0,80.0,2.0,95.1289,47.9798
1348,0,1,0,0,0,0,0,420.0,80.0,2.25,96.1583,43.3967
1349,0,1,0,0,0,0,0,420.0,80.0,2.51,96.4109,39.205
1350,0,1,0,0,0,0,0,420.0,90.0,0.489,72.6507,88.7352
1351,0,1,0,0,0,0,0,420.0,90.0,0.75,78.0738,82.0622
1352,0,1,0,0,0,0,0,420.0,90.0,1.0,82.9688,75.6144
1353,0,1,0,0,0,0,0,420.0,90.0,1.25,87.1456,68.6686
1354,0,1,0,0,0,0,0,420.0,90.0,1.5,90.4449,61.2154
1355,0,1,0,0,0,0,0,420.0,90.0,1.75,92.9781,54.0943
1356,0,1,0,0,0,0,0,420.0,90.0,2.0,94.8845,47.8888
1357,0,1,0,0,0,0,0,420.0,90.0,2.25,95.9001,42.3816
1358,0,1,0,0,0,0,0,420.0,90.0,2.51,96.0477,37.2402
1359,0,1,0,0,0,0,0,420.0,100.0,0.489,74.4804,95.6429
1360,0,1,0,0,0,0,0,420.0,100.0,0.75,78.4625,87.2343
1361,0,1,0,0,0,0,0,420.0,100.0,1.0,82.1245,79.0066
1362,0,1,0,0,0,0,0,420.0,100.0,1.25,85.3582,70.5791
1363,0,1,0,0,0,0,0,420.0,100.0,1.5,87.9084,62.0601
1364,0,1,0,0,0,0,0,420.0,100.0,1.75,89.9338,53.9944
1365,0,1,0,0,0,0,0,420.0,100.0,2.0,91.5577,46.6973
1366,0,1,0,0,0,0,0,420.0,100.0,2.25,92.8894,40.3485
1367,0,1,0,0,0,0,0,420.0,100.0,2.51,93.4926,34.5039
1368,0,1,0,0,0,0,0,420.0,110.0,0.489,74.0775,100.488
1369,0,1,0,0,0,0,0,420.0,110.0,0.75,76.7205,90.4411
1370,0,1,0,0,0,0,0,420.0,110.0,1.0,79.256,80.7532
1371,0,1,0,0,0,0,0,420.0,110.0,1.25,81.6442,71.2376
1372,0,1,0,0,0,0,0,420.0,110.0,1.5,83.4104,61.8922
1373,0,1,0,0,0,0,0,420.0,110.0,1.75,85.0257,53.1625
1374,0,1,0,0,0,0,0,420.0,110.0,2.0,86.5758,45.422
1375,0,1,0,0,0,0,0,420.0,110.0,2.25,88.004,38.3337
1376,0,1,0,0,0,0,0,420.0,110.0,2.51,89.0215,31.8315
1377,0,1,0,0,0,0,0,480.0,30.0,0.489,30.655,29.7124
1378,0,1,0,0,0,0,0,480.0,30.0,0.75,34.1079,26.9396
1379,0,1,0,0,0,0,0,480.0,30.0,1.0,37.2079,24.9392
1380,0,1,0,0,0,0,0,480.0,30.0,1.25,40.4032,23.6323
1381,0,1,0,0,0,0,0,480.0,30.0,1.5,43.5459,22.7111
1382,0,1,0,0,0,0,0,480.0,30.0,1.75,46.4192,22.1381
1383,0,1,0,0,0,0,0,480.0,30.0,2.0,48.9971,21.7678
1384,0,1,0,0,0,0,0,480.0,30.0,2.25,51.4691,21.7722
1385,0,1,0,0,0,0,0,480.0,30.0,2.51,54.2971,22.4845
1386,0,1,0,0,0,0,0,480.0,40.0,0.489,40.9407,40.1242
1387,0,1,0,0,0,0,0,480.0,40.0,0.75,45.0013,37.0858
1388,0,1,0,0,0,0,0,480.0,40.0,1.0,48.6426,34.5761
1389,0,1,0,0,0,0,0,480.0,40.0,1.25,52.1441,32.6552
1390,0,1,0,0,0,0,0,480.0,40.0,1.5,55.6324,31.2797
1391,0,1,0,0,0,0,0,480.0,40.0,1.75,58.7576,30.1083
1392,0,1,0,0,0,0,0,480.0,40.0,2.0,61.5484,29.3149
1393,0,1,0,0,0,0,0,480.0,40.0,2.25,64.183,29.0828
1394,0,1,0,0,0,0,0,480.0,40.0,2.51,66.7262,29.1167
1395,0,1,0,0,0,0,0,480.0,50.0,0.489,50.1493,50.9402
1396,0,1,0,0,0,0,0,480.0,50.0,0.75,55.0247,47.3398
1397,0,1,0,0,0,0,0,480.0,50.0,1.0,59.3692,44.3778
1398,0,1,0,0,0,0,0,480.0,50.0,1.25,63.3754,41.8087
1399,0,1,0,0,0,0,0,480.0,50.0,1.5,67.156,39.6017
1400,0,1,0,0,0,0,0,480.0,50.0,1.75,70.603,37.7596
1401,0,1,0,0,0,0,0,480.0,50.0,2.0,73.5532,36.5392
1402,0,1,0,0,0,0,0,480.0,50.0,2.25,76.1073,35.6049
1403,0,1,0,0,0,0,0,480.0,50.0,2.51,78.053,34.3977
1404,0,1,0,0,0,0,0,480.0,60.0,0.489,57.9975,61.5462
1405,0,1,0,0,0,0,0,480.0,60.0,0.75,63.5554,57.5827
1406,0,1,0,0,0,0,0,480.0,60.0,1.0,68.798,54.0922
1407,0,1,0,0,0,0,0,480.0,60.0,1.25,73.3567,50.5593
1408,0,1,0,0,0,0,0,480.0,60.0,1.5,77.4883,47.5495
1409,0,1,0,0,0,0,0,480.0,60.0,1.75,81.1372,44.9977
1410,0,1,0,0,0,0,0,480.0,60.0,2.0,83.8042,42.4619
1411,0,1,0,0,0,0,0,480.0,60.0,2.25,85.8729,40.1856
1412,0,1,0,0,0,0,0,480.0,60.0,2.51,87.1111,37.7489
1413,0,1,0,0,0,0,0,480.0,70.0,0.489,64.3928,71.8934
1414,0,1,0,0,0,0,0,480.0,70.0,0.75,70.4541,67.4341
1415,0,1,0,0,0,0,0,480.0,70.0,1.0,76.0516,63.1282
1416,0,1,0,0,0,0,0,480.0,70.0,1.25,81.2467,58.8343
1417,0,1,0,0,0,0,0,480.0,70.0,1.5,85.4697,54.6483
1418,0,1,0,0,0,0,0,480.0,70.0,1.75,88.7225,50.3759
1419,0,1,0,0,0,0,0,480.0,70.0,2.0,91.0097,46.23
1420,0,1,0,0,0,0,0,480.0,70.0,2.25,92.4117,42.5338
1421,0,1,0,0,0,0,0,480.0,70.0,2.51,93.1261,39.1388
1422,0,1,0,0,0,0,0,480.0,80.0,0.489,69.3846,81.4154
1423,0,1,0,0,0,0,0,480.0,80.0,0.75,75.5612,76.1725
1424,0,1,0,0,0,0,0,480.0,80.0,1.0,81.11,70.9329
1425,0,1,0,0,0,0,0,480.0,80.0,1.25,85.9679,65.4073
1426,0,1,0,0,0,0,0,480.0,80.0,1.5,89.9874,59.4654
1427,0,1,0,0,0,0,0,480.0,80.0,1.75,92.5803,53.5439
1428,0,1,0,0,0,0,0,480.0,80.0,2.0,94.5925,48.0941
1429,0,1,0,0,0,0,0,480.0,80.0,2.25,95.6413,43.1791
1430,0,1,0,0,0,0,0,480.0,80.0,2.51,95.8608,38.8001
1431,0,1,0,0,0,0,0,480.0,90.0,0.489,72.9118,89.6777
1432,0,1,0,0,0,0,0,480.0,90.0,0.75,78.4124,83.0514
1433,0,1,0,0,0,0,0,480.0,90.0,1.0,83.2226,76.4411
1434,0,1,0,0,0,0,0,480.0,90.0,1.25,87.0637,69.3389
1435,0,1,0,0,0,0,0,480.0,90.0,1.5,90.2263,61.8706
1436,0,1,0,0,0,0,0,480.0,90.0,1.75,92.8049,54.4696
1437,0,1,0,0,0,0,0,480.0,90.0,2.0,94.6107,48.1747
1438,0,1,0,0,0,0,0,480.0,90.0,2.25,95.7716,42.583
1439,0,1,0,0,0,0,0,480.0,90.0,2.51,95.9138,37.3076
1440,0,1,0,0,0,0,0,480.0,100.0,0.489,74.382,96.3192
1441,0,1,0,0,0,0,0,480.0,100.0,0.75,78.5517,87.8917
1442,0,1,0,0,0,0,0,480.0,100.0,1.0,82.1197,79.5375
1443,0,1,0,0,0,0,0,480.0,100.0,1.25,85.2119,71.2521
1444,0,1,0,0,0,0,0,480.0,100.0,1.5,87.852,62.7439
1445,0,1,0,0,0,0,0,480.0,100.0,1.75,90.0223,54.5828
1446,0,1,0,0,0,0,0,480.0,100.0,2.0,91.8356,47.3327
1447,0,1,0,0,0,0,0,480.0,100.0,2.25,92.9927,40.7771
1448,0,1,0,0,0,0,0,480.0,100.0,2.51,93.5842,34.7841
1449,0,1,0,0,0,0,0,480.0,110.0,0.489,74.0529,100.955
1450,0,1,0,0,0,0,0,480.0,110.0,0.75,76.5993,90.8006
1451,0,1,0,0,0,0,0,480.0,110.0,1.0,79.0577,81.3547
1452,0,1,0,0,0,0,0,480.0,110.0,1.25,81.5994,71.9216
1453,0,1,0,0,0,0,0,480.0,110.0,1.5,83.5981,62.649
1454,0,1,0,0,0,0,0,480.0,110.0,1.75,85.3751,54.0432
1455,0,1,0,0,0,0,0,480.0,110.0,2.0,86.8497,45.9882
1456,0,1,0,0,0,0,0,480.0,110.0,2.25,88.2193,38.8483
1457,0,1,0,0,0,0,0,480.0,110.0,2.51,89.3306,32.2913
1458,0,1,0,0,0,0,0,540.0,30.0,0.489,30.7906,31.112
1459,0,1,0,0,0,0,0,540.0,30.0,0.75,34.3825,28.4692
1460,0,1,0,0,0,0,0,540.0,30.0,1.0,37.531,26.2885
1461,0,1,0,0,0,0,0,540.0,30.0,1.25,40.8681,24.9599
1462,0,1,0,0,0,0,0,540.0,30.0,1.5,43.9806,23.8304
1463,0,1,0,0,0,0,0,540.0,30.0,1.75,46.6368,23.0751
1464,0,1,0,0,0,0,0,540.0,30.0,2.0,49.3346,22.5751
1465,0,1,0,0,0,0,0,540.0,30.0,2.25,51.8284,22.474
1466,0,1,0,0,0,0,0,540.0,30.0,2.51,54.5814,22.8984
1467,0,1,0,0,0,0,0,540.0,40.0,0.489,41.0585,41.7137
1468,0,1,0,0,0,0,0,540.0,40.0,0.75,45.1675,38.5461
1469,0,1,0,0,0,0,0,540.0,40.0,1.0,48.9432,36.0898
1470,0,1,0,0,0,0,0,540.0,40.0,1.25,52.5838,34.16
1471,0,1,0,0,0,0,0,540.0,40.0,1.5,55.9021,32.548
1472,0,1,0,0,0,0,0,540.0,40.0,1.75,58.9516,31.0627
1473,0,1,0,0,0,0,0,540.0,40.0,2.0,61.6966,30.0217
1474,0,1,0,0,0,0,0,540.0,40.0,2.25,64.2859,29.6071
1475,0,1,0,0,0,0,0,540.0,40.0,2.51,66.721,29.3814
1476,0,1,0,0,0,0,0,540.0,50.0,0.489,50.4648,52.6264
1477,0,1,0,0,0,0,0,540.0,50.0,0.75,55.3295,48.9769
1478,0,1,0,0,0,0,0,540.0,50.0,1.0,59.8376,45.9581
1479,0,1,0,0,0,0,0,540.0,50.0,1.25,63.8063,43.297
1480,0,1,0,0,0,0,0,540.0,50.0,1.5,67.419,40.9287
1481,0,1,0,0,0,0,0,540.0,50.0,1.75,70.5748,38.6502
1482,0,1,0,0,0,0,0,540.0,50.0,2.0,73.4588,37.126
1483,0,1,0,0,0,0,0,540.0,50.0,2.25,75.7592,35.8933
1484,0,1,0,0,0,0,0,540.0,50.0,2.51,77.5509,34.3328
1485,0,1,0,0,0,0,0,540.0,60.0,0.489,58.5484,63.2675
1486,0,1,0,0,0,0,0,540.0,60.0,0.75,63.9991,59.2476
1487,0,1,0,0,0,0,0,540.0,60.0,1.0,69.2029,55.6609
1488,0,1,0,0,0,0,0,540.0,60.0,1.25,73.7091,52.1855
1489,0,1,0,0,0,0,0,540.0,60.0,1.5,77.6012,48.8541
1490,0,1,0,0,0,0,0,540.0,60.0,1.75,80.6773,45.7753
1491,0,1,0,0,0,0,0,540.0,60.0,2.0,83.0374,42.6728
1492,0,1,0,0,0,0,0,540.0,60.0,2.25,84.9673,40.0445
1493,0,1,0,0,0,0,0,540.0,60.0,2.51,86.1746,37.3387
1494,0,1,0,0,0,0,0,540.0,70.0,0.489,65.0029,73.3531
1495,0,1,0,0,0,0,0,540.0,70.0,0.75,71.0181,68.8975
1496,0,1,0,0,0,0,0,540.0,70.0,1.0,76.5411,64.6101
1497,0,1,0,0,0,0,0,540.0,70.0,1.25,81.5402,60.3674
1498,0,1,0,0,0,0,0,540.0,70.0,1.5,85.2769,55.6809
1499,0,1,0,0,0,0,0,540.0,70.0,1.75,87.9139,50.9411
1500,0,1,0,0,0,0,0,540.0,70.0,2.0,89.7866,46.165
1501,0,1,0,0,0,0,0,540.0,70.0,2.25,91.3584,42.2161
1502,0,1,0,0,0,0,0,540.0,70.0,2.51,92.095,38.6003
1503,0,1,0,0,0,0,0,540.0,80.0,0.489,70.0216,82.6697
1504,0,1,0,0,0,0,0,540.0,80.0,0.75,76.0938,77.3464
1505,0,1,0,0,0,0,0,540.0,80.0,1.0,81.3327,72.081
1506,0,1,0,0,0,0,0,540.0,80.0,1.25,85.8536,66.3604
1507,0,1,0,0,0,0,0,540.0,80.0,1.5,89.3208,60.1227
1508,0,1,0,0,0,0,0,540.0,80.0,1.75,91.5943,53.6756
1509,0,1,0,0,0,0,0,540.0,80.0,2.0,93.3357,48.0403
1510,0,1,0,0,0,0,0,540.0,80.0,2.25,94.5098,42.8957
1511,0,1,0,0,0,0,0,540.0,80.0,2.51,94.8674,38.2712
1512,0,1,0,0,0,0,0,540.0,90.0,0.489,73.0931,90.5092
1513,0,1,0,0,0,0,0,540.0,90.0,0.75,78.3717,83.7808
1514,0,1,0,0,0,0,0,540.0,90.0,1.0,82.9407,77.0018
1515,0,1,0,0,0,0,0,540.0,90.0,1.25,86.65,69.7574
1516,0,1,0,0,0,0,0,540.0,90.0,1.5,89.6346,62.2281
1517,0,1,0,0,0,0,0,540.0,90.0,1.75,92.0927,54.8414
1518,0,1,0,0,0,0,0,540.0,90.0,2.0,93.7841,48.3314
1519,0,1,0,0,0,0,0,540.0,90.0,2.25,94.9833,42.4881
1520,0,1,0,0,0,0,0,540.0,90.0,2.51,95.1954,37.1463
1521,0,1,0,0,0,0,0,540.0,100.0,0.489,74.2119,96.7262
1522,0,1,0,0,0,0,0,540.0,100.0,0.75,78.3216,88.1738
1523,0,1,0,0,0,0,0,540.0,100.0,1.0,81.7295,79.9646
1524,0,1,0,0,0,0,0,540.0,100.0,1.25,84.7792,71.6807
1525,0,1,0,0,0,0,0,540.0,100.0,1.5,87.5435,63.2587
1526,0,1,0,0,0,0,0,540.0,100.0,1.75,89.7985,55.0912
1527,0,1,0,0,0,0,0,540.0,100.0,2.0,91.4184,47.6403
1528,0,1,0,0,0,0,0,540.0,100.0,2.25,92.7322,41.1675
1529,0,1,0,0,0,0,0,540.0,100.0,2.51,93.1837,34.9928
1530,0,1,0,0,0,0,0,540.0,110.0,0.489,73.5472,101.027
1531,0,1,0,0,0,0,0,540.0,110.0,0.75,76.255,91.1694
1532,0,1,0,0,0,0,0,540.0,110.0,1.0,78.8628,81.8045
1533,0,1,0,0,0,0,0,540.0,110.0,1.25,81.3806,72.5111
1534,0,1,0,0,0,0,0,540.0,110.0,1.5,83.5315,63.282
1535,0,1,0,0,0,0,0,540.0,110.0,1.75,85.465,54.7258
1536,0,1,0,0,0,0,0,540.0,110.0,2.0,86.9667,46.5962
1537,0,1,0,0,0,0,0,540.0,110.0,2.25,88.3351,39.3884
1538,0,1,0,0,0,0,0,540.0,110.0,2.51,89.2099,32.799
1539,0,1,0,0,0,0,0,600.0,30.0,0.489,30.8958,32.6694
1540,0,1,0,0,0,0,0,600.0,30.0,0.75,34.5836,29.9842
1541,0,1,0,0,0,0,0,600.0,30.0,1.0,37.9519,27.8618
1542,0,1,0,0,0,0,0,600.0,30.0,1.25,41.2408,26.3526
1543,0,1,0,0,0,0,0,600.0,30.0,1.5,44.2967,25.0867
1544,0,1,0,0,0,0,0,600.0,30.0,1.75,46.9471,24.0802
1545,0,1,0,0,0,0,0,600.0,30.0,2.0,49.556,23.4448
1546,0,1,0,0,0,0,0,600.0,30.0,2.25,52.1687,23.1585
1547,0,1,0,0,0,0,0,600.0,30.0,2.51,54.7444,23.1568
1548,0,1,0,0,0,0,0,600.0,40.0,0.489,41.0801,43.308
1549,0,1,0,0,0,0,0,600.0,40.0,0.75,45.3332,40.1457
1550,0,1,0,0,0,0,0,600.0,40.0,1.0,49.2907,37.6653
1551,0,1,0,0,0,0,0,600.0,40.0,1.25,52.8629,35.5844
1552,0,1,0,0,0,0,0,600.0,40.0,1.5,56.0133,33.6887
1553,0,1,0,0,0,0,0,600.0,40.0,1.75,59.0405,32.0141
1554,0,1,0,0,0,0,0,600.0,40.0,2.0,61.8046,30.8144
1555,0,1,0,0,0,0,0,600.0,40.0,2.25,64.2853,30.0924
1556,0,1,0,0,0,0,0,600.0,40.0,2.51,66.4945,29.456
1557,0,1,0,0,0,0,0,600.0,50.0,0.489,50.5882,54.2157
1558,0,1,0,0,0,0,0,600.0,50.0,0.75,55.415,50.5473
1559,0,1,0,0,0,0,0,600.0,50.0,1.0,59.9008,47.4666
1560,0,1,0,0,0,0,0,600.0,50.0,1.25,63.8663,44.5854
1561,0,1,0,0,0,0,0,600.0,50.0,1.5,67.3129,42.0076
1562,0,1,0,0,0,0,0,600.0,50.0,1.75,70.3027,39.5684
1563,0,1,0,0,0,0,0,600.0,50.0,2.0,72.8677,37.5742
1564,0,1,0,0,0,0,0,600.0,50.0,2.25,75.0793,35.9525
1565,0,1,0,0,0,0,0,600.0,50.0,2.51,76.766,34.0754
1566,0,1,0,0,0,0,0,600.0,60.0,0.489,58.6601,64.7446
1567,0,1,0,0,0,0,0,600.0,60.0,0.75,64.108,60.7353
1568,0,1,0,0,0,0,0,600.0,60.0,1.0,69.0516,56.9881
1569,0,1,0,0,0,0,0,600.0,60.0,1.25,73.5004,53.4695
1570,0,1,0,0,0,0,0,600.0,60.0,1.5,77.2711,49.9134
1571,0,1,0,0,0,0,0,600.0,60.0,1.75,79.9117,46.3582
1572,0,1,0,0,0,0,0,600.0,60.0,2.0,81.9085,42.8011
1573,0,1,0,0,0,0,0,600.0,60.0,2.25,83.6754,39.7902
1574,0,1,0,0,0,0,0,600.0,60.0,2.51,85.0214,36.8466
1575,0,1,0,0,0,0,0,600.0,70.0,0.489,65.2524,74.6206
1576,0,1,0,0,0,0,0,600.0,70.0,0.75,71.0741,70.0359
1577,0,1,0,0,0,0,0,600.0,70.0,1.0,76.4479,65.8163
1578,0,1,0,0,0,0,0,600.0,70.0,1.25,81.0312,61.4609
1579,0,1,0,0,0,0,0,600.0,70.0,1.5,84.5214,56.3959
1580,0,1,0,0,0,0,0,600.0,70.0,1.75,86.8724,51.2165
1581,0,1,0,0,0,0,0,600.0,70.0,2.0,88.3945,46.1779
1582,0,1,0,0,0,0,0,600.0,70.0,2.25,89.7906,41.9194
1583,0,1,0,0,0,0,0,600.0,70.0,2.51,90.4999,37.9919
1584,0,1,0,0,0,0,0,600.0,80.0,0.489,70.2108,83.5172
1585,0,1,0,0,0,0,0,600.0,80.0,0.75,75.9854,78.1594
1586,0,1,0,0,0,0,0,600.0,80.0,1.0,80.9554,72.776
1587,0,1,0,0,0,0,0,600.0,80.0,1.25,85.2344,66.8768
1588,0,1,0,0,0,0,0,600.0,80.0,1.5,88.319,60.4072
1589,0,1,0,0,0,0,0,600.0,80.0,1.75,90.4424,53.911
1590,0,1,0,0,0,0,0,600.0,80.0,2.0,91.7688,47.9313
1591,0,1,0,0,0,0,0,600.0,80.0,2.25,92.8494,42.5534
1592,0,1,0,0,0,0,0,600.0,80.0,2.51,93.5132,37.8086
1593,0,1,0,0,0,0,0,600.0,90.0,0.489,72.8406,91.0523
1594,0,1,0,0,0,0,0,600.0,90.0,0.75,78.0455,84.2416
1595,0,1,0,0,0,0,0,600.0,90.0,1.0,82.2101,77.3383
1596,0,1,0,0,0,0,0,600.0,90.0,1.25,85.7516,69.9601
1597,0,1,0,0,0,0,0,600.0,90.0,1.5,88.5752,62.4429
1598,0,1,0,0,0,0,0,600.0,90.0,1.75,90.7795,55.0767
1599,0,1,0,0,0,0,0,600.0,90.0,2.0,92.4972,48.314
1600,0,1,0,0,0,0,0,600.0,90.0,2.25,93.5923,42.4405
1601,0,1,0,0,0,0,0,600.0,90.0,2.51,94.2466,36.9897
1602,0,1,0,0,0,0,0,600.0,100.0,0.489,73.8956,96.7174
1603,0,1,0,0,0,0,0,600.0,100.0,0.75,77.7033,88.2726
1604,0,1,0,0,0,0,0,600.0,100.0,1.0,81.1653,80.2959
1605,0,1,0,0,0,0,0,600.0,100.0,1.25,84.136,71.9924
1606,0,1,0,0,0,0,0,600.0,100.0,1.5,86.7704,63.6065
1607,0,1,0,0,0,0,0,600.0,100.0,1.75,88.9237,55.425
1608,0,1,0,0,0,0,0,600.0,100.0,2.0,90.5802,47.8985
1609,0,1,0,0,0,0,0,600.0,100.0,2.25,91.842,41.3746
1610,0,1,0,0,0,0,0,600.0,100.0,2.51,92.5706,35.3662
1611,0,1,0,0,0,0,0,600.0,110.0,0.489,72.7468,100.718
1612,0,1,0,0,0,0,0,600.0,110.0,0.75,75.7573,91.3196
1613,0,1,0,0,0,0,0,600.0,110.0,1.0,78.4354,82.1004
1614,0,1,0,0,0,0,0,600.0,110.0,1.25,80.9947,73.0555
1615,0,1,0,0,0,0,0,600.0,110.0,1.5,83.2669,63.9991
1616,0,1,0,0,0,0,0,600.0,110.0,1.75,85.2759,55.3276
1617,0,1,0,0,0,0,0,600.0,110.0,2.0,86.8002,47.239
1618,0,1,0,0,0,0,0,600.0,110.0,2.25,88.0216,40.0133
1619,0,1,0,0,0,0,0,600.0,110.0,2.51,88.8917,33.3477
1620,0,0,1,0,0,0,0,60.0,30.0,0.489,15.7352,25.5878
1621,0,0,1,0,0,0,0,60.0,30.0,0.75,17.9595,21.8613
1622,0,0,1,0,0,0,0,60.0,30.0,1.0,19.65,18.6237
1623,0,0,1,0,0,0,0,60.0,30.0,1.25,21.1309,15.8723
1624,0,0,1,0,0,0,0,60.0,30.0,1.5,22.6423,13.8694
1625,0,0,1,0,0,0,0,60.0,30.0,1.75,24.1987,12.7686
1626,0,0,1,0,0,0,0,60.0,30.0,2.0,25.9205,12.2914
1627,0,0,1,0,0,0,0,60.0,30.0,2.25,27.7407,12.2121
1628,0,0,1,0,0,0,0,60.0,30.0,2.51,29.9675,12.6088
1629,0,0,1,0,0,0,0,60.0,40.0,0.489,26.1994,36.3416
1630,0,0,1,0,0,0,0,60.0,40.0,0.75,29.0164,31.7885
1631,0,0,1,0,0,0,0,60.0,40.0,1.0,31.4744,28.3099
1632,0,0,1,0,0,0,0,60.0,40.0,1.25,33.3982,25.1269
1633,0,0,1,0,0,0,0,60.0,40.0,1.5,35.1318,22.5266
1634,0,0,1,0,0,0,0,60.0,40.0,1.75,36.734,20.673
1635,0,0,1,0,0,0,0,60.0,40.0,2.0,38.2128,19.6736
1636,0,0,1,0,0,0,0,60.0,40.0,2.25,39.9538,19.1382
1637,0,0,1,0,0,0,0,60.0,40.0,2.51,41.974,18.8858
1638,0,0,1,0,0,0,0,60.0,50.0,0.489,35.7668,47.4259
1639,0,0,1,0,0,0,0,60.0,50.0,0.75,39.1701,42.2414
1640,0,0,1,0,0,0,0,60.0,50.0,1.0,42.2021,38.0397
1641,0,0,1,0,0,0,0,60.0,50.0,1.25,44.7447,34.3717
1642,0,0,1,0,0,0,0,60.0,50.0,1.5,46.7606,31.1496
1643,0,0,1,0,0,0,0,60.0,50.0,1.75,48.3348,28.4912
1644,0,0,1,0,0,0,0,60.0,50.0,2.0,49.854,26.6703
1645,0,0,1,0,0,0,0,60.0,50.0,2.25,51.4644,25.3322
1646,0,0,1,0,0,0,0,60.0,50.0,2.51,53.3313,24.4009
1647,0,0,1,0,0,0,0,60.0,60.0,0.489,44.7042,58.6962
1648,0,0,1,0,0,0,0,60.0,60.0,0.75,48.3257,52.8354
1649,0,0,1,0,0,0,0,60.0,60.0,1.0,51.5417,47.6633
1650,0,0,1,0,0,0,0,60.0,60.0,1.25,54.5176,43.1969
1651,0,0,1,0,0,0,0,60.0,60.0,1.5,56.9902,39.1691
1652,0,0,1,0,0,0,0,60.0,60.0,1.75,58.877,35.8105
1653,0,0,1,0,0,0,0,60.0,60.0,2.0,60.5282,32.9253
1654,0,0,1,0,0,0,0,60.0,60.0,2.25,62.1169,30.6341
1655,0,0,1,0,0,0,0,60.0,60.0,2.51,63.6666,28.8823
1656,0,0,1,0,0,0,0,60.0,70.0,0.489,52.7087,70.3038
1657,0,0,1,0,0,0,0,60.0,70.0,0.75,56.5129,63.4825
1658,0,0,1,0,0,0,0,60.0,70.0,1.0,59.8477,57.3397
1659,0,0,1,0,0,0,0,60.0,70.0,1.25,62.7734,51.7499
1660,0,0,1,0,0,0,0,60.0,70.0,1.5,65.6012,46.6777
1661,0,0,1,0,0,0,0,60.0,70.0,1.75,67.9705,42.1436
1662,0,0,1,0,0,0,0,60.0,70.0,2.0,69.944,38.3578
1663,0,0,1,0,0,0,0,60.0,70.0,2.25,71.4468,35.1105
1664,0,0,1,0,0,0,0,60.0,70.0,2.51,72.2926,32.132
1665,0,0,1,0,0,0,0,60.0,80.0,0.489,59.3797,81.4973
1666,0,0,1,0,0,0,0,60.0,80.0,0.75,63.0242,74.0354
1667,0,0,1,0,0,0,0,60.0,80.0,1.0,66.205,66.6585
1668,0,0,1,0,0,0,0,60.0,80.0,1.25,69.6053,59.7151
1669,0,0,1,0,0,0,0,60.0,80.0,1.5,72.5172,53.4647
1670,0,0,1,0,0,0,0,60.0,80.0,1.75,75.1652,47.6271
1671,0,0,1,0,0,0,0,60.0,80.0,2.0,77.1124,42.4608
1672,0,0,1,0,0,0,0,60.0,80.0,2.25,78.2544,38.1502
1673,0,0,1,0,0,0,0,60.0,80.0,2.51,78.2965,34.0933
1674,0,0,1,0,0,0,0,60.0,90.0,0.489,64.7624,92.0506
1675,0,0,1,0,0,0,0,60.0,90.0,0.75,68.4362,83.8057
1676,0,0,1,0,0,0,0,60.0,90.0,1.0,71.7889,75.6982
1677,0,0,1,0,0,0,0,60.0,90.0,1.25,74.8682,67.3025
1678,0,0,1,0,0,0,0,60.0,90.0,1.5,77.5235,59.1743
1679,0,0,1,0,0,0,0,60.0,90.0,1.75,79.6952,51.8725
1680,0,0,1,0,0,0,0,60.0,90.0,2.0,81.2493,45.5568
1681,0,0,1,0,0,0,0,60.0,90.0,2.25,81.7844,39.7255
1682,0,0,1,0,0,0,0,60.0,90.0,2.51,81.2991,34.5222
1683,0,0,1,0,0,0,0,60.0,100.0,0.489,68.9928,101.558
1684,0,0,1,0,0,0,0,60.0,100.0,0.75,72.7354,92.6509
1685,0,0,1,0,0,0,0,60.0,100.0,1.0,75.6219,83.1243
1686,0,0,1,0,0,0,0,60.0,100.0,1.25,77.8427,73.2217
1687,0,0,1,0,0,0,0,60.0,100.0,1.5,79.6376,63.5123
1688,0,0,1,0,0,0,0,60.0,100.0,1.75,81.1188,54.868
1689,0,0,1,0,0,0,0,60.0,100.0,2.0,81.9146,47.099
1690,0,0,1,0,0,0,0,60.0,100.0,2.25,82.0495,40.1808
1691,0,0,1,0,0,0,0,60.0,100.0,2.51,81.4847,33.8755
1692,0,0,1,0,0,0,0,60.0,110.0,0.489,71.9075,109.131
1693,0,0,1,0,0,0,0,60.0,110.0,0.75,74.7064,98.7542
1694,0,0,1,0,0,0,0,60.0,110.0,1.0,76.7286,88.0572
1695,0,0,1,0,0,0,0,60.0,110.0,1.25,78.0833,76.7725
1696,0,0,1,0,0,0,0,60.0,110.0,1.5,79.2391,66.2998
1697,0,0,1,0,0,0,0,60.0,110.0,1.75,80.2611,56.6406
1698,0,0,1,0,0,0,0,60.0,110.0,2.0,80.8232,48.1098
1699,0,0,1,0,0,0,0,60.0,110.0,2.25,80.618,40.3258
1700,0,0,1,0,0,0,0,60.0,110.0,2.51,80.3301,33.3539
1701,0,0,1,0,0,0,0,120.0,30.0,0.489,15.89,25.3637
1702,0,0,1,0,0,0,0,120.0,30.0,0.75,17.9764,21.3543
1703,0,0,1,0,0,0,0,120.0,30.0,1.0,19.5707,18.1537
1704,0,0,1,0,0,0,0,120.0,30.0,1.25,20.8704,15.5061
1705,0,0,1,0,0,0,0,120.0,30.0,1.5,22.3319,13.6891
1706,0,0,1,0,0,0,0,120.0,30.0,1.75,24.1182,12.7432
1707,0,0,1,0,0,0,0,120.0,30.0,2.0,26.1359,12.3341
1708,0,0,1,0,0,0,0,120.0,30.0,2.25,28.0653,12.3973
1709,0,0,1,0,0,0,0,120.0,30.0,2.51,30.367,12.8301
1710,0,0,1,0,0,0,0,120.0,40.0,0.489,26.7651,36.4281
1711,0,0,1,0,0,0,0,120.0,40.0,0.75,29.4232,31.722
1712,0,0,1,0,0,0,0,120.0,40.0,1.0,31.6231,27.9573
1713,0,0,1,0,0,0,0,120.0,40.0,1.25,33.4485,24.7077
1714,0,0,1,0,0,0,0,120.0,40.0,1.5,35.1206,22.2807
1715,0,0,1,0,0,0,0,120.0,40.0,1.75,36.9249,20.7338
1716,0,0,1,0,0,0,0,120.0,40.0,2.0,38.6848,19.8787
1717,0,0,1,0,0,0,0,120.0,40.0,2.25,40.6314,19.415
1718,0,0,1,0,0,0,0,120.0,40.0,2.51,42.7817,19.1855
1719,0,0,1,0,0,0,0,120.0,50.0,0.489,36.7165,47.839
1720,0,0,1,0,0,0,0,120.0,50.0,0.75,40.0363,42.5665
1721,0,0,1,0,0,0,0,120.0,50.0,1.0,42.8879,38.0564
1722,0,0,1,0,0,0,0,120.0,50.0,1.25,45.4247,34.256
1723,0,0,1,0,0,0,0,120.0,50.0,1.5,47.4586,31.0949
1724,0,0,1,0,0,0,0,120.0,50.0,1.75,49.1474,28.5187
1725,0,0,1,0,0,0,0,120.0,50.0,2.0,50.8601,26.8758
1726,0,0,1,0,0,0,0,120.0,50.0,2.25,52.6082,25.6636
1727,0,0,1,0,0,0,0,120.0,50.0,2.51,54.4795,24.8234
1728,0,0,1,0,0,0,0,120.0,60.0,0.489,45.7692,59.4851
1729,0,0,1,0,0,0,0,120.0,60.0,0.75,49.6748,53.6542
1730,0,0,1,0,0,0,0,120.0,60.0,1.0,53.0244,48.4701
1731,0,0,1,0,0,0,0,120.0,60.0,1.25,55.9709,43.7682
1732,0,0,1,0,0,0,0,120.0,60.0,1.5,58.4278,39.566
1733,0,0,1,0,0,0,0,120.0,60.0,1.75,60.3962,35.9318
1734,0,0,1,0,0,0,0,120.0,60.0,2.0,61.9083,33.0856
1735,0,0,1,0,0,0,0,120.0,60.0,2.25,63.5634,30.9067
1736,0,0,1,0,0,0,0,120.0,60.0,2.51,65.1776,29.2997
1737,0,0,1,0,0,0,0,120.0,70.0,0.489,53.8176,71.5385
1738,0,0,1,0,0,0,0,120.0,70.0,0.75,57.8935,64.7534
1739,0,0,1,0,0,0,0,120.0,70.0,1.0,61.6114,58.6516
1740,0,0,1,0,0,0,0,120.0,70.0,1.25,64.6556,52.7098
1741,0,0,1,0,0,0,0,120.0,70.0,1.5,67.5661,47.3559
1742,0,0,1,0,0,0,0,120.0,70.0,1.75,69.8139,42.511
1743,0,0,1,0,0,0,0,120.0,70.0,2.0,71.547,38.3412
1744,0,0,1,0,0,0,0,120.0,70.0,2.25,72.942,34.9315
1745,0,0,1,0,0,0,0,120.0,70.0,2.51,73.8523,32.1139
1746,0,0,1,0,0,0,0,120.0,80.0,0.489,60.5957,83.0449
1747,0,0,1,0,0,0,0,120.0,80.0,0.75,64.494,75.5607
1748,0,0,1,0,0,0,0,120.0,80.0,1.0,67.9906,68.2239
1749,0,0,1,0,0,0,0,120.0,80.0,1.25,71.5485,61.1638
1750,0,0,1,0,0,0,0,120.0,80.0,1.5,74.7236,54.4142
1751,0,0,1,0,0,0,0,120.0,80.0,1.75,77.1944,47.9955
1752,0,0,1,0,0,0,0,120.0,80.0,2.0,78.9528,42.2975
1753,0,0,1,0,0,0,0,120.0,80.0,2.25,79.8544,37.6519
1754,0,0,1,0,0,0,0,120.0,80.0,2.51,79.5866,33.4366
1755,0,0,1,0,0,0,0,120.0,90.0,0.489,65.901,93.7567
1756,0,0,1,0,0,0,0,120.0,90.0,0.75,69.9207,85.67
1757,0,0,1,0,0,0,0,120.0,90.0,1.0,73.4705,77.4922
1758,0,0,1,0,0,0,0,120.0,90.0,1.25,76.7168,68.7576
1759,0,0,1,0,0,0,0,120.0,90.0,1.5,79.605,60.026
1760,0,0,1,0,0,0,0,120.0,90.0,1.75,81.8051,52.0084
1761,0,0,1,0,0,0,0,120.0,90.0,2.0,83.0274,44.941
1762,0,0,1,0,0,0,0,120.0,90.0,2.25,83.1725,38.8834
1763,0,0,1,0,0,0,0,120.0,90.0,2.51,82.4517,33.605
1764,0,0,1,0,0,0,0,120.0,100.0,0.489,69.9638,103.228
1765,0,0,1,0,0,0,0,120.0,100.0,0.75,74.0518,94.5141
1766,0,0,1,0,0,0,0,120.0,100.0,1.0,77.2297,84.9358
1767,0,0,1,0,0,0,0,120.0,100.0,1.25,79.5505,74.4354
1768,0,0,1,0,0,0,0,120.0,100.0,1.5,81.4515,64.0844
1769,0,0,1,0,0,0,0,120.0,100.0,1.75,82.8634,54.6647
1770,0,0,1,0,0,0,0,120.0,100.0,2.0,83.549,46.3749
1771,0,0,1,0,0,0,0,120.0,100.0,2.25,83.4543,39.2458
1772,0,0,1,0,0,0,0,120.0,100.0,2.51,82.7912,32.9265
1773,0,0,1,0,0,0,0,120.0,110.0,0.489,72.844,110.661
1774,0,0,1,0,0,0,0,120.0,110.0,0.75,75.8296,100.278
1775,0,0,1,0,0,0,0,120.0,110.0,1.0,78.0543,89.2797
1776,0,0,1,0,0,0,0,120.0,110.0,1.25,79.6988,77.9012
1777,0,0,1,0,0,0,0,120.0,110.0,1.5,80.8957,66.5748
1778,0,0,1,0,0,0,0,120.0,110.0,1.75,81.7982,56.3758
1779,0,0,1,0,0,0,0,120.0,110.0,2.0,82.015,47.3345
1780,0,0,1,0,0,0,0,120.0,110.0,2.25,81.8296,39.3307
1781,0,0,1,0,0,0,0,120.0,110.0,2.51,81.239,32.0896
1782,0,0,1,0,0,0,0,180.0,30.0,0.489,15.8847,25.1764
1783,0,0,1,0,0,0,0,180.0,30.0,0.75,17.893,21.0349
1784,0,0,1,0,0,0,0,180.0,30.0,1.0,19.3318,17.7264
1785,0,0,1,0,0,0,0,180.0,30.0,1.25,20.6529,15.1737
1786,0,0,1,0,0,0,0,180.0,30.0,1.5,22.1857,13.6751
1787,0,0,1,0,0,0,0,180.0,30.0,1.75,24.0033,12.8983
1788,0,0,1,0,0,0,0,180.0,30.0,2.0,25.9989,12.4836
1789,0,0,1,0,0,0,0,180.0,30.0,2.25,28.2393,12.5398
1790,0,0,1,0,0,0,0,180.0,30.0,2.51,30.4173,12.8651
1791,0,0,1,0,0,0,0,180.0,40.0,0.489,27.0768,36.4259
1792,0,0,1,0,0,0,0,180.0,40.0,0.75,29.4606,31.5822
1793,0,0,1,0,0,0,0,180.0,40.0,1.0,31.6578,27.6731
1794,0,0,1,0,0,0,0,180.0,40.0,1.25,33.4179,24.4715
1795,0,0,1,0,0,0,0,180.0,40.0,1.5,35.0679,22.1597
1796,0,0,1,0,0,0,0,180.0,40.0,1.75,36.985,20.8
1797,0,0,1,0,0,0,0,180.0,40.0,2.0,38.9822,20.0592
1798,0,0,1,0,0,0,0,180.0,40.0,2.25,40.9821,19.614
1799,0,0,1,0,0,0,0,180.0,40.0,2.51,43.2577,19.3325
1800,0,0,1,0,0,0,0,180.0,50.0,0.489,37.3628,48.2389
1801,0,0,1,0,0,0,0,180.0,50.0,0.75,40.6138,42.7369
1802,0,0,1,0,0,0,0,180.0,50.0,1.0,43.3353,38.1455
1803,0,0,1,0,0,0,0,180.0,50.0,1.25,45.7895,34.189
1804,0,0,1,0,0,0,0,180.0,50.0,1.5,47.7962,31.0303
1805,0,0,1,0,0,0,0,180.0,50.0,1.75,49.6351,28.681
1806,0,0,1,0,0,0,0,180.0,50.0,2.0,51.5396,27.1162
1807,0,0,1,0,0,0,0,180.0,50.0,2.25,53.3806,25.8195
1808,0,0,1,0,0,0,0,180.0,50.0,2.51,55.3697,25.0562
1809,0,0,1,0,0,0,0,180.0,60.0,0.489,46.4608,60.2506
1810,0,0,1,0,0,0,0,180.0,60.0,0.75,50.5276,54.2298
1811,0,0,1,0,0,0,0,180.0,60.0,1.0,54.0735,49.046
1812,0,0,1,0,0,0,0,180.0,60.0,1.25,57.1223,44.3024
1813,0,0,1,0,0,0,0,180.0,60.0,1.5,59.4202,39.8701
1814,0,0,1,0,0,0,0,180.0,60.0,1.75,61.3763,36.127
1815,0,0,1,0,0,0,0,180.0,60.0,2.0,63.1216,33.2298
1816,0,0,1,0,0,0,0,180.0,60.0,2.25,64.7557,31.1227
1817,0,0,1,0,0,0,0,180.0,60.0,2.51,66.2428,29.5047
1818,0,0,1,0,0,0,0,180.0,70.0,0.489,54.6245,72.4987
1819,0,0,1,0,0,0,0,180.0,70.0,0.75,58.955,65.8185
1820,0,0,1,0,0,0,0,180.0,70.0,1.0,62.9012,59.7296
1821,0,0,1,0,0,0,0,180.0,70.0,1.25,66.2473,53.7443
1822,0,0,1,0,0,0,0,180.0,70.0,1.5,69.0852,47.9842
1823,0,0,1,0,0,0,0,180.0,70.0,1.75,71.1488,42.7408
1824,0,0,1,0,0,0,0,180.0,70.0,2.0,72.8174,38.2943
1825,0,0,1,0,0,0,0,180.0,70.0,2.25,74.116,34.8123
1826,0,0,1,0,0,0,0,180.0,70.0,2.51,75.046,31.9685
1827,0,0,1,0,0,0,0,180.0,80.0,0.489,61.4278,84.4263
1828,0,0,1,0,0,0,0,180.0,80.0,0.75,65.7049,76.8993
1829,0,0,1,0,0,0,0,180.0,80.0,1.0,69.4257,69.6052
1830,0,0,1,0,0,0,0,180.0,80.0,1.25,73.3119,62.5238
1831,0,0,1,0,0,0,0,180.0,80.0,1.5,76.6008,55.3206
1832,0,0,1,0,0,0,0,180.0,80.0,1.75,78.8613,48.4573
1833,0,0,1,0,0,0,0,180.0,80.0,2.0,80.2485,41.9298
1834,0,0,1,0,0,0,0,180.0,80.0,2.25,80.9252,36.9016
1835,0,0,1,0,0,0,0,180.0,80.0,2.51,80.8452,32.907
1836,0,0,1,0,0,0,0,180.0,90.0,0.489,66.6936,95.1419
1837,0,0,1,0,0,0,0,180.0,90.0,0.75,70.923,87.2503
1838,0,0,1,0,0,0,0,180.0,90.0,1.0,74.9152,79.0082
1839,0,0,1,0,0,0,0,180.0,90.0,1.25,78.4196,70.1674
1840,0,0,1,0,0,0,0,180.0,90.0,1.5,81.3307,61.0062
1841,0,0,1,0,0,0,0,180.0,90.0,1.75,83.5268,52.1866
1842,0,0,1,0,0,0,0,180.0,90.0,2.0,84.5835,44.4884
1843,0,0,1,0,0,0,0,180.0,90.0,2.25,84.3589,38.1131
1844,0,0,1,0,0,0,0,180.0,90.0,2.51,83.5939,32.7851
1845,0,0,1,0,0,0,0,180.0,100.0,0.489,70.7768,104.553
1846,0,0,1,0,0,0,0,180.0,100.0,0.75,74.9169,95.8457
1847,0,0,1,0,0,0,0,180.0,100.0,1.0,78.4228,86.3297
1848,0,0,1,0,0,0,0,180.0,100.0,1.25,81.1258,75.6989
1849,0,0,1,0,0,0,0,180.0,100.0,1.5,82.9936,64.6417
1850,0,0,1,0,0,0,0,180.0,100.0,1.75,84.326,54.4203
1851,0,0,1,0,0,0,0,180.0,100.0,2.0,84.8966,45.7529
1852,0,0,1,0,0,0,0,180.0,100.0,2.25,84.712,38.3841
1853,0,0,1,0,0,0,0,180.0,100.0,2.51,83.8907,31.9487
1854,0,0,1,0,0,0,0,180.0,110.0,0.489,73.4354,111.778
1855,0,0,1,0,0,0,0,180.0,110.0,0.75,76.7051,101.475
1856,0,0,1,0,0,0,0,180.0,110.0,1.0,79.1113,90.3402
1857,0,0,1,0,0,0,0,180.0,110.0,1.25,81.0043,78.7831
1858,0,0,1,0,0,0,0,180.0,110.0,1.5,82.238,67.1741
1859,0,0,1,0,0,0,0,180.0,110.0,1.75,82.9195,56.1779
1860,0,0,1,0,0,0,0,180.0,110.0,2.0,83.1645,46.6868
1861,0,0,1,0,0,0,0,180.0,110.0,2.25,82.8572,38.3947
1862,0,0,1,0,0,0,0,180.0,110.0,2.51,82.1519,31.0211
1863,0,0,1,0,0,0,0,240.0,30.0,0.489,15.7765,25.1182
1864,0,0,1,0,0,0,0,240.0,30.0,0.75,17.685,20.8101
1865,0,0,1,0,0,0,0,240.0,30.0,1.0,18.9782,17.3047
1866,0,0,1,0,0,0,0,240.0,30.0,1.25,20.4104,15.0249
1867,0,0,1,0,0,0,0,240.0,30.0,1.5,22.0239,13.6696
1868,0,0,1,0,0,0,0,240.0,30.0,1.75,23.6906,13.0229
1869,0,0,1,0,0,0,0,240.0,30.0,2.0,25.7871,12.6948
1870,0,0,1,0,0,0,0,240.0,30.0,2.25,27.9886,12.6185
1871,0,0,1,0,0,0,0,240.0,30.0,2.51,30.2951,12.7942
1872,0,0,1,0,0,0,0,240.0,40.0,0.489,27.1135,36.4789
1873,0,0,1,0,0,0,0,240.0,40.0,0.75,29.5042,31.5619
1874,0,0,1,0,0,0,0,240.0,40.0,1.0,31.5638,27.515
1875,0,0,1,0,0,0,0,240.0,40.0,1.25,33.2499,24.2694
1876,0,0,1,0,0,0,0,240.0,40.0,1.5,35.0071,22.2234
1877,0,0,1,0,0,0,0,240.0,40.0,1.75,36.7935,20.9077
1878,0,0,1,0,0,0,0,240.0,40.0,2.0,38.863,20.1723
1879,0,0,1,0,0,0,0,240.0,40.0,2.25,40.9418,19.6596
1880,0,0,1,0,0,0,0,240.0,40.0,2.51,43.3423,19.3554
1881,0,0,1,0,0,0,0,240.0,50.0,0.489,37.6846,48.488
1882,0,0,1,0,0,0,0,240.0,50.0,0.75,40.81,42.956
1883,0,0,1,0,0,0,0,240.0,50.0,1.0,43.5351,38.1889
1884,0,0,1,0,0,0,0,240.0,50.0,1.25,46.0103,34.1628
1885,0,0,1,0,0,0,0,240.0,50.0,1.5,47.9192,31.082
1886,0,0,1,0,0,0,0,240.0,50.0,1.75,49.7581,28.8667
1887,0,0,1,0,0,0,0,240.0,50.0,2.0,51.7078,27.2323
1888,0,0,1,0,0,0,0,240.0,50.0,2.25,53.7974,25.9283
1889,0,0,1,0,0,0,0,240.0,50.0,2.51,55.8444,24.9943
1890,0,0,1,0,0,0,0,240.0,60.0,0.489,46.9667,60.9697
1891,0,0,1,0,0,0,0,240.0,60.0,0.75,51.0492,54.829
1892,0,0,1,0,0,0,0,240.0,60.0,1.0,54.6197,49.4785
1893,0,0,1,0,0,0,0,240.0,60.0,1.25,57.7691,44.6442
1894,0,0,1,0,0,0,0,240.0,60.0,1.5,60.0174,40.1117
1895,0,0,1,0,0,0,0,240.0,60.0,1.75,61.8151,36.3186
1896,0,0,1,0,0,0,0,240.0,60.0,2.0,63.7792,33.3212
1897,0,0,1,0,0,0,0,240.0,60.0,2.25,65.3534,31.0731
1898,0,0,1,0,0,0,0,240.0,60.0,2.51,66.936,29.2897
1899,0,0,1,0,0,0,0,240.0,70.0,0.489,55.0728,73.4504
1900,0,0,1,0,0,0,0,240.0,70.0,0.75,59.6478,66.7558
1901,0,0,1,0,0,0,0,240.0,70.0,1.0,63.7178,60.5304
1902,0,0,1,0,0,0,0,240.0,70.0,1.25,67.3282,54.6377
1903,0,0,1,0,0,0,0,240.0,70.0,1.5,70.0922,48.5125
1904,0,0,1,0,0,0,0,240.0,70.0,1.75,72.1012,42.946
1905,0,0,1,0,0,0,0,240.0,70.0,2.0,73.6191,38.288
1906,0,0,1,0,0,0,0,240.0,70.0,2.25,74.8477,34.5597
1907,0,0,1,0,0,0,0,240.0,70.0,2.51,75.7536,31.5548
1908,0,0,1,0,0,0,0,240.0,80.0,0.489,62.0169,85.6315
1909,0,0,1,0,0,0,0,240.0,80.0,0.75,66.5069,78.1811
1910,0,0,1,0,0,0,0,240.0,80.0,1.0,70.6437,70.8632
1911,0,0,1,0,0,0,0,240.0,80.0,1.25,74.4678,63.4569
1912,0,0,1,0,0,0,0,240.0,80.0,1.5,77.962,56.113
1913,0,0,1,0,0,0,0,240.0,80.0,1.75,80.0323,48.6589
1914,0,0,1,0,0,0,0,240.0,80.0,2.0,81.2966,41.9044
1915,0,0,1,0,0,0,0,240.0,80.0,2.25,81.8523,36.5671
1916,0,0,1,0,0,0,0,240.0,80.0,2.51,81.847,32.4955
1917,0,0,1,0,0,0,0,240.0,90.0,0.489,67.3669,96.4015
1918,0,0,1,0,0,0,0,240.0,90.0,0.75,71.6513,88.4577
1919,0,0,1,0,0,0,0,240.0,90.0,1.0,75.8539,80.1096
1920,0,0,1,0,0,0,0,240.0,90.0,1.25,79.7264,71.3087
1921,0,0,1,0,0,0,0,240.0,90.0,1.5,82.6706,61.9242
1922,0,0,1,0,0,0,0,240.0,90.0,1.75,84.5753,52.3796
1923,0,0,1,0,0,0,0,240.0,90.0,2.0,85.629,44.2123
1924,0,0,1,0,0,0,0,240.0,90.0,2.25,85.4621,37.4872
1925,0,0,1,0,0,0,0,240.0,90.0,2.51,84.7559,32.1782
1926,0,0,1,0,0,0,0,240.0,100.0,0.489,71.4409,105.599
1927,0,0,1,0,0,0,0,240.0,100.0,0.75,75.5118,96.7126
1928,0,0,1,0,0,0,0,240.0,100.0,1.0,79.1713,87.2869
1929,0,0,1,0,0,0,0,240.0,100.0,1.25,82.1632,76.5794
1930,0,0,1,0,0,0,0,240.0,100.0,1.5,84.1648,65.387
1931,0,0,1,0,0,0,0,240.0,100.0,1.75,85.5236,54.6075
1932,0,0,1,0,0,0,0,240.0,100.0,2.0,86.0901,45.4022
1933,0,0,1,0,0,0,0,240.0,100.0,2.25,85.7859,37.7502
1934,0,0,1,0,0,0,0,240.0,100.0,2.51,84.7542,31.037
1935,0,0,1,0,0,0,0,240.0,110.0,0.489,73.7859,112.45
1936,0,0,1,0,0,0,0,240.0,110.0,0.75,77.1876,102.335
1937,0,0,1,0,0,0,0,240.0,110.0,1.0,79.8502,91.2047
1938,0,0,1,0,0,0,0,240.0,110.0,1.25,81.8376,79.4832
1939,0,0,1,0,0,0,0,240.0,110.0,1.5,83.2607,67.7198
1940,0,0,1,0,0,0,0,240.0,110.0,1.75,83.8144,56.3147
1941,0,0,1,0,0,0,0,240.0,110.0,2.0,83.9621,46.1554
1942,0,0,1,0,0,0,0,240.0,110.0,2.25,83.6983,37.731
1943,0,0,1,0,0,0,0,240.0,110.0,2.51,83.0206,30.2239
1944,0,0,1,0,0,0,0,300.0,30.0,0.489,15.6118,24.9992
1945,0,0,1,0,0,0,0,300.0,30.0,0.75,17.3562,20.4919
1946,0,0,1,0,0,0,0,300.0,30.0,1.0,18.7763,17.1567
1947,0,0,1,0,0,0,0,300.0,30.0,1.25,20.16,14.9211
1948,0,0,1,0,0,0,0,300.0,30.0,1.5,21.7154,13.6119
1949,0,0,1,0,0,0,0,300.0,30.0,1.75,23.39,13.0387
1950,0,0,1,0,0,0,0,300.0,30.0,2.0,25.3358,12.6861
1951,0,0,1,0,0,0,0,300.0,30.0,2.25,27.5157,12.49
1952,0,0,1,0,0,0,0,300.0,30.0,2.51,29.9324,12.6379
1953,0,0,1,0,0,0,0,300.0,40.0,0.489,27.0501,36.6518
1954,0,0,1,0,0,0,0,300.0,40.0,0.75,29.3639,31.4785
1955,0,0,1,0,0,0,0,300.0,40.0,1.0,31.2969,27.3233
1956,0,0,1,0,0,0,0,300.0,40.0,1.25,33.0118,24.191
1957,0,0,1,0,0,0,0,300.0,40.0,1.5,34.8315,22.3503
1958,0,0,1,0,0,0,0,300.0,40.0,1.75,36.5441,21.0407
1959,0,0,1,0,0,0,0,300.0,40.0,2.0,38.46,20.1782
1960,0,0,1,0,0,0,0,300.0,40.0,2.25,40.6339,19.5758
1961,0,0,1,0,0,0,0,300.0,40.0,2.51,43.1864,19.1795
1962,0,0,1,0,0,0,0,300.0,50.0,0.489,37.6124,48.8257
1963,0,0,1,0,0,0,0,300.0,50.0,0.75,40.786,43.2469
1964,0,0,1,0,0,0,0,300.0,50.0,1.0,43.4947,38.3694
1965,0,0,1,0,0,0,0,300.0,50.0,1.25,45.8982,34.2768
1966,0,0,1,0,0,0,0,300.0,50.0,1.5,47.7629,31.1089
1967,0,0,1,0,0,0,0,300.0,50.0,1.75,49.541,28.9145
1968,0,0,1,0,0,0,0,300.0,50.0,2.0,51.4211,27.1951
1969,0,0,1,0,0,0,0,300.0,50.0,2.25,53.6064,25.7643
1970,0,0,1,0,0,0,0,300.0,50.0,2.51,55.8222,24.6255
1971,0,0,1,0,0,0,0,300.0,60.0,0.489,47.0771,61.4608
1972,0,0,1,0,0,0,0,300.0,60.0,0.75,51.1459,55.3262
1973,0,0,1,0,0,0,0,300.0,60.0,1.0,54.7503,49.8345
1974,0,0,1,0,0,0,0,300.0,60.0,1.25,57.725,44.7984
1975,0,0,1,0,0,0,0,300.0,60.0,1.5,59.9676,40.0802
1976,0,0,1,0,0,0,0,300.0,60.0,1.75,61.8463,36.3344
1977,0,0,1,0,0,0,0,300.0,60.0,2.0,63.5521,33.2568
1978,0,0,1,0,0,0,0,300.0,60.0,2.25,65.3611,30.6785
1979,0,0,1,0,0,0,0,300.0,60.0,2.51,67.261,28.8227
1980,0,0,1,0,0,0,0,300.0,70.0,0.489,55.2207,74.242
1981,0,0,1,0,0,0,0,300.0,70.0,0.75,59.8107,67.4237
1982,0,0,1,0,0,0,0,300.0,70.0,1.0,63.952,61.0838
1983,0,0,1,0,0,0,0,300.0,70.0,1.25,67.6817,54.9736
1984,0,0,1,0,0,0,0,300.0,70.0,1.5,70.4653,48.9169
1985,0,0,1,0,0,0,0,300.0,70.0,1.75,72.5234,43.216
1986,0,0,1,0,0,0,0,300.0,70.0,2.0,74.133,38.4325
1987,0,0,1,0,0,0,0,300.0,70.0,2.25,75.2283,34.3108
1988,0,0,1,0,0,0,0,300.0,70.0,2.51,76.1247,31.075
1989,0,0,1,0,0,0,0,300.0,80.0,0.489,62.2733,86.4972
1990,0,0,1,0,0,0,0,300.0,80.0,0.75,66.987,79.1931
1991,0,0,1,0,0,0,0,300.0,80.0,1.0,71.3159,71.6918
1992,0,0,1,0,0,0,0,300.0,80.0,1.25,75.3005,64.1963
1993,0,0,1,0,0,0,0,300.0,80.0,1.5,78.5272,56.5343
1994,0,0,1,0,0,0,0,300.0,80.0,1.75,80.629,48.7514
1995,0,0,1,0,0,0,0,300.0,80.0,2.0,81.8078,42.1244
1996,0,0,1,0,0,0,0,300.0,80.0,2.25,82.4705,36.5699
1997,0,0,1,0,0,0,0,300.0,80.0,2.51,82.6082,32.1143
1998,0,0,1,0,0,0,0,300.0,90.0,0.489,67.8114,97.3449
1999,0,0,1,0,0,0,0,300.0,90.0,0.75,72.2162,89.2251
2000,0,0,1,0,0,0,0,300.0,90.0,1.0,76.4312,80.902
2001,0,0,1,0,0,0,0,300.0,90.0,1.25,80.4094,71.9795
2002,0,0,1,0,0,0,0,300.0,90.0,1.5,83.4158,62.3358
2003,0,0,1,0,0,0,0,300.0,90.0,1.75,85.2065,52.7462
2004,0,0,1,0,0,0,0,300.0,90.0,2.0,86.2564,44.2318
2005,0,0,1,0,0,0,0,300.0,90.0,2.25,86.3887,37.3448
2006,0,0,1,0,0,0,0,300.0,90.0,2.51,85.6182,31.7204
2007,0,0,1,0,0,0,0,300.0,100.0,0.489,71.7918,106.324
2008,0,0,1,0,0,0,0,300.0,100.0,0.75,75.9915,97.346
2009,0,0,1,0,0,0,0,300.0,100.0,1.0,79.6558,87.7879
2010,0,0,1,0,0,0,0,300.0,100.0,1.25,82.7408,77.1753
2011,0,0,1,0,0,0,0,300.0,100.0,1.5,84.9252,66.0405
2012,0,0,1,0,0,0,0,300.0,100.0,1.75,86.3403,54.9887
2013,0,0,1,0,0,0,0,300.0,100.0,2.0,86.8473,45.4035
2014,0,0,1,0,0,0,0,300.0,100.0,2.25,86.4552,37.3552
2015,0,0,1,0,0,0,0,300.0,100.0,2.51,85.6195,30.5962
2016,0,0,1,0,0,0,0,300.0,110.0,0.489,73.8424,112.9
2017,0,0,1,0,0,0,0,300.0,110.0,0.75,77.3366,102.712
2018,0,0,1,0,0,0,0,300.0,110.0,1.0,80.1642,91.7703
2019,0,0,1,0,0,0,0,300.0,110.0,1.25,82.2985,80.0265
2020,0,0,1,0,0,0,0,300.0,110.0,1.5,83.7012,67.9542
2021,0,0,1,0,0,0,0,300.0,110.0,1.75,84.4285,56.6035
2022,0,0,1,0,0,0,0,300.0,110.0,2.0,84.4775,46.1516
2023,0,0,1,0,0,0,0,300.0,110.0,2.25,84.271,37.336
2024,0,0,1,0,0,0,0,300.0,110.0,2.51,83.7112,29.7952
2025,0,0,1,0,0,0,0,360.0,30.0,0.489,15.2968,24.9743
2026,0,0,1,0,0,0,0,360.0,30.0,0.75,17.0707,20.5485
2027,0,0,1,0,0,0,0,360.0,30.0,1.0,18.5678,17.2638
2028,0,0,1,0,0,0,0,360.0,30.0,1.25,19.8588,15.0078
2029,0,0,1,0,0,0,0,360.0,30.0,1.5,21.289,13.6124
2030,0,0,1,0,0,0,0,360.0,30.0,1.75,22.9399,12.8644
2031,0,0,1,0,0,0,0,360.0,30.0,2.0,24.757,12.4518
2032,0,0,1,0,0,0,0,360.0,30.0,2.25,26.9238,12.3502
2033,0,0,1,0,0,0,0,360.0,30.0,2.51,29.5162,12.3555
2034,0,0,1,0,0,0,0,360.0,40.0,0.489,26.8864,36.8503
2035,0,0,1,0,0,0,0,360.0,40.0,0.75,29.1758,31.6069
2036,0,0,1,0,0,0,0,360.0,40.0,1.0,31.0332,27.3624
2037,0,0,1,0,0,0,0,360.0,40.0,1.25,32.7651,24.3093
2038,0,0,1,0,0,0,0,360.0,40.0,1.5,34.39,22.3996
2039,0,0,1,0,0,0,0,360.0,40.0,1.75,36.1047,20.9712
2040,0,0,1,0,0,0,0,360.0,40.0,2.0,38.0062,20.0593
2041,0,0,1,0,0,0,0,360.0,40.0,2.25,40.0357,19.299
2042,0,0,1,0,0,0,0,360.0,40.0,2.51,42.8291,18.7806
2043,0,0,1,0,0,0,0,360.0,50.0,0.489,37.4626,49.1962
2044,0,0,1,0,0,0,0,360.0,50.0,0.75,40.6348,43.5567
2045,0,0,1,0,0,0,0,360.0,50.0,1.0,43.2349,38.6291
2046,0,0,1,0,0,0,0,360.0,50.0,1.25,45.449,34.3825
2047,0,0,1,0,0,0,0,360.0,50.0,1.5,47.4843,31.2526
2048,0,0,1,0,0,0,0,360.0,50.0,1.75,49.2292,28.9277
2049,0,0,1,0,0,0,0,360.0,50.0,2.0,50.7596,26.9387
2050,0,0,1,0,0,0,0,360.0,50.0,2.25,52.9513,25.3305
2051,0,0,1,0,0,0,0,360.0,50.0,2.51,55.5601,24.2065
2052,0,0,1,0,0,0,0,360.0,60.0,0.489,46.9146,61.9391
2053,0,0,1,0,0,0,0,360.0,60.0,0.75,50.8508,55.6931
2054,0,0,1,0,0,0,0,360.0,60.0,1.0,54.3746,50.232
2055,0,0,1,0,0,0,0,360.0,60.0,1.25,57.2263,44.8904
2056,0,0,1,0,0,0,0,360.0,60.0,1.5,59.4857,40.1345
2057,0,0,1,0,0,0,0,360.0,60.0,1.75,61.3709,36.3376
2058,0,0,1,0,0,0,0,360.0,60.0,2.0,63.0594,33.0314
2059,0,0,1,0,0,0,0,360.0,60.0,2.25,64.8564,30.2343
2060,0,0,1,0,0,0,0,360.0,60.0,2.51,67.0661,28.3266
2061,0,0,1,0,0,0,0,360.0,70.0,0.489,54.8948,74.6574
2062,0,0,1,0,0,0,0,360.0,70.0,0.75,59.5737,67.9368
2063,0,0,1,0,0,0,0,360.0,70.0,1.0,63.6476,61.4284
2064,0,0,1,0,0,0,0,360.0,70.0,1.25,67.3522,55.1535
2065,0,0,1,0,0,0,0,360.0,70.0,1.5,70.2278,49.0191
2066,0,0,1,0,0,0,0,360.0,70.0,1.75,72.4413,43.4084
2067,0,0,1,0,0,0,0,360.0,70.0,2.0,74.1666,38.4949
2068,0,0,1,0,0,0,0,360.0,70.0,2.25,75.3341,34.298
2069,0,0,1,0,0,0,0,360.0,70.0,2.51,76.242,30.7713
2070,0,0,1,0,0,0,0,360.0,80.0,0.489,62.0331,86.9537
2071,0,0,1,0,0,0,0,360.0,80.0,0.75,66.8062,79.5218
2072,0,0,1,0,0,0,0,360.0,80.0,1.0,71.2031,72.182
2073,0,0,1,0,0,0,0,360.0,80.0,1.25,75.2269,64.5857
2074,0,0,1,0,0,0,0,360.0,80.0,1.5,78.4605,56.7504
2075,0,0,1,0,0,0,0,360.0,80.0,1.75,80.617,49.0364
2076,0,0,1,0,0,0,0,360.0,80.0,2.0,82.0378,42.3653
2077,0,0,1,0,0,0,0,360.0,80.0,2.25,82.7179,36.6271
2078,0,0,1,0,0,0,0,360.0,80.0,2.51,82.9342,31.8897
2079,0,0,1,0,0,0,0,360.0,90.0,0.489,67.9189,97.9632
2080,0,0,1,0,0,0,0,360.0,90.0,0.75,72.4954,89.7652
2081,0,0,1,0,0,0,0,360.0,90.0,1.0,76.6339,81.3435
2082,0,0,1,0,0,0,0,360.0,90.0,1.25,80.3757,71.9826
2083,0,0,1,0,0,0,0,360.0,90.0,1.5,83.3548,62.4557
2084,0,0,1,0,0,0,0,360.0,90.0,1.75,85.3898,53.1191
2085,0,0,1,0,0,0,0,360.0,90.0,2.0,86.5949,44.6152
2086,0,0,1,0,0,0,0,360.0,90.0,2.25,86.8568,37.606
2087,0,0,1,0,0,0,0,360.0,90.0,2.51,86.1891,31.5774
2088,0,0,1,0,0,0,0,360.0,100.0,0.489,71.6646,106.645
2089,0,0,1,0,0,0,0,360.0,100.0,0.75,75.9308,97.5475
2090,0,0,1,0,0,0,0,360.0,100.0,1.0,79.6442,87.8656
2091,0,0,1,0,0,0,0,360.0,100.0,1.25,82.7204,77.3123
2092,0,0,1,0,0,0,0,360.0,100.0,1.5,85.1057,66.2129
2093,0,0,1,0,0,0,0,360.0,100.0,1.75,86.6421,55.5321
2094,0,0,1,0,0,0,0,360.0,100.0,2.0,87.1304,45.7598
2095,0,0,1,0,0,0,0,360.0,100.0,2.25,86.9288,37.3273
2096,0,0,1,0,0,0,0,360.0,100.0,2.51,86.2812,30.639
2097,0,0,1,0,0,0,0,360.0,110.0,0.489,73.621,113.039
2098,0,0,1,0,0,0,0,360.0,110.0,0.75,77.1056,102.596
2099,0,0,1,0,0,0,0,360.0,110.0,1.0,79.9999,91.7486
2100,0,0,1,0,0,0,0,360.0,110.0,1.25,82.1539,80.0922
2101,0,0,1,0,0,0,0,360.0,110.0,1.5,83.6373,68.0919
2102,0,0,1,0,0,0,0,360.0,110.0,1.75,84.4781,56.8689
2103,0,0,1,0,0,0,0,360.0,110.0,2.0,84.6331,46.4717
2104,0,0,1,0,0,0,0,360.0,110.0,2.25,84.5047,37.2852
2105,0,0,1,0,0,0,0,360.0,110.0,2.51,84.1869,29.7168
2106,0,0,1,0,0,0,0,420.0,30.0,0.489,14.9915,25.2714
2107,0,0,1,0,0,0,0,420.0,30.0,0.75,16.8029,20.9701
2108,0,0,1,0,0,0,0,420.0,30.0,1.0,18.309,17.6963
2109,0,0,1,0,0,0,0,420.0,30.0,1.25,19.6404,15.355
2110,0,0,1,0,0,0,0,420.0,30.0,1.5,21.0369,13.7878
2111,0,0,1,0,0,0,0,420.0,30.0,1.75,22.5026,12.783
2112,0,0,1,0,0,0,0,420.0,30.0,2.0,24.329,12.2589
2113,0,0,1,0,0,0,0,420.0,30.0,2.25,26.3724,12.041
2114,0,0,1,0,0,0,0,420.0,30.0,2.51,28.8803,11.8933
2115,0,0,1,0,0,0,0,420.0,40.0,0.489,26.5819,37.094
2116,0,0,1,0,0,0,0,420.0,40.0,0.75,28.9744,32.0501
2117,0,0,1,0,0,0,0,420.0,40.0,1.0,30.8964,27.9648
2118,0,0,1,0,0,0,0,420.0,40.0,1.25,32.5326,24.8033
2119,0,0,1,0,0,0,0,420.0,40.0,1.5,34.0698,22.5356
2120,0,0,1,0,0,0,0,420.0,40.0,1.75,35.6943,20.9623
2121,0,0,1,0,0,0,0,420.0,40.0,2.0,37.3138,19.7019
2122,0,0,1,0,0,0,0,420.0,40.0,2.25,39.2753,18.7304
2123,0,0,1,0,0,0,0,420.0,40.0,2.51,42.0095,18.0769
2124,0,0,1,0,0,0,0,420.0,50.0,0.489,37.1729,49.6083
2125,0,0,1,0,0,0,0,420.0,50.0,0.75,40.3016,43.8673
2126,0,0,1,0,0,0,0,420.0,50.0,1.0,42.7984,38.9597
2127,0,0,1,0,0,0,0,420.0,50.0,1.25,44.9361,34.6749
2128,0,0,1,0,0,0,0,420.0,50.0,1.5,46.9049,31.4565
2129,0,0,1,0,0,0,0,420.0,50.0,1.75,48.5102,28.7702
2130,0,0,1,0,0,0,0,420.0,50.0,2.0,50.0183,26.5627
2131,0,0,1,0,0,0,0,420.0,50.0,2.25,51.9865,24.6779
2132,0,0,1,0,0,0,0,420.0,50.0,2.51,54.9718,23.579
2133,0,0,1,0,0,0,0,420.0,60.0,0.489,46.3298,62.2773
2134,0,0,1,0,0,0,0,420.0,60.0,0.75,50.2202,56.0284
2135,0,0,1,0,0,0,0,420.0,60.0,1.0,53.4775,50.2927
2136,0,0,1,0,0,0,0,420.0,60.0,1.25,56.3794,44.8926
2137,0,0,1,0,0,0,0,420.0,60.0,1.5,58.6134,40.3159
2138,0,0,1,0,0,0,0,420.0,60.0,1.75,60.7205,36.3738
2139,0,0,1,0,0,0,0,420.0,60.0,2.0,62.4743,32.9121
2140,0,0,1,0,0,0,0,420.0,60.0,2.25,64.4552,30.0949
2141,0,0,1,0,0,0,0,420.0,60.0,2.51,66.7017,27.912
2142,0,0,1,0,0,0,0,420.0,70.0,0.489,54.2386,74.7675
2143,0,0,1,0,0,0,0,420.0,70.0,0.75,58.5886,68.0086
2144,0,0,1,0,0,0,0,420.0,70.0,1.0,62.7689,61.6084
2145,0,0,1,0,0,0,0,420.0,70.0,1.25,66.4007,55.2072
2146,0,0,1,0,0,0,0,420.0,70.0,1.5,69.4504,48.9957
2147,0,0,1,0,0,0,0,420.0,70.0,1.75,71.8074,43.5421
2148,0,0,1,0,0,0,0,420.0,70.0,2.0,73.7762,38.584
2149,0,0,1,0,0,0,0,420.0,70.0,2.25,75.1521,34.2397
2150,0,0,1,0,0,0,0,420.0,70.0,2.51,76.1448,30.5576
2151,0,0,1,0,0,0,0,420.0,80.0,0.489,61.3749,86.988
2152,0,0,1,0,0,0,0,420.0,80.0,0.75,66.1928,79.5226
2153,0,0,1,0,0,0,0,420.0,80.0,1.0,70.393,72.2439
2154,0,0,1,0,0,0,0,420.0,80.0,1.25,74.3729,64.5453
2155,0,0,1,0,0,0,0,420.0,80.0,1.5,77.7286,56.7103
2156,0,0,1,0,0,0,0,420.0,80.0,1.75,80.197,49.3415
2157,0,0,1,0,0,0,0,420.0,80.0,2.0,81.8436,42.7081
2158,0,0,1,0,0,0,0,420.0,80.0,2.25,82.6902,36.8117
2159,0,0,1,0,0,0,0,420.0,80.0,2.51,82.9217,31.6912
2160,0,0,1,0,0,0,0,420.0,90.0,0.489,67.4914,98.0574
2161,0,0,1,0,0,0,0,420.0,90.0,0.75,72.1258,89.8488
2162,0,0,1,0,0,0,0,420.0,90.0,1.0,76.2721,81.2237
2163,0,0,1,0,0,0,0,420.0,90.0,1.25,79.9501,71.9375
2164,0,0,1,0,0,0,0,420.0,90.0,1.5,82.8839,62.4989
2165,0,0,1,0,0,0,0,420.0,90.0,1.75,84.9762,53.4767
2166,0,0,1,0,0,0,0,420.0,90.0,2.0,86.3734,45.2044
2167,0,0,1,0,0,0,0,420.0,90.0,2.25,86.8104,38.0113
2168,0,0,1,0,0,0,0,420.0,90.0,2.51,86.3569,31.7523
2169,0,0,1,0,0,0,0,420.0,100.0,0.489,71.149,106.578
2170,0,0,1,0,0,0,0,420.0,100.0,0.75,75.3955,97.2937
2171,0,0,1,0,0,0,0,420.0,100.0,1.0,79.2306,87.5542
2172,0,0,1,0,0,0,0,420.0,100.0,1.25,82.229,76.974
2173,0,0,1,0,0,0,0,420.0,100.0,1.5,84.6266,66.3826
2174,0,0,1,0,0,0,0,420.0,100.0,1.75,86.3478,56.0154
2175,0,0,1,0,0,0,0,420.0,100.0,2.0,87.0806,46.4601
2176,0,0,1,0,0,0,0,420.0,100.0,2.25,87.0815,37.9188
2177,0,0,1,0,0,0,0,420.0,100.0,2.51,86.7029,31.074
2178,0,0,1,0,0,0,0,420.0,110.0,0.489,73.1921,112.815
2179,0,0,1,0,0,0,0,420.0,110.0,0.75,76.5462,102.227
2180,0,0,1,0,0,0,0,420.0,110.0,1.0,79.2689,91.3143
2181,0,0,1,0,0,0,0,420.0,110.0,1.25,81.5415,79.9117
2182,0,0,1,0,0,0,0,420.0,110.0,1.5,83.1741,68.2213
2183,0,0,1,0,0,0,0,420.0,110.0,1.75,84.0879,57.2228
2184,0,0,1,0,0,0,0,420.0,110.0,2.0,84.6043,46.9681
2185,0,0,1,0,0,0,0,420.0,110.0,2.25,84.5733,37.8203
2186,0,0,1,0,0,0,0,420.0,110.0,2.51,84.4576,30.0578
2187,0,0,1,0,0,0,0,480.0,30.0,0.489,14.6627,25.9021
2188,0,0,1,0,0,0,0,480.0,30.0,0.75,16.5919,21.6497
2189,0,0,1,0,0,0,0,480.0,30.0,1.0,18.1208,18.4756
2190,0,0,1,0,0,0,0,480.0,30.0,1.25,19.5454,15.954
2191,0,0,1,0,0,0,0,480.0,30.0,1.5,21.0664,14.1413
2192,0,0,1,0,0,0,0,480.0,30.0,1.75,22.4446,12.9989
2193,0,0,1,0,0,0,0,480.0,30.0,2.0,24.0462,12.2306
2194,0,0,1,0,0,0,0,480.0,30.0,2.25,25.9615,11.6612
2195,0,0,1,0,0,0,0,480.0,30.0,2.51,28.3557,11.4005
2196,0,0,1,0,0,0,0,480.0,40.0,0.489,26.0514,37.5456
2197,0,0,1,0,0,0,0,480.0,40.0,0.75,28.6184,32.6234
2198,0,0,1,0,0,0,0,480.0,40.0,1.0,30.5558,28.6868
2199,0,0,1,0,0,0,0,480.0,40.0,1.25,32.2343,25.4538
2200,0,0,1,0,0,0,0,480.0,40.0,1.5,33.7999,22.922
2201,0,0,1,0,0,0,0,480.0,40.0,1.75,35.1997,20.8883
2202,0,0,1,0,0,0,0,480.0,40.0,2.0,36.7063,19.4406
2203,0,0,1,0,0,0,0,480.0,40.0,2.25,38.5184,18.0894
2204,0,0,1,0,0,0,0,480.0,40.0,2.51,41.1486,17.3643
2205,0,0,1,0,0,0,0,480.0,50.0,0.489,36.508,49.9327
2206,0,0,1,0,0,0,0,480.0,50.0,0.75,39.6164,44.1331
2207,0,0,1,0,0,0,0,480.0,50.0,1.0,42.0825,39.2547
2208,0,0,1,0,0,0,0,480.0,50.0,1.25,44.2258,35.0978
2209,0,0,1,0,0,0,0,480.0,50.0,1.5,46.0443,31.6498
2210,0,0,1,0,0,0,0,480.0,50.0,1.75,47.6974,28.8256
2211,0,0,1,0,0,0,0,480.0,50.0,2.0,49.2904,26.233
2212,0,0,1,0,0,0,0,480.0,50.0,2.25,51.274,24.2053
2213,0,0,1,0,0,0,0,480.0,50.0,2.51,54.2173,22.9703
2214,0,0,1,0,0,0,0,480.0,60.0,0.489,45.4004,62.4808
2215,0,0,1,0,0,0,0,480.0,60.0,0.75,49.2004,56.2045
2216,0,0,1,0,0,0,0,480.0,60.0,1.0,52.4561,50.2495
2217,0,0,1,0,0,0,0,480.0,60.0,1.25,55.3242,45.1384
2218,0,0,1,0,0,0,0,480.0,60.0,1.5,57.7195,40.5281
2219,0,0,1,0,0,0,0,480.0,60.0,1.75,59.7942,36.4949
2220,0,0,1,0,0,0,0,480.0,60.0,2.0,61.7772,32.8733
2221,0,0,1,0,0,0,0,480.0,60.0,2.25,63.9251,29.8785
2222,0,0,1,0,0,0,0,480.0,60.0,2.51,66.1746,27.5099
2223,0,0,1,0,0,0,0,480.0,70.0,0.489,53.3644,74.8705
2224,0,0,1,0,0,0,0,480.0,70.0,0.75,57.4991,67.9833
2225,0,0,1,0,0,0,0,480.0,70.0,1.0,61.3345,61.3803
2226,0,0,1,0,0,0,0,480.0,70.0,1.25,65.0735,55.0333
2227,0,0,1,0,0,0,0,480.0,70.0,1.5,68.0739,48.8904
2228,0,0,1,0,0,0,0,480.0,70.0,1.75,70.7547,43.5278
2229,0,0,1,0,0,0,0,480.0,70.0,2.0,72.9787,38.5525
2230,0,0,1,0,0,0,0,480.0,70.0,2.25,74.6593,34.1462
2231,0,0,1,0,0,0,0,480.0,70.0,2.51,75.8735,30.3876
2232,0,0,1,0,0,0,0,480.0,80.0,0.489,60.5606,86.8392
2233,0,0,1,0,0,0,0,480.0,80.0,0.75,65.1356,79.3466
2234,0,0,1,0,0,0,0,480.0,80.0,1.0,69.2597,71.9611
2235,0,0,1,0,0,0,0,480.0,80.0,1.25,73.0551,64.2457
2236,0,0,1,0,0,0,0,480.0,80.0,1.5,76.3409,56.5312
2237,0,0,1,0,0,0,0,480.0,80.0,1.75,79.3003,49.5197
2238,0,0,1,0,0,0,0,480.0,80.0,2.0,80.9766,42.9317
2239,0,0,1,0,0,0,0,480.0,80.0,2.25,82.1197,36.9579
2240,0,0,1,0,0,0,0,480.0,80.0,2.51,82.5918,31.7356
2241,0,0,1,0,0,0,0,480.0,90.0,0.489,66.4875,97.6249
2242,0,0,1,0,0,0,0,480.0,90.0,0.75,71.0556,89.2806
2243,0,0,1,0,0,0,0,480.0,90.0,1.0,75.2807,80.7578
2244,0,0,1,0,0,0,0,480.0,90.0,1.25,78.9326,71.6509
2245,0,0,1,0,0,0,0,480.0,90.0,1.5,81.9152,62.5253
2246,0,0,1,0,0,0,0,480.0,90.0,1.75,83.9398,53.6971
2247,0,0,1,0,0,0,0,480.0,90.0,2.0,85.554,45.6917
2248,0,0,1,0,0,0,0,480.0,90.0,2.25,86.2554,38.5227
2249,0,0,1,0,0,0,0,480.0,90.0,2.51,85.9832,32.0646
2250,0,0,1,0,0,0,0,480.0,100.0,0.489,70.4446,106.103
2251,0,0,1,0,0,0,0,480.0,100.0,0.75,74.4832,96.5941
2252,0,0,1,0,0,0,0,480.0,100.0,1.0,78.2578,86.8286
2253,0,0,1,0,0,0,0,480.0,100.0,1.25,81.1971,76.5576
2254,0,0,1,0,0,0,0,480.0,100.0,1.5,83.6345,66.4138
2255,0,0,1,0,0,0,0,480.0,100.0,1.75,85.369,56.4198
2256,0,0,1,0,0,0,0,480.0,100.0,2.0,86.3722,47.2116
2257,0,0,1,0,0,0,0,480.0,100.0,2.25,86.6937,38.8712
2258,0,0,1,0,0,0,0,480.0,100.0,2.51,86.3796,31.6
2259,0,0,1,0,0,0,0,480.0,110.0,0.489,72.394,112.252
2260,0,0,1,0,0,0,0,480.0,110.0,0.75,75.5604,101.463
2261,0,0,1,0,0,0,0,480.0,110.0,1.0,78.2218,90.6442
2262,0,0,1,0,0,0,0,480.0,110.0,1.25,80.5694,79.5054
2263,0,0,1,0,0,0,0,480.0,110.0,1.5,82.3523,68.4143
2264,0,0,1,0,0,0,0,480.0,110.0,1.75,83.5877,57.7378
2265,0,0,1,0,0,0,0,480.0,110.0,2.0,84.2139,47.6528
2266,0,0,1,0,0,0,0,480.0,110.0,2.25,84.4223,38.7431
2267,0,0,1,0,0,0,0,480.0,110.0,2.51,84.3359,30.7528
2268,0,0,1,0,0,0,0,540.0,30.0,0.489,14.2946,26.7669
2269,0,0,1,0,0,0,0,540.0,30.0,0.75,16.3554,22.5928
2270,0,0,1,0,0,0,0,540.0,30.0,1.0,18.0576,19.4092
2271,0,0,1,0,0,0,0,540.0,30.0,1.25,19.7025,16.8466
2272,0,0,1,0,0,0,0,540.0,30.0,1.5,21.1637,14.7698
2273,0,0,1,0,0,0,0,540.0,30.0,1.75,22.5209,13.4026
2274,0,0,1,0,0,0,0,540.0,30.0,2.0,23.974,12.3807
2275,0,0,1,0,0,0,0,540.0,30.0,2.25,25.7604,11.4896
2276,0,0,1,0,0,0,0,540.0,30.0,2.51,27.9203,10.8362
2277,0,0,1,0,0,0,0,540.0,40.0,0.489,25.445,38.2355
2278,0,0,1,0,0,0,0,540.0,40.0,0.75,28.0324,33.3267
2279,0,0,1,0,0,0,0,540.0,40.0,1.0,30.0435,29.3835
2280,0,0,1,0,0,0,0,540.0,40.0,1.25,31.8887,26.1791
2281,0,0,1,0,0,0,0,540.0,40.0,1.5,33.3792,23.4249
2282,0,0,1,0,0,0,0,540.0,40.0,1.75,34.7542,21.1003
2283,0,0,1,0,0,0,0,540.0,40.0,2.0,36.4594,19.4456
2284,0,0,1,0,0,0,0,540.0,40.0,2.25,38.1278,17.8427
2285,0,0,1,0,0,0,0,540.0,40.0,2.51,40.595,16.8595
2286,0,0,1,0,0,0,0,540.0,50.0,0.489,35.6064,50.3598
2287,0,0,1,0,0,0,0,540.0,50.0,0.75,38.7203,44.5999
2288,0,0,1,0,0,0,0,540.0,50.0,1.0,41.1736,39.6809
2289,0,0,1,0,0,0,0,540.0,50.0,1.25,43.4064,35.5616
2290,0,0,1,0,0,0,0,540.0,50.0,1.5,45.2532,32.0784
2291,0,0,1,0,0,0,0,540.0,50.0,1.75,46.9579,28.9713
2292,0,0,1,0,0,0,0,540.0,50.0,2.0,48.768,26.2565
2293,0,0,1,0,0,0,0,540.0,50.0,2.25,50.8123,24.0254
2294,0,0,1,0,0,0,0,540.0,50.0,2.51,53.6621,22.6064
2295,0,0,1,0,0,0,0,540.0,60.0,0.489,44.5242,62.7417
2296,0,0,1,0,0,0,0,540.0,60.0,0.75,48.0618,56.4167
2297,0,0,1,0,0,0,0,540.0,60.0,1.0,51.2297,50.5374
2298,0,0,1,0,0,0,0,540.0,60.0,1.25,54.1002,45.3839
2299,0,0,1,0,0,0,0,540.0,60.0,1.5,56.7196,40.7102
2300,0,0,1,0,0,0,0,540.0,60.0,1.75,58.8825,36.6099
2301,0,0,1,0,0,0,0,540.0,60.0,2.0,61.0839,32.8922
2302,0,0,1,0,0,0,0,540.0,60.0,2.25,63.45,29.7628
2303,0,0,1,0,0,0,0,540.0,60.0,2.51,65.5015,27.1025
2304,0,0,1,0,0,0,0,540.0,70.0,0.489,52.4093,74.9016
2305,0,0,1,0,0,0,0,540.0,70.0,0.75,56.3321,67.8611
2306,0,0,1,0,0,0,0,540.0,70.0,1.0,60.0467,61.2698
2307,0,0,1,0,0,0,0,540.0,70.0,1.25,63.5306,54.8888
2308,0,0,1,0,0,0,0,540.0,70.0,1.5,66.5463,48.9144
2309,0,0,1,0,0,0,0,540.0,70.0,1.75,69.4816,43.5182
2310,0,0,1,0,0,0,0,540.0,70.0,2.0,71.968,38.5898
2311,0,0,1,0,0,0,0,540.0,70.0,2.25,73.8676,34.0556
2312,0,0,1,0,0,0,0,540.0,70.0,2.51,75.2443,30.0818
2313,0,0,1,0,0,0,0,540.0,80.0,0.489,59.5368,86.4677
2314,0,0,1,0,0,0,0,540.0,80.0,0.75,63.8022,78.8963
2315,0,0,1,0,0,0,0,540.0,80.0,1.0,67.7048,71.4014
2316,0,0,1,0,0,0,0,540.0,80.0,1.25,71.5429,63.8476
2317,0,0,1,0,0,0,0,540.0,80.0,1.5,74.7808,56.4843
2318,0,0,1,0,0,0,0,540.0,80.0,1.75,77.6371,49.488
2319,0,0,1,0,0,0,0,540.0,80.0,2.0,79.7097,42.9932
2320,0,0,1,0,0,0,0,540.0,80.0,2.25,81.1816,37.1449
2321,0,0,1,0,0,0,0,540.0,80.0,2.51,81.8669,31.8773
2322,0,0,1,0,0,0,0,540.0,90.0,0.489,65.3338,96.7094
2323,0,0,1,0,0,0,0,540.0,90.0,0.75,69.7225,88.3634
2324,0,0,1,0,0,0,0,540.0,90.0,1.0,73.7672,80.0422
2325,0,0,1,0,0,0,0,540.0,90.0,1.25,77.3527,71.1497
2326,0,0,1,0,0,0,0,540.0,90.0,1.5,80.2925,62.3312
2327,0,0,1,0,0,0,0,540.0,90.0,1.75,82.462,53.8486
2328,0,0,1,0,0,0,0,540.0,90.0,2.0,84.125,46.0907
2329,0,0,1,0,0,0,0,540.0,90.0,2.25,85.008,39.002
2330,0,0,1,0,0,0,0,540.0,90.0,2.51,85.2293,32.4605
2331,0,0,1,0,0,0,0,540.0,100.0,0.489,69.3725,105.144
2332,0,0,1,0,0,0,0,540.0,100.0,0.75,73.26,95.5595
2333,0,0,1,0,0,0,0,540.0,100.0,1.0,76.707,85.8947
2334,0,0,1,0,0,0,0,540.0,100.0,1.25,79.7432,75.9673
2335,0,0,1,0,0,0,0,540.0,100.0,1.5,82.2576,66.2795
2336,0,0,1,0,0,0,0,540.0,100.0,1.75,83.9956,56.6842
2337,0,0,1,0,0,0,0,540.0,100.0,2.0,84.9964,47.6456
2338,0,0,1,0,0,0,0,540.0,100.0,2.25,85.6791,39.6078
2339,0,0,1,0,0,0,0,540.0,100.0,2.51,85.4819,32.172
2340,0,0,1,0,0,0,0,540.0,110.0,0.489,71.1408,111.2
2341,0,0,1,0,0,0,0,540.0,110.0,0.75,74.1765,100.464
2342,0,0,1,0,0,0,0,540.0,110.0,1.0,76.9926,89.8366
2343,0,0,1,0,0,0,0,540.0,110.0,1.25,79.4514,79.1525
2344,0,0,1,0,0,0,0,540.0,110.0,1.5,81.3616,68.6095
2345,0,0,1,0,0,0,0,540.0,110.0,1.75,82.6967,58.192
2346,0,0,1,0,0,0,0,540.0,110.0,2.0,83.4548,48.3791
2347,0,0,1,0,0,0,0,540.0,110.0,2.25,83.7991,39.6534
2348,0,0,1,0,0,0,0,540.0,110.0,2.51,83.8255,31.6726
2349,0,0,1,0,0,0,0,600.0,30.0,0.489,13.9173,27.8609
2350,0,0,1,0,0,0,0,600.0,30.0,0.75,15.9849,23.6187
2351,0,0,1,0,0,0,0,600.0,30.0,1.0,17.8977,20.4575
2352,0,0,1,0,0,0,0,600.0,30.0,1.25,19.6714,17.8251
2353,0,0,1,0,0,0,0,600.0,30.0,1.5,21.1164,15.5662
2354,0,0,1,0,0,0,0,600.0,30.0,1.75,22.5481,13.8215
2355,0,0,1,0,0,0,0,600.0,30.0,2.0,24.1613,12.6188
2356,0,0,1,0,0,0,0,600.0,30.0,2.25,25.7721,11.5571
2357,0,0,1,0,0,0,0,600.0,30.0,2.51,27.5898,10.5055
2358,0,0,1,0,0,0,0,600.0,40.0,0.489,24.6915,39.0202
2359,0,0,1,0,0,0,0,600.0,40.0,0.75,27.2647,34.13
2360,0,0,1,0,0,0,0,600.0,40.0,1.0,29.502,30.2244
2361,0,0,1,0,0,0,0,600.0,40.0,1.25,31.3479,26.9713
2362,0,0,1,0,0,0,0,600.0,40.0,1.5,32.9618,24.0962
2363,0,0,1,0,0,0,0,600.0,40.0,1.75,34.6666,21.6631
2364,0,0,1,0,0,0,0,600.0,40.0,2.0,36.4032,19.6337
2365,0,0,1,0,0,0,0,600.0,40.0,2.25,38.1633,17.9231
2366,0,0,1,0,0,0,0,600.0,40.0,2.51,40.476,16.7517
2367,0,0,1,0,0,0,0,600.0,50.0,0.489,34.6377,50.8726
2368,0,0,1,0,0,0,0,600.0,50.0,0.75,37.7376,45.2785
2369,0,0,1,0,0,0,0,600.0,50.0,1.0,40.247,40.3556
2370,0,0,1,0,0,0,0,600.0,50.0,1.25,42.5232,36.1738
2371,0,0,1,0,0,0,0,600.0,50.0,1.5,44.5795,32.5954
2372,0,0,1,0,0,0,0,600.0,50.0,1.75,46.5219,29.4264
2373,0,0,1,0,0,0,0,600.0,50.0,2.0,48.5872,26.5962
2374,0,0,1,0,0,0,0,600.0,50.0,2.25,50.7745,24.3201
2375,0,0,1,0,0,0,0,600.0,50.0,2.51,53.2782,22.3918
2376,0,0,1,0,0,0,0,600.0,60.0,0.489,43.5135,62.9375
2377,0,0,1,0,0,0,0,600.0,60.0,0.75,46.9045,56.5914
2378,0,0,1,0,0,0,0,600.0,60.0,1.0,49.9832,50.9253
2379,0,0,1,0,0,0,0,600.0,60.0,1.25,52.8172,45.6477
2380,0,0,1,0,0,0,0,600.0,60.0,1.5,55.6041,40.9137
2381,0,0,1,0,0,0,0,600.0,60.0,1.75,58.1362,36.89
2382,0,0,1,0,0,0,0,600.0,60.0,2.0,60.514,33.2429
2383,0,0,1,0,0,0,0,600.0,60.0,2.25,62.8811,29.7768
2384,0,0,1,0,0,0,0,600.0,60.0,2.51,64.8022,26.8498
2385,0,0,1,0,0,0,0,600.0,70.0,0.489,51.3461,74.7628
2386,0,0,1,0,0,0,0,600.0,70.0,0.75,55.1371,67.744
2387,0,0,1,0,0,0,0,600.0,70.0,1.0,58.7677,61.1643
2388,0,0,1,0,0,0,0,600.0,70.0,1.25,62.0667,54.8826
2389,0,0,1,0,0,0,0,600.0,70.0,1.5,65.1778,49.0007
2390,0,0,1,0,0,0,0,600.0,70.0,1.75,68.1039,43.6595
2391,0,0,1,0,0,0,0,600.0,70.0,2.0,70.8073,38.7597
2392,0,0,1,0,0,0,0,600.0,70.0,2.25,72.8059,34.1113
2393,0,0,1,0,0,0,0,600.0,70.0,2.51,74.0524,29.8603
2394,0,0,1,0,0,0,0,600.0,80.0,0.489,58.3916,85.9234
2395,0,0,1,0,0,0,0,600.0,80.0,0.75,62.4138,78.2034
2396,0,0,1,0,0,0,0,600.0,80.0,1.0,66.1271,70.6997
2397,0,0,1,0,0,0,0,600.0,80.0,1.25,69.8031,63.4298
2398,0,0,1,0,0,0,0,600.0,80.0,1.5,72.9651,56.3728
2399,0,0,1,0,0,0,0,600.0,80.0,1.75,75.6972,49.384
2400,0,0,1,0,0,0,0,600.0,80.0,2.0,78.1332,43.1649
2401,0,0,1,0,0,0,0,600.0,80.0,2.25,79.7688,37.3904
2402,0,0,1,0,0,0,0,600.0,80.0,2.51,80.7541,31.9972
2403,0,0,1,0,0,0,0,600.0,90.0,0.489,64.162,95.6261
2404,0,0,1,0,0,0,0,600.0,90.0,0.75,68.1257,87.2655
2405,0,0,1,0,0,0,0,600.0,90.0,1.0,71.8111,78.973
2406,0,0,1,0,0,0,0,600.0,90.0,1.25,75.1626,70.4262
2407,0,0,1,0,0,0,0,600.0,90.0,1.5,78.2154,62.0447
2408,0,0,1,0,0,0,0,600.0,90.0,1.75,80.5751,53.8708
2409,0,0,1,0,0,0,0,600.0,90.0,2.0,82.3586,46.2963
2410,0,0,1,0,0,0,0,600.0,90.0,2.25,83.3008,39.4091
2411,0,0,1,0,0,0,0,600.0,90.0,2.51,84.0037,32.9174
2412,0,0,1,0,0,0,0,600.0,100.0,0.489,67.9372,103.74
2413,0,0,1,0,0,0,0,600.0,100.0,0.75,71.6694,94.3232
2414,0,0,1,0,0,0,0,600.0,100.0,1.0,74.9818,85.0086
2415,0,0,1,0,0,0,0,600.0,100.0,1.25,78.014,75.4766
2416,0,0,1,0,0,0,0,600.0,100.0,1.5,80.4965,66.1006
2417,0,0,1,0,0,0,0,600.0,100.0,1.75,82.3327,56.9205
2418,0,0,1,0,0,0,0,600.0,100.0,2.0,83.3551,48.0505
2419,0,0,1,0,0,0,0,600.0,100.0,2.25,84.0888,40.2062
2420,0,0,1,0,0,0,0,600.0,100.0,2.51,84.2855,32.8515
2421,0,0,1,0,0,0,0,600.0,110.0,0.489,69.6817,109.835
2422,0,0,1,0,0,0,0,600.0,110.0,0.75,72.843,99.3549
2423,0,0,1,0,0,0,0,600.0,110.0,1.0,75.5884,88.9801
2424,0,0,1,0,0,0,0,600.0,110.0,1.25,78.0997,78.7614
2425,0,0,1,0,0,0,0,600.0,110.0,1.5,80.0854,68.6691
2426,0,0,1,0,0,0,0,600.0,110.0,1.75,81.2198,58.4379
2427,0,0,1,0,0,0,0,600.0,110.0,2.0,82.1461,49.0512
2428,0,0,1,0,0,0,0,600.0,110.0,2.25,82.6466,40.4315
2429,0,0,1,0,0,0,0,600.0,110.0,2.51,82.6982,32.3896
2430,0,0,0,1,0,0,0,60.0,30.0,0.489,0,0.602662
2431,0,0,0,1,0,0,0,60.0,30.0,0.75,0.531784,0.320315
2432,0,0,0,1,0,0,0,60.0,30.0,1.0,1.43493,0.192465
2433,0,0,0,1,0,0,0,60.0,30.0,1.25,2.30388,0.178057
2434,0,0,0,1,0,0,0,60.0,30.0,1.5,3.18151,0.254565
2435,0,0,0,1,0,0,0,60.0,30.0,1.75,4.26195,0.59189
2436,0,0,0,1,0,0,0,60.0,30.0,2.0,5.35641,1.06101
2437,0,0,0,1,0,0,0,60.0,30.0,2.25,6.97042,1.61681
2438,0,0,0,1,0,0,0,60.0,30.0,2.51,9.82771,2.12561
2439,0,0,0,1,0,0,0,60.0,40.0,0.489,1.67608,2.66234
2440,0,0,0,1,0,0,0,60.0,40.0,0.75,2.40972,2.12996
2441,0,0,0,1,0,0,0,60.0,40.0,1.0,3.20772,1.85985
2442,0,0,0,1,0,0,0,60.0,40.0,1.25,4.15823,1.81854
2443,0,0,0,1,0,0,0,60.0,40.0,1.5,5.64129,1.98375
2444,0,0,0,1,0,0,0,60.0,40.0,1.75,8.28273,2.22391
2445,0,0,0,1,0,0,0,60.0,40.0,2.0,12.2702,2.61737
2446,0,0,0,1,0,0,0,60.0,40.0,2.25,16.4968,3.28507
2447,0,0,0,1,0,0,0,60.0,40.0,2.51,20.7883,4.38407
2448,0,0,0,1,0,0,0,60.0,50.0,0.489,3.60406,5.19236
2449,0,0,0,1,0,0,0,60.0,50.0,0.75,4.19665,4.06879
2450,0,0,0,1,0,0,0,60.0,50.0,1.0,5.39795,3.58841
2451,0,0,0,1,0,0,0,60.0,50.0,1.25,7.5892,3.48725
2452,0,0,0,1,0,0,0,60.0,50.0,1.5,12.4528,3.62359
2453,0,0,0,1,0,0,0,60.0,50.0,1.75,17.6622,3.82407
2454,0,0,0,1,0,0,0,60.0,50.0,2.0,22.6996,4.4924
2455,0,0,0,1,0,0,0,60.0,50.0,2.25,27.2765,5.40319
2456,0,0,0,1,0,0,0,60.0,50.0,2.51,31.3474,6.18419
2457,0,0,0,1,0,0,0,60.0,60.0,0.489,5.46106,12.7222
2458,0,0,0,1,0,0,0,60.0,60.0,0.75,6.92503,8.88531
2459,0,0,0,1,0,0,0,60.0,60.0,1.0,9.61115,6.20386
2460,0,0,0,1,0,0,0,60.0,60.0,1.25,14.7827,5.52866
2461,0,0,0,1,0,0,0,60.0,60.0,1.5,20.2639,5.55694
2462,0,0,0,1,0,0,0,60.0,60.0,1.75,25.8719,6.0494
2463,0,0,0,1,0,0,0,60.0,60.0,2.0,31.5206,7.09541
2464,0,0,0,1,0,0,0,60.0,60.0,2.25,36.2737,8.38533
2465,0,0,0,1,0,0,0,60.0,60.0,2.51,40.3989,9.8275
2466,0,0,0,1,0,0,0,60.0,70.0,0.489,8.22993,21.3913
2467,0,0,0,1,0,0,0,60.0,70.0,0.75,12.0659,16.696
2468,0,0,0,1,0,0,0,60.0,70.0,1.0,16.8517,13.3173
2469,0,0,0,1,0,0,0,60.0,70.0,1.25,21.8453,11.0277
2470,0,0,0,1,0,0,0,60.0,70.0,1.5,27.4454,10.1355
2471,0,0,0,1,0,0,0,60.0,70.0,1.75,32.8934,10.1969
2472,0,0,0,1,0,0,0,60.0,70.0,2.0,38.0363,10.7446
2473,0,0,0,1,0,0,0,60.0,70.0,2.25,43,11.7044
2474,0,0,0,1,0,0,0,60.0,70.0,2.51,47.6508,12.857
2475,0,0,0,1,0,0,0,60.0,80.0,0.489,13.6186,30.1628
2476,0,0,0,1,0,0,0,60.0,80.0,0.75,18.406,24.7859
2477,0,0,0,1,0,0,0,60.0,80.0,1.0,23.2227,20.3709
2478,0,0,0,1,0,0,0,60.0,80.0,1.25,28.4252,17.3111
2479,0,0,0,1,0,0,0,60.0,80.0,1.5,33.3908,15.2572
2480,0,0,0,1,0,0,0,60.0,80.0,1.75,38.3002,14.2185
2481,0,0,0,1,0,0,0,60.0,80.0,2.0,43.2766,14.0093
2482,0,0,0,1,0,0,0,60.0,80.0,2.25,48.1701,14.1339
2483,0,0,0,1,0,0,0,60.0,80.0,2.51,52.6738,14.4366
2484,0,0,0,1,0,0,0,60.0,90.0,0.489,19.1867,38.7907
2485,0,0,0,1,0,0,0,60.0,90.0,0.75,23.9811,32.5689
2486,0,0,0,1,0,0,0,60.0,90.0,1.0,28.5109,27.3769
2487,0,0,0,1,0,0,0,60.0,90.0,1.25,33.1583,23.1262
2488,0,0,0,1,0,0,0,60.0,90.0,1.5,38.0185,19.9454
2489,0,0,0,1,0,0,0,60.0,90.0,1.75,42.7462,17.8244
2490,0,0,0,1,0,0,0,60.0,90.0,2.0,47.4434,16.6208
2491,0,0,0,1,0,0,0,60.0,90.0,2.25,51.8315,15.7481
2492,0,0,0,1,0,0,0,60.0,90.0,2.51,55.76,14.8808
2493,0,0,0,1,0,0,0,60.0,100.0,0.489,23.7747,46.7321
2494,0,0,0,1,0,0,0,60.0,100.0,0.75,28.0353,39.6963
2495,0,0,0,1,0,0,0,60.0,100.0,1.0,32.3371,33.9776
2496,0,0,0,1,0,0,0,60.0,100.0,1.25,36.6121,28.8174
2497,0,0,0,1,0,0,0,60.0,100.0,1.5,41.2523,24.5293
2498,0,0,0,1,0,0,0,60.0,100.0,1.75,45.9444,21.2277
2499,0,0,0,1,0,0,0,60.0,100.0,2.0,50.0386,18.5298
2500,0,0,0,1,0,0,0,60.0,100.0,2.25,53.5292,16.1554
2501,0,0,0,1,0,0,0,60.0,100.0,2.51,56.5206,14.1178
2502,0,0,0,1,0,0,0,60.0,110.0,0.489,26.4675,53.5266
2503,0,0,0,1,0,0,0,60.0,110.0,0.75,30.4102,45.9981
2504,0,0,0,1,0,0,0,60.0,110.0,1.0,34.4082,39.6561
2505,0,0,0,1,0,0,0,60.0,110.0,1.25,38.5693,33.8091
2506,0,0,0,1,0,0,0,60.0,110.0,1.5,42.7109,28.5023
2507,0,0,0,1,0,0,0,60.0,110.0,1.75,46.5862,23.6152
2508,0,0,0,1,0,0,0,60.0,110.0,2.0,50.057,19.5582
2509,0,0,0,1,0,0,0,60.0,110.0,2.25,53.0834,15.885
2510,0,0,0,1,0,0,0,60.0,110.0,2.51,55.7532,12.7187
2511,0,0,0,1,0,0,0,120.0,30.0,0.489,0,0.700797
2512,0,0,0,1,0,0,0,120.0,30.0,0.75,0.489482,0.36
2513,0,0,0,1,0,0,0,120.0,30.0,1.0,1.34897,0.248395
2514,0,0,0,1,0,0,0,120.0,30.0,1.25,2.2217,0.178832
2515,0,0,0,1,0,0,0,120.0,30.0,1.5,3.0624,0.259012
2516,0,0,0,1,0,0,0,120.0,30.0,1.75,4.06329,0.572761
2517,0,0,0,1,0,0,0,120.0,30.0,2.0,5.28241,1.02936
2518,0,0,0,1,0,0,0,120.0,30.0,2.25,7.35785,1.57729
2519,0,0,0,1,0,0,0,120.0,30.0,2.51,10.8938,2.07608
2520,0,0,0,1,0,0,0,120.0,40.0,0.489,1.66994,2.76337
2521,0,0,0,1,0,0,0,120.0,40.0,0.75,2.38666,2.2085
2522,0,0,0,1,0,0,0,120.0,40.0,1.0,3.20351,2.01299
2523,0,0,0,1,0,0,0,120.0,40.0,1.25,4.35864,1.90309
2524,0,0,0,1,0,0,0,120.0,40.0,1.5,6.28269,1.94779
2525,0,0,0,1,0,0,0,120.0,40.0,1.75,9.57656,2.23333
2526,0,0,0,1,0,0,0,120.0,40.0,2.0,13.8864,2.68419
2527,0,0,0,1,0,0,0,120.0,40.0,2.25,18.1467,3.59188
2528,0,0,0,1,0,0,0,120.0,40.0,2.51,22.4908,4.63748
2529,0,0,0,1,0,0,0,120.0,50.0,0.489,3.65371,5.66703
2530,0,0,0,1,0,0,0,120.0,50.0,0.75,4.30328,4.21197
2531,0,0,0,1,0,0,0,120.0,50.0,1.0,5.76807,3.74736
2532,0,0,0,1,0,0,0,120.0,50.0,1.25,9.13699,3.61185
2533,0,0,0,1,0,0,0,120.0,50.0,1.5,14.6838,3.73495
2534,0,0,0,1,0,0,0,120.0,50.0,1.75,19.7527,3.99788
2535,0,0,0,1,0,0,0,120.0,50.0,2.0,24.6794,4.91876
2536,0,0,0,1,0,0,0,120.0,50.0,2.25,29.4784,5.89796
2537,0,0,0,1,0,0,0,120.0,50.0,2.51,34.0515,7.65116
2538,0,0,0,1,0,0,0,120.0,60.0,0.489,5.84578,13.7822
2539,0,0,0,1,0,0,0,120.0,60.0,0.75,7.52508,9.76609
2540,0,0,0,1,0,0,0,120.0,60.0,1.0,11.1769,6.93036
2541,0,0,0,1,0,0,0,120.0,60.0,1.25,16.5658,6.11776
2542,0,0,0,1,0,0,0,120.0,60.0,1.5,22.5659,6.42629
2543,0,0,0,1,0,0,0,120.0,60.0,1.75,28.4043,7.22094
2544,0,0,0,1,0,0,0,120.0,60.0,2.0,34.2807,8.45122
2545,0,0,0,1,0,0,0,120.0,60.0,2.25,39.3435,9.92778
2546,0,0,0,1,0,0,0,120.0,60.0,2.51,43.8666,11.7185
2547,0,0,0,1,0,0,0,120.0,70.0,0.489,9.05224,22.6277
2548,0,0,0,1,0,0,0,120.0,70.0,0.75,13.5605,17.8782
2549,0,0,0,1,0,0,0,120.0,70.0,1.0,18.3413,14.096
2550,0,0,0,1,0,0,0,120.0,70.0,1.25,23.6364,11.8635
2551,0,0,0,1,0,0,0,120.0,70.0,1.5,29.6444,11.2246
2552,0,0,0,1,0,0,0,120.0,70.0,1.75,35.7516,11.5871
2553,0,0,0,1,0,0,0,120.0,70.0,2.0,41.532,12.4598
2554,0,0,0,1,0,0,0,120.0,70.0,2.25,46.7469,13.4877
2555,0,0,0,1,0,0,0,120.0,70.0,2.51,51.4097,14.6362
2556,0,0,0,1,0,0,0,120.0,80.0,0.489,14.998,31.5319
2557,0,0,0,1,0,0,0,120.0,80.0,0.75,19.8775,25.8558
2558,0,0,0,1,0,0,0,120.0,80.0,1.0,24.8899,21.381
2559,0,0,0,1,0,0,0,120.0,80.0,1.25,30.4439,18.1616
2560,0,0,0,1,0,0,0,120.0,80.0,1.5,36.0832,16.3803
2561,0,0,0,1,0,0,0,120.0,80.0,1.75,41.4206,15.5218
2562,0,0,0,1,0,0,0,120.0,80.0,2.0,46.9549,15.4939
2563,0,0,0,1,0,0,0,120.0,80.0,2.25,52.0901,15.8218
2564,0,0,0,1,0,0,0,120.0,80.0,2.51,56.5431,16.2726
2565,0,0,0,1,0,0,0,120.0,90.0,0.489,20.706,40.5063
2566,0,0,0,1,0,0,0,120.0,90.0,0.75,25.594,33.9426
2567,0,0,0,1,0,0,0,120.0,90.0,1.0,30.476,28.4075
2568,0,0,0,1,0,0,0,120.0,90.0,1.25,35.5122,24.0675
2569,0,0,0,1,0,0,0,120.0,90.0,1.5,40.6631,21.0195
2570,0,0,0,1,0,0,0,120.0,90.0,1.75,45.8916,18.9693
2571,0,0,0,1,0,0,0,120.0,90.0,2.0,50.93,17.8657
2572,0,0,0,1,0,0,0,120.0,90.0,2.25,55.4312,16.9984
2573,0,0,0,1,0,0,0,120.0,90.0,2.51,59.3603,16.3065
2574,0,0,0,1,0,0,0,120.0,100.0,0.489,25.6466,48.698
2575,0,0,0,1,0,0,0,120.0,100.0,0.75,30.0311,41.175
2576,0,0,0,1,0,0,0,120.0,100.0,1.0,34.474,34.9766
2577,0,0,0,1,0,0,0,120.0,100.0,1.25,38.904,29.6299
2578,0,0,0,1,0,0,0,120.0,100.0,1.5,43.8289,25.4119
2579,0,0,0,1,0,0,0,120.0,100.0,1.75,48.8002,22.2404
2580,0,0,0,1,0,0,0,120.0,100.0,2.0,53.1565,19.4686
2581,0,0,0,1,0,0,0,120.0,100.0,2.25,56.5513,17.0998
2582,0,0,0,1,0,0,0,120.0,100.0,2.51,59.6877,15.0187
2583,0,0,0,1,0,0,0,120.0,110.0,0.489,28.6285,55.6277
2584,0,0,0,1,0,0,0,120.0,110.0,0.75,32.1838,47.4946
2585,0,0,0,1,0,0,0,120.0,110.0,1.0,36.2121,40.5474
2586,0,0,0,1,0,0,0,120.0,110.0,1.25,40.5183,34.5847
2587,0,0,0,1,0,0,0,120.0,110.0,1.5,44.7024,29.1105
2588,0,0,0,1,0,0,0,120.0,110.0,1.75,48.6501,24.1804
2589,0,0,0,1,0,0,0,120.0,110.0,2.0,52.3054,20.1912
2590,0,0,0,1,0,0,0,120.0,110.0,2.25,55.5232,16.4767
2591,0,0,0,1,0,0,0,120.0,110.0,2.51,58.375,13.1893
2592,0,0,0,1,0,0,0,180.0,30.0,0.489,0,0.794565
2593,0,0,0,1,0,0,0,180.0,30.0,0.75,0.444464,0.417383
2594,0,0,0,1,0,0,0,180.0,30.0,1.0,1.26503,0.272838
2595,0,0,0,1,0,0,0,180.0,30.0,1.25,2.07976,0.204021
2596,0,0,0,1,0,0,0,180.0,30.0,1.5,2.91421,0.302544
2597,0,0,0,1,0,0,0,180.0,30.0,1.75,3.85114,0.573658
2598,0,0,0,1,0,0,0,180.0,30.0,2.0,5.49011,1.00931
2599,0,0,0,1,0,0,0,180.0,30.0,2.25,8.29238,1.49197
2600,0,0,0,1,0,0,0,180.0,30.0,2.51,11.8502,2.21558
2601,0,0,0,1,0,0,0,180.0,40.0,0.489,1.66038,2.88959
2602,0,0,0,1,0,0,0,180.0,40.0,0.75,2.39964,2.3318
2603,0,0,0,1,0,0,0,180.0,40.0,1.0,3.2301,2.12756
2604,0,0,0,1,0,0,0,180.0,40.0,1.25,4.70072,1.97862
2605,0,0,0,1,0,0,0,180.0,40.0,1.5,6.88599,1.97894
2606,0,0,0,1,0,0,0,180.0,40.0,1.75,11.1379,2.28329
2607,0,0,0,1,0,0,0,180.0,40.0,2.0,15.4432,2.72584
2608,0,0,0,1,0,0,0,180.0,40.0,2.25,19.8448,3.80409
2609,0,0,0,1,0,0,0,180.0,40.0,2.51,24.3927,4.87446
2610,0,0,0,1,0,0,0,180.0,50.0,0.489,3.69044,6.21344
2611,0,0,0,1,0,0,0,180.0,50.0,0.75,4.56789,4.58214
2612,0,0,0,1,0,0,0,180.0,50.0,1.0,6.47813,3.91014
2613,0,0,0,1,0,0,0,180.0,50.0,1.25,11.0679,3.75865
2614,0,0,0,1,0,0,0,180.0,50.0,1.5,16.5567,3.70949
2615,0,0,0,1,0,0,0,180.0,50.0,1.75,21.7147,4.3604
2616,0,0,0,1,0,0,0,180.0,50.0,2.0,26.6635,5.42299
2617,0,0,0,1,0,0,0,180.0,50.0,2.25,31.6411,6.96022
2618,0,0,0,1,0,0,0,180.0,50.0,2.51,36.6202,9.37955
2619,0,0,0,1,0,0,0,180.0,60.0,0.489,6.25115,14.9779
2620,0,0,0,1,0,0,0,180.0,60.0,0.75,8.45494,10.8426
2621,0,0,0,1,0,0,0,180.0,60.0,1.0,13.0528,8.12482
2622,0,0,0,1,0,0,0,180.0,60.0,1.25,18.5569,7.3657
2623,0,0,0,1,0,0,0,180.0,60.0,1.5,24.8919,7.88292
2624,0,0,0,1,0,0,0,180.0,60.0,1.75,31.0575,8.72538
2625,0,0,0,1,0,0,0,180.0,60.0,2.0,36.9341,10.1141
2626,0,0,0,1,0,0,0,180.0,60.0,2.25,42.3512,11.7764
2627,0,0,0,1,0,0,0,180.0,60.0,2.51,47.2207,13.7691
2628,0,0,0,1,0,0,0,180.0,70.0,0.489,10.4768,24.0411
2629,0,0,0,1,0,0,0,180.0,70.0,0.75,15.253,19.2146
2630,0,0,0,1,0,0,0,180.0,70.0,1.0,20.1359,15.4629
2631,0,0,0,1,0,0,0,180.0,70.0,1.25,25.7203,13.1929
2632,0,0,0,1,0,0,0,180.0,70.0,1.5,32.1037,12.7973
2633,0,0,0,1,0,0,0,180.0,70.0,1.75,38.6919,13.3715
2634,0,0,0,1,0,0,0,180.0,70.0,2.0,44.9277,14.25
2635,0,0,0,1,0,0,0,180.0,70.0,2.25,50.4986,15.3842
2636,0,0,0,1,0,0,0,180.0,70.0,2.51,55.0675,16.4883
2637,0,0,0,1,0,0,0,180.0,80.0,0.489,16.6634,33.3254
2638,0,0,0,1,0,0,0,180.0,80.0,0.75,21.6497,27.4332
2639,0,0,0,1,0,0,0,180.0,80.0,1.0,26.9077,22.9128
2640,0,0,0,1,0,0,0,180.0,80.0,1.25,32.5862,19.618
2641,0,0,0,1,0,0,0,180.0,80.0,1.5,38.6873,17.7903
2642,0,0,0,1,0,0,0,180.0,80.0,1.75,44.8636,17.1555
2643,0,0,0,1,0,0,0,180.0,80.0,2.0,50.7084,17.1892
2644,0,0,0,1,0,0,0,180.0,80.0,2.25,56.0768,17.6507
2645,0,0,0,1,0,0,0,180.0,80.0,2.51,60.3448,18.0249
2646,0,0,0,1,0,0,0,180.0,90.0,0.489,22.6066,42.6227
2647,0,0,0,1,0,0,0,180.0,90.0,0.75,27.4835,35.6974
2648,0,0,0,1,0,0,0,180.0,90.0,1.0,32.5229,30.0714
2649,0,0,0,1,0,0,0,180.0,90.0,1.25,38.0866,25.622
2650,0,0,0,1,0,0,0,180.0,90.0,1.5,43.7649,22.5299
2651,0,0,0,1,0,0,0,180.0,90.0,1.75,49.2868,20.6556
2652,0,0,0,1,0,0,0,180.0,90.0,2.0,54.5078,19.311
2653,0,0,0,1,0,0,0,180.0,90.0,2.25,59.1213,18.6083
2654,0,0,0,1,0,0,0,180.0,90.0,2.51,62.7459,17.7231
2655,0,0,0,1,0,0,0,180.0,100.0,0.489,27.673,51.0613
2656,0,0,0,1,0,0,0,180.0,100.0,0.75,32.2687,43.3404
2657,0,0,0,1,0,0,0,180.0,100.0,1.0,36.7267,36.5989
2658,0,0,0,1,0,0,0,180.0,100.0,1.25,41.4403,30.9203
2659,0,0,0,1,0,0,0,180.0,100.0,1.5,46.5144,26.7027
2660,0,0,0,1,0,0,0,180.0,100.0,1.75,51.4452,23.5062
2661,0,0,0,1,0,0,0,180.0,100.0,2.0,56.0737,20.7105
2662,0,0,0,1,0,0,0,180.0,100.0,2.25,59.6365,18.2002
2663,0,0,0,1,0,0,0,180.0,100.0,2.51,62.6974,15.8829
2664,0,0,0,1,0,0,0,180.0,110.0,0.489,30.6298,57.959
2665,0,0,0,1,0,0,0,180.0,110.0,0.75,34.3269,49.4387
2666,0,0,0,1,0,0,0,180.0,110.0,1.0,38.2163,41.9615
2667,0,0,0,1,0,0,0,180.0,110.0,1.25,42.4818,35.5377
2668,0,0,0,1,0,0,0,180.0,110.0,1.5,46.7559,29.9665
2669,0,0,0,1,0,0,0,180.0,110.0,1.75,50.8133,25.0712
2670,0,0,0,1,0,0,0,180.0,110.0,2.0,54.5366,21.042
2671,0,0,0,1,0,0,0,180.0,110.0,2.25,57.8834,17.371
2672,0,0,0,1,0,0,0,180.0,110.0,2.51,60.8633,13.8675
2673,0,0,0,1,0,0,0,240.0,30.0,0.489,0,0.870228
2674,0,0,0,1,0,0,0,240.0,30.0,0.75,0.447914,0.520344
2675,0,0,0,1,0,0,0,240.0,30.0,1.0,1.17269,0.27326
2676,0,0,0,1,0,0,0,240.0,30.0,1.25,1.97508,0.24362
2677,0,0,0,1,0,0,0,240.0,30.0,1.5,2.80669,0.387341
2678,0,0,0,1,0,0,0,240.0,30.0,1.75,3.96211,0.59414
2679,0,0,0,1,0,0,0,240.0,30.0,2.0,5.76563,0.995386
2680,0,0,0,1,0,0,0,240.0,30.0,2.25,9.24439,1.45132
2681,0,0,0,1,0,0,0,240.0,30.0,2.51,13.3838,2.30709
2682,0,0,0,1,0,0,0,240.0,40.0,0.489,1.69995,3.08255
2683,0,0,0,1,0,0,0,240.0,40.0,0.75,2.45537,2.42507
2684,0,0,0,1,0,0,0,240.0,40.0,1.0,3.33006,2.17249
2685,0,0,0,1,0,0,0,240.0,40.0,1.25,4.99543,1.99082
2686,0,0,0,1,0,0,0,240.0,40.0,1.5,8.30947,2.04342
2687,0,0,0,1,0,0,0,240.0,40.0,1.75,12.6091,2.29242
2688,0,0,0,1,0,0,0,240.0,40.0,2.0,17.1537,2.94049
2689,0,0,0,1,0,0,0,240.0,40.0,2.25,21.6761,3.99681
2690,0,0,0,1,0,0,0,240.0,40.0,2.51,26.2129,5.107
2691,0,0,0,1,0,0,0,240.0,50.0,0.489,3.80209,7.11888
2692,0,0,0,1,0,0,0,240.0,50.0,0.75,5.0228,5.17599
2693,0,0,0,1,0,0,0,240.0,50.0,1.0,7.92212,4.37476
2694,0,0,0,1,0,0,0,240.0,50.0,1.25,12.9515,4.12295
2695,0,0,0,1,0,0,0,240.0,50.0,1.5,18.2876,4.41307
2696,0,0,0,1,0,0,0,240.0,50.0,1.75,23.6639,5.47934
2697,0,0,0,1,0,0,0,240.0,50.0,2.0,28.7571,6.7455
2698,0,0,0,1,0,0,0,240.0,50.0,2.25,33.8954,8.6417
2699,0,0,0,1,0,0,0,240.0,50.0,2.51,38.8501,10.9555
2700,0,0,0,1,0,0,0,240.0,60.0,0.489,6.69404,16.3518
2701,0,0,0,1,0,0,0,240.0,60.0,0.75,10.1895,12.4119
2702,0,0,0,1,0,0,0,240.0,60.0,1.0,15.1268,9.86035
2703,0,0,0,1,0,0,0,240.0,60.0,1.25,20.8292,9.06541
2704,0,0,0,1,0,0,0,240.0,60.0,1.5,27.0329,9.47323
2705,0,0,0,1,0,0,0,240.0,60.0,1.75,33.4016,10.5706
2706,0,0,0,1,0,0,0,240.0,60.0,2.0,39.4623,11.9728
2707,0,0,0,1,0,0,0,240.0,60.0,2.25,45.2693,13.7569
2708,0,0,0,1,0,0,0,240.0,60.0,2.51,50.1496,15.6888
2709,0,0,0,1,0,0,0,240.0,70.0,0.489,12.2372,25.727
2710,0,0,0,1,0,0,0,240.0,70.0,0.75,17.1013,20.812
2711,0,0,0,1,0,0,0,240.0,70.0,1.0,22.2627,17.2512
2712,0,0,0,1,0,0,0,240.0,70.0,1.25,28.0827,15.0964
2713,0,0,0,1,0,0,0,240.0,70.0,1.5,34.8526,14.9007
2714,0,0,0,1,0,0,0,240.0,70.0,1.75,41.7109,15.3254
2715,0,0,0,1,0,0,0,240.0,70.0,2.0,48.2155,16.2205
2716,0,0,0,1,0,0,0,240.0,70.0,2.25,53.8715,17.3808
2717,0,0,0,1,0,0,0,240.0,70.0,2.51,58.4358,18.3456
2718,0,0,0,1,0,0,0,240.0,80.0,0.489,18.6915,35.4877
2719,0,0,0,1,0,0,0,240.0,80.0,0.75,23.5946,29.4262
2720,0,0,0,1,0,0,0,240.0,80.0,1.0,29.0138,24.9061
2721,0,0,0,1,0,0,0,240.0,80.0,1.25,34.9738,21.6158
2722,0,0,0,1,0,0,0,240.0,80.0,1.5,41.529,19.7605
2723,0,0,0,1,0,0,0,240.0,80.0,1.75,48.3349,19.1289
2724,0,0,0,1,0,0,0,240.0,80.0,2.0,54.6034,19.2681
2725,0,0,0,1,0,0,0,240.0,80.0,2.25,59.7778,19.5016
2726,0,0,0,1,0,0,0,240.0,80.0,2.51,63.8836,19.6916
2727,0,0,0,1,0,0,0,240.0,90.0,0.489,24.7133,44.9783
2728,0,0,0,1,0,0,0,240.0,90.0,0.75,29.6733,37.9838
2729,0,0,0,1,0,0,0,240.0,90.0,1.0,34.95,32.2358
2730,0,0,0,1,0,0,0,240.0,90.0,1.25,40.6672,27.6301
2731,0,0,0,1,0,0,0,240.0,90.0,1.5,46.8835,24.4059
2732,0,0,0,1,0,0,0,240.0,90.0,1.75,52.6619,22.4148
2733,0,0,0,1,0,0,0,240.0,90.0,2.0,58.1002,21.1529
2734,0,0,0,1,0,0,0,240.0,90.0,2.25,62.674,20.3182
2735,0,0,0,1,0,0,0,240.0,90.0,2.51,65.7917,19.0547
2736,0,0,0,1,0,0,0,240.0,100.0,0.489,29.6693,53.4436
2737,0,0,0,1,0,0,0,240.0,100.0,0.75,34.2952,45.6752
2738,0,0,0,1,0,0,0,240.0,100.0,1.0,39.0169,38.7277
2739,0,0,0,1,0,0,0,240.0,100.0,1.25,44.0191,32.7217
2740,0,0,0,1,0,0,0,240.0,100.0,1.5,49.229,28.3862
2741,0,0,0,1,0,0,0,240.0,100.0,1.75,54.1392,25.1588
2742,0,0,0,1,0,0,0,240.0,100.0,2.0,58.7179,22.1637
2743,0,0,0,1,0,0,0,240.0,100.0,2.25,62.5971,19.4211
2744,0,0,0,1,0,0,0,240.0,100.0,2.51,65.3797,16.8789
2745,0,0,0,1,0,0,0,240.0,110.0,0.489,32.4732,60.2096
2746,0,0,0,1,0,0,0,240.0,110.0,0.75,36.5193,51.7452
2747,0,0,0,1,0,0,0,240.0,110.0,1.0,40.5707,44.0931
2748,0,0,0,1,0,0,0,240.0,110.0,1.25,44.6019,37.0346
2749,0,0,0,1,0,0,0,240.0,110.0,1.5,48.9493,31.3287
2750,0,0,0,1,0,0,0,240.0,110.0,1.75,52.9357,26.1264
2751,0,0,0,1,0,0,0,240.0,110.0,2.0,56.752,22.0625
2752,0,0,0,1,0,0,0,240.0,110.0,2.25,60.0382,18.2838
2753,0,0,0,1,0,0,0,240.0,110.0,2.51,62.9996,14.6205
2754,0,0,0,1,0,0,0,300.0,30.0,0.489,0,0.904074
2755,0,0,0,1,0,0,0,300.0,30.0,0.75,0.331726,0.515619
2756,0,0,0,1,0,0,0,300.0,30.0,1.0,1.08092,0.283561
2757,0,0,0,1,0,0,0,300.0,30.0,1.25,1.82509,0.265086
2758,0,0,0,1,0,0,0,300.0,30.0,1.5,2.79461,0.418626
2759,0,0,0,1,0,0,0,300.0,30.0,1.75,4.24161,0.64128
2760,0,0,0,1,0,0,0,300.0,30.0,2.0,6.44775,0.995778
2761,0,0,0,1,0,0,0,300.0,30.0,2.25,10.6898,1.42484
2762,0,0,0,1,0,0,0,300.0,30.0,2.51,14.9345,2.35621
2763,0,0,0,1,0,0,0,300.0,40.0,0.489,1.72099,3.66759
2764,0,0,0,1,0,0,0,300.0,40.0,0.75,2.5007,2.55449
2765,0,0,0,1,0,0,0,300.0,40.0,1.0,3.76791,2.21685
2766,0,0,0,1,0,0,0,300.0,40.0,1.25,5.83416,2.00339
2767,0,0,0,1,0,0,0,300.0,40.0,1.5,9.76853,2.1088
2768,0,0,0,1,0,0,0,300.0,40.0,1.75,14.0793,2.3059
2769,0,0,0,1,0,0,0,300.0,40.0,2.0,18.9018,3.18939
2770,0,0,0,1,0,0,0,300.0,40.0,2.25,23.5894,4.43816
2771,0,0,0,1,0,0,0,300.0,40.0,2.51,28.027,6.59424
2772,0,0,0,1,0,0,0,300.0,50.0,0.489,3.89265,8.57007
2773,0,0,0,1,0,0,0,300.0,50.0,0.75,5.62113,5.99521
2774,0,0,0,1,0,0,0,300.0,50.0,1.0,9.91248,5.09899
2775,0,0,0,1,0,0,0,300.0,50.0,1.25,14.7325,4.84971
2776,0,0,0,1,0,0,0,300.0,50.0,1.5,19.9499,5.60343
2777,0,0,0,1,0,0,0,300.0,50.0,1.75,25.4451,6.76822
2778,0,0,0,1,0,0,0,300.0,50.0,2.0,30.8751,8.47872
2779,0,0,0,1,0,0,0,300.0,50.0,2.25,36.1731,10.4866
2780,0,0,0,1,0,0,0,300.0,50.0,2.51,40.9405,12.6396
2781,0,0,0,1,0,0,0,300.0,60.0,0.489,7.73583,18.027
2782,0,0,0,1,0,0,0,300.0,60.0,0.75,12.2059,14.3496
2783,0,0,0,1,0,0,0,300.0,60.0,1.0,17.3896,11.9646
2784,0,0,0,1,0,0,0,300.0,60.0,1.25,23.1418,11.0576
2785,0,0,0,1,0,0,0,300.0,60.0,1.5,29.1756,11.3691
2786,0,0,0,1,0,0,0,300.0,60.0,1.75,35.7049,12.5383
2787,0,0,0,1,0,0,0,300.0,60.0,2.0,41.9938,14.0331
2788,0,0,0,1,0,0,0,300.0,60.0,2.25,47.9183,15.891
2789,0,0,0,1,0,0,0,300.0,60.0,2.51,52.5865,17.4111
2790,0,0,0,1,0,0,0,300.0,70.0,0.489,14.128,27.7042
2791,0,0,0,1,0,0,0,300.0,70.0,0.75,19.1285,22.9164
2792,0,0,0,1,0,0,0,300.0,70.0,1.0,24.5435,19.4611
2793,0,0,0,1,0,0,0,300.0,70.0,1.25,30.7429,17.6167
2794,0,0,0,1,0,0,0,300.0,70.0,1.5,37.6324,17.2551
2795,0,0,0,1,0,0,0,300.0,70.0,1.75,44.6569,17.6395
2796,0,0,0,1,0,0,0,300.0,70.0,2.0,51.4235,18.505
2797,0,0,0,1,0,0,0,300.0,70.0,2.25,56.959,19.3935
2798,0,0,0,1,0,0,0,300.0,70.0,2.51,61.4207,20.1145
2799,0,0,0,1,0,0,0,300.0,80.0,0.489,20.8594,37.7612
2800,0,0,0,1,0,0,0,300.0,80.0,0.75,25.9492,31.8229
2801,0,0,0,1,0,0,0,300.0,80.0,1.0,31.3719,27.32
2802,0,0,0,1,0,0,0,300.0,80.0,1.25,37.587,23.9683
2803,0,0,0,1,0,0,0,300.0,80.0,1.5,44.5636,22.194
2804,0,0,0,1,0,0,0,300.0,80.0,1.75,51.7732,21.6327
2805,0,0,0,1,0,0,0,300.0,80.0,2.0,58.1376,21.4048
2806,0,0,0,1,0,0,0,300.0,80.0,2.25,63.2443,21.4403
2807,0,0,0,1,0,0,0,300.0,80.0,2.51,66.8172,21.2247
2808,0,0,0,1,0,0,0,300.0,90.0,0.489,26.9612,47.5486
2809,0,0,0,1,0,0,0,300.0,90.0,0.75,32.0365,40.7114
2810,0,0,0,1,0,0,0,300.0,90.0,1.0,37.3057,34.6629
2811,0,0,0,1,0,0,0,300.0,90.0,1.25,43.2002,29.9425
2812,0,0,0,1,0,0,0,300.0,90.0,1.5,49.6378,26.6482
2813,0,0,0,1,0,0,0,300.0,90.0,1.75,55.7981,24.5257
2814,0,0,0,1,0,0,0,300.0,90.0,2.0,61.5197,23.3024
2815,0,0,0,1,0,0,0,300.0,90.0,2.25,65.6524,21.817
2816,0,0,0,1,0,0,0,300.0,90.0,2.51,68.5431,20.1465
2817,0,0,0,1,0,0,0,300.0,100.0,0.489,31.4322,55.7999
2818,0,0,0,1,0,0,0,300.0,100.0,0.75,36.3467,48.1564
2819,0,0,0,1,0,0,0,300.0,100.0,1.0,41.2449,41.1781
2820,0,0,0,1,0,0,0,300.0,100.0,1.25,46.505,35.0192
2821,0,0,0,1,0,0,0,300.0,100.0,1.5,51.8109,30.3439
2822,0,0,0,1,0,0,0,300.0,100.0,1.75,56.793,26.7851
2823,0,0,0,1,0,0,0,300.0,100.0,2.0,61.3679,23.6671
2824,0,0,0,1,0,0,0,300.0,100.0,2.25,65.1479,20.9053
2825,0,0,0,1,0,0,0,300.0,100.0,2.51,67.5278,17.9321
2826,0,0,0,1,0,0,0,300.0,110.0,0.489,34.0976,62.5727
2827,0,0,0,1,0,0,0,300.0,110.0,0.75,38.5162,54.222
2828,0,0,0,1,0,0,0,300.0,110.0,1.0,42.7848,46.5272
2829,0,0,0,1,0,0,0,300.0,110.0,1.25,46.9807,39.3461
2830,0,0,0,1,0,0,0,300.0,110.0,1.5,51.0517,32.9672
2831,0,0,0,1,0,0,0,300.0,110.0,1.75,54.9812,27.4368
2832,0,0,0,1,0,0,0,300.0,110.0,2.0,58.7602,23.1324
2833,0,0,0,1,0,0,0,300.0,110.0,2.25,61.9488,19.0824
2834,0,0,0,1,0,0,0,300.0,110.0,2.51,64.506,15.285
2835,0,0,0,1,0,0,0,360.0,30.0,0.489,0,0.940356
2836,0,0,0,1,0,0,0,360.0,30.0,0.75,0.176674,0.525401
2837,0,0,0,1,0,0,0,360.0,30.0,1.0,0.9422,0.258159
2838,0,0,0,1,0,0,0,360.0,30.0,1.25,1.67957,0.255972
2839,0,0,0,1,0,0,0,360.0,30.0,1.5,3.00868,0.435
2840,0,0,0,1,0,0,0,360.0,30.0,1.75,4.84549,0.689816
2841,0,0,0,1,0,0,0,360.0,30.0,2.0,7.80095,0.970759
2842,0,0,0,1,0,0,0,360.0,30.0,2.25,12.1179,1.36537
2843,0,0,0,1,0,0,0,360.0,30.0,2.51,16.5412,2.46349
2844,0,0,0,1,0,0,0,360.0,40.0,0.489,1.6712,4.31994
2845,0,0,0,1,0,0,0,360.0,40.0,0.75,2.39624,3.1635
2846,0,0,0,1,0,0,0,360.0,40.0,1.0,4.18951,2.47451
2847,0,0,0,1,0,0,0,360.0,40.0,1.25,6.94734,2.10113
2848,0,0,0,1,0,0,0,360.0,40.0,1.5,11.1342,2.14753
2849,0,0,0,1,0,0,0,360.0,40.0,1.75,15.6644,2.82209
2850,0,0,0,1,0,0,0,360.0,40.0,2.0,20.5389,3.93851
2851,0,0,0,1,0,0,0,360.0,40.0,2.25,25.3216,5.87498
2852,0,0,0,1,0,0,0,360.0,40.0,2.51,29.8188,8.04619
2853,0,0,0,1,0,0,0,360.0,50.0,0.489,4.1315,10.1566
2854,0,0,0,1,0,0,0,360.0,50.0,0.75,7.03034,7.6009
2855,0,0,0,1,0,0,0,360.0,50.0,1.0,11.6692,6.47364
2856,0,0,0,1,0,0,0,360.0,50.0,1.25,16.5569,6.2069
2857,0,0,0,1,0,0,0,360.0,50.0,1.5,21.7222,6.96115
2858,0,0,0,1,0,0,0,360.0,50.0,1.75,27.2639,8.58405
2859,0,0,0,1,0,0,0,360.0,50.0,2.0,32.9371,10.3655
2860,0,0,0,1,0,0,0,360.0,50.0,2.25,38.2075,12.4274
2861,0,0,0,1,0,0,0,360.0,50.0,2.51,42.8681,14.2658
2862,0,0,0,1,0,0,0,360.0,60.0,0.489,9.08659,19.9175
2863,0,0,0,1,0,0,0,360.0,60.0,0.75,14.2412,16.3536
2864,0,0,0,1,0,0,0,360.0,60.0,1.0,19.7293,14.3117
2865,0,0,0,1,0,0,0,360.0,60.0,1.25,25.3867,13.3946
2866,0,0,0,1,0,0,0,360.0,60.0,1.5,31.4645,13.5473
2867,0,0,0,1,0,0,0,360.0,60.0,1.75,38.0481,14.7744
2868,0,0,0,1,0,0,0,360.0,60.0,2.0,44.4586,16.3053
2869,0,0,0,1,0,0,0,360.0,60.0,2.25,50.0047,17.8824
2870,0,0,0,1,0,0,0,360.0,60.0,2.51,54.8454,18.9988
2871,0,0,0,1,0,0,0,360.0,70.0,0.489,16.1606,30.0101
2872,0,0,0,1,0,0,0,360.0,70.0,0.75,21.3947,25.4621
2873,0,0,0,1,0,0,0,360.0,70.0,1.0,26.9948,22.1093
2874,0,0,0,1,0,0,0,360.0,70.0,1.25,33.3653,20.4163
2875,0,0,0,1,0,0,0,360.0,70.0,1.5,40.3932,19.7618
2876,0,0,0,1,0,0,0,360.0,70.0,1.75,47.6044,20.2529
2877,0,0,0,1,0,0,0,360.0,70.0,2.0,54.1815,20.826
2878,0,0,0,1,0,0,0,360.0,70.0,2.25,59.7209,21.4165
2879,0,0,0,1,0,0,0,360.0,70.0,2.51,63.8474,21.751
2880,0,0,0,1,0,0,0,360.0,80.0,0.489,23.0614,40.233
2881,0,0,0,1,0,0,0,360.0,80.0,0.75,28.3791,34.548
2882,0,0,0,1,0,0,0,360.0,80.0,1.0,33.8831,30.0124
2883,0,0,0,1,0,0,0,360.0,80.0,1.25,40.349,26.7744
2884,0,0,0,1,0,0,0,360.0,80.0,1.5,47.6618,25.053
2885,0,0,0,1,0,0,0,360.0,80.0,1.75,54.8593,24.2714
2886,0,0,0,1,0,0,0,360.0,80.0,2.0,61.2055,23.8184
2887,0,0,0,1,0,0,0,360.0,80.0,2.25,66.1386,23.3987
2888,0,0,0,1,0,0,0,360.0,80.0,2.51,69.3405,22.6067
2889,0,0,0,1,0,0,0,360.0,90.0,0.489,29.0276,50.1093
2890,0,0,0,1,0,0,0,360.0,90.0,0.75,34.245,43.3514
2891,0,0,0,1,0,0,0,360.0,90.0,1.0,39.7631,37.5051
2892,0,0,0,1,0,0,0,360.0,90.0,1.25,45.8422,32.6263
2893,0,0,0,1,0,0,0,360.0,90.0,1.5,52.2787,29.2053
2894,0,0,0,1,0,0,0,360.0,90.0,1.75,58.7084,26.9514
2895,0,0,0,1,0,0,0,360.0,90.0,2.0,64.3822,25.3726
2896,0,0,0,1,0,0,0,360.0,90.0,2.25,68.3665,23.5718
2897,0,0,0,1,0,0,0,360.0,90.0,2.51,70.947,21.3661
2898,0,0,0,1,0,0,0,360.0,100.0,0.489,33.1788,58.3042
2899,0,0,0,1,0,0,0,360.0,100.0,0.75,38.2504,50.8115
2900,0,0,0,1,0,0,0,360.0,100.0,1.0,43.2767,43.7532
2901,0,0,0,1,0,0,0,360.0,100.0,1.25,48.8192,37.8087
2902,0,0,0,1,0,0,0,360.0,100.0,1.5,54.1764,32.6736
2903,0,0,0,1,0,0,0,360.0,100.0,1.75,59.2199,28.5854
2904,0,0,0,1,0,0,0,360.0,100.0,2.0,63.695,25.145
2905,0,0,0,1,0,0,0,360.0,100.0,2.25,67.1569,22.1845
2906,0,0,0,1,0,0,0,360.0,100.0,2.51,69.5243,19.0222
2907,0,0,0,1,0,0,0,360.0,110.0,0.489,35.6003,64.8919
2908,0,0,0,1,0,0,0,360.0,110.0,0.75,40.2376,56.6336
2909,0,0,0,1,0,0,0,360.0,110.0,1.0,44.7948,49.0755
2910,0,0,0,1,0,0,0,360.0,110.0,1.25,49.1699,41.7774
2911,0,0,0,1,0,0,0,360.0,110.0,1.5,53.0446,34.9108
2912,0,0,0,1,0,0,0,360.0,110.0,1.75,56.7288,29.0101
2913,0,0,0,1,0,0,0,360.0,110.0,2.0,60.4311,24.1977
2914,0,0,0,1,0,0,0,360.0,110.0,2.25,63.3943,19.884
2915,0,0,0,1,0,0,0,360.0,110.0,2.51,65.8711,15.9666
2916,0,0,0,1,0,0,0,420.0,30.0,0.489,0,1.3333
2917,0,0,0,1,0,0,0,420.0,30.0,0.75,0,0.496234
2918,0,0,0,1,0,0,0,420.0,30.0,1.0,0.797324,0.269211
2919,0,0,0,1,0,0,0,420.0,30.0,1.25,1.78396,0.311356
2920,0,0,0,1,0,0,0,420.0,30.0,1.5,3.58661,0.472587
2921,0,0,0,1,0,0,0,420.0,30.0,1.75,5.82729,0.705079
2922,0,0,0,1,0,0,0,420.0,30.0,2.0,9.42297,0.955388
2923,0,0,0,1,0,0,0,420.0,30.0,2.25,13.5604,1.57166
2924,0,0,0,1,0,0,0,420.0,30.0,2.51,18.0134,2.77615
2925,0,0,0,1,0,0,0,420.0,40.0,0.489,1.50988,4.96637
2926,0,0,0,1,0,0,0,420.0,40.0,0.75,2.46979,3.7888
2927,0,0,0,1,0,0,0,420.0,40.0,1.0,4.97764,3.01515
2928,0,0,0,1,0,0,0,420.0,40.0,1.25,8.25116,2.58455
2929,0,0,0,1,0,0,0,420.0,40.0,1.5,12.7545,2.79555
2930,0,0,0,1,0,0,0,420.0,40.0,1.75,17.3284,3.68764
2931,0,0,0,1,0,0,0,420.0,40.0,2.0,22.1617,5.35425
2932,0,0,0,1,0,0,0,420.0,40.0,2.25,26.8399,7.28675
2933,0,0,0,1,0,0,0,420.0,40.0,2.51,31.3403,9.4255
2934,0,0,0,1,0,0,0,420.0,50.0,0.489,4.65149,11.9907
2935,0,0,0,1,0,0,0,420.0,50.0,0.75,8.26087,9.52928
2936,0,0,0,1,0,0,0,420.0,50.0,1.0,13.312,8.36627
2937,0,0,0,1,0,0,0,420.0,50.0,1.25,18.3464,8.10481
2938,0,0,0,1,0,0,0,420.0,50.0,1.5,23.551,8.89507
2939,0,0,0,1,0,0,0,420.0,50.0,1.75,29.1326,10.4804
2940,0,0,0,1,0,0,0,420.0,50.0,2.0,34.8515,12.3044
2941,0,0,0,1,0,0,0,420.0,50.0,2.25,39.9693,14.1173
2942,0,0,0,1,0,0,0,420.0,50.0,2.51,44.5367,15.6901
2943,0,0,0,1,0,0,0,420.0,60.0,0.489,10.6842,22.052
2944,0,0,0,1,0,0,0,420.0,60.0,0.75,16.2186,18.628
2945,0,0,0,1,0,0,0,420.0,60.0,1.0,21.849,16.6838
2946,0,0,0,1,0,0,0,420.0,60.0,1.25,27.5692,15.8206
2947,0,0,0,1,0,0,0,420.0,60.0,1.5,33.7528,15.9135
2948,0,0,0,1,0,0,0,420.0,60.0,1.75,40.2971,17.0382
2949,0,0,0,1,0,0,0,420.0,60.0,2.0,46.6121,18.4851
2950,0,0,0,1,0,0,0,420.0,60.0,2.25,51.9753,19.6492
2951,0,0,0,1,0,0,0,420.0,60.0,2.51,56.5138,20.371
2952,0,0,0,1,0,0,0,420.0,70.0,0.489,18.1655,32.6291
2953,0,0,0,1,0,0,0,420.0,70.0,0.75,23.6999,28.236
2954,0,0,0,1,0,0,0,420.0,70.0,1.0,29.4917,25.0186
2955,0,0,0,1,0,0,0,420.0,70.0,1.25,35.9279,23.193
2956,0,0,0,1,0,0,0,420.0,70.0,1.5,43.0264,22.6087
2957,0,0,0,1,0,0,0,420.0,70.0,1.75,50.1451,22.7184
2958,0,0,0,1,0,0,0,420.0,70.0,2.0,56.5441,23.123
2959,0,0,0,1,0,0,0,420.0,70.0,2.25,61.8379,23.368
2960,0,0,0,1,0,0,0,420.0,70.0,2.51,65.7939,23.1959
2961,0,0,0,1,0,0,0,420.0,80.0,0.489,25.0232,42.7762
2962,0,0,0,1,0,0,0,420.0,80.0,0.75,30.6383,37.523
2963,0,0,0,1,0,0,0,420.0,80.0,1.0,36.5439,33.1477
2964,0,0,0,1,0,0,0,420.0,80.0,1.25,43.1489,29.8313
2965,0,0,0,1,0,0,0,420.0,80.0,1.5,50.4353,28.1486
2966,0,0,0,1,0,0,0,420.0,80.0,1.75,57.4812,26.9447
2967,0,0,0,1,0,0,0,420.0,80.0,2.0,63.6788,26.2467
2968,0,0,0,1,0,0,0,420.0,80.0,2.25,68.2094,25.2195
2969,0,0,0,1,0,0,0,420.0,80.0,2.51,71.2054,23.9484
2970,0,0,0,1,0,0,0,420.0,90.0,0.489,30.7882,52.5937
2971,0,0,0,1,0,0,0,420.0,90.0,0.75,36.2794,46.1715
2972,0,0,0,1,0,0,0,420.0,90.0,1.0,41.9581,40.4556
2973,0,0,0,1,0,0,0,420.0,90.0,1.25,48.236,35.6621
2974,0,0,0,1,0,0,0,420.0,90.0,1.5,54.7526,31.9993
2975,0,0,0,1,0,0,0,420.0,90.0,1.75,61.1281,29.4818
2976,0,0,0,1,0,0,0,420.0,90.0,2.0,66.4306,27.2696
2977,0,0,0,1,0,0,0,420.0,90.0,2.25,70.3271,25.2345
2978,0,0,0,1,0,0,0,420.0,90.0,2.51,72.772,22.6528
2979,0,0,0,1,0,0,0,420.0,100.0,0.489,34.8807,60.8343
2980,0,0,0,1,0,0,0,420.0,100.0,0.75,39.962,53.4056
2981,0,0,0,1,0,0,0,420.0,100.0,1.0,45.3046,46.7404
2982,0,0,0,1,0,0,0,420.0,100.0,1.25,50.8603,40.7462
2983,0,0,0,1,0,0,0,420.0,100.0,1.5,56.1586,35.2169
2984,0,0,0,1,0,0,0,420.0,100.0,1.75,61.0269,30.5049
2985,0,0,0,1,0,0,0,420.0,100.0,2.0,65.3185,26.5899
2986,0,0,0,1,0,0,0,420.0,100.0,2.25,68.6839,23.3243
2987,0,0,0,1,0,0,0,420.0,100.0,2.51,70.9243,20.0242
2988,0,0,0,1,0,0,0,420.0,110.0,0.489,37.0314,67.1601
2989,0,0,0,1,0,0,0,420.0,110.0,0.75,41.7351,59.0268
2990,0,0,0,1,0,0,0,420.0,110.0,1.0,46.4802,51.5482
2991,0,0,0,1,0,0,0,420.0,110.0,1.25,50.9134,44.1475
2992,0,0,0,1,0,0,0,420.0,110.0,1.5,54.8514,37.0712
2993,0,0,0,1,0,0,0,420.0,110.0,1.75,58.3325,30.7976
2994,0,0,0,1,0,0,0,420.0,110.0,2.0,61.5614,25.3203
2995,0,0,0,1,0,0,0,420.0,110.0,2.25,64.5001,20.7987
2996,0,0,0,1,0,0,0,420.0,110.0,2.51,66.976,16.7138
2997,0,0,0,1,0,0,0,480.0,30.0,0.489,0,1.96402
2998,0,0,0,1,0,0,0,480.0,30.0,0.75,0,1.0489
2999,0,0,0,1,0,0,0,480.0,30.0,1.0,0.639926,0.528423
3000,0,0,0,1,0,0,0,480.0,30.0,1.25,2.13179,0.406844
3001,0,0,0,1,0,0,0,480.0,30.0,1.5,4.41288,0.56046
3002,0,0,0,1,0,0,0,480.0,30.0,1.75,6.96116,0.750712
3003,0,0,0,1,0,0,0,480.0,30.0,2.0,10.8794,1.21569
3004,0,0,0,1,0,0,0,480.0,30.0,2.25,14.9743,2.16995
3005,0,0,0,1,0,0,0,480.0,30.0,2.51,19.2775,3.57157
3006,0,0,0,1,0,0,0,480.0,40.0,0.489,1.38485,5.76578
3007,0,0,0,1,0,0,0,480.0,40.0,0.75,3.12538,4.4624
3008,0,0,0,1,0,0,0,480.0,40.0,1.0,5.82227,3.73764
3009,0,0,0,1,0,0,0,480.0,40.0,1.25,9.72627,3.38147
3010,0,0,0,1,0,0,0,480.0,40.0,1.5,14.3354,3.83713
3011,0,0,0,1,0,0,0,480.0,40.0,1.75,18.9733,4.97836
3012,0,0,0,1,0,0,0,480.0,40.0,2.0,23.8118,6.86825
3013,0,0,0,1,0,0,0,480.0,40.0,2.25,28.2562,8.70593
3014,0,0,0,1,0,0,0,480.0,40.0,2.51,32.6606,10.5751
3015,0,0,0,1,0,0,0,480.0,50.0,0.489,5.50364,14.1006
3016,0,0,0,1,0,0,0,480.0,50.0,0.75,9.60079,11.6647
3017,0,0,0,1,0,0,0,480.0,50.0,1.0,14.9359,10.4712
3018,0,0,0,1,0,0,0,480.0,50.0,1.25,20.0652,10.1626
3019,0,0,0,1,0,0,0,480.0,50.0,1.5,25.4201,10.9404
3020,0,0,0,1,0,0,0,480.0,50.0,1.75,30.9747,12.2913
3021,0,0,0,1,0,0,0,480.0,50.0,2.0,36.5766,14.0916
3022,0,0,0,1,0,0,0,480.0,50.0,2.25,41.4521,15.5863
3023,0,0,0,1,0,0,0,480.0,50.0,2.51,45.7923,16.7516
3024,0,0,0,1,0,0,0,480.0,60.0,0.489,12.4297,24.4765
3025,0,0,0,1,0,0,0,480.0,60.0,0.75,17.8529,20.968
3026,0,0,0,1,0,0,0,480.0,60.0,1.0,23.6951,19.0395
3027,0,0,0,1,0,0,0,480.0,60.0,1.25,29.6771,18.2013
3028,0,0,0,1,0,0,0,480.0,60.0,1.5,35.9245,18.437
3029,0,0,0,1,0,0,0,480.0,60.0,1.75,42.4196,19.4184
3030,0,0,0,1,0,0,0,480.0,60.0,2.0,48.4439,20.4247
3031,0,0,0,1,0,0,0,480.0,60.0,2.25,53.5658,21.129
3032,0,0,0,1,0,0,0,480.0,60.0,2.51,57.6129,21.4174
3033,0,0,0,1,0,0,0,480.0,70.0,0.489,20.028,35.2366
3034,0,0,0,1,0,0,0,480.0,70.0,0.75,25.7139,30.9434
3035,0,0,0,1,0,0,0,480.0,70.0,1.0,31.5728,27.7564
3036,0,0,0,1,0,0,0,480.0,70.0,1.25,38.1216,25.8563
3037,0,0,0,1,0,0,0,480.0,70.0,1.5,45.2776,25.2834
3038,0,0,0,1,0,0,0,480.0,70.0,1.75,52.1312,25.0366
3039,0,0,0,1,0,0,0,480.0,70.0,2.0,58.3436,25.267
3040,0,0,0,1,0,0,0,480.0,70.0,2.25,63.4602,25.1263
3041,0,0,0,1,0,0,0,480.0,70.0,2.51,67.1023,24.4952
3042,0,0,0,1,0,0,0,480.0,80.0,0.489,26.8146,45.5001
3043,0,0,0,1,0,0,0,480.0,80.0,0.75,32.6195,40.5004
3044,0,0,0,1,0,0,0,480.0,80.0,1.0,38.6718,36.1419
3045,0,0,0,1,0,0,0,480.0,80.0,1.25,45.2884,32.8853
3046,0,0,0,1,0,0,0,480.0,80.0,1.5,52.5122,30.8581
3047,0,0,0,1,0,0,0,480.0,80.0,1.75,59.2359,29.2789
3048,0,0,0,1,0,0,0,480.0,80.0,2.0,65.2572,28.2494
3049,0,0,0,1,0,0,0,480.0,80.0,2.25,69.5517,26.9713
3050,0,0,0,1,0,0,0,480.0,80.0,2.51,72.4011,25.2295
3051,0,0,0,1,0,0,0,480.0,90.0,0.489,32.2169,54.8871
3052,0,0,0,1,0,0,0,480.0,90.0,0.75,37.9272,48.8263
3053,0,0,0,1,0,0,0,480.0,90.0,1.0,43.7448,43.4258
3054,0,0,0,1,0,0,0,480.0,90.0,1.25,50.1136,38.7839
3055,0,0,0,1,0,0,0,480.0,90.0,1.5,56.5926,34.8342
3056,0,0,0,1,0,0,0,480.0,90.0,1.75,62.6584,31.6996
3057,0,0,0,1,0,0,0,480.0,90.0,2.0,67.625,29.0892
3058,0,0,0,1,0,0,0,480.0,90.0,2.25,71.4373,26.584
3059,0,0,0,1,0,0,0,480.0,90.0,2.51,73.8788,23.7751
3060,0,0,0,1,0,0,0,480.0,100.0,0.489,36.2873,63.0986
3061,0,0,0,1,0,0,0,480.0,100.0,0.75,41.4485,55.824
3062,0,0,0,1,0,0,0,480.0,100.0,1.0,46.9176,49.5075
3063,0,0,0,1,0,0,0,480.0,100.0,1.25,52.354,43.3929
3064,0,0,0,1,0,0,0,480.0,100.0,1.5,57.5855,37.6704
3065,0,0,0,1,0,0,0,480.0,100.0,1.75,62.2659,32.5955
3066,0,0,0,1,0,0,0,480.0,100.0,2.0,66.2133,28.0943
3067,0,0,0,1,0,0,0,480.0,100.0,2.25,69.5611,24.4823
3068,0,0,0,1,0,0,0,480.0,100.0,2.51,71.8019,20.9062
3069,0,0,0,1,0,0,0,480.0,110.0,0.489,38.2993,69.1558
3070,0,0,0,1,0,0,0,480.0,110.0,0.75,43.1671,61.3473
3071,0,0,0,1,0,0,0,480.0,110.0,1.0,47.73,53.8728
3072,0,0,0,1,0,0,0,480.0,110.0,1.25,52.1214,46.3891
3073,0,0,0,1,0,0,0,480.0,110.0,1.5,56.0877,39.2652
3074,0,0,0,1,0,0,0,480.0,110.0,1.75,59.5868,32.6661
3075,0,0,0,1,0,0,0,480.0,110.0,2.0,62.4051,26.8374
3076,0,0,0,1,0,0,0,480.0,110.0,2.25,65.2689,21.923
3077,0,0,0,1,0,0,0,480.0,110.0,2.51,67.8565,17.6311
3078,0,0,0,1,0,0,0,540.0,30.0,0.489,0,2.70105
3079,0,0,0,1,0,0,0,540.0,30.0,0.75,0,1.85464
3080,0,0,0,1,0,0,0,540.0,30.0,1.0,0.713431,1.3199
3081,0,0,0,1,0,0,0,540.0,30.0,1.25,3.00063,1.05672
3082,0,0,0,1,0,0,0,540.0,30.0,1.5,5.23433,1.07781
3083,0,0,0,1,0,0,0,540.0,30.0,1.75,8.32989,1.33654
3084,0,0,0,1,0,0,0,540.0,30.0,2.0,12.3952,1.91401
3085,0,0,0,1,0,0,0,540.0,30.0,2.25,16.4313,2.92647
3086,0,0,0,1,0,0,0,540.0,30.0,2.51,20.4286,4.586
3087,0,0,0,1,0,0,0,540.0,40.0,0.489,1.27308,6.95497
3088,0,0,0,1,0,0,0,540.0,40.0,0.75,4.03776,5.4126
3089,0,0,0,1,0,0,0,540.0,40.0,1.0,6.90067,4.74012
3090,0,0,0,1,0,0,0,540.0,40.0,1.25,11.2235,4.70491
3091,0,0,0,1,0,0,0,540.0,40.0,1.5,15.8295,5.1367
3092,0,0,0,1,0,0,0,540.0,40.0,1.75,20.5145,6.49442
3093,0,0,0,1,0,0,0,540.0,40.0,2.0,25.2566,8.23083
3094,0,0,0,1,0,0,0,540.0,40.0,2.25,29.5511,10.0087
3095,0,0,0,1,0,0,0,540.0,40.0,2.51,33.7145,11.5338
3096,0,0,0,1,0,0,0,540.0,50.0,0.489,6.67701,16.394
3097,0,0,0,1,0,0,0,540.0,50.0,0.75,11.2379,14.1581
3098,0,0,0,1,0,0,0,540.0,50.0,1.0,16.6488,12.8844
3099,0,0,0,1,0,0,0,540.0,50.0,1.25,21.8106,12.5444
3100,0,0,0,1,0,0,0,540.0,50.0,1.5,27.215,13.2309
3101,0,0,0,1,0,0,0,540.0,50.0,1.75,32.6351,14.2309
3102,0,0,0,1,0,0,0,540.0,50.0,2.0,37.9416,15.5797
3103,0,0,0,1,0,0,0,540.0,50.0,2.25,42.5741,16.8224
3104,0,0,0,1,0,0,0,540.0,50.0,2.51,46.559,17.4178
3105,0,0,0,1,0,0,0,540.0,60.0,0.489,13.9842,26.8987
3106,0,0,0,1,0,0,0,540.0,60.0,0.75,19.6214,23.641
3107,0,0,0,1,0,0,0,540.0,60.0,1.0,25.5621,21.6563
3108,0,0,0,1,0,0,0,540.0,60.0,1.25,31.6681,20.7313
3109,0,0,0,1,0,0,0,540.0,60.0,1.5,37.8408,20.8166
3110,0,0,0,1,0,0,0,540.0,60.0,1.75,43.9561,21.3244
3111,0,0,0,1,0,0,0,540.0,60.0,2.0,49.7055,22.0107
3112,0,0,0,1,0,0,0,540.0,60.0,2.25,54.6404,22.3571
3113,0,0,0,1,0,0,0,540.0,60.0,2.51,58.4841,22.1667
3114,0,0,0,1,0,0,0,540.0,70.0,0.489,21.5933,37.6896
3115,0,0,0,1,0,0,0,540.0,70.0,0.75,27.3984,33.5144
3116,0,0,0,1,0,0,0,540.0,70.0,1.0,33.4873,30.4212
3117,0,0,0,1,0,0,0,540.0,70.0,1.25,40.0575,28.5404
3118,0,0,0,1,0,0,0,540.0,70.0,1.5,47.066,27.5516
3119,0,0,0,1,0,0,0,540.0,70.0,1.75,53.5999,26.993
3120,0,0,0,1,0,0,0,540.0,70.0,2.0,59.4227,26.9061
3121,0,0,0,1,0,0,0,540.0,70.0,2.25,64.2369,26.505
3122,0,0,0,1,0,0,0,540.0,70.0,2.51,67.6452,25.5263
3123,0,0,0,1,0,0,0,540.0,80.0,0.489,28.2148,47.941
3124,0,0,0,1,0,0,0,540.0,80.0,0.75,34.119,43.0664
3125,0,0,0,1,0,0,0,540.0,80.0,1.0,40.1525,38.7432
3126,0,0,0,1,0,0,0,540.0,80.0,1.25,46.9639,35.6127
3127,0,0,0,1,0,0,0,540.0,80.0,1.5,53.9539,33.2194
3128,0,0,0,1,0,0,0,540.0,80.0,1.75,60.2409,31.2745
3129,0,0,0,1,0,0,0,540.0,80.0,2.0,65.8342,29.8384
3130,0,0,0,1,0,0,0,540.0,80.0,2.25,69.9771,28.2667
3131,0,0,0,1,0,0,0,540.0,80.0,2.51,72.8356,26.2
3132,0,0,0,1,0,0,0,540.0,90.0,0.489,33.4732,57.0642
3133,0,0,0,1,0,0,0,540.0,90.0,0.75,39.2303,51.2624
3134,0,0,0,1,0,0,0,540.0,90.0,1.0,45.259,46.2096
3135,0,0,0,1,0,0,0,540.0,90.0,1.25,51.4673,41.5284
3136,0,0,0,1,0,0,0,540.0,90.0,1.5,57.6338,37.4092
3137,0,0,0,1,0,0,0,540.0,90.0,1.75,63.17,33.6486
3138,0,0,0,1,0,0,0,540.0,90.0,2.0,67.8803,30.5584
3139,0,0,0,1,0,0,0,540.0,90.0,2.25,71.698,27.6266
3140,0,0,0,1,0,0,0,540.0,90.0,2.51,74.2383,24.5715
3141,0,0,0,1,0,0,0,540.0,100.0,0.489,37.308,64.9588
3142,0,0,0,1,0,0,0,540.0,100.0,0.75,42.6717,58.1431
3143,0,0,0,1,0,0,0,540.0,100.0,1.0,48.005,51.9491
3144,0,0,0,1,0,0,0,540.0,100.0,1.25,53.4619,45.869
3145,0,0,0,1,0,0,0,540.0,100.0,1.5,58.3934,39.9066
3146,0,0,0,1,0,0,0,540.0,100.0,1.75,62.684,34.4894
3147,0,0,0,1,0,0,0,540.0,100.0,2.0,66.4893,29.6555
3148,0,0,0,1,0,0,0,540.0,100.0,2.25,69.7557,25.5389
3149,0,0,0,1,0,0,0,540.0,100.0,2.51,72.2949,21.8423
3150,0,0,0,1,0,0,0,540.0,110.0,0.489,39.4557,71.0993
3151,0,0,0,1,0,0,0,540.0,110.0,0.75,44.2576,63.4606
3152,0,0,0,1,0,0,0,540.0,110.0,1.0,48.6872,55.9779
3153,0,0,0,1,0,0,0,540.0,110.0,1.25,52.8262,48.3696
3154,0,0,0,1,0,0,0,540.0,110.0,1.5,56.683,41.1967
3155,0,0,0,1,0,0,0,540.0,110.0,1.75,60.0594,34.4487
3156,0,0,0,1,0,0,0,540.0,110.0,2.0,63.0474,28.4406
3157,0,0,0,1,0,0,0,540.0,110.0,2.25,65.7191,23.2601
3158,0,0,0,1,0,0,0,540.0,110.0,2.51,68.2431,18.7106
3159,0,0,0,1,0,0,0,600.0,30.0,0.489,0,3.51908
3160,0,0,0,1,0,0,0,600.0,30.0,0.75,0,2.72035
3161,0,0,0,1,0,0,0,600.0,30.0,1.0,1.35443,2.17009
3162,0,0,0,1,0,0,0,600.0,30.0,1.25,3.72085,1.80221
3163,0,0,0,1,0,0,0,600.0,30.0,1.5,6.0316,1.67151
3164,0,0,0,1,0,0,0,600.0,30.0,1.75,9.7038,1.86126
3165,0,0,0,1,0,0,0,600.0,30.0,2.0,13.7821,2.60484
3166,0,0,0,1,0,0,0,600.0,30.0,2.25,17.5708,3.70111
3167,0,0,0,1,0,0,0,600.0,30.0,2.51,21.3005,5.25403
3168,0,0,0,1,0,0,0,600.0,40.0,0.489,1.94387,8.97636
3169,0,0,0,1,0,0,0,600.0,40.0,0.75,4.98418,7.36162
3170,0,0,0,1,0,0,0,600.0,40.0,1.0,8.00853,6.65633
3171,0,0,0,1,0,0,0,600.0,40.0,1.25,12.5882,6.71093
3172,0,0,0,1,0,0,0,600.0,40.0,1.5,17.2813,7.20538
3173,0,0,0,1,0,0,0,600.0,40.0,1.75,22.0087,8.21751
3174,0,0,0,1,0,0,0,600.0,40.0,2.0,26.4502,9.53896
3175,0,0,0,1,0,0,0,600.0,40.0,2.25,30.5463,10.9249
3176,0,0,0,1,0,0,0,600.0,40.0,2.51,34.5031,12.0814
3177,0,0,0,1,0,0,0,600.0,50.0,0.489,8.01001,19.0682
3178,0,0,0,1,0,0,0,600.0,50.0,0.75,12.795,16.8545
3179,0,0,0,1,0,0,0,600.0,50.0,1.0,18.0981,15.4351
3180,0,0,0,1,0,0,0,600.0,50.0,1.25,23.3844,14.9443
3181,0,0,0,1,0,0,0,600.0,50.0,1.5,28.7709,15.4453
3182,0,0,0,1,0,0,0,600.0,50.0,1.75,33.9768,16.0354
3183,0,0,0,1,0,0,0,600.0,50.0,2.0,38.9373,16.7921
3184,0,0,0,1,0,0,0,600.0,50.0,2.25,43.2925,17.5381
3185,0,0,0,1,0,0,0,600.0,50.0,2.51,47.1993,17.9265
3186,0,0,0,1,0,0,0,600.0,60.0,0.489,15.4505,29.468
3187,0,0,0,1,0,0,0,600.0,60.0,0.75,21.3777,26.34
3188,0,0,0,1,0,0,0,600.0,60.0,1.0,27.303,24.4025
3189,0,0,0,1,0,0,0,600.0,60.0,1.25,33.3769,23.284
3190,0,0,0,1,0,0,0,600.0,60.0,1.5,39.4114,22.9793
3191,0,0,0,1,0,0,0,600.0,60.0,1.75,45.1832,22.9883
3192,0,0,0,1,0,0,0,600.0,60.0,2.0,50.4083,23.1388
3193,0,0,0,1,0,0,0,600.0,60.0,2.25,55.0512,23.1926
3194,0,0,0,1,0,0,0,600.0,60.0,2.51,58.7776,22.7417
3195,0,0,0,1,0,0,0,600.0,70.0,0.489,22.8108,40.0597
3196,0,0,0,1,0,0,0,600.0,70.0,0.75,28.955,36.156
3197,0,0,0,1,0,0,0,600.0,70.0,1.0,35.1253,33.0682
3198,0,0,0,1,0,0,0,600.0,70.0,1.25,41.7587,31.1188
3199,0,0,0,1,0,0,0,600.0,70.0,1.5,48.4145,29.5948
3200,0,0,0,1,0,0,0,600.0,70.0,1.75,54.4645,28.6226
3201,0,0,0,1,0,0,0,600.0,70.0,2.0,59.7584,28.0341
3202,0,0,0,1,0,0,0,600.0,70.0,2.25,64.1738,27.2284
3203,0,0,0,1,0,0,0,600.0,70.0,2.51,67.3768,25.9127
3204,0,0,0,1,0,0,0,600.0,80.0,0.489,29.3683,50.0159
3205,0,0,0,1,0,0,0,600.0,80.0,0.75,35.2251,45.2036
3206,0,0,0,1,0,0,0,600.0,80.0,1.0,41.4202,41.2895
3207,0,0,0,1,0,0,0,600.0,80.0,1.25,48.1819,38.0601
3208,0,0,0,1,0,0,0,600.0,80.0,1.5,54.7221,35.428
3209,0,0,0,1,0,0,0,600.0,80.0,1.75,60.6436,32.9684
3210,0,0,0,1,0,0,0,600.0,80.0,2.0,65.6644,30.8886
3211,0,0,0,1,0,0,0,600.0,80.0,2.25,69.6878,28.9052
3212,0,0,0,1,0,0,0,600.0,80.0,2.51,72.5372,26.715
3213,0,0,0,1,0,0,0,600.0,90.0,0.489,34.4807,58.9819
3214,0,0,0,1,0,0,0,600.0,90.0,0.75,40.3132,53.5215
3215,0,0,0,1,0,0,0,600.0,90.0,1.0,46.4007,48.5918
3216,0,0,0,1,0,0,0,600.0,90.0,1.25,52.4251,43.8662
3217,0,0,0,1,0,0,0,600.0,90.0,1.5,58.1104,39.5242
3218,0,0,0,1,0,0,0,600.0,90.0,1.75,63.1777,35.3521
3219,0,0,0,1,0,0,0,600.0,90.0,2.0,67.5631,31.6799
3220,0,0,0,1,0,0,0,600.0,90.0,2.25,71.2196,28.4298
3221,0,0,0,1,0,0,0,600.0,90.0,2.51,73.8967,25.2129
3222,0,0,0,1,0,0,0,600.0,100.0,0.489,38.2022,66.658
3223,0,0,0,1,0,0,0,600.0,100.0,0.75,43.6135,60.1474
3224,0,0,0,1,0,0,0,600.0,100.0,1.0,48.8503,54.0264
3225,0,0,0,1,0,0,0,600.0,100.0,1.25,54.0452,47.942
3226,0,0,0,1,0,0,0,600.0,100.0,1.5,58.6253,41.7733
3227,0,0,0,1,0,0,0,600.0,100.0,1.75,62.7709,36.179
3228,0,0,0,1,0,0,0,600.0,100.0,2.0,66.4226,31.244
3229,0,0,0,1,0,0,0,600.0,100.0,2.25,69.5816,26.7028
3230,0,0,0,1,0,0,0,600.0,100.0,2.51,72.3001,22.6778
3231,0,0,0,1,0,0,0,600.0,110.0,0.489,40.4041,72.8631
3232,0,0,0,1,0,0,0,600.0,110.0,0.75,44.9526,65.1879
3233,0,0,0,1,0,0,0,600.0,110.0,1.0,49.214,57.6872
3234,0,0,0,1,0,0,0,600.0,110.0,1.25,53.2178,50.0788
3235,0,0,0,1,0,0,0,600.0,110.0,1.5,56.9665,42.9298
3236,0,0,0,1,0,0,0,600.0,110.0,1.75,60.1968,36.1592
3237,0,0,0,1,0,0,0,600.0,110.0,2.0,63.2164,30.0126
3238,0,0,0,1,0,0,0,600.0,110.0,2.25,65.9277,24.7394
3239,0,0,0,1,0,0,0,600.0,110.0,2.51,68.3856,19.8567
3240,0,0,0,0,1,0,0,60.0,30.0,0.489,0,0.164073
3241,0,0,0,0,1,0,0,60.0,30.0,0.75,0.33709,0
3242,0,0,0,0,1,0,0,60.0,30.0,1.0,1.17477,0
3243,0,0,0,0,1,0,0,60.0,30.0,1.25,2.01732,0
3244,0,0,0,0,1,0,0,60.0,30.0,1.5,2.89289,0.022988
3245,0,0,0,0,1,0,0,60.0,30.0,1.75,3.85182,0.320765
3246,0,0,0,0,1,0,0,60.0,30.0,2.0,4.84012,0.737322
3247,0,0,0,0,1,0,0,60.0,30.0,2.25,5.82961,1.16586
3248,0,0,0,0,1,0,0,60.0,30.0,2.51,7.04564,2.02937
3249,0,0,0,0,1,0,0,60.0,40.0,0.489,1.58901,2.64321
3250,0,0,0,0,1,0,0,60.0,40.0,0.75,2.24267,1.7661
3251,0,0,0,0,1,0,0,60.0,40.0,1.0,3.07315,1.50721
3252,0,0,0,0,1,0,0,60.0,40.0,1.25,3.8528,1.42774
3253,0,0,0,0,1,0,0,60.0,40.0,1.5,5.26454,1.56294
3254,0,0,0,0,1,0,0,60.0,40.0,1.75,7.15725,1.92239
3255,0,0,0,0,1,0,0,60.0,40.0,2.0,9.20957,2.86238
3256,0,0,0,0,1,0,0,60.0,40.0,2.25,11.2375,3.73195
3257,0,0,0,0,1,0,0,60.0,40.0,2.51,13.7334,4.41921
3258,0,0,0,0,1,0,0,60.0,50.0,0.489,3.76993,9.15158
3259,0,0,0,0,1,0,0,60.0,50.0,0.75,5.52554,6.71245
3260,0,0,0,0,1,0,0,60.0,50.0,1.0,7.7882,4.90279
3261,0,0,0,0,1,0,0,60.0,50.0,1.25,9.89446,4.01801
3262,0,0,0,0,1,0,0,60.0,50.0,1.5,12.579,4.04827
3263,0,0,0,0,1,0,0,60.0,50.0,1.75,15.697,4.54192
3264,0,0,0,0,1,0,0,60.0,50.0,2.0,18.6644,5.29537
3265,0,0,0,0,1,0,0,60.0,50.0,2.25,21.562,6.28987
3266,0,0,0,0,1,0,0,60.0,50.0,2.51,24.2996,7.43318
3267,0,0,0,0,1,0,0,60.0,60.0,0.489,8.66975,18.3244
3268,0,0,0,0,1,0,0,60.0,60.0,0.75,11.1209,14.1054
3269,0,0,0,0,1,0,0,60.0,60.0,1.0,14.1712,10.9461
3270,0,0,0,0,1,0,0,60.0,60.0,1.25,17.3007,9.14335
3271,0,0,0,0,1,0,0,60.0,60.0,1.5,20.6346,8.70639
3272,0,0,0,0,1,0,0,60.0,60.0,1.75,24.0905,8.8904
3273,0,0,0,0,1,0,0,60.0,60.0,2.0,27.4388,9.41713
3274,0,0,0,0,1,0,0,60.0,60.0,2.25,30.6931,10.2474
3275,0,0,0,0,1,0,0,60.0,60.0,2.51,33.6217,10.8953
3276,0,0,0,0,1,0,0,60.0,70.0,0.489,14.2772,27.74
3277,0,0,0,0,1,0,0,60.0,70.0,0.75,17.7305,22.735
3278,0,0,0,0,1,0,0,60.0,70.0,1.0,21.039,18.9033
3279,0,0,0,0,1,0,0,60.0,70.0,1.25,24.304,16.0234
3280,0,0,0,0,1,0,0,60.0,70.0,1.5,27.7777,14.106
3281,0,0,0,0,1,0,0,60.0,70.0,1.75,31.3898,13.2935
3282,0,0,0,0,1,0,0,60.0,70.0,2.0,34.6976,13.0445
3283,0,0,0,0,1,0,0,60.0,70.0,2.25,37.6654,13.2828
3284,0,0,0,0,1,0,0,60.0,70.0,2.51,40.2494,13.4265
3285,0,0,0,0,1,0,0,60.0,80.0,0.489,19.669,37.056
3286,0,0,0,0,1,0,0,60.0,80.0,0.75,23.3101,31.2681
3287,0,0,0,0,1,0,0,60.0,80.0,1.0,26.953,26.7839
3288,0,0,0,0,1,0,0,60.0,80.0,1.25,30.4463,23.0839
3289,0,0,0,0,1,0,0,60.0,80.0,1.5,33.7354,20.0117
3290,0,0,0,0,1,0,0,60.0,80.0,1.75,36.7709,17.7438
3291,0,0,0,0,1,0,0,60.0,80.0,2.0,39.724,16.4877
3292,0,0,0,0,1,0,0,60.0,80.0,2.25,42.2943,15.7277
3293,0,0,0,0,1,0,0,60.0,80.0,2.51,44.5406,15.0453
3294,0,0,0,0,1,0,0,60.0,90.0,0.489,24.1827,46.2394
3295,0,0,0,0,1,0,0,60.0,90.0,0.75,27.8962,39.8881
3296,0,0,0,0,1,0,0,60.0,90.0,1.0,31.3325,34.2328
3297,0,0,0,0,1,0,0,60.0,90.0,1.25,34.4724,29.1668
3298,0,0,0,0,1,0,0,60.0,90.0,1.5,37.4635,24.9332
3299,0,0,0,0,1,0,0,60.0,90.0,1.75,40.1606,21.6418
3300,0,0,0,0,1,0,0,60.0,90.0,2.0,42.9274,19.2045
3301,0,0,0,0,1,0,0,60.0,90.0,2.25,45.0725,16.9537
3302,0,0,0,0,1,0,0,60.0,90.0,2.51,46.7895,15.2481
3303,0,0,0,0,1,0,0,60.0,100.0,0.489,27.2299,54.5818
3304,0,0,0,0,1,0,0,60.0,100.0,0.75,30.6425,47.3549
3305,0,0,0,0,1,0,0,60.0,100.0,1.0,33.6918,40.5573
3306,0,0,0,0,1,0,0,60.0,100.0,1.25,36.5164,34.6038
3307,0,0,0,0,1,0,0,60.0,100.0,1.5,39.283,29.2397
3308,0,0,0,0,1,0,0,60.0,100.0,1.75,41.9517,24.8737
3309,0,0,0,0,1,0,0,60.0,100.0,2.0,44.094,20.8205
3310,0,0,0,0,1,0,0,60.0,100.0,2.25,45.7847,17.5028
3311,0,0,0,0,1,0,0,60.0,100.0,2.51,47.1541,14.6572
3312,0,0,0,0,1,0,0,60.0,110.0,0.489,28.9991,61.5827
3313,0,0,0,0,1,0,0,60.0,110.0,0.75,31.9137,53.6321
3314,0,0,0,0,1,0,0,60.0,110.0,1.0,34.4037,46.1932
3315,0,0,0,0,1,0,0,60.0,110.0,1.25,36.7437,39.062
3316,0,0,0,0,1,0,0,60.0,110.0,1.5,39.1624,32.7788
3317,0,0,0,0,1,0,0,60.0,110.0,1.75,41.3374,26.9344
3318,0,0,0,0,1,0,0,60.0,110.0,2.0,43.3872,21.8949
3319,0,0,0,0,1,0,0,60.0,110.0,2.25,44.9073,17.4754
3320,0,0,0,0,1,0,0,60.0,110.0,2.51,46.1182,13.482
3321,0,0,0,0,1,0,0,120.0,30.0,0.489,0,0.12883
3322,0,0,0,0,1,0,0,120.0,30.0,0.75,0.237738,0
3323,0,0,0,0,1,0,0,120.0,30.0,1.0,0.931201,0
3324,0,0,0,0,1,0,0,120.0,30.0,1.25,1.82345,0
3325,0,0,0,0,1,0,0,120.0,30.0,1.5,2.67394,0
3326,0,0,0,0,1,0,0,120.0,30.0,1.75,3.63173,0.244121
3327,0,0,0,0,1,0,0,120.0,30.0,2.0,4.68455,0.687286
3328,0,0,0,0,1,0,0,120.0,30.0,2.25,5.74438,1.20809
3329,0,0,0,0,1,0,0,120.0,30.0,2.51,7.38984,2.17868
3330,0,0,0,0,1,0,0,120.0,40.0,0.489,1.52792,2.62995
3331,0,0,0,0,1,0,0,120.0,40.0,0.75,2.12239,1.66656
3332,0,0,0,0,1,0,0,120.0,40.0,1.0,2.87388,1.37216
3333,0,0,0,0,1,0,0,120.0,40.0,1.25,4.18348,1.33699
3334,0,0,0,0,1,0,0,120.0,40.0,1.5,6.21976,1.50624
3335,0,0,0,0,1,0,0,120.0,40.0,1.75,8.17774,1.96026
3336,0,0,0,0,1,0,0,120.0,40.0,2.0,10.0992,2.91723
3337,0,0,0,0,1,0,0,120.0,40.0,2.25,12.2477,3.812
3338,0,0,0,0,1,0,0,120.0,40.0,2.51,14.967,4.55585
3339,0,0,0,0,1,0,0,120.0,50.0,0.489,4.1438,9.106
3340,0,0,0,0,1,0,0,120.0,50.0,0.75,6.50774,6.48064
3341,0,0,0,0,1,0,0,120.0,50.0,1.0,8.74063,4.75858
3342,0,0,0,0,1,0,0,120.0,50.0,1.25,11.0603,3.9705
3343,0,0,0,0,1,0,0,120.0,50.0,1.5,14.0316,4.1069
3344,0,0,0,0,1,0,0,120.0,50.0,1.75,17.0331,4.6685
3345,0,0,0,0,1,0,0,120.0,50.0,2.0,20.1208,5.59192
3346,0,0,0,0,1,0,0,120.0,50.0,2.25,22.901,6.78939
3347,0,0,0,0,1,0,0,120.0,50.0,2.51,25.7319,8.01514
3348,0,0,0,0,1,0,0,120.0,60.0,0.489,9.71374,18.5772
3349,0,0,0,0,1,0,0,120.0,60.0,0.75,12.2522,14.1947
3350,0,0,0,0,1,0,0,120.0,60.0,1.0,15.386,10.8625
3351,0,0,0,0,1,0,0,120.0,60.0,1.25,18.6096,9.03269
3352,0,0,0,0,1,0,0,120.0,60.0,1.5,22.2391,8.81961
3353,0,0,0,0,1,0,0,120.0,60.0,1.75,25.7861,9.08678
3354,0,0,0,0,1,0,0,120.0,60.0,2.0,29.2793,9.87879
3355,0,0,0,0,1,0,0,120.0,60.0,2.25,32.4837,10.8589
3356,0,0,0,0,1,0,0,120.0,60.0,2.51,35.4304,11.5947
3357,0,0,0,0,1,0,0,120.0,70.0,0.489,15.5065,28.3392
3358,0,0,0,0,1,0,0,120.0,70.0,0.75,18.8156,22.9757
3359,0,0,0,0,1,0,0,120.0,70.0,1.0,22.0906,18.8701
3360,0,0,0,0,1,0,0,120.0,70.0,1.25,25.5712,15.7963
3361,0,0,0,0,1,0,0,120.0,70.0,1.5,29.1905,14.0416
3362,0,0,0,0,1,0,0,120.0,70.0,1.75,32.9602,13.418
3363,0,0,0,0,1,0,0,120.0,70.0,2.0,36.6837,13.5101
3364,0,0,0,0,1,0,0,120.0,70.0,2.25,39.7074,13.9413
3365,0,0,0,0,1,0,0,120.0,70.0,2.51,42.431,14.3799
3366,0,0,0,0,1,0,0,120.0,80.0,0.489,20.9546,37.8003
3367,0,0,0,0,1,0,0,120.0,80.0,0.75,24.5122,31.8011
3368,0,0,0,0,1,0,0,120.0,80.0,1.0,28.2462,27.0178
3369,0,0,0,0,1,0,0,120.0,80.0,1.25,31.6772,22.9725
3370,0,0,0,0,1,0,0,120.0,80.0,1.5,35.1025,19.9709
3371,0,0,0,0,1,0,0,120.0,80.0,1.75,38.4854,17.9081
3372,0,0,0,0,1,0,0,120.0,80.0,2.0,41.6218,16.8167
3373,0,0,0,0,1,0,0,120.0,80.0,2.25,44.3289,16.1621
3374,0,0,0,0,1,0,0,120.0,80.0,2.51,46.6732,15.6671
3375,0,0,0,0,1,0,0,120.0,90.0,0.489,25.2744,47.1129
3376,0,0,0,0,1,0,0,120.0,90.0,0.75,28.9434,40.4498
3377,0,0,0,0,1,0,0,120.0,90.0,1.0,32.42,34.4851
3378,0,0,0,0,1,0,0,120.0,90.0,1.25,35.7673,29.3916
3379,0,0,0,0,1,0,0,120.0,90.0,1.5,38.8378,25.1319
3380,0,0,0,0,1,0,0,120.0,90.0,1.75,41.8573,21.8969
3381,0,0,0,0,1,0,0,120.0,90.0,2.0,44.699,19.2882
3382,0,0,0,0,1,0,0,120.0,90.0,2.25,46.9312,17.2438
3383,0,0,0,0,1,0,0,120.0,90.0,2.51,48.8051,15.6155
3384,0,0,0,0,1,0,0,120.0,100.0,0.489,28.2862,55.5987
3385,0,0,0,0,1,0,0,120.0,100.0,0.75,31.6122,48.1206
3386,0,0,0,0,1,0,0,120.0,100.0,1.0,34.824,41.2078
3387,0,0,0,0,1,0,0,120.0,100.0,1.25,37.7179,34.7994
3388,0,0,0,0,1,0,0,120.0,100.0,1.5,40.5323,29.5847
3389,0,0,0,0,1,0,0,120.0,100.0,1.75,43.2666,24.9942
3390,0,0,0,0,1,0,0,120.0,100.0,2.0,45.6397,20.7878
3391,0,0,0,0,1,0,0,120.0,100.0,2.25,47.555,17.5386
3392,0,0,0,0,1,0,0,120.0,100.0,2.51,48.8545,14.5702
3393,0,0,0,0,1,0,0,120.0,110.0,0.489,30.1468,62.8146
3394,0,0,0,0,1,0,0,120.0,110.0,0.75,32.9892,54.6445
3395,0,0,0,0,1,0,0,120.0,110.0,1.0,35.4168,46.7869
3396,0,0,0,0,1,0,0,120.0,110.0,1.25,37.8844,39.4725
3397,0,0,0,0,1,0,0,120.0,110.0,1.5,40.3712,32.8761
3398,0,0,0,0,1,0,0,120.0,110.0,1.75,42.5357,26.8625
3399,0,0,0,0,1,0,0,120.0,110.0,2.0,44.5003,21.5619
3400,0,0,0,0,1,0,0,120.0,110.0,2.25,45.9943,17.0333
3401,0,0,0,0,1,0,0,120.0,110.0,2.51,47.3949,13.2028
3402,0,0,0,0,1,0,0,180.0,30.0,0.489,0,0.0882162
3403,0,0,0,0,1,0,0,180.0,30.0,0.75,0.150601,0
3404,0,0,0,0,1,0,0,180.0,30.0,1.0,0.753021,0
3405,0,0,0,0,1,0,0,180.0,30.0,1.25,1.58845,0
3406,0,0,0,0,1,0,0,180.0,30.0,1.5,2.44603,0
3407,0,0,0,0,1,0,0,180.0,30.0,1.75,3.38317,0.185786
3408,0,0,0,0,1,0,0,180.0,30.0,2.0,4.49876,0.61732
3409,0,0,0,0,1,0,0,180.0,30.0,2.25,5.88831,1.24788
3410,0,0,0,0,1,0,0,180.0,30.0,2.51,7.82303,2.28581
3411,0,0,0,0,1,0,0,180.0,40.0,0.489,1.42623,2.68032
3412,0,0,0,0,1,0,0,180.0,40.0,0.75,2.07108,1.71696
3413,0,0,0,0,1,0,0,180.0,40.0,1.0,3.19023,1.30503
3414,0,0,0,0,1,0,0,180.0,40.0,1.25,4.98794,1.24714
3415,0,0,0,0,1,0,0,180.0,40.0,1.5,7.08518,1.43099
3416,0,0,0,0,1,0,0,180.0,40.0,1.75,9.08811,1.95198
3417,0,0,0,0,1,0,0,180.0,40.0,2.0,11.0105,2.95127
3418,0,0,0,0,1,0,0,180.0,40.0,2.25,13.3491,3.83089
3419,0,0,0,0,1,0,0,180.0,40.0,2.51,16.1505,4.73102
3420,0,0,0,0,1,0,0,180.0,50.0,0.489,4.43341,9.09808
3421,0,0,0,0,1,0,0,180.0,50.0,0.75,7.14013,6.34045
3422,0,0,0,0,1,0,0,180.0,50.0,1.0,9.59537,4.67851
3423,0,0,0,0,1,0,0,180.0,50.0,1.25,12.1202,4.07929
3424,0,0,0,0,1,0,0,180.0,50.0,1.5,15.3726,4.21625
3425,0,0,0,0,1,0,0,180.0,50.0,1.75,18.5093,4.99977
3426,0,0,0,0,1,0,0,180.0,50.0,2.0,21.3265,6.00761
3427,0,0,0,0,1,0,0,180.0,50.0,2.25,24.215,7.26861
3428,0,0,0,0,1,0,0,180.0,50.0,2.51,27.0881,8.54302
3429,0,0,0,0,1,0,0,180.0,60.0,0.489,10.4535,19.0274
3430,0,0,0,0,1,0,0,180.0,60.0,0.75,13.3229,14.3423
3431,0,0,0,0,1,0,0,180.0,60.0,1.0,16.4272,10.9989
3432,0,0,0,0,1,0,0,180.0,60.0,1.25,20.0323,9.35438
3433,0,0,0,0,1,0,0,180.0,60.0,1.5,23.8006,9.06119
3434,0,0,0,0,1,0,0,180.0,60.0,1.75,27.3989,9.40119
3435,0,0,0,0,1,0,0,180.0,60.0,2.0,30.8678,10.3251
3436,0,0,0,0,1,0,0,180.0,60.0,2.25,34.0535,11.3471
3437,0,0,0,0,1,0,0,180.0,60.0,2.51,36.9219,12.2301
3438,0,0,0,0,1,0,0,180.0,70.0,0.489,16.5388,28.9724
3439,0,0,0,0,1,0,0,180.0,70.0,0.75,19.88,23.5246
3440,0,0,0,0,1,0,0,180.0,70.0,1.0,23.1427,19.1455
3441,0,0,0,0,1,0,0,180.0,70.0,1.25,26.7011,16.0101
3442,0,0,0,0,1,0,0,180.0,70.0,1.5,30.5985,14.1688
3443,0,0,0,0,1,0,0,180.0,70.0,1.75,34.6855,13.7497
3444,0,0,0,0,1,0,0,180.0,70.0,2.0,38.3686,14.0469
3445,0,0,0,0,1,0,0,180.0,70.0,2.25,41.389,14.5727
3446,0,0,0,0,1,0,0,180.0,70.0,2.51,44.3561,15.2141
3447,0,0,0,0,1,0,0,180.0,80.0,0.489,22.1037,38.6973
3448,0,0,0,0,1,0,0,180.0,80.0,0.75,25.5587,32.4239
3449,0,0,0,0,1,0,0,180.0,80.0,1.0,29.2428,27.4824
3450,0,0,0,0,1,0,0,180.0,80.0,1.25,32.9112,23.314
3451,0,0,0,0,1,0,0,180.0,80.0,1.5,36.3355,20.0781
3452,0,0,0,0,1,0,0,180.0,80.0,1.75,40.0721,18.2216
3453,0,0,0,0,1,0,0,180.0,80.0,2.0,43.2905,17.1218
3454,0,0,0,0,1,0,0,180.0,80.0,2.25,46.2455,16.6058
3455,0,0,0,0,1,0,0,180.0,80.0,2.51,48.8125,16.2842
3456,0,0,0,0,1,0,0,180.0,90.0,0.489,26.2908,48.112
3457,0,0,0,0,1,0,0,180.0,90.0,0.75,29.8579,41.1626
3458,0,0,0,0,1,0,0,180.0,90.0,1.0,33.2816,34.9989
3459,0,0,0,0,1,0,0,180.0,90.0,1.25,36.7748,29.7672
3460,0,0,0,0,1,0,0,180.0,90.0,1.5,40.0382,25.4606
3461,0,0,0,0,1,0,0,180.0,90.0,1.75,43.3178,22.141
3462,0,0,0,0,1,0,0,180.0,90.0,2.0,46.4132,19.5352
3463,0,0,0,0,1,0,0,180.0,90.0,2.25,48.7195,17.4391
3464,0,0,0,0,1,0,0,180.0,90.0,2.51,50.75,15.842
3465,0,0,0,0,1,0,0,180.0,100.0,0.489,29.3061,56.6904
3466,0,0,0,0,1,0,0,180.0,100.0,0.75,32.5247,49.0029
3467,0,0,0,0,1,0,0,180.0,100.0,1.0,35.6608,41.7953
3468,0,0,0,0,1,0,0,180.0,100.0,1.25,38.821,35.2799
3469,0,0,0,0,1,0,0,180.0,100.0,1.5,41.8745,30.0464
3470,0,0,0,0,1,0,0,180.0,100.0,1.75,44.4957,25.153
3471,0,0,0,0,1,0,0,180.0,100.0,2.0,47.1041,20.8442
3472,0,0,0,0,1,0,0,180.0,100.0,2.25,49.1531,17.502
3473,0,0,0,0,1,0,0,180.0,100.0,2.51,50.4534,14.4238
3474,0,0,0,0,1,0,0,180.0,110.0,0.489,30.9761,63.9827
3475,0,0,0,0,1,0,0,180.0,110.0,0.75,33.8197,55.4843
3476,0,0,0,0,1,0,0,180.0,110.0,1.0,36.3789,47.501
3477,0,0,0,0,1,0,0,180.0,110.0,1.25,39.0667,40.0333
3478,0,0,0,0,1,0,0,180.0,110.0,1.5,41.5839,33.2083
3479,0,0,0,0,1,0,0,180.0,110.0,1.75,43.6971,26.9764
3480,0,0,0,0,1,0,0,180.0,110.0,2.0,45.4505,21.3031
3481,0,0,0,0,1,0,0,180.0,110.0,2.25,47.1862,16.75
3482,0,0,0,0,1,0,0,180.0,110.0,2.51,48.5929,12.8654
3483,0,0,0,0,1,0,0,240.0,30.0,0.489,0,0.0522062
3484,0,0,0,0,1,0,0,240.0,30.0,0.75,0.0389206,0
3485,0,0,0,0,1,0,0,240.0,30.0,1.0,0.657565,0
3486,0,0,0,0,1,0,0,240.0,30.0,1.25,1.33147,0
3487,0,0,0,0,1,0,0,240.0,30.0,1.5,2.20047,0
3488,0,0,0,0,1,0,0,240.0,30.0,1.75,3.13589,0.0937079
3489,0,0,0,0,1,0,0,240.0,30.0,2.0,4.66546,0.563305
3490,0,0,0,0,1,0,0,240.0,30.0,2.25,6.39072,1.20556
3491,0,0,0,0,1,0,0,240.0,30.0,2.51,8.48987,2.3085
3492,0,0,0,0,1,0,0,240.0,40.0,0.489,1.29955,2.84224
3493,0,0,0,0,1,0,0,240.0,40.0,0.75,1.99343,1.87369
3494,0,0,0,0,1,0,0,240.0,40.0,1.0,3.5462,1.25889
3495,0,0,0,0,1,0,0,240.0,40.0,1.25,5.68911,1.19949
3496,0,0,0,0,1,0,0,240.0,40.0,1.5,7.89204,1.37107
3497,0,0,0,0,1,0,0,240.0,40.0,1.75,9.93238,1.9631
3498,0,0,0,0,1,0,0,240.0,40.0,2.0,12.0428,2.99033
3499,0,0,0,0,1,0,0,240.0,40.0,2.25,14.5916,3.89452
3500,0,0,0,0,1,0,0,240.0,40.0,2.51,17.2493,4.84617
3501,0,0,0,0,1,0,0,240.0,50.0,0.489,4.64736,9.4528
3502,0,0,0,0,1,0,0,240.0,50.0,0.75,7.62208,6.46372
3503,0,0,0,0,1,0,0,240.0,50.0,1.0,10.3672,4.75122
3504,0,0,0,0,1,0,0,240.0,50.0,1.25,13.2794,4.28961
3505,0,0,0,0,1,0,0,240.0,50.0,1.5,16.6139,4.54823
3506,0,0,0,0,1,0,0,240.0,50.0,1.75,19.6975,5.42142
3507,0,0,0,0,1,0,0,240.0,50.0,2.0,22.6433,6.56703
3508,0,0,0,0,1,0,0,240.0,50.0,2.25,25.4425,7.65105
3509,0,0,0,0,1,0,0,240.0,50.0,2.51,28.3993,9.01627
3510,0,0,0,0,1,0,0,240.0,60.0,0.489,11.0168,19.6135
3511,0,0,0,0,1,0,0,240.0,60.0,0.75,14.2753,14.9245
3512,0,0,0,0,1,0,0,240.0,60.0,1.0,17.5943,11.4501
3513,0,0,0,0,1,0,0,240.0,60.0,1.25,21.2998,9.63876
3514,0,0,0,0,1,0,0,240.0,60.0,1.5,25.1392,9.36228
3515,0,0,0,0,1,0,0,240.0,60.0,1.75,28.9541,9.86076
3516,0,0,0,0,1,0,0,240.0,60.0,2.0,32.3086,10.8234
3517,0,0,0,0,1,0,0,240.0,60.0,2.25,35.4296,11.7863
3518,0,0,0,0,1,0,0,240.0,60.0,2.51,38.1718,12.5429
3519,0,0,0,0,1,0,0,240.0,70.0,0.489,17.4738,29.7213
3520,0,0,0,0,1,0,0,240.0,70.0,0.75,20.9386,24.2912
3521,0,0,0,0,1,0,0,240.0,70.0,1.0,24.2886,19.8909
3522,0,0,0,0,1,0,0,240.0,70.0,1.25,28.1126,16.7167
3523,0,0,0,0,1,0,0,240.0,70.0,1.5,32.1355,14.7153
3524,0,0,0,0,1,0,0,240.0,70.0,1.75,36.2204,14.232
3525,0,0,0,0,1,0,0,240.0,70.0,2.0,39.7426,14.5564
3526,0,0,0,0,1,0,0,240.0,70.0,2.25,42.9373,15.1839
3527,0,0,0,0,1,0,0,240.0,70.0,2.51,45.8863,15.8255
3528,0,0,0,0,1,0,0,240.0,80.0,0.489,22.8865,39.7272
3529,0,0,0,0,1,0,0,240.0,80.0,0.75,26.5151,33.4592
3530,0,0,0,0,1,0,0,240.0,80.0,1.0,30.1512,28.3148
3531,0,0,0,0,1,0,0,240.0,80.0,1.25,33.8637,23.9506
3532,0,0,0,0,1,0,0,240.0,80.0,1.5,37.7016,20.6636
3533,0,0,0,0,1,0,0,240.0,80.0,1.75,41.3667,18.6636
3534,0,0,0,0,1,0,0,240.0,80.0,2.0,44.9285,17.7093
3535,0,0,0,0,1,0,0,240.0,80.0,2.25,48.0692,17.1429
3536,0,0,0,0,1,0,0,240.0,80.0,2.51,50.7472,16.8067
3537,0,0,0,0,1,0,0,240.0,90.0,0.489,27.2599,49.214
3538,0,0,0,0,1,0,0,240.0,90.0,0.75,30.6449,42.075
3539,0,0,0,0,1,0,0,240.0,90.0,1.0,34.1214,35.8867
3540,0,0,0,0,1,0,0,240.0,90.0,1.25,37.6758,30.3995
3541,0,0,0,0,1,0,0,240.0,90.0,1.5,41.2102,26.0473
3542,0,0,0,0,1,0,0,240.0,90.0,1.75,44.6631,22.544
3543,0,0,0,0,1,0,0,240.0,90.0,2.0,47.8929,19.8183
3544,0,0,0,0,1,0,0,240.0,90.0,2.25,50.557,17.7236
3545,0,0,0,0,1,0,0,240.0,90.0,2.51,52.5213,15.9929
3546,0,0,0,0,1,0,0,240.0,100.0,0.489,29.9945,57.6892
3547,0,0,0,0,1,0,0,240.0,100.0,0.75,33.4061,49.9282
3548,0,0,0,0,1,0,0,240.0,100.0,1.0,36.6279,42.6719
3549,0,0,0,0,1,0,0,240.0,100.0,1.25,39.9177,36.1456
3550,0,0,0,0,1,0,0,240.0,100.0,1.5,43.1386,30.5718
3551,0,0,0,0,1,0,0,240.0,100.0,1.75,45.8665,25.3883
3552,0,0,0,0,1,0,0,240.0,100.0,2.0,48.2181,20.9086
3553,0,0,0,0,1,0,0,240.0,100.0,2.25,50.3337,17.2806
3554,0,0,0,0,1,0,0,240.0,100.0,2.51,51.9037,14.3216
3555,0,0,0,0,1,0,0,240.0,110.0,0.489,31.6156,64.9888
3556,0,0,0,0,1,0,0,240.0,110.0,0.75,34.5509,56.3689
3557,0,0,0,0,1,0,0,240.0,110.0,1.0,37.2961,48.3009
3558,0,0,0,0,1,0,0,240.0,110.0,1.25,40.0544,40.6088
3559,0,0,0,0,1,0,0,240.0,110.0,1.5,42.5604,33.4939
3560,0,0,0,0,1,0,0,240.0,110.0,1.75,44.7491,27.0868
3561,0,0,0,0,1,0,0,240.0,110.0,2.0,46.3526,21.1675
3562,0,0,0,0,1,0,0,240.0,110.0,2.25,48.0139,16.2845
3563,0,0,0,0,1,0,0,240.0,110.0,2.51,49.4994,12.3412
3564,0,0,0,0,1,0,0,300.0,30.0,0.489,0,0.0281767
3565,0,0,0,0,1,0,0,300.0,30.0,0.75,0,0
3566,0,0,0,0,1,0,0,300.0,30.0,1.0,0.552002,0
3567,0,0,0,0,1,0,0,300.0,30.0,1.25,1.17273,0
3568,0,0,0,0,1,0,0,300.0,30.0,1.5,1.96938,0
3569,0,0,0,0,1,0,0,300.0,30.0,1.75,3.2071,0.00697309
3570,0,0,0,0,1,0,0,300.0,30.0,2.0,4.89646,0.485974
3571,0,0,0,0,1,0,0,300.0,30.0,2.25,6.95831,1.16927
3572,0,0,0,0,1,0,0,300.0,30.0,2.51,9.14374,2.25604
3573,0,0,0,0,1,0,0,300.0,40.0,0.489,1.18644,3.23464
3574,0,0,0,0,1,0,0,300.0,40.0,0.75,2.08258,2.04252
3575,0,0,0,0,1,0,0,300.0,40.0,1.0,3.86895,1.41673
3576,0,0,0,0,1,0,0,300.0,40.0,1.25,6.34336,1.15771
3577,0,0,0,0,1,0,0,300.0,40.0,1.5,8.63402,1.31889
3578,0,0,0,0,1,0,0,300.0,40.0,1.75,10.8194,1.96474
3579,0,0,0,0,1,0,0,300.0,40.0,2.0,13.0711,2.97568
3580,0,0,0,0,1,0,0,300.0,40.0,2.25,15.8269,3.96858
3581,0,0,0,0,1,0,0,300.0,40.0,2.51,18.597,5.0465
3582,0,0,0,0,1,0,0,300.0,50.0,0.489,5.1805,10.1634
3583,0,0,0,0,1,0,0,300.0,50.0,0.75,8.23926,7.00839
3584,0,0,0,0,1,0,0,300.0,50.0,1.0,10.9967,5.18935
3585,0,0,0,0,1,0,0,300.0,50.0,1.25,14.3183,4.60012
3586,0,0,0,0,1,0,0,300.0,50.0,1.5,17.7569,4.95764
3587,0,0,0,0,1,0,0,300.0,50.0,1.75,20.8547,5.91951
3588,0,0,0,0,1,0,0,300.0,50.0,2.0,23.9316,7.06421
3589,0,0,0,0,1,0,0,300.0,50.0,2.25,26.7987,8.22849
3590,0,0,0,0,1,0,0,300.0,50.0,2.51,29.6875,9.45806
3591,0,0,0,0,1,0,0,300.0,60.0,0.489,11.5222,20.3994
3592,0,0,0,0,1,0,0,300.0,60.0,0.75,15.1184,15.8166
3593,0,0,0,0,1,0,0,300.0,60.0,1.0,18.705,12.2682
3594,0,0,0,0,1,0,0,300.0,60.0,1.25,22.4395,10.1503
3595,0,0,0,0,1,0,0,300.0,60.0,1.5,26.2564,9.75899
3596,0,0,0,0,1,0,0,300.0,60.0,1.75,30.1313,10.2345
3597,0,0,0,0,1,0,0,300.0,60.0,2.0,33.5325,11.3212
3598,0,0,0,0,1,0,0,300.0,60.0,2.25,36.6256,12.17
3599,0,0,0,0,1,0,0,300.0,60.0,2.51,39.5018,13.0666
3600,0,0,0,0,1,0,0,300.0,70.0,0.489,18.31,30.7068
3601,0,0,0,0,1,0,0,300.0,70.0,0.75,21.8223,25.3331
3602,0,0,0,0,1,0,0,300.0,70.0,1.0,25.3843,21.0105
3603,0,0,0,0,1,0,0,300.0,70.0,1.25,29.4815,17.7075
3604,0,0,0,0,1,0,0,300.0,70.0,1.5,33.6313,15.6076
3605,0,0,0,0,1,0,0,300.0,70.0,1.75,37.5521,14.9275
3606,0,0,0,0,1,0,0,300.0,70.0,2.0,41.0126,15.151
3607,0,0,0,0,1,0,0,300.0,70.0,2.25,44.3502,15.6537
3608,0,0,0,0,1,0,0,300.0,70.0,2.51,47.0585,16.0218
3609,0,0,0,0,1,0,0,300.0,80.0,0.489,23.6899,40.8411
3610,0,0,0,0,1,0,0,300.0,80.0,0.75,27.386,34.7248
3611,0,0,0,0,1,0,0,300.0,80.0,1.0,31.0121,29.5364
3612,0,0,0,0,1,0,0,300.0,80.0,1.25,34.9327,25.0544
3613,0,0,0,0,1,0,0,300.0,80.0,1.5,38.8292,21.4262
3614,0,0,0,0,1,0,0,300.0,80.0,1.75,42.7086,19.4136
3615,0,0,0,0,1,0,0,300.0,80.0,2.0,46.4114,18.3134
3616,0,0,0,0,1,0,0,300.0,80.0,2.25,49.7312,17.7251
3617,0,0,0,0,1,0,0,300.0,80.0,2.51,52.1952,17.0708
3618,0,0,0,0,1,0,0,300.0,90.0,0.489,27.9398,50.3747
3619,0,0,0,0,1,0,0,300.0,90.0,0.75,31.4208,43.1893
3620,0,0,0,0,1,0,0,300.0,90.0,1.0,35.0377,37.0534
3621,0,0,0,0,1,0,0,300.0,90.0,1.25,38.8053,31.5896
3622,0,0,0,0,1,0,0,300.0,90.0,1.5,42.4317,26.901
3623,0,0,0,0,1,0,0,300.0,90.0,1.75,45.9995,23.103
3624,0,0,0,0,1,0,0,300.0,90.0,2.0,49.204,20.1546
3625,0,0,0,0,1,0,0,300.0,90.0,2.25,52.0597,18.0546
3626,0,0,0,0,1,0,0,300.0,90.0,2.51,53.9617,16.1055
3627,0,0,0,0,1,0,0,300.0,100.0,0.489,30.7065,58.6791
3628,0,0,0,0,1,0,0,300.0,100.0,0.75,34.0681,50.8043
3629,0,0,0,0,1,0,0,300.0,100.0,1.0,37.5349,43.7196
3630,0,0,0,0,1,0,0,300.0,100.0,1.25,41.0023,37.2057
3631,0,0,0,0,1,0,0,300.0,100.0,1.5,44.1267,31.0706
3632,0,0,0,0,1,0,0,300.0,100.0,1.75,46.937,25.6393
3633,0,0,0,0,1,0,0,300.0,100.0,2.0,49.3229,21.0604
3634,0,0,0,0,1,0,0,300.0,100.0,2.25,51.4046,17.2209
3635,0,0,0,0,1,0,0,300.0,100.0,2.51,53.0704,14.0975
3636,0,0,0,0,1,0,0,300.0,110.0,0.489,32.2132,65.8408
3637,0,0,0,0,1,0,0,300.0,110.0,0.75,35.158,57.1617
3638,0,0,0,0,1,0,0,300.0,110.0,1.0,38.2274,49.1947
3639,0,0,0,0,1,0,0,300.0,110.0,1.25,40.9486,41.221
3640,0,0,0,0,1,0,0,300.0,110.0,1.5,43.3025,33.7327
3641,0,0,0,0,1,0,0,300.0,110.0,1.75,45.3652,26.9556
3642,0,0,0,0,1,0,0,300.0,110.0,2.0,47.053,20.9617
3643,0,0,0,0,1,0,0,300.0,110.0,2.25,48.7524,16.081
3644,0,0,0,0,1,0,0,300.0,110.0,2.51,50.194,11.8031
3645,0,0,0,0,1,0,0,360.0,30.0,0.489,0,0.189235
3646,0,0,0,0,1,0,0,360.0,30.0,0.75,0,0
3647,0,0,0,0,1,0,0,360.0,30.0,1.0,0.455002,0
3648,0,0,0,0,1,0,0,360.0,30.0,1.25,1.11151,0
3649,0,0,0,0,1,0,0,360.0,30.0,1.5,1.854,0
3650,0,0,0,0,1,0,0,360.0,30.0,1.75,3.48313,0
3651,0,0,0,0,1,0,0,360.0,30.0,2.0,5.4293,0.455444
3652,0,0,0,0,1,0,0,360.0,30.0,2.25,7.53161,1.15947
3653,0,0,0,0,1,0,0,360.0,30.0,2.51,9.75282,2.02265
3654,0,0,0,0,1,0,0,360.0,40.0,0.489,1.13602,3.73841
3655,0,0,0,0,1,0,0,360.0,40.0,0.75,2.52331,2.51013
3656,0,0,0,0,1,0,0,360.0,40.0,1.0,4.5145,1.76694
3657,0,0,0,0,1,0,0,360.0,40.0,1.25,7.02098,1.451
3658,0,0,0,0,1,0,0,360.0,40.0,1.5,9.37896,1.41697
3659,0,0,0,0,1,0,0,360.0,40.0,1.75,11.7372,2.11176
3660,0,0,0,0,1,0,0,360.0,40.0,2.0,14.0171,3.12163
3661,0,0,0,0,1,0,0,360.0,40.0,2.25,16.8993,4.06975
3662,0,0,0,0,1,0,0,360.0,40.0,2.51,19.8489,5.45796
3663,0,0,0,0,1,0,0,360.0,50.0,0.489,5.75996,11.1992
3664,0,0,0,0,1,0,0,360.0,50.0,0.75,8.88752,7.88927
3665,0,0,0,0,1,0,0,360.0,50.0,1.0,11.8677,5.99736
3666,0,0,0,0,1,0,0,360.0,50.0,1.25,15.3855,5.30147
3667,0,0,0,0,1,0,0,360.0,50.0,1.5,18.6863,5.56974
3668,0,0,0,0,1,0,0,360.0,50.0,1.75,22.0034,6.43
3669,0,0,0,0,1,0,0,360.0,50.0,2.0,25.117,7.511
3670,0,0,0,0,1,0,0,360.0,50.0,2.25,28.0086,8.65975
3671,0,0,0,0,1,0,0,360.0,50.0,2.51,30.7666,9.75034
3672,0,0,0,0,1,0,0,360.0,60.0,0.489,12.245,21.4735
3673,0,0,0,0,1,0,0,360.0,60.0,0.75,16.1598,17.0799
3674,0,0,0,0,1,0,0,360.0,60.0,1.0,19.8001,13.5273
3675,0,0,0,0,1,0,0,360.0,60.0,1.25,23.6094,11.2962
3676,0,0,0,0,1,0,0,360.0,60.0,1.5,27.4783,10.4685
3677,0,0,0,0,1,0,0,360.0,60.0,1.75,31.1818,10.8501
3678,0,0,0,0,1,0,0,360.0,60.0,2.0,34.7377,11.8059
3679,0,0,0,0,1,0,0,360.0,60.0,2.25,37.8917,12.7135
3680,0,0,0,0,1,0,0,360.0,60.0,2.51,40.6653,13.4654
3681,0,0,0,0,1,0,0,360.0,70.0,0.489,18.8978,31.9688
3682,0,0,0,0,1,0,0,360.0,70.0,0.75,22.8144,26.7853
3683,0,0,0,0,1,0,0,360.0,70.0,1.0,26.4084,22.4137
3684,0,0,0,0,1,0,0,360.0,70.0,1.25,30.6133,19.0048
3685,0,0,0,0,1,0,0,360.0,70.0,1.5,34.5754,16.6888
3686,0,0,0,0,1,0,0,360.0,70.0,1.75,38.685,15.7838
3687,0,0,0,0,1,0,0,360.0,70.0,2.0,42.3428,15.8633
3688,0,0,0,0,1,0,0,360.0,70.0,2.25,45.6832,16.2265
3689,0,0,0,0,1,0,0,360.0,70.0,2.51,48.1806,16.0891
3690,0,0,0,0,1,0,0,360.0,80.0,0.489,24.4188,42.1252
3691,0,0,0,0,1,0,0,360.0,80.0,0.75,28.2388,36.1419
3692,0,0,0,0,1,0,0,360.0,80.0,1.0,32.0816,31.0852
3693,0,0,0,0,1,0,0,360.0,80.0,1.25,35.9884,26.513
3694,0,0,0,0,1,0,0,360.0,80.0,1.5,40.042,22.6066
3695,0,0,0,0,1,0,0,360.0,80.0,1.75,43.9517,20.3079
3696,0,0,0,0,1,0,0,360.0,80.0,2.0,47.7705,18.8639
3697,0,0,0,0,1,0,0,360.0,80.0,2.25,50.9472,18.0837
3698,0,0,0,0,1,0,0,360.0,80.0,2.51,53.2067,17.2534
3699,0,0,0,0,1,0,0,360.0,90.0,0.489,28.6135,51.5092
3700,0,0,0,0,1,0,0,360.0,90.0,0.75,32.2568,44.659
3701,0,0,0,0,1,0,0,360.0,90.0,1.0,36.0566,38.4546
3702,0,0,0,0,1,0,0,360.0,90.0,1.25,39.8204,32.9745
3703,0,0,0,0,1,0,0,360.0,90.0,1.5,43.583,27.9767
3704,0,0,0,0,1,0,0,360.0,90.0,1.75,47.2695,23.7286
3705,0,0,0,0,1,0,0,360.0,90.0,2.0,50.417,20.5408
3706,0,0,0,0,1,0,0,360.0,90.0,2.25,52.9969,18.2963
3707,0,0,0,0,1,0,0,360.0,90.0,2.51,54.8871,16.1897
3708,0,0,0,0,1,0,0,360.0,100.0,0.489,31.323,59.5942
3709,0,0,0,0,1,0,0,360.0,100.0,0.75,34.7251,51.7931
3710,0,0,0,0,1,0,0,360.0,100.0,1.0,38.2663,44.7832
3711,0,0,0,0,1,0,0,360.0,100.0,1.25,41.7895,38.1306
3712,0,0,0,0,1,0,0,360.0,100.0,1.5,44.9737,31.7073
3713,0,0,0,0,1,0,0,360.0,100.0,1.75,47.831,26.0803
3714,0,0,0,0,1,0,0,360.0,100.0,2.0,50.1479,21.3138
3715,0,0,0,0,1,0,0,360.0,100.0,2.25,52.1839,17.2148
3716,0,0,0,0,1,0,0,360.0,100.0,2.51,53.7515,13.9303
3717,0,0,0,0,1,0,0,360.0,110.0,0.489,32.9279,66.6975
3718,0,0,0,0,1,0,0,360.0,110.0,0.75,35.9505,58.0519
3719,0,0,0,0,1,0,0,360.0,110.0,1.0,38.9739,49.9622
3720,0,0,0,0,1,0,0,360.0,110.0,1.25,41.5309,41.8066
3721,0,0,0,0,1,0,0,360.0,110.0,1.5,43.7146,33.923
3722,0,0,0,0,1,0,0,360.0,110.0,1.75,45.7499,26.979
3723,0,0,0,0,1,0,0,360.0,110.0,2.0,47.6,21.0274
3724,0,0,0,0,1,0,0,360.0,110.0,2.25,49.2466,15.981
3725,0,0,0,0,1,0,0,360.0,110.0,2.51,50.7858,11.6219
3726,0,0,0,0,1,0,0,420.0,30.0,0.489,0,0.831828
3727,0,0,0,0,1,0,0,420.0,30.0,0.75,0,0.249417
3728,0,0,0,0,1,0,0,420.0,30.0,1.0,0.332317,0
3729,0,0,0,0,1,0,0,420.0,30.0,1.25,1.037,0
3730,0,0,0,0,1,0,0,420.0,30.0,1.5,2.1168,0
3731,0,0,0,0,1,0,0,420.0,30.0,1.75,3.93572,0
3732,0,0,0,0,1,0,0,420.0,30.0,2.0,5.96286,0.384771
3733,0,0,0,0,1,0,0,420.0,30.0,2.25,8.12601,1.06321
3734,0,0,0,0,1,0,0,420.0,30.0,2.51,10.6015,1.72842
3735,0,0,0,0,1,0,0,420.0,40.0,0.489,1.09136,4.33903
3736,0,0,0,0,1,0,0,420.0,40.0,0.75,2.95838,3.10089
3737,0,0,0,0,1,0,0,420.0,40.0,1.0,5.27791,2.24873
3738,0,0,0,0,1,0,0,420.0,40.0,1.25,7.63435,1.88382
3739,0,0,0,0,1,0,0,420.0,40.0,1.5,10.0147,1.91817
3740,0,0,0,0,1,0,0,420.0,40.0,1.75,12.5854,2.61221
3741,0,0,0,0,1,0,0,420.0,40.0,2.0,14.7894,3.36048
3742,0,0,0,0,1,0,0,420.0,40.0,2.25,17.728,4.35105
3743,0,0,0,0,1,0,0,420.0,40.0,2.51,20.7292,5.74815
3744,0,0,0,0,1,0,0,420.0,50.0,0.489,6.32258,12.4411
3745,0,0,0,0,1,0,0,420.0,50.0,0.75,9.63799,9.01391
3746,0,0,0,0,1,0,0,420.0,50.0,1.0,12.8091,7.03051
3747,0,0,0,0,1,0,0,420.0,50.0,1.25,16.0821,6.21818
3748,0,0,0,0,1,0,0,420.0,50.0,1.5,19.4436,6.33513
3749,0,0,0,0,1,0,0,420.0,50.0,1.75,22.7492,6.89145
3750,0,0,0,0,1,0,0,420.0,50.0,2.0,26.0361,7.90107
3751,0,0,0,0,1,0,0,420.0,50.0,2.25,28.9337,8.97358
3752,0,0,0,0,1,0,0,420.0,50.0,2.51,31.8315,9.94995
3753,0,0,0,0,1,0,0,420.0,60.0,0.489,12.932,22.8489
3754,0,0,0,0,1,0,0,420.0,60.0,0.75,17.071,18.5412
3755,0,0,0,0,1,0,0,420.0,60.0,1.0,20.7806,15.1092
3756,0,0,0,0,1,0,0,420.0,60.0,1.25,24.6102,12.7642
3757,0,0,0,0,1,0,0,420.0,60.0,1.5,28.3425,11.7252
3758,0,0,0,0,1,0,0,420.0,60.0,1.75,32.1677,11.6947
3759,0,0,0,0,1,0,0,420.0,60.0,2.0,35.8633,12.3664
3760,0,0,0,0,1,0,0,420.0,60.0,2.25,39.0171,13.1249
3761,0,0,0,0,1,0,0,420.0,60.0,2.51,41.7266,13.673
3762,0,0,0,0,1,0,0,420.0,70.0,0.489,19.576,33.4535
3763,0,0,0,0,1,0,0,420.0,70.0,0.75,23.6306,28.3242
3764,0,0,0,0,1,0,0,420.0,70.0,1.0,27.5205,24.1347
3765,0,0,0,0,1,0,0,420.0,70.0,1.25,31.3875,20.5612
3766,0,0,0,0,1,0,0,420.0,70.0,1.5,35.4157,18.094
3767,0,0,0,0,1,0,0,420.0,70.0,1.75,39.6122,16.8176
3768,0,0,0,0,1,0,0,420.0,70.0,2.0,43.5598,16.5907
3769,0,0,0,0,1,0,0,420.0,70.0,2.25,46.7849,16.5909
3770,0,0,0,0,1,0,0,420.0,70.0,2.51,49.1719,16.1855
3771,0,0,0,0,1,0,0,420.0,80.0,0.489,25.0118,43.5119
3772,0,0,0,0,1,0,0,420.0,80.0,0.75,29.0926,37.797
3773,0,0,0,0,1,0,0,420.0,80.0,1.0,33.078,32.698
3774,0,0,0,0,1,0,0,420.0,80.0,1.25,37.0333,28.1238
3775,0,0,0,0,1,0,0,420.0,80.0,1.5,40.9905,23.9358
3776,0,0,0,0,1,0,0,420.0,80.0,1.75,45.0743,21.191
3777,0,0,0,0,1,0,0,420.0,80.0,2.0,48.8963,19.573
3778,0,0,0,0,1,0,0,420.0,80.0,2.25,51.6826,18.2849
3779,0,0,0,0,1,0,0,420.0,80.0,2.51,53.741,17.1703
3780,0,0,0,0,1,0,0,420.0,90.0,0.489,29.1888,52.6311
3781,0,0,0,0,1,0,0,420.0,90.0,0.75,33.1036,46.0316
3782,0,0,0,0,1,0,0,420.0,90.0,1.0,36.831,39.9648
3783,0,0,0,0,1,0,0,420.0,90.0,1.25,40.5937,34.1245
3784,0,0,0,0,1,0,0,420.0,90.0,1.5,44.5574,29.0459
3785,0,0,0,0,1,0,0,420.0,90.0,1.75,48.3936,24.6433
3786,0,0,0,0,1,0,0,420.0,90.0,2.0,51.1907,21.0107
3787,0,0,0,0,1,0,0,420.0,90.0,2.25,53.527,18.3219
3788,0,0,0,0,1,0,0,420.0,90.0,2.51,55.3279,16.1862
3789,0,0,0,0,1,0,0,420.0,100.0,0.489,31.7886,60.5044
3790,0,0,0,0,1,0,0,420.0,100.0,0.75,35.2719,52.9262
3791,0,0,0,0,1,0,0,420.0,100.0,1.0,38.9628,45.9188
3792,0,0,0,0,1,0,0,420.0,100.0,1.25,42.322,39.0059
3793,0,0,0,0,1,0,0,420.0,100.0,1.5,45.6502,32.4223
3794,0,0,0,0,1,0,0,420.0,100.0,1.75,48.4497,26.4679
3795,0,0,0,0,1,0,0,420.0,100.0,2.0,50.7475,21.625
3796,0,0,0,0,1,0,0,420.0,100.0,2.25,52.5814,17.4541
3797,0,0,0,0,1,0,0,420.0,100.0,2.51,54.237,14.0435
3798,0,0,0,0,1,0,0,420.0,110.0,0.489,33.5151,67.507
3799,0,0,0,0,1,0,0,420.0,110.0,0.75,36.5942,58.958
3800,0,0,0,0,1,0,0,420.0,110.0,1.0,39.4641,50.6607
3801,0,0,0,0,1,0,0,420.0,110.0,1.25,41.8316,42.1689
3802,0,0,0,0,1,0,0,420.0,110.0,1.5,43.9781,34.2156
3803,0,0,0,0,1,0,0,420.0,110.0,1.75,45.9218,27.3314
3804,0,0,0,0,1,0,0,420.0,110.0,2.0,48.0062,21.4753
3805,0,0,0,0,1,0,0,420.0,110.0,2.25,49.7919,16.2833
3806,0,0,0,0,1,0,0,420.0,110.0,2.51,51.4147,11.8343
3807,0,0,0,0,1,0,0,480.0,30.0,0.489,0,1.5191
3808,0,0,0,0,1,0,0,480.0,30.0,0.75,0,0.91396
3809,0,0,0,0,1,0,0,480.0,30.0,1.0,0.21819,0.348894
3810,0,0,0,0,1,0,0,480.0,30.0,1.25,1.28262,0.0165344
3811,0,0,0,0,1,0,0,480.0,30.0,1.5,2.55936,0
3812,0,0,0,0,1,0,0,480.0,30.0,1.75,4.39366,0
3813,0,0,0,0,1,0,0,480.0,30.0,2.0,6.53609,0.247438
3814,0,0,0,0,1,0,0,480.0,30.0,2.25,8.85081,0.881966
3815,0,0,0,0,1,0,0,480.0,30.0,2.51,11.2822,1.46905
3816,0,0,0,0,1,0,0,480.0,40.0,0.489,1.32523,5.41757
3817,0,0,0,0,1,0,0,480.0,40.0,0.75,3.35515,3.80336
3818,0,0,0,0,1,0,0,480.0,40.0,1.0,5.86321,2.93075
3819,0,0,0,0,1,0,0,480.0,40.0,1.25,8.32081,2.41489
3820,0,0,0,0,1,0,0,480.0,40.0,1.5,10.7388,2.60555
3821,0,0,0,0,1,0,0,480.0,40.0,1.75,13.205,3.14773
3822,0,0,0,0,1,0,0,480.0,40.0,2.0,15.6662,3.74909
3823,0,0,0,0,1,0,0,480.0,40.0,2.25,18.3789,4.64858
3824,0,0,0,0,1,0,0,480.0,40.0,2.51,21.4133,5.92526
3825,0,0,0,0,1,0,0,480.0,50.0,0.489,6.89383,13.9742
3826,0,0,0,0,1,0,0,480.0,50.0,0.75,10.2128,10.4995
3827,0,0,0,0,1,0,0,480.0,50.0,1.0,13.4085,8.28126
3828,0,0,0,0,1,0,0,480.0,50.0,1.25,16.7487,7.30818
3829,0,0,0,0,1,0,0,480.0,50.0,1.5,19.9992,7.10387
3830,0,0,0,0,1,0,0,480.0,50.0,1.75,23.3575,7.66194
3831,0,0,0,0,1,0,0,480.0,50.0,2.0,26.7148,8.43161
3832,0,0,0,0,1,0,0,480.0,50.0,2.25,29.7061,9.22481
3833,0,0,0,0,1,0,0,480.0,50.0,2.51,32.5821,9.95557
3834,0,0,0,0,1,0,0,480.0,60.0,0.489,13.4589,24.384
3835,0,0,0,0,1,0,0,480.0,60.0,0.75,17.6998,20.0721
3836,0,0,0,0,1,0,0,480.0,60.0,1.0,21.4709,16.6622
3837,0,0,0,0,1,0,0,480.0,60.0,1.25,25.2604,14.3957
3838,0,0,0,0,1,0,0,480.0,60.0,1.5,28.9767,13.2673
3839,0,0,0,0,1,0,0,480.0,60.0,1.75,32.8943,12.88
3840,0,0,0,0,1,0,0,480.0,60.0,2.0,36.6767,13.1661
3841,0,0,0,0,1,0,0,480.0,60.0,2.25,39.9135,13.4309
3842,0,0,0,0,1,0,0,480.0,60.0,2.51,42.5574,13.7307
3843,0,0,0,0,1,0,0,480.0,70.0,0.489,20.046,34.8806
3844,0,0,0,0,1,0,0,480.0,70.0,0.75,24.3591,29.9591
3845,0,0,0,0,1,0,0,480.0,70.0,1.0,28.3934,25.8523
3846,0,0,0,0,1,0,0,480.0,70.0,1.25,32.2608,22.3858
3847,0,0,0,0,1,0,0,480.0,70.0,1.5,36.2594,19.6967
3848,0,0,0,0,1,0,0,480.0,70.0,1.75,40.4008,18.0883
3849,0,0,0,0,1,0,0,480.0,70.0,2.0,44.4831,17.3822
3850,0,0,0,0,1,0,0,480.0,70.0,2.25,47.5766,16.8161
3851,0,0,0,0,1,0,0,480.0,70.0,2.51,49.7668,16.1342
3852,0,0,0,0,1,0,0,480.0,80.0,0.489,25.5512,44.9203
3853,0,0,0,0,1,0,0,480.0,80.0,0.75,29.7419,39.2598
3854,0,0,0,0,1,0,0,480.0,80.0,1.0,33.7899,34.3596
3855,0,0,0,0,1,0,0,480.0,80.0,1.25,37.9307,29.7256
3856,0,0,0,0,1,0,0,480.0,80.0,1.5,41.9622,25.5909
3857,0,0,0,0,1,0,0,480.0,80.0,1.75,45.8759,22.2955
3858,0,0,0,0,1,0,0,480.0,80.0,2.0,49.3975,20.2435
3859,0,0,0,0,1,0,0,480.0,80.0,2.25,52.1384,18.4379
3860,0,0,0,0,1,0,0,480.0,80.0,2.51,53.9291,16.788
3861,0,0,0,0,1,0,0,480.0,90.0,0.489,29.5751,53.7321
3862,0,0,0,0,1,0,0,480.0,90.0,0.75,33.4599,47.2471
3863,0,0,0,0,1,0,0,480.0,90.0,1.0,37.2791,41.1992
3864,0,0,0,0,1,0,0,480.0,90.0,1.25,41.3619,35.4274
3865,0,0,0,0,1,0,0,480.0,90.0,1.5,45.409,30.1588
3866,0,0,0,0,1,0,0,480.0,90.0,1.75,48.8593,25.553
3867,0,0,0,0,1,0,0,480.0,90.0,2.0,51.7142,21.6626
3868,0,0,0,0,1,0,0,480.0,90.0,2.25,53.7576,18.6
3869,0,0,0,0,1,0,0,480.0,90.0,2.51,55.3561,15.9843
3870,0,0,0,0,1,0,0,480.0,100.0,0.489,32.1739,61.4424
3871,0,0,0,0,1,0,0,480.0,100.0,0.75,35.8371,54.0196
3872,0,0,0,0,1,0,0,480.0,100.0,1.0,39.3883,46.8423
3873,0,0,0,0,1,0,0,480.0,100.0,1.25,42.8849,39.8789
3874,0,0,0,0,1,0,0,480.0,100.0,1.5,46.0308,33.1181
3875,0,0,0,0,1,0,0,480.0,100.0,1.75,48.9165,27.1554
3876,0,0,0,0,1,0,0,480.0,100.0,2.0,50.973,22.0934
3877,0,0,0,0,1,0,0,480.0,100.0,2.25,52.8492,17.8835
3878,0,0,0,0,1,0,0,480.0,100.0,2.51,54.4278,14.3476
3879,0,0,0,0,1,0,0,480.0,110.0,0.489,33.9141,68.3403
3880,0,0,0,0,1,0,0,480.0,110.0,0.75,37.0176,59.7213
3881,0,0,0,0,1,0,0,480.0,110.0,1.0,39.6379,51.1658
3882,0,0,0,0,1,0,0,480.0,110.0,1.25,42.025,42.6222
3883,0,0,0,0,1,0,0,480.0,110.0,1.5,44.0233,34.6728
3884,0,0,0,0,1,0,0,480.0,110.0,1.75,46.3147,28.0524
3885,0,0,0,0,1,0,0,480.0,110.0,2.0,48.2231,22.0975
3886,0,0,0,0,1,0,0,480.0,110.0,2.25,50.0965,16.9316
3887,0,0,0,0,1,0,0,480.0,110.0,2.51,51.7135,12.3383
3888,0,0,0,0,1,0,0,540.0,30.0,0.489,0,2.22515
3889,0,0,0,0,1,0,0,540.0,30.0,0.75,0,1.57046
3890,0,0,0,0,1,0,0,540.0,30.0,1.0,0.311533,0.885924
3891,0,0,0,0,1,0,0,540.0,30.0,1.25,1.53306,0.386833
3892,0,0,0,0,1,0,0,540.0,30.0,1.5,2.98322,0.200112
3893,0,0,0,0,1,0,0,540.0,30.0,1.75,5.01388,0.0915878
3894,0,0,0,0,1,0,0,540.0,30.0,2.0,7.20689,0.114264
3895,0,0,0,0,1,0,0,540.0,30.0,2.25,9.46405,0.657386
3896,0,0,0,0,1,0,0,540.0,30.0,2.51,11.9079,1.22732
3897,0,0,0,0,1,0,0,540.0,40.0,0.489,1.64391,6.80869
3898,0,0,0,0,1,0,0,540.0,40.0,0.75,3.68161,4.94794
3899,0,0,0,0,1,0,0,540.0,40.0,1.0,6.26228,3.82106
3900,0,0,0,0,1,0,0,540.0,40.0,1.25,8.83251,3.22688
3901,0,0,0,0,1,0,0,540.0,40.0,1.5,11.2918,3.36551
3902,0,0,0,0,1,0,0,540.0,40.0,1.75,13.7823,3.65281
3903,0,0,0,0,1,0,0,540.0,40.0,2.0,16.3042,4.04751
3904,0,0,0,0,1,0,0,540.0,40.0,2.25,19.1211,4.96749
3905,0,0,0,0,1,0,0,540.0,40.0,2.51,22.0268,6.02079
3906,0,0,0,0,1,0,0,540.0,50.0,0.489,7.34666,15.6996
3907,0,0,0,0,1,0,0,540.0,50.0,0.75,10.7077,12.1543
3908,0,0,0,0,1,0,0,540.0,50.0,1.0,13.8905,9.63135
3909,0,0,0,0,1,0,0,540.0,50.0,1.25,17.2858,8.62327
3910,0,0,0,0,1,0,0,540.0,50.0,1.5,20.5747,8.23543
3911,0,0,0,0,1,0,0,540.0,50.0,1.75,23.8805,8.4898
3912,0,0,0,0,1,0,0,540.0,50.0,2.0,27.2669,9.0013
3913,0,0,0,0,1,0,0,540.0,50.0,2.25,30.3492,9.42185
3914,0,0,0,0,1,0,0,540.0,50.0,2.51,33.2334,9.88633
3915,0,0,0,0,1,0,0,540.0,60.0,0.489,13.8603,25.9697
3916,0,0,0,0,1,0,0,540.0,60.0,0.75,18.1219,21.7448
3917,0,0,0,0,1,0,0,540.0,60.0,1.0,21.9108,18.3585
3918,0,0,0,0,1,0,0,540.0,60.0,1.25,25.7949,16.0708
3919,0,0,0,0,1,0,0,540.0,60.0,1.5,29.5154,14.7517
3920,0,0,0,0,1,0,0,540.0,60.0,1.75,33.4671,14.2511
3921,0,0,0,0,1,0,0,540.0,60.0,2.0,37.2744,13.8971
3922,0,0,0,0,1,0,0,540.0,60.0,2.25,40.5103,13.7677
3923,0,0,0,0,1,0,0,540.0,60.0,2.51,42.8372,13.4519
3924,0,0,0,0,1,0,0,540.0,70.0,0.489,20.3724,36.3447
3925,0,0,0,0,1,0,0,540.0,70.0,0.75,24.9176,31.5921
3926,0,0,0,0,1,0,0,540.0,70.0,1.0,28.935,27.4535
3927,0,0,0,0,1,0,0,540.0,70.0,1.25,33.0048,24.1306
3928,0,0,0,0,1,0,0,540.0,70.0,1.5,37.0421,21.4574
3929,0,0,0,0,1,0,0,540.0,70.0,1.75,41.1587,19.4635
3930,0,0,0,0,1,0,0,540.0,70.0,2.0,44.9825,18.1868
3931,0,0,0,0,1,0,0,540.0,70.0,2.25,47.9351,16.9939
3932,0,0,0,0,1,0,0,540.0,70.0,2.51,49.8161,15.7371
3933,0,0,0,0,1,0,0,540.0,80.0,0.489,25.8688,46.1452
3934,0,0,0,0,1,0,0,540.0,80.0,0.75,30.0755,40.6162
3935,0,0,0,0,1,0,0,540.0,80.0,1.0,34.3486,35.8804
3936,0,0,0,0,1,0,0,540.0,80.0,1.25,38.5329,31.2486
3937,0,0,0,0,1,0,0,540.0,80.0,1.5,42.5766,27.0533
3938,0,0,0,0,1,0,0,540.0,80.0,1.75,46.4065,23.4951
3939,0,0,0,0,1,0,0,540.0,80.0,2.0,49.7465,20.849
3940,0,0,0,0,1,0,0,540.0,80.0,2.25,52.3443,18.7814
3941,0,0,0,0,1,0,0,540.0,80.0,2.51,53.8869,16.4367
3942,0,0,0,0,1,0,0,540.0,90.0,0.489,29.6452,54.7726
3943,0,0,0,0,1,0,0,540.0,90.0,0.75,33.677,48.3576
3944,0,0,0,0,1,0,0,540.0,90.0,1.0,37.7487,42.4371
3945,0,0,0,0,1,0,0,540.0,90.0,1.25,41.8316,36.7015
3946,0,0,0,0,1,0,0,540.0,90.0,1.5,45.7542,31.3007
3947,0,0,0,0,1,0,0,540.0,90.0,1.75,49.1776,26.4596
3948,0,0,0,0,1,0,0,540.0,90.0,2.0,51.8615,22.3334
3949,0,0,0,0,1,0,0,540.0,90.0,2.25,53.6939,18.9046
3950,0,0,0,0,1,0,0,540.0,90.0,2.51,54.9616,15.7865
3951,0,0,0,0,1,0,0,540.0,100.0,0.489,32.3311,62.317
3952,0,0,0,0,1,0,0,540.0,100.0,0.75,36.1339,54.9173
3953,0,0,0,0,1,0,0,540.0,100.0,1.0,39.7161,47.7925
3954,0,0,0,0,1,0,0,540.0,100.0,1.25,43.105,40.6168
3955,0,0,0,0,1,0,0,540.0,100.0,1.5,46.2344,33.9607
3956,0,0,0,0,1,0,0,540.0,100.0,1.75,48.9031,27.9064
3957,0,0,0,0,1,0,0,540.0,100.0,2.0,51.0729,22.7025
3958,0,0,0,0,1,0,0,540.0,100.0,2.25,52.9101,18.4512
3959,0,0,0,0,1,0,0,540.0,100.0,2.51,54.2913,14.6571
3960,0,0,0,0,1,0,0,540.0,110.0,0.489,34.1238,68.9185
3961,0,0,0,0,1,0,0,540.0,110.0,0.75,37.0218,60.1234
3962,0,0,0,0,1,0,0,540.0,110.0,1.0,39.6051,51.508
3963,0,0,0,0,1,0,0,540.0,110.0,1.25,42.16,43.204
3964,0,0,0,0,1,0,0,540.0,110.0,1.5,44.3944,35.5565
3965,0,0,0,0,1,0,0,540.0,110.0,1.75,46.5511,28.783
3966,0,0,0,0,1,0,0,540.0,110.0,2.0,48.4238,22.8966
3967,0,0,0,0,1,0,0,540.0,110.0,2.25,50.1533,17.6553
3968,0,0,0,0,1,0,0,540.0,110.0,2.51,51.8578,12.9115
3969,0,0,0,0,1,0,0,600.0,30.0,0.489,0,2.91921
3970,0,0,0,0,1,0,0,600.0,30.0,0.75,0.00841429,2.17746
3971,0,0,0,0,1,0,0,600.0,30.0,1.0,0.532024,1.44218
3972,0,0,0,0,1,0,0,600.0,30.0,1.25,1.7703,0.853779
3973,0,0,0,0,1,0,0,600.0,30.0,1.5,3.47873,0.629275
3974,0,0,0,0,1,0,0,600.0,30.0,1.75,5.7109,0.439799
3975,0,0,0,0,1,0,0,600.0,30.0,2.0,7.88811,0.503916
3976,0,0,0,0,1,0,0,600.0,30.0,2.25,10.0609,0.784997
3977,0,0,0,0,1,0,0,600.0,30.0,2.51,12.4876,1.17147
3978,0,0,0,0,1,0,0,600.0,40.0,0.489,1.84804,8.20827
3979,0,0,0,0,1,0,0,600.0,40.0,0.75,3.96429,6.07683
3980,0,0,0,0,1,0,0,600.0,40.0,1.0,6.69145,4.8994
3981,0,0,0,0,1,0,0,600.0,40.0,1.25,9.21778,4.20237
3982,0,0,0,0,1,0,0,600.0,40.0,1.5,11.8216,4.059
3983,0,0,0,0,1,0,0,600.0,40.0,1.75,14.3656,4.18333
3984,0,0,0,0,1,0,0,600.0,40.0,2.0,16.7986,4.54266
3985,0,0,0,0,1,0,0,600.0,40.0,2.25,19.706,5.25399
3986,0,0,0,0,1,0,0,600.0,40.0,2.51,22.5999,5.93142
3987,0,0,0,0,1,0,0,600.0,50.0,0.489,7.59959,17.3559
3988,0,0,0,0,1,0,0,600.0,50.0,0.75,10.9924,13.8214
3989,0,0,0,0,1,0,0,600.0,50.0,1.0,14.0603,11.1499
3990,0,0,0,0,1,0,0,600.0,50.0,1.25,17.4859,9.86686
3991,0,0,0,0,1,0,0,600.0,50.0,1.5,20.8271,9.38915
3992,0,0,0,0,1,0,0,600.0,50.0,1.75,24.147,9.27257
3993,0,0,0,0,1,0,0,600.0,50.0,2.0,27.6592,9.46509
3994,0,0,0,0,1,0,0,600.0,50.0,2.25,30.836,9.66238
3995,0,0,0,0,1,0,0,600.0,50.0,2.51,33.6319,9.73056
3996,0,0,0,0,1,0,0,600.0,60.0,0.489,14.096,27.5531
3997,0,0,0,0,1,0,0,600.0,60.0,0.75,18.4742,23.4821
3998,0,0,0,0,1,0,0,600.0,60.0,1.0,22.3151,20.197
3999,0,0,0,0,1,0,0,600.0,60.0,1.25,26.0499,17.7389
4000,0,0,0,0,1,0,0,600.0,60.0,1.5,29.8292,16.2335
4001,0,0,0,0,1,0,0,600.0,60.0,1.75,33.7887,15.4026
4002,0,0,0,0,1,0,0,600.0,60.0,2.0,37.5919,14.7626
4003,0,0,0,0,1,0,0,600.0,60.0,2.25,40.6292,13.9411
4004,0,0,0,0,1,0,0,600.0,60.0,2.51,42.7614,12.9744
4005,0,0,0,0,1,0,0,600.0,70.0,0.489,20.6388,37.7811
4006,0,0,0,0,1,0,0,600.0,70.0,0.75,25.1729,33.0725
4007,0,0,0,0,1,0,0,600.0,70.0,1.0,29.2638,29.005
4008,0,0,0,0,1,0,0,600.0,70.0,1.25,33.4008,25.7227
4009,0,0,0,0,1,0,0,600.0,70.0,1.5,37.4669,23.0551
4010,0,0,0,0,1,0,0,600.0,70.0,1.75,41.4059,20.712
4011,0,0,0,0,1,0,0,600.0,70.0,2.0,45.0526,18.8924
4012,0,0,0,0,1,0,0,600.0,70.0,2.25,47.8707,17.184
4013,0,0,0,0,1,0,0,600.0,70.0,2.51,49.5859,15.3329
4014,0,0,0,0,1,0,0,600.0,80.0,0.489,25.9468,47.2195
4015,0,0,0,0,1,0,0,600.0,80.0,0.75,30.297,41.8832
4016,0,0,0,0,1,0,0,600.0,80.0,1.0,34.518,36.9908
4017,0,0,0,0,1,0,0,600.0,80.0,1.25,38.8814,32.608
4018,0,0,0,0,1,0,0,600.0,80.0,1.5,42.906,28.4643
4019,0,0,0,0,1,0,0,600.0,80.0,1.75,46.6788,24.7405
4020,0,0,0,0,1,0,0,600.0,80.0,2.0,49.8701,21.6616
4021,0,0,0,0,1,0,0,600.0,80.0,2.25,52.0804,18.9103
4022,0,0,0,0,1,0,0,600.0,80.0,2.51,53.472,16.1373
4023,0,0,0,0,1,0,0,600.0,90.0,0.489,29.6788,55.7046
4024,0,0,0,0,1,0,0,600.0,90.0,0.75,33.9282,49.3747
4025,0,0,0,0,1,0,0,600.0,90.0,1.0,38.1176,43.628
4026,0,0,0,0,1,0,0,600.0,90.0,1.25,42.0629,37.8222
4027,0,0,0,0,1,0,0,600.0,90.0,1.5,45.8909,32.3848
4028,0,0,0,0,1,0,0,600.0,90.0,1.75,49.1213,27.3632
4029,0,0,0,0,1,0,0,600.0,90.0,2.0,51.6989,23.0794
4030,0,0,0,0,1,0,0,600.0,90.0,2.25,53.5006,19.2452
4031,0,0,0,0,1,0,0,600.0,90.0,2.51,54.4864,15.8136
4032,0,0,0,0,1,0,0,600.0,100.0,0.489,32.4798,63.1236
4033,0,0,0,0,1,0,0,600.0,100.0,0.75,36.2897,55.7363
4034,0,0,0,0,1,0,0,600.0,100.0,1.0,39.9545,48.6836
4035,0,0,0,0,1,0,0,600.0,100.0,1.25,43.2367,41.5476
4036,0,0,0,0,1,0,0,600.0,100.0,1.5,46.186,34.8509
4037,0,0,0,0,1,0,0,600.0,100.0,1.75,48.8263,28.7048
4038,0,0,0,0,1,0,0,600.0,100.0,2.0,51.1426,23.5456
4039,0,0,0,0,1,0,0,600.0,100.0,2.25,52.7736,19.007
4040,0,0,0,0,1,0,0,600.0,100.0,2.51,53.7168,14.8076
4041,0,0,0,0,1,0,0,600.0,110.0,0.489,33.9715,69.1925
4042,0,0,0,0,1,0,0,600.0,110.0,0.75,36.9136,60.467
4043,0,0,0,0,1,0,0,600.0,110.0,1.0,39.5948,52.0562
4044,0,0,0,0,1,0,0,600.0,110.0,1.25,42.1132,43.785
4045,0,0,0,0,1,0,0,600.0,110.0,1.5,44.614,36.4186
4046,0,0,0,0,1,0,0,600.0,110.0,1.75,46.5332,29.5306
4047,0,0,0,0,1,0,0,600.0,110.0,2.0,48.4733,23.6534
4048,0,0,0,0,1,0,0,600.0,110.0,2.25,50.1424,18.3024
4049,0,0,0,0,1,0,0,600.0,110.0,2.51,51.7314,13.4924
4050,0,0,0,0,0,1,0,60.0,30.0,0.489,0,0.178916
4051,0,0,0,0,0,1,0,60.0,30.0,0.75,0,0
4052,0,0,0,0,0,1,0,60.0,30.0,1.0,0,0
4053,0,0,0,0,0,1,0,60.0,30.0,1.25,0,0
4054,0,0,0,0,0,1,0,60.0,30.0,1.5,0,0
4055,0,0,0,0,0,1,0,60.0,30.0,1.75,1.11236,0
4056,0,0,0,0,0,1,0,60.0,30.0,2.0,2.64586,0
4057,0,0,0,0,0,1,0,60.0,30.0,2.25,4.17413,0
4058,0,0,0,0,0,1,0,60.0,30.0,2.51,5.80656,0
4059,0,0,0,0,0,1,0,60.0,40.0,0.489,0.174618,2.00842
4060,0,0,0,0,0,1,0,60.0,40.0,0.75,0.78438,0.980214
4061,0,0,0,0,0,1,0,60.0,40.0,1.0,1.23314,0.442322
4062,0,0,0,0,0,1,0,60.0,40.0,1.25,2.44487,0
4063,0,0,0,0,0,1,0,60.0,40.0,1.5,4.21446,0
4064,0,0,0,0,0,1,0,60.0,40.0,1.75,6.11372,0
4065,0,0,0,0,0,1,0,60.0,40.0,2.0,8.48039,0
4066,0,0,0,0,0,1,0,60.0,40.0,2.25,11.606,0
4067,0,0,0,0,0,1,0,60.0,40.0,2.51,14.8696,0.142193
4068,0,0,0,0,0,1,0,60.0,50.0,0.489,2.79272,9.95657
4069,0,0,0,0,0,1,0,60.0,50.0,0.75,4.40587,6.16416
4070,0,0,0,0,0,1,0,60.0,50.0,1.0,6.61779,4.00152
4071,0,0,0,0,0,1,0,60.0,50.0,1.25,8.82859,2.16622
4072,0,0,0,0,0,1,0,60.0,50.0,1.5,11.5292,1.31669
4073,0,0,0,0,0,1,0,60.0,50.0,1.75,15.1503,1.28885
4074,0,0,0,0,0,1,0,60.0,50.0,2.0,18.6775,1.62765
4075,0,0,0,0,0,1,0,60.0,50.0,2.25,22.2529,2.32626
4076,0,0,0,0,0,1,0,60.0,50.0,2.51,25.6189,3.30139
4077,0,0,0,0,0,1,0,60.0,60.0,0.489,7.50615,19.4438
4078,0,0,0,0,0,1,0,60.0,60.0,0.75,10.0291,14.7522
4079,0,0,0,0,0,1,0,60.0,60.0,1.0,12.5834,11.0222
4080,0,0,0,0,0,1,0,60.0,60.0,1.25,16.242,8.40824
4081,0,0,0,0,0,1,0,60.0,60.0,1.5,20.095,6.80058
4082,0,0,0,0,0,1,0,60.0,60.0,1.75,23.9389,5.92746
4083,0,0,0,0,0,1,0,60.0,60.0,2.0,27.7724,5.88437
4084,0,0,0,0,0,1,0,60.0,60.0,2.25,31.423,6.67288
4085,0,0,0,0,0,1,0,60.0,60.0,2.51,34.7849,7.87418
4086,0,0,0,0,0,1,0,60.0,70.0,0.489,12.2626,29.0795
4087,0,0,0,0,0,1,0,60.0,70.0,0.75,15.9965,23.6307
4088,0,0,0,0,0,1,0,60.0,70.0,1.0,19.6029,19.141
4089,0,0,0,0,0,1,0,60.0,70.0,1.25,23.6889,15.7645
4090,0,0,0,0,0,1,0,60.0,70.0,1.5,27.8546,13.4317
4091,0,0,0,0,0,1,0,60.0,70.0,1.75,31.5686,11.6423
4092,0,0,0,0,0,1,0,60.0,70.0,2.0,35.2801,11.0153
4093,0,0,0,0,0,1,0,60.0,70.0,2.25,39.0348,11.0773
4094,0,0,0,0,0,1,0,60.0,70.0,2.51,41.8539,10.9618
4095,0,0,0,0,0,1,0,60.0,80.0,0.489,17.8748,38.5418
4096,0,0,0,0,0,1,0,60.0,80.0,0.75,21.9748,32.4321
4097,0,0,0,0,0,1,0,60.0,80.0,1.0,26.0033,27.2173
4098,0,0,0,0,0,1,0,60.0,80.0,1.25,29.8837,22.7917
4099,0,0,0,0,0,1,0,60.0,80.0,1.5,33.7521,19.3034
4100,0,0,0,0,0,1,0,60.0,80.0,1.75,37.5324,16.6616
4101,0,0,0,0,0,1,0,60.0,80.0,2.0,41.055,14.8713
4102,0,0,0,0,0,1,0,60.0,80.0,2.25,44.1327,13.6118
4103,0,0,0,0,0,1,0,60.0,80.0,2.51,46.2706,12.2539
4104,0,0,0,0,0,1,0,60.0,90.0,0.489,22.924,47.7443
4105,0,0,0,0,0,1,0,60.0,90.0,0.75,26.6881,40.6297
4106,0,0,0,0,0,1,0,60.0,90.0,1.0,30.402,34.3755
4107,0,0,0,0,0,1,0,60.0,90.0,1.25,34.2636,28.8783
4108,0,0,0,0,0,1,0,60.0,90.0,1.5,37.879,24.3282
4109,0,0,0,0,0,1,0,60.0,90.0,1.75,41.1587,20.3606
4110,0,0,0,0,0,1,0,60.0,90.0,2.0,43.9908,17.0412
4111,0,0,0,0,0,1,0,60.0,90.0,2.25,46.2495,14.5891
4112,0,0,0,0,0,1,0,60.0,90.0,2.51,47.9906,12.4525
4113,0,0,0,0,0,1,0,60.0,100.0,0.489,26.6279,56.2039
4114,0,0,0,0,0,1,0,60.0,100.0,0.75,30.1793,48.3111
4115,0,0,0,0,0,1,0,60.0,100.0,1.0,33.6572,41.0702
4116,0,0,0,0,0,1,0,60.0,100.0,1.25,36.8804,34.4212
4117,0,0,0,0,0,1,0,60.0,100.0,1.5,39.9835,28.5345
4118,0,0,0,0,0,1,0,60.0,100.0,1.75,42.6678,23.2351
4119,0,0,0,0,0,1,0,60.0,100.0,2.0,44.8127,18.5539
4120,0,0,0,0,0,1,0,60.0,100.0,2.25,46.5102,14.9934
4121,0,0,0,0,0,1,0,60.0,100.0,2.51,47.6241,11.7585
4122,0,0,0,0,0,1,0,60.0,110.0,0.489,29.0192,63.7448
4123,0,0,0,0,0,1,0,60.0,110.0,0.75,32.2938,55.2186
4124,0,0,0,0,0,1,0,60.0,110.0,1.0,35.0546,46.9437
4125,0,0,0,0,0,1,0,60.0,110.0,1.25,37.7154,39.2063
4126,0,0,0,0,0,1,0,60.0,110.0,1.5,40.2093,32.1698
4127,0,0,0,0,0,1,0,60.0,110.0,1.75,42.3242,25.6219
4128,0,0,0,0,0,1,0,60.0,110.0,2.0,43.7998,19.7431
4129,0,0,0,0,0,1,0,60.0,110.0,2.25,45.0674,14.8655
4130,0,0,0,0,0,1,0,60.0,110.0,2.51,46.2365,10.8485
4131,0,0,0,0,0,1,0,120.0,30.0,0.489,0,0.448987
4132,0,0,0,0,0,1,0,120.0,30.0,0.75,0,0
4133,0,0,0,0,0,1,0,120.0,30.0,1.0,0,0
4134,0,0,0,0,0,1,0,120.0,30.0,1.25,0,0
4135,0,0,0,0,0,1,0,120.0,30.0,1.5,0,0
4136,0,0,0,0,0,1,0,120.0,30.0,1.75,1.25921,0
4137,0,0,0,0,0,1,0,120.0,30.0,2.0,2.7079,0
4138,0,0,0,0,0,1,0,120.0,30.0,2.25,4.19563,0
4139,0,0,0,0,0,1,0,120.0,30.0,2.51,5.86944,0
4140,0,0,0,0,0,1,0,120.0,40.0,0.489,0.365436,2.28292
4141,0,0,0,0,0,1,0,120.0,40.0,0.75,0.941505,1.19022
4142,0,0,0,0,0,1,0,120.0,40.0,1.0,1.33986,0.579861
4143,0,0,0,0,0,1,0,120.0,40.0,1.25,2.47871,0.0941703
4144,0,0,0,0,0,1,0,120.0,40.0,1.5,4.22338,0
4145,0,0,0,0,0,1,0,120.0,40.0,1.75,6.30291,0
4146,0,0,0,0,0,1,0,120.0,40.0,2.0,9.11504,0
4147,0,0,0,0,0,1,0,120.0,40.0,2.25,12.4293,0
4148,0,0,0,0,0,1,0,120.0,40.0,2.51,15.7524,0.512068
4149,0,0,0,0,0,1,0,120.0,50.0,0.489,2.78874,9.87148
4150,0,0,0,0,0,1,0,120.0,50.0,0.75,4.47524,6.34596
4151,0,0,0,0,0,1,0,120.0,50.0,1.0,6.74873,4.22359
4152,0,0,0,0,0,1,0,120.0,50.0,1.25,8.85619,2.38336
4153,0,0,0,0,0,1,0,120.0,50.0,1.5,11.9692,1.83338
4154,0,0,0,0,0,1,0,120.0,50.0,1.75,15.8309,1.87991
4155,0,0,0,0,0,1,0,120.0,50.0,2.0,19.5608,2.31853
4156,0,0,0,0,0,1,0,120.0,50.0,2.25,23.3495,3.18472
4157,0,0,0,0,0,1,0,120.0,50.0,2.51,26.8095,4.30056
4158,0,0,0,0,0,1,0,120.0,60.0,0.489,7.57834,19.7729
4159,0,0,0,0,0,1,0,120.0,60.0,0.75,10.2021,14.8494
4160,0,0,0,0,0,1,0,120.0,60.0,1.0,12.793,10.9709
4161,0,0,0,0,0,1,0,120.0,60.0,1.25,16.4781,8.36505
4162,0,0,0,0,0,1,0,120.0,60.0,1.5,20.4084,6.84072
4163,0,0,0,0,0,1,0,120.0,60.0,1.75,24.6153,6.28195
4164,0,0,0,0,0,1,0,120.0,60.0,2.0,28.8583,6.60756
4165,0,0,0,0,0,1,0,120.0,60.0,2.25,32.794,7.76541
4166,0,0,0,0,0,1,0,120.0,60.0,2.51,36.1683,9.04093
4167,0,0,0,0,0,1,0,120.0,70.0,0.489,12.7796,29.8546
4168,0,0,0,0,0,1,0,120.0,70.0,0.75,16.4057,24.128
4169,0,0,0,0,0,1,0,120.0,70.0,1.0,19.901,19.1481
4170,0,0,0,0,0,1,0,120.0,70.0,1.25,23.9049,15.6021
4171,0,0,0,0,0,1,0,120.0,70.0,1.5,28.1554,13.2851
4172,0,0,0,0,0,1,0,120.0,70.0,1.75,32.2608,11.8607
4173,0,0,0,0,0,1,0,120.0,70.0,2.0,36.4191,11.5735
4174,0,0,0,0,0,1,0,120.0,70.0,2.25,40.3567,11.8913
4175,0,0,0,0,0,1,0,120.0,70.0,2.51,43.3781,11.9959
4176,0,0,0,0,0,1,0,120.0,80.0,0.489,18.5041,39.5204
4177,0,0,0,0,0,1,0,120.0,80.0,0.75,22.3878,33.1335
4178,0,0,0,0,0,1,0,120.0,80.0,1.0,26.2727,27.6153
4179,0,0,0,0,0,1,0,120.0,80.0,1.25,30.248,22.8602
4180,0,0,0,0,0,1,0,120.0,80.0,1.5,34.2874,19.4168
4181,0,0,0,0,0,1,0,120.0,80.0,1.75,38.3152,16.9662
4182,0,0,0,0,0,1,0,120.0,80.0,2.0,42.0728,15.395
4183,0,0,0,0,0,1,0,120.0,80.0,2.25,45.2558,14.1563
4184,0,0,0,0,0,1,0,120.0,80.0,2.51,47.6302,13.0116
4185,0,0,0,0,0,1,0,120.0,90.0,0.489,23.4114,48.8994
4186,0,0,0,0,0,1,0,120.0,90.0,0.75,27.1613,41.6489
4187,0,0,0,0,0,1,0,120.0,90.0,1.0,30.9131,35.1231
4188,0,0,0,0,0,1,0,120.0,90.0,1.25,34.7511,29.4235
4189,0,0,0,0,0,1,0,120.0,90.0,1.5,38.6215,24.7302
4190,0,0,0,0,0,1,0,120.0,90.0,1.75,42.0252,20.6914
4191,0,0,0,0,0,1,0,120.0,90.0,2.0,44.9794,17.3092
4192,0,0,0,0,0,1,0,120.0,90.0,2.25,47.3132,14.8277
4193,0,0,0,0,0,1,0,120.0,90.0,2.51,49.1212,12.8387
4194,0,0,0,0,0,1,0,120.0,100.0,0.489,27.1293,57.5982
4195,0,0,0,0,0,1,0,120.0,100.0,0.75,30.7205,49.5872
4196,0,0,0,0,0,1,0,120.0,100.0,1.0,34.2312,42.1758
4197,0,0,0,0,0,1,0,120.0,100.0,1.25,37.6202,35.2892
4198,0,0,0,0,0,1,0,120.0,100.0,1.5,40.8902,29.3101
4199,0,0,0,0,0,1,0,120.0,100.0,1.75,43.5716,23.675
4200,0,0,0,0,0,1,0,120.0,100.0,2.0,45.6281,18.7363
4201,0,0,0,0,0,1,0,120.0,100.0,2.25,47.162,14.9535
4202,0,0,0,0,0,1,0,120.0,100.0,2.51,48.3988,11.6083
4203,0,0,0,0,0,1,0,120.0,110.0,0.489,29.2878,65.2772
4204,0,0,0,0,0,1,0,120.0,110.0,0.75,32.7057,56.4918
4205,0,0,0,0,0,1,0,120.0,110.0,1.0,35.6789,48.2358
4206,0,0,0,0,0,1,0,120.0,110.0,1.25,38.6651,40.3883
4207,0,0,0,0,0,1,0,120.0,110.0,1.5,41.1713,32.9742
4208,0,0,0,0,0,1,0,120.0,110.0,1.75,42.9666,26.0337
4209,0,0,0,0,0,1,0,120.0,110.0,2.0,44.3098,19.7865
4210,0,0,0,0,0,1,0,120.0,110.0,2.25,45.6243,14.6881
4211,0,0,0,0,0,1,0,120.0,110.0,2.51,46.7131,10.3421
4212,0,0,0,0,0,1,0,180.0,30.0,0.489,0,0.754343
4213,0,0,0,0,0,1,0,180.0,30.0,0.75,0,0.0679985
4214,0,0,0,0,0,1,0,180.0,30.0,1.0,0,0
4215,0,0,0,0,0,1,0,180.0,30.0,1.25,0,0
4216,0,0,0,0,0,1,0,180.0,30.0,1.5,0.114126,0
4217,0,0,0,0,0,1,0,180.0,30.0,1.75,1.24086,0
4218,0,0,0,0,0,1,0,180.0,30.0,2.0,2.7184,0
4219,0,0,0,0,0,1,0,180.0,30.0,2.25,4.21389,0
4220,0,0,0,0,0,1,0,180.0,30.0,2.51,5.97807,0
4221,0,0,0,0,0,1,0,180.0,40.0,0.489,0.543644,2.69791
4222,0,0,0,0,0,1,0,180.0,40.0,0.75,1.04984,1.501
4223,0,0,0,0,0,1,0,180.0,40.0,1.0,1.46278,0.845134
4224,0,0,0,0,0,1,0,180.0,40.0,1.25,2.46886,0.335749
4225,0,0,0,0,0,1,0,180.0,40.0,1.5,4.17373,0.045861
4226,0,0,0,0,0,1,0,180.0,40.0,1.75,6.37532,0.00192637
4227,0,0,0,0,0,1,0,180.0,40.0,2.0,9.73728,0.0418815
4228,0,0,0,0,0,1,0,180.0,40.0,2.25,13.0594,0.265206
4229,0,0,0,0,0,1,0,180.0,40.0,2.51,16.7183,1.10196
4230,0,0,0,0,0,1,0,180.0,50.0,0.489,2.59636,10.0854
4231,0,0,0,0,0,1,0,180.0,50.0,0.75,4.46524,6.72615
4232,0,0,0,0,0,1,0,180.0,50.0,1.0,6.77404,4.48202
4233,0,0,0,0,0,1,0,180.0,50.0,1.25,8.9253,2.83229
4234,0,0,0,0,0,1,0,180.0,50.0,1.5,12.3191,2.40795
4235,0,0,0,0,0,1,0,180.0,50.0,1.75,16.2908,2.48788
4236,0,0,0,0,0,1,0,180.0,50.0,2.0,20.439,3.10998
4237,0,0,0,0,0,1,0,180.0,50.0,2.25,24.3451,3.93523
4238,0,0,0,0,0,1,0,180.0,50.0,2.51,27.8581,5.52265
4239,0,0,0,0,0,1,0,180.0,60.0,0.489,7.51364,20.1525
4240,0,0,0,0,0,1,0,180.0,60.0,0.75,10.2008,15.2262
4241,0,0,0,0,0,1,0,180.0,60.0,1.0,13.0632,11.2274
4242,0,0,0,0,0,1,0,180.0,60.0,1.25,16.6834,8.52231
4243,0,0,0,0,0,1,0,180.0,60.0,1.5,20.6546,7.09741
4244,0,0,0,0,0,1,0,180.0,60.0,1.75,25.2997,6.99638
4245,0,0,0,0,0,1,0,180.0,60.0,2.0,29.8925,7.72391
4246,0,0,0,0,0,1,0,180.0,60.0,2.25,34.0152,8.99504
4247,0,0,0,0,0,1,0,180.0,60.0,2.51,37.4076,10.0733
4248,0,0,0,0,0,1,0,180.0,70.0,0.489,13.0279,30.5695
4249,0,0,0,0,0,1,0,180.0,70.0,0.75,16.6671,24.717
4250,0,0,0,0,0,1,0,180.0,70.0,1.0,20.1376,19.5867
4251,0,0,0,0,0,1,0,180.0,70.0,1.25,23.9979,15.6637
4252,0,0,0,0,0,1,0,180.0,70.0,1.5,28.2874,13.3178
4253,0,0,0,0,0,1,0,180.0,70.0,1.75,32.8387,12.3982
4254,0,0,0,0,0,1,0,180.0,70.0,2.0,37.413,12.3703
4255,0,0,0,0,0,1,0,180.0,70.0,2.25,41.4879,12.7775
4256,0,0,0,0,0,1,0,180.0,70.0,2.51,44.4602,12.8569
4257,0,0,0,0,0,1,0,180.0,80.0,0.489,18.9228,40.5924
4258,0,0,0,0,0,1,0,180.0,80.0,0.75,22.7041,33.9471
4259,0,0,0,0,0,1,0,180.0,80.0,1.0,26.5013,28.205
4260,0,0,0,0,0,1,0,180.0,80.0,1.25,30.4719,23.249
4261,0,0,0,0,0,1,0,180.0,80.0,1.5,34.5356,19.6345
4262,0,0,0,0,0,1,0,180.0,80.0,1.75,38.6921,17.232
4263,0,0,0,0,0,1,0,180.0,80.0,2.0,42.8144,15.9543
4264,0,0,0,0,0,1,0,180.0,80.0,2.25,46.0824,14.7375
4265,0,0,0,0,0,1,0,180.0,80.0,2.51,48.591,13.6567
4266,0,0,0,0,0,1,0,180.0,90.0,0.489,23.7247,50.1794
4267,0,0,0,0,0,1,0,180.0,90.0,0.75,27.4933,42.7405
4268,0,0,0,0,0,1,0,180.0,90.0,1.0,31.1677,36.1568
4269,0,0,0,0,0,1,0,180.0,90.0,1.25,34.9932,30.2217
4270,0,0,0,0,0,1,0,180.0,90.0,1.5,39.0302,25.2899
4271,0,0,0,0,0,1,0,180.0,90.0,1.75,42.632,21.1213
4272,0,0,0,0,0,1,0,180.0,90.0,2.0,45.499,17.6537
4273,0,0,0,0,0,1,0,180.0,90.0,2.25,47.9682,15.1473
4274,0,0,0,0,0,1,0,180.0,90.0,2.51,49.7974,13.011
4275,0,0,0,0,0,1,0,180.0,100.0,0.489,27.3343,59.0496
4276,0,0,0,0,0,1,0,180.0,100.0,0.75,31.0246,50.9775
4277,0,0,0,0,0,1,0,180.0,100.0,1.0,34.5553,43.4149
4278,0,0,0,0,0,1,0,180.0,100.0,1.25,38.021,36.3915
4279,0,0,0,0,0,1,0,180.0,100.0,1.5,41.4629,30.1202
4280,0,0,0,0,0,1,0,180.0,100.0,1.75,43.987,24.1459
4281,0,0,0,0,0,1,0,180.0,100.0,2.0,45.9678,18.9643
4282,0,0,0,0,0,1,0,180.0,100.0,2.25,47.5222,14.7916
4283,0,0,0,0,0,1,0,180.0,100.0,2.51,48.9101,11.5377
4284,0,0,0,0,0,1,0,180.0,110.0,0.489,29.4135,66.7849
4285,0,0,0,0,0,1,0,180.0,110.0,0.75,32.7345,57.846
4286,0,0,0,0,0,1,0,180.0,110.0,1.0,36.0398,49.5692
4287,0,0,0,0,0,1,0,180.0,110.0,1.25,39.0912,41.5516
4288,0,0,0,0,0,1,0,180.0,110.0,1.5,41.5255,33.7754
4289,0,0,0,0,0,1,0,180.0,110.0,1.75,43.1492,26.3795
4290,0,0,0,0,0,1,0,180.0,110.0,2.0,44.5089,19.9326
4291,0,0,0,0,0,1,0,180.0,110.0,2.25,45.7326,14.4888
4292,0,0,0,0,0,1,0,180.0,110.0,2.51,46.909,9.84206
4293,0,0,0,0,0,1,0,240.0,30.0,0.489,0,1.09302
4294,0,0,0,0,0,1,0,240.0,30.0,0.75,0,0.346783
4295,0,0,0,0,0,1,0,240.0,30.0,1.0,0,0
4296,0,0,0,0,0,1,0,240.0,30.0,1.25,0,0
4297,0,0,0,0,0,1,0,240.0,30.0,1.5,0.267866,0
4298,0,0,0,0,0,1,0,240.0,30.0,1.75,1.1684,0
4299,0,0,0,0,0,1,0,240.0,30.0,2.0,2.68941,0
4300,0,0,0,0,0,1,0,240.0,30.0,2.25,4.25645,0
4301,0,0,0,0,0,1,0,240.0,30.0,2.51,6.21114,0
4302,0,0,0,0,0,1,0,240.0,40.0,0.489,0.678916,3.10751
4303,0,0,0,0,0,1,0,240.0,40.0,0.75,1.13415,1.80494
4304,0,0,0,0,0,1,0,240.0,40.0,1.0,1.55746,1.1422
4305,0,0,0,0,0,1,0,240.0,40.0,1.25,2.3614,0.610403
4306,0,0,0,0,0,1,0,240.0,40.0,1.5,4.09212,0.366271
4307,0,0,0,0,0,1,0,240.0,40.0,1.75,6.61149,0.263834
4308,0,0,0,0,0,1,0,240.0,40.0,2.0,10.2435,0.377849
4309,0,0,0,0,0,1,0,240.0,40.0,2.25,13.7485,0.747548
4310,0,0,0,0,0,1,0,240.0,40.0,2.51,17.4336,1.70668
4311,0,0,0,0,0,1,0,240.0,50.0,0.489,2.57873,10.7802
4312,0,0,0,0,0,1,0,240.0,50.0,0.75,4.27448,7.25826
4313,0,0,0,0,0,1,0,240.0,50.0,1.0,6.59894,4.88774
4314,0,0,0,0,0,1,0,240.0,50.0,1.25,8.98965,3.51187
4315,0,0,0,0,0,1,0,240.0,50.0,1.5,12.5844,3.06376
4316,0,0,0,0,0,1,0,240.0,50.0,1.75,16.6533,3.19922
4317,0,0,0,0,0,1,0,240.0,50.0,2.0,21.0259,3.78272
4318,0,0,0,0,0,1,0,240.0,50.0,2.25,25.0536,4.76874
4319,0,0,0,0,0,1,0,240.0,50.0,2.51,28.6294,6.54307
4320,0,0,0,0,0,1,0,240.0,60.0,0.489,7.4871,20.7967
4321,0,0,0,0,0,1,0,240.0,60.0,0.75,10.178,15.9205
4322,0,0,0,0,0,1,0,240.0,60.0,1.0,13.3767,12.0533
4323,0,0,0,0,0,1,0,240.0,60.0,1.25,16.94,9.10401
4324,0,0,0,0,0,1,0,240.0,60.0,1.5,21.1026,7.85627
4325,0,0,0,0,0,1,0,240.0,60.0,1.75,25.7573,7.96887
4326,0,0,0,0,0,1,0,240.0,60.0,2.0,30.6512,8.87866
4327,0,0,0,0,0,1,0,240.0,60.0,2.25,34.8395,10.0388
4328,0,0,0,0,0,1,0,240.0,60.0,2.51,38.2211,10.9521
4329,0,0,0,0,0,1,0,240.0,70.0,0.489,13.3418,31.4061
4330,0,0,0,0,0,1,0,240.0,70.0,0.75,17.11,25.5499
4331,0,0,0,0,0,1,0,240.0,70.0,1.0,20.5848,20.4821
4332,0,0,0,0,0,1,0,240.0,70.0,1.25,24.2347,16.3268
4333,0,0,0,0,0,1,0,240.0,70.0,1.5,28.4506,13.9504
4334,0,0,0,0,0,1,0,240.0,70.0,1.75,33.2307,13.2078
4335,0,0,0,0,0,1,0,240.0,70.0,2.0,37.9497,13.3874
4336,0,0,0,0,0,1,0,240.0,70.0,2.25,42.0592,13.5345
4337,0,0,0,0,0,1,0,240.0,70.0,2.51,45.1987,13.5878
4338,0,0,0,0,0,1,0,240.0,80.0,0.489,19.3209,41.8701
4339,0,0,0,0,0,1,0,240.0,80.0,0.75,23.0754,35.1158
4340,0,0,0,0,0,1,0,240.0,80.0,1.0,26.9067,29.2019
4341,0,0,0,0,0,1,0,240.0,80.0,1.25,30.6147,24.1064
4342,0,0,0,0,0,1,0,240.0,80.0,1.5,34.6649,20.2361
4343,0,0,0,0,0,1,0,240.0,80.0,1.75,38.8389,17.7504
4344,0,0,0,0,0,1,0,240.0,80.0,2.0,43.0984,16.3075
4345,0,0,0,0,0,1,0,240.0,80.0,2.25,46.6351,15.2904
4346,0,0,0,0,0,1,0,240.0,80.0,2.51,49.0992,14.2176
4347,0,0,0,0,0,1,0,240.0,90.0,0.489,23.9808,51.6451
4348,0,0,0,0,0,1,0,240.0,90.0,0.75,27.6813,44.1542
4349,0,0,0,0,0,1,0,240.0,90.0,1.0,31.4992,37.5103
4350,0,0,0,0,0,1,0,240.0,90.0,1.25,35.434,31.4918
4351,0,0,0,0,0,1,0,240.0,90.0,1.5,39.1553,26.1173
4352,0,0,0,0,0,1,0,240.0,90.0,1.75,42.7006,21.6857
4353,0,0,0,0,0,1,0,240.0,90.0,2.0,45.6308,17.9961
4354,0,0,0,0,0,1,0,240.0,90.0,2.25,48.1653,15.5356
4355,0,0,0,0,0,1,0,240.0,90.0,2.51,50.2465,13.2591
4356,0,0,0,0,0,1,0,240.0,100.0,0.489,27.477,60.7289
4357,0,0,0,0,0,1,0,240.0,100.0,0.75,31.0932,52.4747
4358,0,0,0,0,0,1,0,240.0,100.0,1.0,34.5651,44.8828
4359,0,0,0,0,0,1,0,240.0,100.0,1.25,38.2225,37.6537
4360,0,0,0,0,0,1,0,240.0,100.0,1.5,41.5862,31.0248
4361,0,0,0,0,0,1,0,240.0,100.0,1.75,44.1083,24.737
4362,0,0,0,0,0,1,0,240.0,100.0,2.0,45.9859,19.2427
4363,0,0,0,0,0,1,0,240.0,100.0,2.25,47.6168,14.8786
4364,0,0,0,0,0,1,0,240.0,100.0,2.51,49.3031,11.4143
4365,0,0,0,0,0,1,0,240.0,110.0,0.489,29.5844,68.196
4366,0,0,0,0,0,1,0,240.0,110.0,0.75,32.7269,59.1898
4367,0,0,0,0,0,1,0,240.0,110.0,1.0,36.0005,50.7947
4368,0,0,0,0,0,1,0,240.0,110.0,1.25,38.8349,42.3761
4369,0,0,0,0,0,1,0,240.0,110.0,1.5,41.1795,34.3377
4370,0,0,0,0,0,1,0,240.0,110.0,1.75,43.0004,26.8496
4371,0,0,0,0,0,1,0,240.0,110.0,2.0,44.3099,20.1183
4372,0,0,0,0,0,1,0,240.0,110.0,2.25,45.5553,14.3652
4373,0,0,0,0,0,1,0,240.0,110.0,2.51,46.8559,9.38773
4374,0,0,0,0,0,1,0,300.0,30.0,0.489,0,1.47093
4375,0,0,0,0,0,1,0,300.0,30.0,0.75,0,0.645615
4376,0,0,0,0,0,1,0,300.0,30.0,1.0,0,0.101775
4377,0,0,0,0,0,1,0,300.0,30.0,1.25,0.0268271,0
4378,0,0,0,0,0,1,0,300.0,30.0,1.5,0.44267,0
4379,0,0,0,0,0,1,0,300.0,30.0,1.75,1.15366,0
4380,0,0,0,0,0,1,0,300.0,30.0,2.0,2.68328,0
4381,0,0,0,0,0,1,0,300.0,30.0,2.25,4.21887,0
4382,0,0,0,0,0,1,0,300.0,30.0,2.51,6.41032,0
4383,0,0,0,0,0,1,0,300.0,40.0,0.489,0.772363,3.56139
4384,0,0,0,0,0,1,0,300.0,40.0,0.75,1.21639,2.1714
4385,0,0,0,0,0,1,0,300.0,40.0,1.0,1.64438,1.43427
4386,0,0,0,0,0,1,0,300.0,40.0,1.25,2.26707,0.949814
4387,0,0,0,0,0,1,0,300.0,40.0,1.5,3.91939,0.632089
4388,0,0,0,0,0,1,0,300.0,40.0,1.75,7.00226,0.5166
4389,0,0,0,0,0,1,0,300.0,40.0,2.0,10.6354,0.833716
4390,0,0,0,0,0,1,0,300.0,40.0,2.25,14.2907,1.33095
4391,0,0,0,0,0,1,0,300.0,40.0,2.51,17.8477,2.15494
4392,0,0,0,0,0,1,0,300.0,50.0,0.489,2.49599,11.5949
4393,0,0,0,0,0,1,0,300.0,50.0,0.75,3.99911,7.89978
4394,0,0,0,0,0,1,0,300.0,50.0,1.0,6.35592,5.5297
4395,0,0,0,0,0,1,0,300.0,50.0,1.25,9.09694,4.1241
4396,0,0,0,0,0,1,0,300.0,50.0,1.5,12.8537,3.78265
4397,0,0,0,0,0,1,0,300.0,50.0,1.75,17.114,3.93534
4398,0,0,0,0,0,1,0,300.0,50.0,2.0,21.4926,4.48367
4399,0,0,0,0,0,1,0,300.0,50.0,2.25,25.5225,5.74664
4400,0,0,0,0,0,1,0,300.0,50.0,2.51,29.1975,7.43857
4401,0,0,0,0,0,1,0,300.0,60.0,0.489,7.46027,21.7198
4402,0,0,0,0,0,1,0,300.0,60.0,0.75,10.3011,16.9426
4403,0,0,0,0,0,1,0,300.0,60.0,1.0,13.7762,13.1891
4404,0,0,0,0,0,1,0,300.0,60.0,1.25,17.4275,10.3128
4405,0,0,0,0,0,1,0,300.0,60.0,1.5,21.5109,9.03105
4406,0,0,0,0,0,1,0,300.0,60.0,1.75,26.1947,9.16292
4407,0,0,0,0,0,1,0,300.0,60.0,2.0,30.9325,10.0223
4408,0,0,0,0,0,1,0,300.0,60.0,2.25,35.1549,10.9922
4409,0,0,0,0,0,1,0,300.0,60.0,2.51,38.6543,11.6618
4410,0,0,0,0,0,1,0,300.0,70.0,0.489,13.6752,32.32
4411,0,0,0,0,0,1,0,300.0,70.0,0.75,17.5351,26.6204
4412,0,0,0,0,0,1,0,300.0,70.0,1.0,21.0176,21.6687
4413,0,0,0,0,0,1,0,300.0,70.0,1.25,24.6306,17.6689
4414,0,0,0,0,0,1,0,300.0,70.0,1.5,28.8222,15.0605
4415,0,0,0,0,0,1,0,300.0,70.0,1.75,33.5346,14.3809
4416,0,0,0,0,0,1,0,300.0,70.0,2.0,38.1684,14.3119
4417,0,0,0,0,0,1,0,300.0,70.0,2.25,42.1835,14.1716
4418,0,0,0,0,0,1,0,300.0,70.0,2.51,45.4139,13.9104
4419,0,0,0,0,0,1,0,300.0,80.0,0.489,19.6262,43.1773
4420,0,0,0,0,0,1,0,300.0,80.0,0.75,23.4618,36.3808
4421,0,0,0,0,0,1,0,300.0,80.0,1.0,27.3322,30.6477
4422,0,0,0,0,0,1,0,300.0,80.0,1.25,31.0331,25.5653
4423,0,0,0,0,0,1,0,300.0,80.0,1.5,34.865,21.5274
4424,0,0,0,0,0,1,0,300.0,80.0,1.75,39.0042,18.6705
4425,0,0,0,0,0,1,0,300.0,80.0,2.0,43.0757,16.969
4426,0,0,0,0,0,1,0,300.0,80.0,2.25,46.5294,15.6926
4427,0,0,0,0,0,1,0,300.0,80.0,2.51,49.1294,14.5737
4428,0,0,0,0,0,1,0,300.0,90.0,0.489,24.1505,53.2615
4429,0,0,0,0,0,1,0,300.0,90.0,0.75,27.9926,45.7828
4430,0,0,0,0,0,1,0,300.0,90.0,1.0,31.8219,39.1172
4431,0,0,0,0,0,1,0,300.0,90.0,1.25,35.8645,33.1281
4432,0,0,0,0,0,1,0,300.0,90.0,1.5,39.2983,27.4338
4433,0,0,0,0,0,1,0,300.0,90.0,1.75,42.3148,22.2023
4434,0,0,0,0,0,1,0,300.0,90.0,2.0,45.3641,18.4504
4435,0,0,0,0,0,1,0,300.0,90.0,2.25,48.0219,15.7904
4436,0,0,0,0,0,1,0,300.0,90.0,2.51,50.2532,13.4137
4437,0,0,0,0,0,1,0,300.0,100.0,0.489,27.6911,62.3161
4438,0,0,0,0,0,1,0,300.0,100.0,0.75,31.2053,54.0966
4439,0,0,0,0,0,1,0,300.0,100.0,1.0,34.676,46.4702
4440,0,0,0,0,0,1,0,300.0,100.0,1.25,38.1315,38.9657
4441,0,0,0,0,0,1,0,300.0,100.0,1.5,41.3926,32.0311
4442,0,0,0,0,0,1,0,300.0,100.0,1.75,43.7001,25.4014
4443,0,0,0,0,0,1,0,300.0,100.0,2.0,45.4754,19.5164
4444,0,0,0,0,0,1,0,300.0,100.0,2.25,47.2689,14.9575
4445,0,0,0,0,0,1,0,300.0,100.0,2.51,49.1894,11.0602
4446,0,0,0,0,0,1,0,300.0,110.0,0.489,29.5727,69.4478
4447,0,0,0,0,0,1,0,300.0,110.0,0.75,32.7974,60.4741
4448,0,0,0,0,0,1,0,300.0,110.0,1.0,35.7099,51.9274
4449,0,0,0,0,0,1,0,300.0,110.0,1.25,38.3267,43.2533
4450,0,0,0,0,0,1,0,300.0,110.0,1.5,40.6638,34.9512
4451,0,0,0,0,0,1,0,300.0,110.0,1.75,42.5361,27.3124
4452,0,0,0,0,0,1,0,300.0,110.0,2.0,43.8173,20.3685
4453,0,0,0,0,0,1,0,300.0,110.0,2.25,45.0645,14.2549
4454,0,0,0,0,0,1,0,300.0,110.0,2.51,46.5531,9.24321
4455,0,0,0,0,0,1,0,360.0,30.0,0.489,0,1.8462
4456,0,0,0,0,0,1,0,360.0,30.0,0.75,0,1.04046
4457,0,0,0,0,0,1,0,360.0,30.0,1.0,0,0.428032
4458,0,0,0,0,0,1,0,360.0,30.0,1.25,0.17598,0
4459,0,0,0,0,0,1,0,360.0,30.0,1.5,0.584897,0
4460,0,0,0,0,0,1,0,360.0,30.0,1.75,1.1274,0
4461,0,0,0,0,0,1,0,360.0,30.0,2.0,2.65715,0
4462,0,0,0,0,0,1,0,360.0,30.0,2.25,4.15017,0
4463,0,0,0,0,0,1,0,360.0,30.0,2.51,6.51849,0
4464,0,0,0,0,0,1,0,360.0,40.0,0.489,0.850658,4.23384
4465,0,0,0,0,0,1,0,360.0,40.0,0.75,1.29906,2.55389
4466,0,0,0,0,0,1,0,360.0,40.0,1.0,1.71063,1.78889
4467,0,0,0,0,0,1,0,360.0,40.0,1.25,2.1609,1.29191
4468,0,0,0,0,0,1,0,360.0,40.0,1.5,3.80331,0.968179
4469,0,0,0,0,0,1,0,360.0,40.0,1.75,7.28854,0.93815
4470,0,0,0,0,0,1,0,360.0,40.0,2.0,10.983,1.32298
4471,0,0,0,0,0,1,0,360.0,40.0,2.25,14.4913,1.74702
4472,0,0,0,0,0,1,0,360.0,40.0,2.51,17.9534,2.37349
4473,0,0,0,0,0,1,0,360.0,50.0,0.489,2.48175,12.463
4474,0,0,0,0,0,1,0,360.0,50.0,0.75,3.50045,8.74467
4475,0,0,0,0,0,1,0,360.0,50.0,1.0,5.91946,6.35972
4476,0,0,0,0,0,1,0,360.0,50.0,1.25,9.1125,4.90781
4477,0,0,0,0,0,1,0,360.0,50.0,1.5,13.2474,4.57027
4478,0,0,0,0,0,1,0,360.0,50.0,1.75,17.4964,4.66538
4479,0,0,0,0,0,1,0,360.0,50.0,2.0,21.7719,5.4389
4480,0,0,0,0,0,1,0,360.0,50.0,2.25,25.7168,6.63857
4481,0,0,0,0,0,1,0,360.0,50.0,2.51,29.3627,7.90711
4482,0,0,0,0,0,1,0,360.0,60.0,0.489,7.23324,22.8724
4483,0,0,0,0,0,1,0,360.0,60.0,0.75,10.4333,18.122
4484,0,0,0,0,0,1,0,360.0,60.0,1.0,14.078,14.5883
4485,0,0,0,0,0,1,0,360.0,60.0,1.25,17.7766,11.9103
4486,0,0,0,0,0,1,0,360.0,60.0,1.5,21.8748,10.5356
4487,0,0,0,0,0,1,0,360.0,60.0,1.75,26.4585,10.5323
4488,0,0,0,0,0,1,0,360.0,60.0,2.0,30.9884,11.0808
4489,0,0,0,0,0,1,0,360.0,60.0,2.25,35.1854,11.6991
4490,0,0,0,0,0,1,0,360.0,60.0,2.51,38.6174,11.9755
4491,0,0,0,0,0,1,0,360.0,70.0,0.489,14.0265,33.7226
4492,0,0,0,0,0,1,0,360.0,70.0,0.75,17.8006,27.876
4493,0,0,0,0,0,1,0,360.0,70.0,1.0,21.3827,23.188
4494,0,0,0,0,0,1,0,360.0,70.0,1.25,25.2423,19.5221
4495,0,0,0,0,0,1,0,360.0,70.0,1.5,29.3834,16.9265
4496,0,0,0,0,0,1,0,360.0,70.0,1.75,33.8404,15.8052
4497,0,0,0,0,0,1,0,360.0,70.0,2.0,38.1399,15.2482
4498,0,0,0,0,0,1,0,360.0,70.0,2.25,41.9875,14.7101
4499,0,0,0,0,0,1,0,360.0,70.0,2.51,45.1406,14.0277
4500,0,0,0,0,0,1,0,360.0,80.0,0.489,19.793,44.4243
4501,0,0,0,0,0,1,0,360.0,80.0,0.75,23.779,37.8899
4502,0,0,0,0,0,1,0,360.0,80.0,1.0,27.6818,32.2213
4503,0,0,0,0,0,1,0,360.0,80.0,1.25,31.51,27.4329
4504,0,0,0,0,0,1,0,360.0,80.0,1.5,35.2636,23.2795
4505,0,0,0,0,0,1,0,360.0,80.0,1.75,39.0934,20.0155
4506,0,0,0,0,0,1,0,360.0,80.0,2.0,42.792,17.7671
4507,0,0,0,0,0,1,0,360.0,80.0,2.25,46.2332,16.1863
4508,0,0,0,0,0,1,0,360.0,80.0,2.51,48.9386,14.6979
4509,0,0,0,0,0,1,0,360.0,90.0,0.489,24.4365,54.9274
4510,0,0,0,0,0,1,0,360.0,90.0,0.75,28.3963,47.5195
4511,0,0,0,0,0,1,0,360.0,90.0,1.0,32.2459,41.013
4512,0,0,0,0,0,1,0,360.0,90.0,1.25,36.0577,34.8846
4513,0,0,0,0,0,1,0,360.0,90.0,1.5,39.2401,28.8419
4514,0,0,0,0,0,1,0,360.0,90.0,1.75,42.0249,23.3499
4515,0,0,0,0,0,1,0,360.0,90.0,2.0,45.0128,19.0783
4516,0,0,0,0,0,1,0,360.0,90.0,2.25,47.6532,16.0465
4517,0,0,0,0,0,1,0,360.0,90.0,2.51,49.8237,13.421
4518,0,0,0,0,0,1,0,360.0,100.0,0.489,27.8181,63.739
4519,0,0,0,0,0,1,0,360.0,100.0,0.75,31.4153,55.7066
4520,0,0,0,0,0,1,0,360.0,100.0,1.0,34.6379,47.9261
4521,0,0,0,0,0,1,0,360.0,100.0,1.25,37.895,40.3753
4522,0,0,0,0,0,1,0,360.0,100.0,1.5,40.8571,33.156
4523,0,0,0,0,0,1,0,360.0,100.0,1.75,42.8943,26.1226
4524,0,0,0,0,0,1,0,360.0,100.0,2.0,44.6155,19.8678
4525,0,0,0,0,0,1,0,360.0,100.0,2.25,46.7997,15.1061
4526,0,0,0,0,0,1,0,360.0,100.0,2.51,48.7313,11.0269
4527,0,0,0,0,0,1,0,360.0,110.0,0.489,29.5459,70.7314
4528,0,0,0,0,0,1,0,360.0,110.0,0.75,32.6117,61.6321
4529,0,0,0,0,0,1,0,360.0,110.0,1.0,35.3881,52.9762
4530,0,0,0,0,0,1,0,360.0,110.0,1.25,37.9,44.2866
4531,0,0,0,0,0,1,0,360.0,110.0,1.5,40.0691,35.7883
4532,0,0,0,0,0,1,0,360.0,110.0,1.75,41.723,27.8198
4533,0,0,0,0,0,1,0,360.0,110.0,2.0,42.9876,20.4635
4534,0,0,0,0,0,1,0,360.0,110.0,2.25,44.3525,14.3233
4535,0,0,0,0,0,1,0,360.0,110.0,2.51,46.108,9.15932
4536,0,0,0,0,0,1,0,420.0,30.0,0.489,0,2.29239
4537,0,0,0,0,0,1,0,420.0,30.0,0.75,0,1.48817
4538,0,0,0,0,0,1,0,420.0,30.0,1.0,0,0.787065
4539,0,0,0,0,0,1,0,420.0,30.0,1.25,0.312661,0.363339
4540,0,0,0,0,0,1,0,420.0,30.0,1.5,0.769443,0.0604232
4541,0,0,0,0,0,1,0,420.0,30.0,1.75,1.31121,0
4542,0,0,0,0,0,1,0,420.0,30.0,2.0,2.60219,0
4543,0,0,0,0,0,1,0,420.0,30.0,2.25,4.23379,0.0136001
4544,0,0,0,0,0,1,0,420.0,30.0,2.51,6.62344,0.0906928
4545,0,0,0,0,0,1,0,420.0,40.0,0.489,0.914121,4.96826
4546,0,0,0,0,0,1,0,420.0,40.0,0.75,1.429,3.20506
4547,0,0,0,0,0,1,0,420.0,40.0,1.0,1.81184,2.239
4548,0,0,0,0,0,1,0,420.0,40.0,1.25,2.29085,1.6583
4549,0,0,0,0,0,1,0,420.0,40.0,1.5,3.82752,1.4004
4550,0,0,0,0,0,1,0,420.0,40.0,1.75,7.66455,1.47203
4551,0,0,0,0,0,1,0,420.0,40.0,2.0,11.1584,1.71033
4552,0,0,0,0,0,1,0,420.0,40.0,2.25,14.5175,2.01877
4553,0,0,0,0,0,1,0,420.0,40.0,2.51,17.9513,2.4158
4554,0,0,0,0,0,1,0,420.0,50.0,0.489,2.45865,13.6019
4555,0,0,0,0,0,1,0,420.0,50.0,0.75,3.2121,10.0221
4556,0,0,0,0,0,1,0,420.0,50.0,1.0,5.56809,7.47338
4557,0,0,0,0,0,1,0,420.0,50.0,1.25,9.44315,6.05445
4558,0,0,0,0,0,1,0,420.0,50.0,1.5,13.6755,5.42137
4559,0,0,0,0,0,1,0,420.0,50.0,1.75,17.7712,5.71332
4560,0,0,0,0,0,1,0,420.0,50.0,2.0,21.6715,6.35759
4561,0,0,0,0,0,1,0,420.0,50.0,2.25,25.5376,7.24795
4562,0,0,0,0,0,1,0,420.0,50.0,2.51,29.2252,8.13514
4563,0,0,0,0,0,1,0,420.0,60.0,0.489,6.83322,24.1847
4564,0,0,0,0,0,1,0,420.0,60.0,0.75,10.4524,19.623
4565,0,0,0,0,0,1,0,420.0,60.0,1.0,14.1544,16.1594
4566,0,0,0,0,0,1,0,420.0,60.0,1.25,18.0783,13.7
4567,0,0,0,0,0,1,0,420.0,60.0,1.5,22.2982,12.4758
4568,0,0,0,0,0,1,0,420.0,60.0,1.75,26.5115,11.9135
4569,0,0,0,0,0,1,0,420.0,60.0,2.0,30.8273,12.0327
4570,0,0,0,0,0,1,0,420.0,60.0,2.25,34.7696,12.0998
4571,0,0,0,0,0,1,0,420.0,60.0,2.51,38.1109,11.9209
4572,0,0,0,0,0,1,0,420.0,70.0,0.489,14.0367,35.1894
4573,0,0,0,0,0,1,0,420.0,70.0,0.75,17.8893,29.4784
4574,0,0,0,0,0,1,0,420.0,70.0,1.0,21.6041,24.9998
4575,0,0,0,0,0,1,0,420.0,70.0,1.25,25.5715,21.5553
4576,0,0,0,0,0,1,0,420.0,70.0,1.5,29.8002,19.0603
4577,0,0,0,0,0,1,0,420.0,70.0,1.75,33.8328,17.3847
4578,0,0,0,0,0,1,0,420.0,70.0,2.0,37.7767,16.1125
4579,0,0,0,0,0,1,0,420.0,70.0,2.25,41.3216,15.0486
4580,0,0,0,0,0,1,0,420.0,70.0,2.51,44.5151,14.0979
4581,0,0,0,0,0,1,0,420.0,80.0,0.489,19.9702,45.9027
4582,0,0,0,0,0,1,0,420.0,80.0,0.75,23.8824,39.5884
4583,0,0,0,0,0,1,0,420.0,80.0,1.0,27.907,34.238
4584,0,0,0,0,0,1,0,420.0,80.0,1.25,31.8234,29.4899
4585,0,0,0,0,0,1,0,420.0,80.0,1.5,35.6383,25.2787
4586,0,0,0,0,0,1,0,420.0,80.0,1.75,38.9458,21.5508
4587,0,0,0,0,0,1,0,420.0,80.0,2.0,42.3105,18.7744
4588,0,0,0,0,0,1,0,420.0,80.0,2.25,45.5425,16.5369
4589,0,0,0,0,0,1,0,420.0,80.0,2.51,48.3204,14.5797
4590,0,0,0,0,0,1,0,420.0,90.0,0.489,24.6407,56.2227
4591,0,0,0,0,0,1,0,420.0,90.0,0.75,28.5793,49.2061
4592,0,0,0,0,0,1,0,420.0,90.0,1.0,32.3122,42.723
4593,0,0,0,0,0,1,0,420.0,90.0,1.25,35.7511,36.4282
4594,0,0,0,0,0,1,0,420.0,90.0,1.5,38.6458,30.2159
4595,0,0,0,0,0,1,0,420.0,90.0,1.75,41.6406,24.7098
4596,0,0,0,0,0,1,0,420.0,90.0,2.0,44.3678,20.0806
4597,0,0,0,0,0,1,0,420.0,90.0,2.25,46.8161,16.3107
4598,0,0,0,0,0,1,0,420.0,90.0,2.51,49.1741,13.3651
4599,0,0,0,0,0,1,0,420.0,100.0,0.489,27.7787,65.0232
4600,0,0,0,0,0,1,0,420.0,100.0,0.75,31.2964,57.0197
4601,0,0,0,0,0,1,0,420.0,100.0,1.0,34.3286,49.0967
4602,0,0,0,0,0,1,0,420.0,100.0,1.25,37.3684,41.5569
4603,0,0,0,0,0,1,0,420.0,100.0,1.5,39.8743,34.2512
4604,0,0,0,0,0,1,0,420.0,100.0,1.75,41.8772,26.9052
4605,0,0,0,0,0,1,0,420.0,100.0,2.0,43.8557,20.4738
4606,0,0,0,0,0,1,0,420.0,100.0,2.25,45.98,15.3859
4607,0,0,0,0,0,1,0,420.0,100.0,2.51,48.0248,11.3192
4608,0,0,0,0,0,1,0,420.0,110.0,0.489,29.3828,71.9245
4609,0,0,0,0,0,1,0,420.0,110.0,0.75,32.3066,62.7147
4610,0,0,0,0,0,1,0,420.0,110.0,1.0,34.9034,53.9512
4611,0,0,0,0,0,1,0,420.0,110.0,1.25,37.153,45.2632
4612,0,0,0,0,0,1,0,420.0,110.0,1.5,39.1131,36.6558
4613,0,0,0,0,0,1,0,420.0,110.0,1.75,40.6952,28.4207
4614,0,0,0,0,0,1,0,420.0,110.0,2.0,41.9648,20.7773
4615,0,0,0,0,0,1,0,420.0,110.0,2.25,43.5268,14.4785
4616,0,0,0,0,0,1,0,420.0,110.0,2.51,45.4918,9.35343
4617,0,0,0,0,0,1,0,480.0,30.0,0.489,0,2.79355
4618,0,0,0,0,0,1,0,480.0,30.0,0.75,0,1.94819
4619,0,0,0,0,0,1,0,480.0,30.0,1.0,0.0526571,1.2766
4620,0,0,0,0,0,1,0,480.0,30.0,1.25,0.466825,0.72776
4621,0,0,0,0,0,1,0,480.0,30.0,1.5,0.984512,0.528065
4622,0,0,0,0,0,1,0,480.0,30.0,1.75,1.53594,0.330563
4623,0,0,0,0,0,1,0,480.0,30.0,2.0,2.53996,0.296499
4624,0,0,0,0,0,1,0,480.0,30.0,2.25,4.32236,0.301163
4625,0,0,0,0,0,1,0,480.0,30.0,2.51,6.84443,0.329036
4626,0,0,0,0,0,1,0,480.0,40.0,0.489,0.946641,5.77418
4627,0,0,0,0,0,1,0,480.0,40.0,0.75,1.5533,4.01418
4628,0,0,0,0,0,1,0,480.0,40.0,1.0,2.00935,2.81167
4629,0,0,0,0,0,1,0,480.0,40.0,1.25,2.43499,2.138
4630,0,0,0,0,0,1,0,480.0,40.0,1.5,4.15961,1.91217
4631,0,0,0,0,0,1,0,480.0,40.0,1.75,7.84832,1.94053
4632,0,0,0,0,0,1,0,480.0,40.0,2.0,11.1043,1.98139
4633,0,0,0,0,0,1,0,480.0,40.0,2.25,14.3884,2.25097
4634,0,0,0,0,0,1,0,480.0,40.0,2.51,17.7684,2.59787
4635,0,0,0,0,0,1,0,480.0,50.0,0.489,2.39032,15.107
4636,0,0,0,0,0,1,0,480.0,50.0,0.75,3.18751,11.6215
4637,0,0,0,0,0,1,0,480.0,50.0,1.0,5.90251,9.20811
4638,0,0,0,0,0,1,0,480.0,50.0,1.25,9.79714,7.73424
4639,0,0,0,0,0,1,0,480.0,50.0,1.5,14.0007,6.99703
4640,0,0,0,0,0,1,0,480.0,50.0,1.75,17.9608,7.0515
4641,0,0,0,0,0,1,0,480.0,50.0,2.0,21.4834,7.24754
4642,0,0,0,0,0,1,0,480.0,50.0,2.25,25.1396,7.59363
4643,0,0,0,0,0,1,0,480.0,50.0,2.51,28.7642,8.04683
4644,0,0,0,0,0,1,0,480.0,60.0,0.489,6.57746,25.7377
4645,0,0,0,0,0,1,0,480.0,60.0,0.75,10.3592,21.3879
4646,0,0,0,0,0,1,0,480.0,60.0,1.0,14.2383,18.0666
4647,0,0,0,0,0,1,0,480.0,60.0,1.25,18.3368,15.7435
4648,0,0,0,0,0,1,0,480.0,60.0,1.5,22.4174,14.35
4649,0,0,0,0,0,1,0,480.0,60.0,1.75,26.4759,13.3516
4650,0,0,0,0,0,1,0,480.0,60.0,2.0,30.3858,12.7941
4651,0,0,0,0,0,1,0,480.0,60.0,2.25,34.0518,12.3737
4652,0,0,0,0,0,1,0,480.0,60.0,2.51,37.2682,11.7406
4653,0,0,0,0,0,1,0,480.0,70.0,0.489,13.8668,36.6287
4654,0,0,0,0,0,1,0,480.0,70.0,0.75,17.8889,31.3825
4655,0,0,0,0,0,1,0,480.0,70.0,1.0,21.6685,27.1578
4656,0,0,0,0,0,1,0,480.0,70.0,1.25,25.6374,23.7346
4657,0,0,0,0,0,1,0,480.0,70.0,1.5,29.7677,21.0935
4658,0,0,0,0,0,1,0,480.0,70.0,1.75,33.4617,18.7561
4659,0,0,0,0,0,1,0,480.0,70.0,2.0,37.1601,16.9023
4660,0,0,0,0,0,1,0,480.0,70.0,2.25,40.5205,15.297
4661,0,0,0,0,0,1,0,480.0,70.0,2.51,43.5714,13.9634
4662,0,0,0,0,0,1,0,480.0,80.0,0.489,19.9053,47.4096
4663,0,0,0,0,0,1,0,480.0,80.0,0.75,24.0352,41.4875
4664,0,0,0,0,0,1,0,480.0,80.0,1.0,27.9652,36.2665
4665,0,0,0,0,0,1,0,480.0,80.0,1.25,31.7232,31.4768
4666,0,0,0,0,0,1,0,480.0,80.0,1.5,35.3155,27.0966
4667,0,0,0,0,0,1,0,480.0,80.0,1.75,38.5405,23.1146
4668,0,0,0,0,0,1,0,480.0,80.0,2.0,41.6348,19.779
4669,0,0,0,0,0,1,0,480.0,80.0,2.25,44.6188,16.9293
4670,0,0,0,0,0,1,0,480.0,80.0,2.51,47.3363,14.3338
4671,0,0,0,0,0,1,0,480.0,90.0,0.489,24.6507,57.43
4672,0,0,0,0,0,1,0,480.0,90.0,0.75,28.5042,50.6075
4673,0,0,0,0,0,1,0,480.0,90.0,1.0,32.0376,44.1379
4674,0,0,0,0,0,1,0,480.0,90.0,1.25,35.1325,37.7739
4675,0,0,0,0,0,1,0,480.0,90.0,1.5,38.0062,31.6837
4676,0,0,0,0,0,1,0,480.0,90.0,1.75,40.9029,26.0462
4677,0,0,0,0,0,1,0,480.0,90.0,2.0,43.531,21.1138
4678,0,0,0,0,0,1,0,480.0,90.0,2.25,46.0174,16.9009
4679,0,0,0,0,0,1,0,480.0,90.0,2.51,48.1131,13.2838
4680,0,0,0,0,0,1,0,480.0,100.0,0.489,27.6464,66.0858
4681,0,0,0,0,0,1,0,480.0,100.0,0.75,31.0582,57.9968
4682,0,0,0,0,0,1,0,480.0,100.0,1.0,33.8318,50.1796
4683,0,0,0,0,0,1,0,480.0,100.0,1.25,36.5322,42.5243
4684,0,0,0,0,0,1,0,480.0,100.0,1.5,38.7867,35.1584
4685,0,0,0,0,0,1,0,480.0,100.0,1.75,40.8448,27.8195
4686,0,0,0,0,0,1,0,480.0,100.0,2.0,43.1092,21.4524
4687,0,0,0,0,0,1,0,480.0,100.0,2.25,45.1567,16.0998
4688,0,0,0,0,0,1,0,480.0,100.0,2.51,46.9659,11.6465
4689,0,0,0,0,0,1,0,480.0,110.0,0.489,29.0505,72.8001
4690,0,0,0,0,0,1,0,480.0,110.0,0.75,31.723,63.5322
4691,0,0,0,0,0,1,0,480.0,110.0,1.0,34.1007,54.7025
4692,0,0,0,0,0,1,0,480.0,110.0,1.25,36.3349,46.1367
4693,0,0,0,0,0,1,0,480.0,110.0,1.5,38.0989,37.4761
4694,0,0,0,0,0,1,0,480.0,110.0,1.75,39.5514,29.0317
4695,0,0,0,0,0,1,0,480.0,110.0,2.0,41.0185,21.3859
4696,0,0,0,0,0,1,0,480.0,110.0,2.25,42.8666,15.1198
4697,0,0,0,0,0,1,0,480.0,110.0,2.51,44.7618,9.83024
4698,0,0,0,0,0,1,0,540.0,30.0,0.489,0,3.27964
4699,0,0,0,0,0,1,0,540.0,30.0,0.75,0,2.45714
4700,0,0,0,0,0,1,0,540.0,30.0,1.0,0.228034,1.75475
4701,0,0,0,0,0,1,0,540.0,30.0,1.25,0.666639,1.18469
4702,0,0,0,0,0,1,0,540.0,30.0,1.5,1.14948,0.924068
4703,0,0,0,0,0,1,0,540.0,30.0,1.75,1.69173,0.73211
4704,0,0,0,0,0,1,0,540.0,30.0,2.0,2.48046,0.612617
4705,0,0,0,0,0,1,0,540.0,30.0,2.25,4.38972,0.548158
4706,0,0,0,0,0,1,0,540.0,30.0,2.51,7.01985,0.516492
4707,0,0,0,0,0,1,0,540.0,40.0,0.489,0.961515,6.67031
4708,0,0,0,0,0,1,0,540.0,40.0,0.75,1.55581,4.88062
4709,0,0,0,0,0,1,0,540.0,40.0,1.0,2.08128,3.68228
4710,0,0,0,0,0,1,0,540.0,40.0,1.25,2.60716,2.95539
4711,0,0,0,0,0,1,0,540.0,40.0,1.5,4.70597,2.57737
4712,0,0,0,0,0,1,0,540.0,40.0,1.75,7.88813,2.44329
4713,0,0,0,0,0,1,0,540.0,40.0,2.0,10.9809,2.26365
4714,0,0,0,0,0,1,0,540.0,40.0,2.25,14.1058,2.30265
4715,0,0,0,0,0,1,0,540.0,40.0,2.51,17.4513,2.79935
4716,0,0,0,0,0,1,0,540.0,50.0,0.489,2.27273,16.9338
4717,0,0,0,0,0,1,0,540.0,50.0,0.75,3.28657,13.5337
4718,0,0,0,0,0,1,0,540.0,50.0,1.0,5.99909,10.9228
4719,0,0,0,0,0,1,0,540.0,50.0,1.25,10.0906,9.40727
4720,0,0,0,0,0,1,0,540.0,50.0,1.5,14.0372,8.66071
4721,0,0,0,0,0,1,0,540.0,50.0,1.75,17.8944,8.26262
4722,0,0,0,0,0,1,0,540.0,50.0,2.0,21.1831,7.92147
4723,0,0,0,0,0,1,0,540.0,50.0,2.25,24.4556,7.73469
4724,0,0,0,0,0,1,0,540.0,50.0,2.51,27.8555,7.76552
4725,0,0,0,0,0,1,0,540.0,60.0,0.489,6.46667,27.5589
4726,0,0,0,0,0,1,0,540.0,60.0,0.75,10.4362,23.4391
4727,0,0,0,0,0,1,0,540.0,60.0,1.0,14.4075,20.2138
4728,0,0,0,0,0,1,0,540.0,60.0,1.25,18.3766,17.7983
4729,0,0,0,0,0,1,0,540.0,60.0,1.5,22.427,16.1655
4730,0,0,0,0,0,1,0,540.0,60.0,1.75,26.1516,14.5699
4731,0,0,0,0,0,1,0,540.0,60.0,2.0,29.7524,13.317
4732,0,0,0,0,0,1,0,540.0,60.0,2.25,33.213,12.5236
4733,0,0,0,0,0,1,0,540.0,60.0,2.51,36.2746,11.5488
4734,0,0,0,0,0,1,0,540.0,70.0,0.489,13.5931,38.3153
4735,0,0,0,0,0,1,0,540.0,70.0,0.75,17.6683,33.3762
4736,0,0,0,0,0,1,0,540.0,70.0,1.0,21.7386,29.4799
4737,0,0,0,0,0,1,0,540.0,70.0,1.25,25.6606,26.0683
4738,0,0,0,0,0,1,0,540.0,70.0,1.5,29.501,22.9456
4739,0,0,0,0,0,1,0,540.0,70.0,1.75,33.0502,20.0665
4740,0,0,0,0,0,1,0,540.0,70.0,2.0,36.4498,17.6508
4741,0,0,0,0,0,1,0,540.0,70.0,2.25,39.6376,15.5255
4742,0,0,0,0,0,1,0,540.0,70.0,2.51,42.5448,13.6803
4743,0,0,0,0,0,1,0,540.0,80.0,0.489,19.5858,48.787
4744,0,0,0,0,0,1,0,540.0,80.0,0.75,23.781,43.1939
4745,0,0,0,0,0,1,0,540.0,80.0,1.0,27.6675,38.0857
4746,0,0,0,0,0,1,0,540.0,80.0,1.25,31.2796,33.129
4747,0,0,0,0,0,1,0,540.0,80.0,1.5,34.6451,28.7039
4748,0,0,0,0,0,1,0,540.0,80.0,1.75,37.8684,24.5431
4749,0,0,0,0,0,1,0,540.0,80.0,2.0,40.6928,20.4828
4750,0,0,0,0,0,1,0,540.0,80.0,2.25,43.4859,17.1874
4751,0,0,0,0,0,1,0,540.0,80.0,2.51,46.094,14.1814
4752,0,0,0,0,0,1,0,540.0,90.0,0.489,24.2032,58.3871
4753,0,0,0,0,0,1,0,540.0,90.0,0.75,28.024,51.7634
4754,0,0,0,0,0,1,0,540.0,90.0,1.0,31.4548,45.3477
4755,0,0,0,0,0,1,0,540.0,90.0,1.25,34.5001,39.0958
4756,0,0,0,0,0,1,0,540.0,90.0,1.5,37.2508,33.0831
4757,0,0,0,0,0,1,0,540.0,90.0,1.75,39.985,27.3573
4758,0,0,0,0,0,1,0,540.0,90.0,2.0,42.5998,22.0924
4759,0,0,0,0,0,1,0,540.0,90.0,2.25,44.9833,17.5348
4760,0,0,0,0,0,1,0,540.0,90.0,2.51,46.8628,13.4507
4761,0,0,0,0,0,1,0,540.0,100.0,0.489,27.3844,66.7483
4762,0,0,0,0,0,1,0,540.0,100.0,0.75,30.5047,58.7431
4763,0,0,0,0,0,1,0,540.0,100.0,1.0,33.1157,50.9869
4764,0,0,0,0,0,1,0,540.0,100.0,1.25,35.4781,43.3821
4765,0,0,0,0,0,1,0,540.0,100.0,1.5,37.7442,36.0567
4766,0,0,0,0,0,1,0,540.0,100.0,1.75,39.9795,28.8397
4767,0,0,0,0,0,1,0,540.0,100.0,2.0,42.2463,22.4772
4768,0,0,0,0,0,1,0,540.0,100.0,2.25,44.2482,16.9303
4769,0,0,0,0,0,1,0,540.0,100.0,2.51,46.0427,12.1712
4770,0,0,0,0,0,1,0,540.0,110.0,0.489,28.5405,73.238
4771,0,0,0,0,0,1,0,540.0,110.0,0.75,31.0172,63.9858
4772,0,0,0,0,0,1,0,540.0,110.0,1.0,33.3292,55.2936
4773,0,0,0,0,0,1,0,540.0,110.0,1.25,35.3251,46.7648
4774,0,0,0,0,0,1,0,540.0,110.0,1.5,36.9347,38.1222
4775,0,0,0,0,0,1,0,540.0,110.0,1.75,38.6324,29.764
4776,0,0,0,0,0,1,0,540.0,110.0,2.0,40.4396,22.3656
4777,0,0,0,0,0,1,0,540.0,110.0,2.25,42.1661,16.1184
4778,0,0,0,0,0,1,0,540.0,110.0,2.51,43.8953,10.433
4779,0,0,0,0,0,1,0,600.0,30.0,0.489,0,3.76092
4780,0,0,0,0,0,1,0,600.0,30.0,0.75,0,2.93802
4781,0,0,0,0,0,1,0,600.0,30.0,1.0,0.384228,2.2465
4782,0,0,0,0,0,1,0,600.0,30.0,1.25,0.815482,1.69784
4783,0,0,0,0,0,1,0,600.0,30.0,1.5,1.29246,1.27796
4784,0,0,0,0,0,1,0,600.0,30.0,1.75,1.81936,1.0719
4785,0,0,0,0,0,1,0,600.0,30.0,2.0,2.40933,0.910902
4786,0,0,0,0,0,1,0,600.0,30.0,2.25,4.36571,0.761639
4787,0,0,0,0,0,1,0,600.0,30.0,2.51,7.06657,0.669334
4788,0,0,0,0,0,1,0,600.0,40.0,0.489,0.862977,8.26917
4789,0,0,0,0,0,1,0,600.0,40.0,0.75,1.50962,5.79646
4790,0,0,0,0,0,1,0,600.0,40.0,1.0,2.10339,4.58004
4791,0,0,0,0,0,1,0,600.0,40.0,1.25,3.00177,3.80856
4792,0,0,0,0,0,1,0,600.0,40.0,1.5,5.14281,3.26096
4793,0,0,0,0,0,1,0,600.0,40.0,1.75,7.86513,2.89377
4794,0,0,0,0,0,1,0,600.0,40.0,2.0,10.8034,2.53778
4795,0,0,0,0,0,1,0,600.0,40.0,2.25,13.7004,2.34198
4796,0,0,0,0,0,1,0,600.0,40.0,2.51,16.9124,2.82856
4797,0,0,0,0,0,1,0,600.0,50.0,0.489,2.15527,18.8163
4798,0,0,0,0,0,1,0,600.0,50.0,0.75,3.39635,15.4838
4799,0,0,0,0,0,1,0,600.0,50.0,1.0,6.08347,12.8992
4800,0,0,0,0,0,1,0,600.0,50.0,1.25,10.1761,11.322
4801,0,0,0,0,0,1,0,600.0,50.0,1.5,14.0298,10.2966
4802,0,0,0,0,0,1,0,600.0,50.0,1.75,17.5212,9.36094
4803,0,0,0,0,0,1,0,600.0,50.0,2.0,20.7414,8.41337
4804,0,0,0,0,0,1,0,600.0,50.0,2.25,23.6246,7.83254
4805,0,0,0,0,0,1,0,600.0,50.0,2.51,26.8165,7.49774
4806,0,0,0,0,0,1,0,600.0,60.0,0.489,6.30299,29.495
4807,0,0,0,0,0,1,0,600.0,60.0,0.75,10.4912,25.6383
4808,0,0,0,0,0,1,0,600.0,60.0,1.0,14.4902,22.4348
4809,0,0,0,0,0,1,0,600.0,60.0,1.25,18.4191,19.8666
4810,0,0,0,0,0,1,0,600.0,60.0,1.5,22.2296,17.7891
4811,0,0,0,0,0,1,0,600.0,60.0,1.75,25.7211,15.6496
4812,0,0,0,0,0,1,0,600.0,60.0,2.0,29.0598,13.904
4813,0,0,0,0,0,1,0,600.0,60.0,2.25,32.2015,12.4727
4814,0,0,0,0,0,1,0,600.0,60.0,2.51,35.1875,11.1223
4815,0,0,0,0,0,1,0,600.0,70.0,0.489,13.1418,39.9779
4816,0,0,0,0,0,1,0,600.0,70.0,0.75,17.5014,35.3358
4817,0,0,0,0,0,1,0,600.0,70.0,1.0,21.6749,31.5523
4818,0,0,0,0,0,1,0,600.0,70.0,1.25,25.3967,28.0008
4819,0,0,0,0,0,1,0,600.0,70.0,1.5,29.1001,24.5333
4820,0,0,0,0,0,1,0,600.0,70.0,1.75,32.4393,21.2228
4821,0,0,0,0,0,1,0,600.0,70.0,2.0,35.4887,18.2184
4822,0,0,0,0,0,1,0,600.0,70.0,2.25,38.583,15.6359
4823,0,0,0,0,0,1,0,600.0,70.0,2.51,41.2566,13.3261
4824,0,0,0,0,0,1,0,600.0,80.0,0.489,19.1163,50.0722
4825,0,0,0,0,0,1,0,600.0,80.0,0.75,23.2309,44.6755
4826,0,0,0,0,0,1,0,600.0,80.0,1.0,27.0308,39.6213
4827,0,0,0,0,0,1,0,600.0,80.0,1.25,30.5992,34.6556
4828,0,0,0,0,0,1,0,600.0,80.0,1.5,33.8526,30.0025
4829,0,0,0,0,0,1,0,600.0,80.0,1.75,36.9136,25.5831
4830,0,0,0,0,0,1,0,600.0,80.0,2.0,39.8729,21.2911
4831,0,0,0,0,0,1,0,600.0,80.0,2.25,42.463,17.5479
4832,0,0,0,0,0,1,0,600.0,80.0,2.51,44.7743,14.2072
4833,0,0,0,0,0,1,0,600.0,90.0,0.489,23.732,59.3959
4834,0,0,0,0,0,1,0,600.0,90.0,0.75,27.4285,52.7986
4835,0,0,0,0,0,1,0,600.0,90.0,1.0,30.662,46.5153
4836,0,0,0,0,0,1,0,600.0,90.0,1.25,33.6173,40.2087
4837,0,0,0,0,0,1,0,600.0,90.0,1.5,36.3441,34.0729
4838,0,0,0,0,0,1,0,600.0,90.0,1.75,38.9204,28.3665
4839,0,0,0,0,0,1,0,600.0,90.0,2.0,41.4817,22.8833
4840,0,0,0,0,0,1,0,600.0,90.0,2.25,43.797,18.026
4841,0,0,0,0,0,1,0,600.0,90.0,2.51,45.6826,13.7842
4842,0,0,0,0,0,1,0,600.0,100.0,0.489,26.7422,67.2177
4843,0,0,0,0,0,1,0,600.0,100.0,0.75,29.6821,59.263
4844,0,0,0,0,0,1,0,600.0,100.0,1.0,32.1718,51.6966
4845,0,0,0,0,0,1,0,600.0,100.0,1.25,34.535,44.1486
4846,0,0,0,0,0,1,0,600.0,100.0,1.5,36.8126,36.892
4847,0,0,0,0,0,1,0,600.0,100.0,1.75,38.9873,29.7354
4848,0,0,0,0,0,1,0,600.0,100.0,2.0,41.2212,23.3732
4849,0,0,0,0,0,1,0,600.0,100.0,2.25,43.2159,17.7158
4850,0,0,0,0,0,1,0,600.0,100.0,2.51,44.9669,12.6452
4851,0,0,0,0,0,1,0,600.0,110.0,0.489,27.8867,73.4132
4852,0,0,0,0,0,1,0,600.0,110.0,0.75,30.2402,64.3196
4853,0,0,0,0,0,1,0,600.0,110.0,1.0,32.3708,55.7433
4854,0,0,0,0,0,1,0,600.0,110.0,1.25,34.2741,47.2353
4855,0,0,0,0,0,1,0,600.0,110.0,1.5,36.0001,38.7304
4856,0,0,0,0,0,1,0,600.0,110.0,1.75,37.8245,30.6767
4857,0,0,0,0,0,1,0,600.0,110.0,2.0,39.6804,23.3987
4858,0,0,0,0,0,1,0,600.0,110.0,2.25,41.4551,17.11
4859,0,0,0,0,0,1,0,600.0,110.0,2.51,42.9438,11.1971
4860,0,0,0,0,0,0,1,60.0,30.0,0.489,0,0
4861,0,0,0,0,0,0,1,60.0,30.0,0.75,0,0
4862,0,0,0,0,0,0,1,60.0,30.0,1.0,0,0
4863,0,0,0,0,0,0,1,60.0,30.0,1.25,0,0
4864,0,0,0,0,0,0,1,60.0,30.0,1.5,0.541144,0
4865,0,0,0,0,0,0,1,60.0,30.0,1.75,1.43012,0
4866,0,0,0,0,0,0,1,60.0,30.0,2.0,2.25936,0
4867,0,0,0,0,0,0,1,60.0,30.0,2.25,3.18988,0
4868,0,0,0,0,0,0,1,60.0,30.0,2.51,4.21161,0
4869,0,0,0,0,0,0,1,60.0,40.0,0.489,0,0
4870,0,0,0,0,0,0,1,60.0,40.0,0.75,0,0
4871,0,0,0,0,0,0,1,60.0,40.0,1.0,0.352676,0
4872,0,0,0,0,0,0,1,60.0,40.0,1.25,1.02829,0
4873,0,0,0,0,0,0,1,60.0,40.0,1.5,1.88995,0
4874,0,0,0,0,0,0,1,60.0,40.0,1.75,2.79957,0
4875,0,0,0,0,0,0,1,60.0,40.0,2.0,3.7568,0
4876,0,0,0,0,0,0,1,60.0,40.0,2.25,5.72749,0
4877,0,0,0,0,0,0,1,60.0,40.0,2.51,7.54754,0
4878,0,0,0,0,0,0,1,60.0,50.0,0.489,0.489529,3.68149
4879,0,0,0,0,0,0,1,60.0,50.0,0.75,1.0471,1.14956
4880,0,0,0,0,0,0,1,60.0,50.0,1.0,1.63602,0.161799
4881,0,0,0,0,0,0,1,60.0,50.0,1.25,2.96325,0
4882,0,0,0,0,0,0,1,60.0,50.0,1.5,4.79712,0
4883,0,0,0,0,0,0,1,60.0,50.0,1.75,6.808,0
4884,0,0,0,0,0,0,1,60.0,50.0,2.0,8.71841,0
4885,0,0,0,0,0,0,1,60.0,50.0,2.25,10.9576,0.580911
4886,0,0,0,0,0,0,1,60.0,50.0,2.51,12.9974,1.28224
4887,0,0,0,0,0,0,1,60.0,60.0,0.489,1.99311,12.8952
4888,0,0,0,0,0,0,1,60.0,60.0,0.75,3.34594,8.29576
4889,0,0,0,0,0,0,1,60.0,60.0,1.0,4.99327,4.61634
4890,0,0,0,0,0,0,1,60.0,60.0,1.25,7.06758,2.77334
4891,0,0,0,0,0,0,1,60.0,60.0,1.5,9.73116,2.03326
4892,0,0,0,0,0,0,1,60.0,60.0,1.75,12.6016,1.85703
4893,0,0,0,0,0,0,1,60.0,60.0,2.0,14.9505,1.78588
4894,0,0,0,0,0,0,1,60.0,60.0,2.25,17.0235,1.94201
4895,0,0,0,0,0,0,1,60.0,60.0,2.51,19.2357,2.3154
4896,0,0,0,0,0,0,1,60.0,70.0,0.489,5.24364,22.6061
4897,0,0,0,0,0,0,1,60.0,70.0,0.75,7.38427,16.7516
4898,0,0,0,0,0,0,1,60.0,70.0,1.0,10.0962,12.2853
4899,0,0,0,0,0,0,1,60.0,70.0,1.25,12.8312,8.61782
4900,0,0,0,0,0,0,1,60.0,70.0,1.5,15.5442,5.7127
4901,0,0,0,0,0,0,1,60.0,70.0,1.75,18.0441,4.61895
4902,0,0,0,0,0,0,1,60.0,70.0,2.0,20.3205,4.08799
4903,0,0,0,0,0,0,1,60.0,70.0,2.25,22.4466,3.68194
4904,0,0,0,0,0,0,1,60.0,70.0,2.51,24.6358,3.50637
4905,0,0,0,0,0,0,1,60.0,80.0,0.489,9.89664,31.7562
4906,0,0,0,0,0,0,1,60.0,80.0,0.75,12.3945,25.1827
4907,0,0,0,0,0,0,1,60.0,80.0,1.0,14.7022,19.5877
4908,0,0,0,0,0,0,1,60.0,80.0,1.25,17.1637,14.9023
4909,0,0,0,0,0,0,1,60.0,80.0,1.5,19.4072,11.0904
4910,0,0,0,0,0,0,1,60.0,80.0,1.75,21.6146,8.09784
4911,0,0,0,0,0,0,1,60.0,80.0,2.0,23.9449,6.17387
4912,0,0,0,0,0,0,1,60.0,80.0,2.25,26.449,5.35232
4913,0,0,0,0,0,0,1,60.0,80.0,2.51,28.5139,4.74756
4914,0,0,0,0,0,0,1,60.0,90.0,0.489,13.9667,40.5164
4915,0,0,0,0,0,0,1,60.0,90.0,0.75,16.276,33.1541
4916,0,0,0,0,0,0,1,60.0,90.0,1.0,18.1591,26.493
4917,0,0,0,0,0,0,1,60.0,90.0,1.25,19.884,20.6483
4918,0,0,0,0,0,0,1,60.0,90.0,1.5,21.9981,15.9546
4919,0,0,0,0,0,0,1,60.0,90.0,1.75,24.1711,12.2917
4920,0,0,0,0,0,0,1,60.0,90.0,2.0,26.3096,9.24833
4921,0,0,0,0,0,0,1,60.0,90.0,2.25,28.3343,7.23787
4922,0,0,0,0,0,0,1,60.0,90.0,2.51,29.6746,5.26899
4923,0,0,0,0,0,0,1,60.0,100.0,0.489,16.7613,48.6177
4924,0,0,0,0,0,0,1,60.0,100.0,0.75,18.8324,40.4486
4925,0,0,0,0,0,0,1,60.0,100.0,1.0,20.4989,33.041
4926,0,0,0,0,0,0,1,60.0,100.0,1.25,21.9902,26.2016
4927,0,0,0,0,0,0,1,60.0,100.0,1.5,23.5816,20.4783
4928,0,0,0,0,0,0,1,60.0,100.0,1.75,25.3199,15.7816
4929,0,0,0,0,0,0,1,60.0,100.0,2.0,26.8639,11.7242
4930,0,0,0,0,0,0,1,60.0,100.0,2.25,27.8164,8.10039
4931,0,0,0,0,0,0,1,60.0,100.0,2.51,28.7629,4.91948
4932,0,0,0,0,0,0,1,60.0,110.0,0.489,18.3618,55.7284
4933,0,0,0,0,0,0,1,60.0,110.0,0.75,20.1488,46.9455
4934,0,0,0,0,0,0,1,60.0,110.0,1.0,21.3612,38.624
4935,0,0,0,0,0,0,1,60.0,110.0,1.25,22.6036,31.1414
4936,0,0,0,0,0,0,1,60.0,110.0,1.5,23.7443,24.3601
4937,0,0,0,0,0,0,1,60.0,110.0,1.75,24.588,18.3865
4938,0,0,0,0,0,0,1,60.0,110.0,2.0,25.4397,13.0478
4939,0,0,0,0,0,0,1,60.0,110.0,2.25,26.1927,8.41878
4940,0,0,0,0,0,0,1,60.0,110.0,2.51,26.6964,4.15627
4941,0,0,0,0,0,0,1,120.0,30.0,0.489,0,0
4942,0,0,0,0,0,0,1,120.0,30.0,0.75,0,0
4943,0,0,0,0,0,0,1,120.0,30.0,1.0,0,0
4944,0,0,0,0,0,0,1,120.0,30.0,1.25,0,0
4945,0,0,0,0,0,0,1,120.0,30.0,1.5,0.550796,0
4946,0,0,0,0,0,0,1,120.0,30.0,1.75,1.46804,0
4947,0,0,0,0,0,0,1,120.0,30.0,2.0,2.41853,0
4948,0,0,0,0,0,0,1,120.0,30.0,2.25,3.30517,0
4949,0,0,0,0,0,0,1,120.0,30.0,2.51,4.32184,0
4950,0,0,0,0,0,0,1,120.0,40.0,0.489,0,0
4951,0,0,0,0,0,0,1,120.0,40.0,0.75,0,0
4952,0,0,0,0,0,0,1,120.0,40.0,1.0,0.377721,0
4953,0,0,0,0,0,0,1,120.0,40.0,1.25,1.1124,0
4954,0,0,0,0,0,0,1,120.0,40.0,1.5,2.05474,0
4955,0,0,0,0,0,0,1,120.0,40.0,1.75,3.27537,0
4956,0,0,0,0,0,0,1,120.0,40.0,2.0,4.6302,0
4957,0,0,0,0,0,0,1,120.0,40.0,2.25,6.51966,0
4958,0,0,0,0,0,0,1,120.0,40.0,2.51,8.34163,0.199853
4959,0,0,0,0,0,0,1,120.0,50.0,0.489,0.546487,3.9161
4960,0,0,0,0,0,0,1,120.0,50.0,0.75,1.1526,1.25904
4961,0,0,0,0,0,0,1,120.0,50.0,1.0,2.25381,0.27308
4962,0,0,0,0,0,0,1,120.0,50.0,1.25,3.99508,0
4963,0,0,0,0,0,0,1,120.0,50.0,1.5,5.86615,0
4964,0,0,0,0,0,0,1,120.0,50.0,1.75,7.83939,0
4965,0,0,0,0,0,0,1,120.0,50.0,2.0,9.953,0.205528
4966,0,0,0,0,0,0,1,120.0,50.0,2.25,12.4203,1.02389
4967,0,0,0,0,0,0,1,120.0,50.0,2.51,14.4272,1.79293
4968,0,0,0,0,0,0,1,120.0,60.0,0.489,2.34917,13.3518
4969,0,0,0,0,0,0,1,120.0,60.0,0.75,4.20532,8.56656
4970,0,0,0,0,0,0,1,120.0,60.0,1.0,5.99176,4.82004
4971,0,0,0,0,0,0,1,120.0,60.0,1.25,8.4177,2.8505
4972,0,0,0,0,0,0,1,120.0,60.0,1.5,11.4049,2.09215
4973,0,0,0,0,0,0,1,120.0,60.0,1.75,14.4574,1.86668
4974,0,0,0,0,0,0,1,120.0,60.0,2.0,16.955,1.95409
4975,0,0,0,0,0,0,1,120.0,60.0,2.25,19.0336,2.3149
4976,0,0,0,0,0,0,1,120.0,60.0,2.51,21.2601,2.80053
4977,0,0,0,0,0,0,1,120.0,70.0,0.489,6.32881,23.1116
4978,0,0,0,0,0,0,1,120.0,70.0,0.75,9.02058,17.2891
4979,0,0,0,0,0,0,1,120.0,70.0,1.0,11.5538,12.529
4980,0,0,0,0,0,0,1,120.0,70.0,1.25,14.3703,8.71196
4981,0,0,0,0,0,0,1,120.0,70.0,1.5,17.3129,5.855
4982,0,0,0,0,0,0,1,120.0,70.0,1.75,20.0163,4.80149
4983,0,0,0,0,0,0,1,120.0,70.0,2.0,22.4499,4.17223
4984,0,0,0,0,0,0,1,120.0,70.0,2.25,24.6552,3.89172
4985,0,0,0,0,0,0,1,120.0,70.0,2.51,26.9118,3.93396
4986,0,0,0,0,0,0,1,120.0,80.0,0.489,11.2993,32.4859
4987,0,0,0,0,0,0,1,120.0,80.0,0.75,13.8405,25.6597
4988,0,0,0,0,0,0,1,120.0,80.0,1.0,16.2999,20.0105
4989,0,0,0,0,0,0,1,120.0,80.0,1.25,18.9135,15.2618
4990,0,0,0,0,0,0,1,120.0,80.0,1.5,21.2929,11.293
4991,0,0,0,0,0,0,1,120.0,80.0,1.75,23.5692,8.1855
4992,0,0,0,0,0,0,1,120.0,80.0,2.0,26.0529,6.29484
4993,0,0,0,0,0,0,1,120.0,80.0,2.25,28.6596,5.52906
4994,0,0,0,0,0,0,1,120.0,80.0,2.51,30.6592,5.01009
4995,0,0,0,0,0,0,1,120.0,90.0,0.489,15.2819,41.4392
4996,0,0,0,0,0,0,1,120.0,90.0,0.75,17.6531,33.8544
4997,0,0,0,0,0,0,1,120.0,90.0,1.0,19.6696,27.0235
4998,0,0,0,0,0,0,1,120.0,90.0,1.25,21.6613,20.9916
4999,0,0,0,0,0,0,1,120.0,90.0,1.5,23.6149,16.0285
5000,0,0,0,0,0,0,1,120.0,90.0,1.75,25.8269,12.1067
5001,0,0,0,0,0,0,1,120.0,90.0,2.0,28.1323,9.13021
5002,0,0,0,0,0,0,1,120.0,90.0,2.25,30.0685,7.11781
5003,0,0,0,0,0,0,1,120.0,90.0,2.51,31.4158,5.22278
5004,0,0,0,0,0,0,1,120.0,100.0,0.489,18.0838,49.8018
5005,0,0,0,0,0,0,1,120.0,100.0,0.75,20.1435,41.3058
5006,0,0,0,0,0,0,1,120.0,100.0,1.0,21.8312,33.4323
5007,0,0,0,0,0,0,1,120.0,100.0,1.25,23.2761,26.1983
5008,0,0,0,0,0,0,1,120.0,100.0,1.5,24.7761,20.2639
5009,0,0,0,0,0,0,1,120.0,100.0,1.75,26.7522,15.5759
5010,0,0,0,0,0,0,1,120.0,100.0,2.0,28.1007,11.2148
5011,0,0,0,0,0,0,1,120.0,100.0,2.25,29.0993,7.60048
5012,0,0,0,0,0,0,1,120.0,100.0,2.51,29.9759,4.40344
5013,0,0,0,0,0,0,1,120.0,110.0,0.489,19.5025,57.0179
5014,0,0,0,0,0,0,1,120.0,110.0,0.75,21.3254,47.8192
5015,0,0,0,0,0,0,1,120.0,110.0,1.0,22.4194,39.0459
5016,0,0,0,0,0,0,1,120.0,110.0,1.25,23.5281,31.1299
5017,0,0,0,0,0,0,1,120.0,110.0,1.5,24.7671,24.2252
5018,0,0,0,0,0,0,1,120.0,110.0,1.75,25.6832,18.1076
5019,0,0,0,0,0,0,1,120.0,110.0,2.0,26.2864,12.4241
5020,0,0,0,0,0,0,1,120.0,110.0,2.25,27.0758,7.67737
5021,0,0,0,0,0,0,1,120.0,110.0,2.51,27.7947,3.54213
5022,0,0,0,0,0,0,1,180.0,30.0,0.489,0,0
5023,0,0,0,0,0,0,1,180.0,30.0,0.75,0,0
5024,0,0,0,0,0,0,1,180.0,30.0,1.0,0,0
5025,0,0,0,0,0,0,1,180.0,30.0,1.25,0,0
5026,0,0,0,0,0,0,1,180.0,30.0,1.5,0.491234,0
5027,0,0,0,0,0,0,1,180.0,30.0,1.75,1.45048,0
5028,0,0,0,0,0,0,1,180.0,30.0,2.0,2.4658,0
5029,0,0,0,0,0,0,1,180.0,30.0,2.25,3.39196,0
5030,0,0,0,0,0,0,1,180.0,30.0,2.51,4.4516,0
5031,0,0,0,0,0,0,1,180.0,40.0,0.489,0,0
5032,0,0,0,0,0,0,1,180.0,40.0,0.75,0,0
5033,0,0,0,0,0,0,1,180.0,40.0,1.0,0.338042,0
5034,0,0,0,0,0,0,1,180.0,40.0,1.25,1.13909,0
5035,0,0,0,0,0,0,1,180.0,40.0,1.5,2.48148,0
5036,0,0,0,0,0,0,1,180.0,40.0,1.75,4.00331,0
5037,0,0,0,0,0,0,1,180.0,40.0,2.0,5.36724,0
5038,0,0,0,0,0,0,1,180.0,40.0,2.25,7.07838,0
5039,0,0,0,0,0,0,1,180.0,40.0,2.51,8.93305,0.505641
5040,0,0,0,0,0,0,1,180.0,50.0,0.489,0.609572,4.29308
5041,0,0,0,0,0,0,1,180.0,50.0,0.75,1.33904,1.28021
5042,0,0,0,0,0,0,1,180.0,50.0,1.0,3.14334,0.229486
5043,0,0,0,0,0,0,1,180.0,50.0,1.25,5.0169,0
5044,0,0,0,0,0,0,1,180.0,50.0,1.5,6.91303,0
5045,0,0,0,0,0,0,1,180.0,50.0,1.75,8.93422,0.162138
5046,0,0,0,0,0,0,1,180.0,50.0,2.0,11.05,0.462467
5047,0,0,0,0,0,0,1,180.0,50.0,2.25,13.4434,1.44998
5048,0,0,0,0,0,0,1,180.0,50.0,2.51,15.6267,2.25005
5049,0,0,0,0,0,0,1,180.0,60.0,0.489,3.06912,13.9652
5050,0,0,0,0,0,0,1,180.0,60.0,0.75,5.07183,9.13323
5051,0,0,0,0,0,0,1,180.0,60.0,1.0,7.47906,5.28651
5052,0,0,0,0,0,0,1,180.0,60.0,1.25,10.1013,3.01086
5053,0,0,0,0,0,0,1,180.0,60.0,1.5,12.9049,2.08554
5054,0,0,0,0,0,0,1,180.0,60.0,1.75,16.0407,1.89779
5055,0,0,0,0,0,0,1,180.0,60.0,2.0,18.7912,2.25357
5056,0,0,0,0,0,0,1,180.0,60.0,2.25,21.0406,2.73513
5057,0,0,0,0,0,0,1,180.0,60.0,2.51,22.9342,3.19185
5058,0,0,0,0,0,0,1,180.0,70.0,0.489,7.50646,23.7631
5059,0,0,0,0,0,0,1,180.0,70.0,0.75,10.3999,17.7781
5060,0,0,0,0,0,0,1,180.0,70.0,1.0,13.0598,12.947
5061,0,0,0,0,0,0,1,180.0,70.0,1.25,15.9308,9.0685
5062,0,0,0,0,0,0,1,180.0,70.0,1.5,19.0192,6.2096
5063,0,0,0,0,0,0,1,180.0,70.0,1.75,22,5.00748
5064,0,0,0,0,0,0,1,180.0,70.0,2.0,24.3283,4.27865
5065,0,0,0,0,0,0,1,180.0,70.0,2.25,26.7717,4.15324
5066,0,0,0,0,0,0,1,180.0,70.0,2.51,29.025,4.35696
5067,0,0,0,0,0,0,1,180.0,80.0,0.489,12.6279,33.3225
5068,0,0,0,0,0,0,1,180.0,80.0,0.75,15.2859,26.3456
5069,0,0,0,0,0,0,1,180.0,80.0,1.0,17.8276,20.602
5070,0,0,0,0,0,0,1,180.0,80.0,1.25,20.4069,15.7711
5071,0,0,0,0,0,0,1,180.0,80.0,1.5,22.998,11.5562
5072,0,0,0,0,0,0,1,180.0,80.0,1.75,25.5322,8.30115
5073,0,0,0,0,0,0,1,180.0,80.0,2.0,28.1282,6.38506
5074,0,0,0,0,0,0,1,180.0,80.0,2.25,30.5567,5.6194
5075,0,0,0,0,0,0,1,180.0,80.0,2.51,32.4136,4.97923
5076,0,0,0,0,0,0,1,180.0,90.0,0.489,16.5157,42.3733
5077,0,0,0,0,0,0,1,180.0,90.0,0.75,18.7892,34.5738
5078,0,0,0,0,0,0,1,180.0,90.0,1.0,20.9566,27.6922
5079,0,0,0,0,0,0,1,180.0,90.0,1.25,23.0931,21.4831
5080,0,0,0,0,0,0,1,180.0,90.0,1.5,25.2446,16.2725
5081,0,0,0,0,0,0,1,180.0,90.0,1.75,27.4152,12.0172
5082,0,0,0,0,0,0,1,180.0,90.0,2.0,29.8228,9.01737
5083,0,0,0,0,0,0,1,180.0,90.0,2.25,31.6803,6.90843
5084,0,0,0,0,0,0,1,180.0,90.0,2.51,33.0703,5.01036
5085,0,0,0,0,0,0,1,180.0,100.0,0.489,19.173,51.0606
5086,0,0,0,0,0,0,1,180.0,100.0,0.75,21.3471,42.2726
5087,0,0,0,0,0,0,1,180.0,100.0,1.0,22.7869,33.9301
5088,0,0,0,0,0,0,1,180.0,100.0,1.25,24.3934,26.5137
5089,0,0,0,0,0,0,1,180.0,100.0,1.5,26.2375,20.4229
5090,0,0,0,0,0,0,1,180.0,100.0,1.75,28.0772,15.391
5091,0,0,0,0,0,0,1,180.0,100.0,2.0,29.2954,10.7899
5092,0,0,0,0,0,0,1,180.0,100.0,2.25,30.1236,6.96533
5093,0,0,0,0,0,0,1,180.0,100.0,2.51,31.3808,4.04452
5094,0,0,0,0,0,0,1,180.0,110.0,0.489,20.3948,58.149
5095,0,0,0,0,0,0,1,180.0,110.0,0.75,22.1501,48.5904
5096,0,0,0,0,0,0,1,180.0,110.0,1.0,23.4528,39.6288
5097,0,0,0,0,0,0,1,180.0,110.0,1.25,24.6165,31.3262
5098,0,0,0,0,0,0,1,180.0,110.0,1.5,25.6902,24.1619
5099,0,0,0,0,0,0,1,180.0,110.0,1.75,26.5693,17.6887
5100,0,0,0,0,0,0,1,180.0,110.0,2.0,27.3595,11.9853
5101,0,0,0,0,0,0,1,180.0,110.0,2.25,28,6.95719
5102,0,0,0,0,0,0,1,180.0,110.0,2.51,28.7743,3.17483
5103,0,0,0,0,0,0,1,240.0,30.0,0.489,0,0
5104,0,0,0,0,0,0,1,240.0,30.0,0.75,0,0
5105,0,0,0,0,0,0,1,240.0,30.0,1.0,0,0
5106,0,0,0,0,0,0,1,240.0,30.0,1.25,0,0
5107,0,0,0,0,0,0,1,240.0,30.0,1.5,0.437875,0
5108,0,0,0,0,0,0,1,240.0,30.0,1.75,1.37336,0
5109,0,0,0,0,0,0,1,240.0,30.0,2.0,2.37371,0
5110,0,0,0,0,0,0,1,240.0,30.0,2.25,3.53232,0
5111,0,0,0,0,0,0,1,240.0,30.0,2.51,4.93747,0
5112,0,0,0,0,0,0,1,240.0,40.0,0.489,0,0
5113,0,0,0,0,0,0,1,240.0,40.0,0.75,0,0
5114,0,0,0,0,0,0,1,240.0,40.0,1.0,0.311819,0
5115,0,0,0,0,0,0,1,240.0,40.0,1.25,1.60295,0
5116,0,0,0,0,0,0,1,240.0,40.0,1.5,3.04849,0
5117,0,0,0,0,0,0,1,240.0,40.0,1.75,4.56498,0
5118,0,0,0,0,0,0,1,240.0,40.0,2.0,6.09979,0
5119,0,0,0,0,0,0,1,240.0,40.0,2.25,7.66731,0
5120,0,0,0,0,0,0,1,240.0,40.0,2.51,9.44118,0.865824
5121,0,0,0,0,0,0,1,240.0,50.0,0.489,0.5959,4.67384
5122,0,0,0,0,0,0,1,240.0,50.0,0.75,2.01312,1.3953
5123,0,0,0,0,0,0,1,240.0,50.0,1.0,4.02868,0.245942
5124,0,0,0,0,0,0,1,240.0,50.0,1.25,5.97011,0.0275717
5125,0,0,0,0,0,0,1,240.0,50.0,1.5,7.94077,0.113117
5126,0,0,0,0,0,0,1,240.0,50.0,1.75,9.82875,0.350416
5127,0,0,0,0,0,0,1,240.0,50.0,2.0,12.1199,0.923639
5128,0,0,0,0,0,0,1,240.0,50.0,2.25,14.4973,1.8995
5129,0,0,0,0,0,0,1,240.0,50.0,2.51,16.8258,2.67761
5130,0,0,0,0,0,0,1,240.0,60.0,0.489,3.77857,14.6228
5131,0,0,0,0,0,0,1,240.0,60.0,0.75,6.07896,9.71871
5132,0,0,0,0,0,0,1,240.0,60.0,1.0,8.98686,5.8315
5133,0,0,0,0,0,0,1,240.0,60.0,1.25,11.6711,3.17725
5134,0,0,0,0,0,0,1,240.0,60.0,1.5,14.4304,2.19356
5135,0,0,0,0,0,0,1,240.0,60.0,1.75,17.5093,2.13318
5136,0,0,0,0,0,0,1,240.0,60.0,2.0,20.3203,2.6257
5137,0,0,0,0,0,0,1,240.0,60.0,2.25,22.7572,3.23537
5138,0,0,0,0,0,0,1,240.0,60.0,2.51,24.7224,3.6007
5139,0,0,0,0,0,0,1,240.0,70.0,0.489,8.66918,24.432
5140,0,0,0,0,0,0,1,240.0,70.0,0.75,11.7111,18.5536
5141,0,0,0,0,0,0,1,240.0,70.0,1.0,14.6827,13.6455
5142,0,0,0,0,0,0,1,240.0,70.0,1.25,17.538,9.60834
5143,0,0,0,0,0,0,1,240.0,70.0,1.5,20.4686,6.47203
5144,0,0,0,0,0,0,1,240.0,70.0,1.75,23.4237,5.10905
5145,0,0,0,0,0,0,1,240.0,70.0,2.0,26.1345,4.52054
5146,0,0,0,0,0,0,1,240.0,70.0,2.25,28.5452,4.44525
5147,0,0,0,0,0,0,1,240.0,70.0,2.51,30.8425,4.56202
5148,0,0,0,0,0,0,1,240.0,80.0,0.489,13.7269,34.1269
5149,0,0,0,0,0,0,1,240.0,80.0,0.75,16.5862,27.3191
5150,0,0,0,0,0,0,1,240.0,80.0,1.0,19.1461,21.2615
5151,0,0,0,0,0,0,1,240.0,80.0,1.25,21.7474,16.2447
5152,0,0,0,0,0,0,1,240.0,80.0,1.5,24.5033,11.9587
5153,0,0,0,0,0,0,1,240.0,80.0,1.75,27.1785,8.46522
5154,0,0,0,0,0,0,1,240.0,80.0,2.0,29.881,6.50125
5155,0,0,0,0,0,0,1,240.0,80.0,2.25,32.2905,5.73194
5156,0,0,0,0,0,0,1,240.0,80.0,2.51,34.1475,5.22096
5157,0,0,0,0,0,0,1,240.0,90.0,0.489,17.6693,43.5229
5158,0,0,0,0,0,0,1,240.0,90.0,0.75,19.9997,35.6021
5159,0,0,0,0,0,0,1,240.0,90.0,1.0,22.099,28.4958
5160,0,0,0,0,0,0,1,240.0,90.0,1.25,24.3561,22.0307
5161,0,0,0,0,0,0,1,240.0,90.0,1.5,26.8359,16.6291
5162,0,0,0,0,0,0,1,240.0,90.0,1.75,29.1149,12.2146
5163,0,0,0,0,0,0,1,240.0,90.0,2.0,31.2434,8.91689
5164,0,0,0,0,0,0,1,240.0,90.0,2.25,33.1814,6.70029
5165,0,0,0,0,0,0,1,240.0,90.0,2.51,34.7158,4.91464
5166,0,0,0,0,0,0,1,240.0,100.0,0.489,20.1431,52.1937
5167,0,0,0,0,0,0,1,240.0,100.0,0.75,22.2293,43.2399
5168,0,0,0,0,0,0,1,240.0,100.0,1.0,23.9229,34.8468
5169,0,0,0,0,0,0,1,240.0,100.0,1.25,25.665,27.1941
5170,0,0,0,0,0,0,1,240.0,100.0,1.5,27.6859,20.7713
5171,0,0,0,0,0,0,1,240.0,100.0,1.75,29.4299,15.2859
5172,0,0,0,0,0,0,1,240.0,100.0,2.0,30.4782,10.4404
5173,0,0,0,0,0,0,1,240.0,100.0,2.25,31.4229,6.54393
5174,0,0,0,0,0,0,1,240.0,100.0,2.51,32.8034,3.8755
5175,0,0,0,0,0,0,1,240.0,110.0,0.489,21.3294,59.2403
5176,0,0,0,0,0,0,1,240.0,110.0,0.75,23.0754,49.4424
5177,0,0,0,0,0,0,1,240.0,110.0,1.0,24.4806,40.2567
5178,0,0,0,0,0,0,1,240.0,110.0,1.25,25.6756,31.8795
5179,0,0,0,0,0,0,1,240.0,110.0,1.5,26.7049,24.3144
5180,0,0,0,0,0,0,1,240.0,110.0,1.75,27.6709,17.6015
5181,0,0,0,0,0,0,1,240.0,110.0,2.0,28.4989,11.701
5182,0,0,0,0,0,0,1,240.0,110.0,2.25,29.0597,6.46125
5183,0,0,0,0,0,0,1,240.0,110.0,2.51,30.0328,3.04461
5184,0,0,0,0,0,0,1,300.0,30.0,0.489,0,0
5185,0,0,0,0,0,0,1,300.0,30.0,0.75,0,0
5186,0,0,0,0,0,0,1,300.0,30.0,1.0,0,0
5187,0,0,0,0,0,0,1,300.0,30.0,1.25,0,0
5188,0,0,0,0,0,0,1,300.0,30.0,1.5,0.385539,0
5189,0,0,0,0,0,0,1,300.0,30.0,1.75,1.27927,0
5190,0,0,0,0,0,0,1,300.0,30.0,2.0,2.52567,0
5191,0,0,0,0,0,0,1,300.0,30.0,2.25,3.9008,0
5192,0,0,0,0,0,0,1,300.0,30.0,2.51,5.32803,0
5193,0,0,0,0,0,0,1,300.0,40.0,0.489,0,0
5194,0,0,0,0,0,0,1,300.0,40.0,0.75,0,0
5195,0,0,0,0,0,0,1,300.0,40.0,1.0,0.740109,0
5196,0,0,0,0,0,0,1,300.0,40.0,1.25,2.12564,0
5197,0,0,0,0,0,0,1,300.0,40.0,1.5,3.59733,0
5198,0,0,0,0,0,0,1,300.0,40.0,1.75,5.11616,0
5199,0,0,0,0,0,0,1,300.0,40.0,2.0,6.6223,0
5200,0,0,0,0,0,0,1,300.0,40.0,2.25,8.18001,0.138983
5201,0,0,0,0,0,0,1,300.0,40.0,2.51,9.72072,1.09509
5202,0,0,0,0,0,0,1,300.0,50.0,0.489,1.05139,5.24129
5203,0,0,0,0,0,0,1,300.0,50.0,0.75,2.71577,1.95565
5204,0,0,0,0,0,0,1,300.0,50.0,1.0,4.77417,0.298107
5205,0,0,0,0,0,0,1,300.0,50.0,1.25,6.79146,0.0523909
5206,0,0,0,0,0,0,1,300.0,50.0,1.5,8.72664,0.128709
5207,0,0,0,0,0,0,1,300.0,50.0,1.75,11.0115,0.458893
5208,0,0,0,0,0,0,1,300.0,50.0,2.0,13.5942,1.40801
5209,0,0,0,0,0,0,1,300.0,50.0,2.25,15.903,2.29858
5210,0,0,0,0,0,0,1,300.0,50.0,2.51,18.0013,2.91499
5211,0,0,0,0,0,0,1,300.0,60.0,0.489,4.45019,15.2581
5212,0,0,0,0,0,0,1,300.0,60.0,0.75,7.09894,10.3633
5213,0,0,0,0,0,0,1,300.0,60.0,1.0,10.2178,6.3263
5214,0,0,0,0,0,0,1,300.0,60.0,1.25,13.1976,3.56882
5215,0,0,0,0,0,0,1,300.0,60.0,1.5,16.0829,2.502
5216,0,0,0,0,0,0,1,300.0,60.0,1.75,18.8616,2.45464
5217,0,0,0,0,0,0,1,300.0,60.0,2.0,21.749,3.05229
5218,0,0,0,0,0,0,1,300.0,60.0,2.25,24.2593,3.60164
5219,0,0,0,0,0,0,1,300.0,60.0,2.51,26.326,3.87176
5220,0,0,0,0,0,0,1,300.0,70.0,0.489,9.65051,25.0977
5221,0,0,0,0,0,0,1,300.0,70.0,0.75,12.8751,19.4261
5222,0,0,0,0,0,0,1,300.0,70.0,1.0,16.0098,14.5064
5223,0,0,0,0,0,0,1,300.0,70.0,1.25,19.01,10.2394
5224,0,0,0,0,0,0,1,300.0,70.0,1.5,21.7852,6.80391
5225,0,0,0,0,0,0,1,300.0,70.0,1.75,24.6443,5.30909
5226,0,0,0,0,0,0,1,300.0,70.0,2.0,27.6236,4.87245
5227,0,0,0,0,0,0,1,300.0,70.0,2.25,30.4317,4.83194
5228,0,0,0,0,0,0,1,300.0,70.0,2.51,32.4099,4.73039
5229,0,0,0,0,0,0,1,300.0,80.0,0.489,14.7067,35.0798
5230,0,0,0,0,0,0,1,300.0,80.0,0.75,17.5563,28.1583
5231,0,0,0,0,0,0,1,300.0,80.0,1.0,20.3342,22.1404
5232,0,0,0,0,0,0,1,300.0,80.0,1.25,22.9819,16.839
5233,0,0,0,0,0,0,1,300.0,80.0,1.5,25.5709,12.1322
5234,0,0,0,0,0,0,1,300.0,80.0,1.75,28.5473,8.73056
5235,0,0,0,0,0,0,1,300.0,80.0,2.0,31.4146,6.8091
5236,0,0,0,0,0,0,1,300.0,80.0,2.25,33.8731,5.90833
5237,0,0,0,0,0,0,1,300.0,80.0,2.51,35.7563,5.3854
5238,0,0,0,0,0,0,1,300.0,90.0,0.489,18.5407,44.6139
5239,0,0,0,0,0,0,1,300.0,90.0,0.75,21.1622,36.7496
5240,0,0,0,0,0,0,1,300.0,90.0,1.0,23.2618,29.4545
5241,0,0,0,0,0,0,1,300.0,90.0,1.25,25.5357,22.6979
5242,0,0,0,0,0,0,1,300.0,90.0,1.5,28.1975,17.0775
5243,0,0,0,0,0,0,1,300.0,90.0,1.75,30.6758,12.559
5244,0,0,0,0,0,0,1,300.0,90.0,2.0,32.6474,8.97091
5245,0,0,0,0,0,0,1,300.0,90.0,2.25,34.5591,6.59952
5246,0,0,0,0,0,0,1,300.0,90.0,2.51,36.1781,4.87571
5247,0,0,0,0,0,0,1,300.0,100.0,0.489,20.8707,53.1645
5248,0,0,0,0,0,0,1,300.0,100.0,0.75,23.1028,44.1799
5249,0,0,0,0,0,0,1,300.0,100.0,1.0,25.0685,35.8447
5250,0,0,0,0,0,0,1,300.0,100.0,1.25,27.1194,28.1712
5251,0,0,0,0,0,0,1,300.0,100.0,1.5,29.1541,21.3899
5252,0,0,0,0,0,0,1,300.0,100.0,1.75,30.8001,15.4948
5253,0,0,0,0,0,0,1,300.0,100.0,2.0,31.8483,10.3631
5254,0,0,0,0,0,0,1,300.0,100.0,2.25,32.9475,6.42051
5255,0,0,0,0,0,0,1,300.0,100.0,2.51,34.3339,3.806
5256,0,0,0,0,0,0,1,300.0,110.0,0.489,22.113,60.244
5257,0,0,0,0,0,0,1,300.0,110.0,0.75,24.1104,50.5031
5258,0,0,0,0,0,0,1,300.0,110.0,1.0,25.6019,41.1469
5259,0,0,0,0,0,0,1,300.0,110.0,1.25,26.8374,32.745
5260,0,0,0,0,0,0,1,300.0,110.0,1.5,27.8094,24.8127
5261,0,0,0,0,0,0,1,300.0,110.0,1.75,28.9784,17.8054
5262,0,0,0,0,0,0,1,300.0,110.0,2.0,29.6813,11.547
5263,0,0,0,0,0,0,1,300.0,110.0,2.25,30.3896,6.26071
5264,0,0,0,0,0,0,1,300.0,110.0,2.51,31.419,2.91957
5265,0,0,0,0,0,0,1,360.0,30.0,0.489,0,0
5266,0,0,0,0,0,0,1,360.0,30.0,0.75,0,0
5267,0,0,0,0,0,0,1,360.0,30.0,1.0,0,0
5268,0,0,0,0,0,0,1,360.0,30.0,1.25,0,0
5269,0,0,0,0,0,0,1,360.0,30.0,1.5,0.303824,0
5270,0,0,0,0,0,0,1,360.0,30.0,1.75,1.45657,0
5271,0,0,0,0,0,0,1,360.0,30.0,2.0,2.93525,0
5272,0,0,0,0,0,0,1,360.0,30.0,2.25,4.26224,0
5273,0,0,0,0,0,0,1,360.0,30.0,2.51,5.65296,0
5274,0,0,0,0,0,0,1,360.0,40.0,0.489,0,0
5275,0,0,0,0,0,0,1,360.0,40.0,0.75,0.321749,0
5276,0,0,0,0,0,0,1,360.0,40.0,1.0,1.21447,0
5277,0,0,0,0,0,0,1,360.0,40.0,1.25,2.59117,0
5278,0,0,0,0,0,0,1,360.0,40.0,1.5,4.04906,0
5279,0,0,0,0,0,0,1,360.0,40.0,1.75,5.56894,0
5280,0,0,0,0,0,0,1,360.0,40.0,2.0,7.13436,0
5281,0,0,0,0,0,0,1,360.0,40.0,2.25,8.57662,0.453069
5282,0,0,0,0,0,0,1,360.0,40.0,2.51,10.0488,1.31037
5283,0,0,0,0,0,0,1,360.0,50.0,0.489,1.47862,5.9397
5284,0,0,0,0,0,0,1,360.0,50.0,0.75,3.33755,2.47329
5285,0,0,0,0,0,0,1,360.0,50.0,1.0,5.50846,0.460079
5286,0,0,0,0,0,0,1,360.0,50.0,1.25,7.48145,0.0515166
5287,0,0,0,0,0,0,1,360.0,50.0,1.5,9.67837,0.104227
5288,0,0,0,0,0,0,1,360.0,50.0,1.75,12.3226,0.741459
5289,0,0,0,0,0,0,1,360.0,50.0,2.0,14.9596,1.78746
5290,0,0,0,0,0,0,1,360.0,50.0,2.25,17.1328,2.57294
5291,0,0,0,0,0,0,1,360.0,50.0,2.51,19.1804,3.05826
5292,0,0,0,0,0,0,1,360.0,60.0,0.489,5.14303,15.893
5293,0,0,0,0,0,0,1,360.0,60.0,0.75,8.04676,10.9611
5294,0,0,0,0,0,0,1,360.0,60.0,1.0,11.3216,6.95118
5295,0,0,0,0,0,0,1,360.0,60.0,1.25,14.4896,3.99859
5296,0,0,0,0,0,0,1,360.0,60.0,1.5,17.4642,2.96148
5297,0,0,0,0,0,0,1,360.0,60.0,1.75,20.2804,2.85596
5298,0,0,0,0,0,0,1,360.0,60.0,2.0,23.0411,3.40626
5299,0,0,0,0,0,0,1,360.0,60.0,2.25,25.654,3.83127
5300,0,0,0,0,0,0,1,360.0,60.0,2.51,27.8865,4.00727
5301,0,0,0,0,0,0,1,360.0,70.0,0.489,10.5024,25.973
5302,0,0,0,0,0,0,1,360.0,70.0,0.75,13.8466,20.1464
5303,0,0,0,0,0,0,1,360.0,70.0,1.0,17.1137,15.2079
5304,0,0,0,0,0,0,1,360.0,70.0,1.25,20.3036,10.8909
5305,0,0,0,0,0,0,1,360.0,70.0,1.5,23.1633,7.45207
5306,0,0,0,0,0,0,1,360.0,70.0,1.75,26.0702,5.76339
5307,0,0,0,0,0,0,1,360.0,70.0,2.0,28.9613,5.23362
5308,0,0,0,0,0,0,1,360.0,70.0,2.25,31.8462,5.07651
5309,0,0,0,0,0,0,1,360.0,70.0,2.51,33.8586,4.89951
5310,0,0,0,0,0,0,1,360.0,80.0,0.489,15.4992,36.2403
5311,0,0,0,0,0,0,1,360.0,80.0,0.75,18.6445,29.3516
5312,0,0,0,0,0,0,1,360.0,80.0,1.0,21.4493,23.1658
5313,0,0,0,0,0,0,1,360.0,80.0,1.25,24.1975,17.5117
5314,0,0,0,0,0,0,1,360.0,80.0,1.5,26.7782,12.5932
5315,0,0,0,0,0,0,1,360.0,80.0,1.75,29.9171,9.33426
5316,0,0,0,0,0,0,1,360.0,80.0,2.0,32.8317,7.3477
5317,0,0,0,0,0,0,1,360.0,80.0,2.25,35.1899,6.2234
5318,0,0,0,0,0,0,1,360.0,80.0,2.51,37.0668,5.34517
5319,0,0,0,0,0,0,1,360.0,90.0,0.489,19.2012,45.7357
5320,0,0,0,0,0,0,1,360.0,90.0,0.75,22.0114,37.8896
5321,0,0,0,0,0,0,1,360.0,90.0,1.0,24.4434,30.5143
5322,0,0,0,0,0,0,1,360.0,90.0,1.25,26.6989,23.4095
5323,0,0,0,0,0,0,1,360.0,90.0,1.5,29.4981,17.7633
5324,0,0,0,0,0,0,1,360.0,90.0,1.75,31.9964,12.9526
5325,0,0,0,0,0,0,1,360.0,90.0,2.0,34.2157,9.31931
5326,0,0,0,0,0,0,1,360.0,90.0,2.25,35.8955,6.6818
5327,0,0,0,0,0,0,1,360.0,90.0,2.51,37.4526,4.83132
5328,0,0,0,0,0,0,1,360.0,100.0,0.489,21.7373,54.1504
5329,0,0,0,0,0,0,1,360.0,100.0,0.75,24.0357,45.2406
5330,0,0,0,0,0,0,1,360.0,100.0,1.0,26.1474,36.9232
5331,0,0,0,0,0,0,1,360.0,100.0,1.25,28.3168,29.246
5332,0,0,0,0,0,0,1,360.0,100.0,1.5,30.3892,22.187
5333,0,0,0,0,0,0,1,360.0,100.0,1.75,32.1225,15.9334
5334,0,0,0,0,0,0,1,360.0,100.0,2.0,33.439,10.6481
5335,0,0,0,0,0,0,1,360.0,100.0,2.25,34.6472,6.62591
5336,0,0,0,0,0,0,1,360.0,100.0,2.51,35.8413,3.78755
5337,0,0,0,0,0,0,1,360.0,110.0,0.489,22.8067,61.1281
5338,0,0,0,0,0,0,1,360.0,110.0,0.75,24.955,51.5027
5339,0,0,0,0,0,0,1,360.0,110.0,1.0,26.5849,42.3482
5340,0,0,0,0,0,0,1,360.0,110.0,1.25,28.0004,33.7009
5341,0,0,0,0,0,0,1,360.0,110.0,1.5,29.083,25.5756
5342,0,0,0,0,0,0,1,360.0,110.0,1.75,30.2757,18.2728
5343,0,0,0,0,0,0,1,360.0,110.0,2.0,31.1355,11.8465
5344,0,0,0,0,0,0,1,360.0,110.0,2.25,31.8953,6.24635
5345,0,0,0,0,0,0,1,360.0,110.0,2.51,32.9902,3.09351
5346,0,0,0,0,0,0,1,420.0,30.0,0.489,0,0
5347,0,0,0,0,0,0,1,420.0,30.0,0.75,0,0
5348,0,0,0,0,0,0,1,420.0,30.0,1.0,0,0
5349,0,0,0,0,0,0,1,420.0,30.0,1.25,0,0
5350,0,0,0,0,0,0,1,420.0,30.0,1.5,0.237715,0
5351,0,0,0,0,0,0,1,420.0,30.0,1.75,1.82158,0
5352,0,0,0,0,0,0,1,420.0,30.0,2.0,3.27509,0
5353,0,0,0,0,0,0,1,420.0,30.0,2.25,4.63459,0
5354,0,0,0,0,0,0,1,420.0,30.0,2.51,5.89995,0
5355,0,0,0,0,0,0,1,420.0,40.0,0.489,0,0
5356,0,0,0,0,0,0,1,420.0,40.0,0.75,0.725899,0
5357,0,0,0,0,0,0,1,420.0,40.0,1.0,1.61194,0
5358,0,0,0,0,0,0,1,420.0,40.0,1.25,3.06274,0
5359,0,0,0,0,0,0,1,420.0,40.0,1.5,4.48725,0
5360,0,0,0,0,0,0,1,420.0,40.0,1.75,5.94559,0
5361,0,0,0,0,0,0,1,420.0,40.0,2.0,7.44114,0
5362,0,0,0,0,0,0,1,420.0,40.0,2.25,8.87448,0.571415
5363,0,0,0,0,0,0,1,420.0,40.0,2.51,10.5342,1.36356
5364,0,0,0,0,0,0,1,420.0,50.0,0.489,1.71725,6.77395
5365,0,0,0,0,0,0,1,420.0,50.0,0.75,3.82451,3.1357
5366,0,0,0,0,0,0,1,420.0,50.0,1.0,6.04842,1.06522
5367,0,0,0,0,0,0,1,420.0,50.0,1.25,8.31753,0.414268
5368,0,0,0,0,0,0,1,420.0,50.0,1.5,10.56,0.451026
5369,0,0,0,0,0,0,1,420.0,50.0,1.75,13.2893,1.06515
5370,0,0,0,0,0,0,1,420.0,50.0,2.0,15.9456,1.87989
5371,0,0,0,0,0,0,1,420.0,50.0,2.25,18.2341,2.62159
5372,0,0,0,0,0,0,1,420.0,50.0,2.51,20.2932,3.01265
5373,0,0,0,0,0,0,1,420.0,60.0,0.489,5.83091,16.5207
5374,0,0,0,0,0,0,1,420.0,60.0,0.75,8.67612,11.5571
5375,0,0,0,0,0,0,1,420.0,60.0,1.0,12.1722,7.77001
5376,0,0,0,0,0,0,1,420.0,60.0,1.25,15.3467,4.78064
5377,0,0,0,0,0,0,1,420.0,60.0,1.5,18.362,3.58543
5378,0,0,0,0,0,0,1,420.0,60.0,1.75,21.4462,3.33321
5379,0,0,0,0,0,0,1,420.0,60.0,2.0,24.1975,3.55824
5380,0,0,0,0,0,0,1,420.0,60.0,2.25,26.8453,3.9343
5381,0,0,0,0,0,0,1,420.0,60.0,2.51,29.0812,3.99097
5382,0,0,0,0,0,0,1,420.0,70.0,0.489,11.2802,27.0418
5383,0,0,0,0,0,0,1,420.0,70.0,0.75,14.5187,20.9313
5384,0,0,0,0,0,0,1,420.0,70.0,1.0,17.9742,16.0386
5385,0,0,0,0,0,0,1,420.0,70.0,1.25,21.2879,11.6364
5386,0,0,0,0,0,0,1,420.0,70.0,1.5,24.3154,8.41886
5387,0,0,0,0,0,0,1,420.0,70.0,1.75,27.4105,6.60967
5388,0,0,0,0,0,0,1,420.0,70.0,2.0,30.24,5.73652
5389,0,0,0,0,0,0,1,420.0,70.0,2.25,32.9085,5.31566
5390,0,0,0,0,0,0,1,420.0,70.0,2.51,34.8899,4.94558
5391,0,0,0,0,0,0,1,420.0,80.0,0.489,16.307,37.4789
5392,0,0,0,0,0,0,1,420.0,80.0,0.75,19.5664,30.5105
5393,0,0,0,0,0,0,1,420.0,80.0,1.0,22.5296,24.2875
5394,0,0,0,0,0,0,1,420.0,80.0,1.25,25.3945,18.5258
5395,0,0,0,0,0,0,1,420.0,80.0,1.5,28.1874,13.5923
5396,0,0,0,0,0,0,1,420.0,80.0,1.75,31.1919,10.2459
5397,0,0,0,0,0,0,1,420.0,80.0,2.0,34.0801,8.01542
5398,0,0,0,0,0,0,1,420.0,80.0,2.25,36.3092,6.53978
5399,0,0,0,0,0,0,1,420.0,80.0,2.51,38.1835,5.41631
5400,0,0,0,0,0,0,1,420.0,90.0,0.489,19.9166,46.9299
5401,0,0,0,0,0,0,1,420.0,90.0,0.75,22.9204,39.1924
5402,0,0,0,0,0,0,1,420.0,90.0,1.0,25.51,31.636
5403,0,0,0,0,0,0,1,420.0,90.0,1.25,27.9763,24.6868
5404,0,0,0,0,0,0,1,420.0,90.0,1.5,30.5931,18.7635
5405,0,0,0,0,0,0,1,420.0,90.0,1.75,33.1329,13.5505
5406,0,0,0,0,0,0,1,420.0,90.0,2.0,35.6261,9.75761
5407,0,0,0,0,0,0,1,420.0,90.0,2.25,37.3716,6.94088
5408,0,0,0,0,0,0,1,420.0,90.0,2.51,38.8595,4.86628
5409,0,0,0,0,0,0,1,420.0,100.0,0.489,22.4818,55.2106
5410,0,0,0,0,0,0,1,420.0,100.0,0.75,25.0273,46.4533
5411,0,0,0,0,0,0,1,420.0,100.0,1.0,27.2458,38.1946
5412,0,0,0,0,0,0,1,420.0,100.0,1.25,29.3734,30.3039
5413,0,0,0,0,0,0,1,420.0,100.0,1.5,31.4955,23.0286
5414,0,0,0,0,0,0,1,420.0,100.0,1.75,33.3252,16.6429
5415,0,0,0,0,0,0,1,420.0,100.0,2.0,35.0298,11.1681
5416,0,0,0,0,0,0,1,420.0,100.0,2.25,36.2603,6.87751
5417,0,0,0,0,0,0,1,420.0,100.0,2.51,37.3714,3.94205
5418,0,0,0,0,0,0,1,420.0,110.0,0.489,23.5061,61.9806
5419,0,0,0,0,0,0,1,420.0,110.0,0.75,25.7379,52.5001
5420,0,0,0,0,0,0,1,420.0,110.0,1.0,27.3718,43.4671
5421,0,0,0,0,0,0,1,420.0,110.0,1.25,28.9265,34.7136
5422,0,0,0,0,0,0,1,420.0,110.0,1.5,30.2973,26.4187
5423,0,0,0,0,0,0,1,420.0,110.0,1.75,31.4974,19.0159
5424,0,0,0,0,0,0,1,420.0,110.0,2.0,32.6875,12.3932
5425,0,0,0,0,0,0,1,420.0,110.0,2.25,33.7056,6.63957
5426,0,0,0,0,0,0,1,420.0,110.0,2.51,34.7003,3.3834
5427,0,0,0,0,0,0,1,480.0,30.0,0.489,0,0
5428,0,0,0,0,0,0,1,480.0,30.0,0.75,0,0
5429,0,0,0,0,0,0,1,480.0,30.0,1.0,0,0
5430,0,0,0,0,0,0,1,480.0,30.0,1.25,0,0
5431,0,0,0,0,0,0,1,480.0,30.0,1.5,0.538062,0
5432,0,0,0,0,0,0,1,480.0,30.0,1.75,2.0358,0
5433,0,0,0,0,0,0,1,480.0,30.0,2.0,3.49187,0
5434,0,0,0,0,0,0,1,480.0,30.0,2.25,4.87525,0
5435,0,0,0,0,0,0,1,480.0,30.0,2.51,6.11828,0
5436,0,0,0,0,0,0,1,480.0,40.0,0.489,0.142954,0.215673
5437,0,0,0,0,0,0,1,480.0,40.0,0.75,1.02944,0
5438,0,0,0,0,0,0,1,480.0,40.0,1.0,1.84325,0
5439,0,0,0,0,0,0,1,480.0,40.0,1.25,3.30882,0
5440,0,0,0,0,0,0,1,480.0,40.0,1.5,4.78736,0
5441,0,0,0,0,0,0,1,480.0,40.0,1.75,6.1204,0
5442,0,0,0,0,0,0,1,480.0,40.0,2.0,7.59354,0.042136
5443,0,0,0,0,0,0,1,480.0,40.0,2.25,9.08408,0.554081
5444,0,0,0,0,0,0,1,480.0,40.0,2.51,10.9823,1.15167
5445,0,0,0,0,0,0,1,480.0,50.0,0.489,1.91285,7.54631
5446,0,0,0,0,0,0,1,480.0,50.0,0.75,4.01155,3.74935
5447,0,0,0,0,0,0,1,480.0,50.0,1.0,6.47694,1.5811
5448,0,0,0,0,0,0,1,480.0,50.0,1.25,8.8522,0.875198
5449,0,0,0,0,0,0,1,480.0,50.0,1.5,11.309,1.02831
5450,0,0,0,0,0,0,1,480.0,50.0,1.75,14.0483,1.36165
5451,0,0,0,0,0,0,1,480.0,50.0,2.0,16.6505,1.9265
5452,0,0,0,0,0,0,1,480.0,50.0,2.25,19.1025,2.48119
5453,0,0,0,0,0,0,1,480.0,50.0,2.51,21.2403,2.85977
5454,0,0,0,0,0,0,1,480.0,60.0,0.489,6.366,17.3903
5455,0,0,0,0,0,0,1,480.0,60.0,0.75,9.26219,12.4007
5456,0,0,0,0,0,0,1,480.0,60.0,1.0,12.7123,8.71425
5457,0,0,0,0,0,0,1,480.0,60.0,1.25,15.9659,5.80471
5458,0,0,0,0,0,0,1,480.0,60.0,1.5,19.1793,4.28743
5459,0,0,0,0,0,0,1,480.0,60.0,1.75,22.2361,3.81843
5460,0,0,0,0,0,0,1,480.0,60.0,2.0,25.2351,3.72663
5461,0,0,0,0,0,0,1,480.0,60.0,2.25,27.8694,3.8537
5462,0,0,0,0,0,0,1,480.0,60.0,2.51,29.7831,3.78341
5463,0,0,0,0,0,0,1,480.0,70.0,0.489,11.8276,27.995
5464,0,0,0,0,0,0,1,480.0,70.0,0.75,15.2737,21.9589
5465,0,0,0,0,0,0,1,480.0,70.0,1.0,18.6653,17.0357
5466,0,0,0,0,0,0,1,480.0,70.0,1.25,22.0193,12.8616
5467,0,0,0,0,0,0,1,480.0,70.0,1.5,25.2501,9.72866
5468,0,0,0,0,0,0,1,480.0,70.0,1.75,28.4574,7.68546
5469,0,0,0,0,0,0,1,480.0,70.0,2.0,31.3207,6.49344
5470,0,0,0,0,0,0,1,480.0,70.0,2.25,33.7593,5.58662
5471,0,0,0,0,0,0,1,480.0,70.0,2.51,35.6546,4.86139
5472,0,0,0,0,0,0,1,480.0,80.0,0.489,16.8477,38.4797
5473,0,0,0,0,0,0,1,480.0,80.0,0.75,20.2345,31.633
5474,0,0,0,0,0,0,1,480.0,80.0,1.0,23.2453,25.31
5475,0,0,0,0,0,0,1,480.0,80.0,1.25,26.4008,19.6951
5476,0,0,0,0,0,0,1,480.0,80.0,1.5,29.3953,14.8237
5477,0,0,0,0,0,0,1,480.0,80.0,1.75,32.3823,11.3647
5478,0,0,0,0,0,0,1,480.0,80.0,2.0,34.973,8.78214
5479,0,0,0,0,0,0,1,480.0,80.0,2.25,37.4074,6.91154
5480,0,0,0,0,0,0,1,480.0,80.0,2.51,39.117,5.46068
5481,0,0,0,0,0,0,1,480.0,90.0,0.489,20.5442,48.0157
5482,0,0,0,0,0,0,1,480.0,90.0,0.75,23.677,40.3927
5483,0,0,0,0,0,0,1,480.0,90.0,1.0,26.5068,32.8633
5484,0,0,0,0,0,0,1,480.0,90.0,1.25,29.2246,26.1601
5485,0,0,0,0,0,0,1,480.0,90.0,1.5,31.595,19.8498
5486,0,0,0,0,0,0,1,480.0,90.0,1.75,34.3677,14.6311
5487,0,0,0,0,0,0,1,480.0,90.0,2.0,36.7382,10.4582
5488,0,0,0,0,0,0,1,480.0,90.0,2.25,38.7143,7.42542
5489,0,0,0,0,0,0,1,480.0,90.0,2.51,39.9575,5.07174
5490,0,0,0,0,0,0,1,480.0,100.0,0.489,23.1192,56.2226
5491,0,0,0,0,0,0,1,480.0,100.0,0.75,25.7335,47.5589
5492,0,0,0,0,0,0,1,480.0,100.0,1.0,28.1608,39.4056
5493,0,0,0,0,0,0,1,480.0,100.0,1.25,30.3111,31.444
5494,0,0,0,0,0,0,1,480.0,100.0,1.5,32.4563,24.1571
5495,0,0,0,0,0,0,1,480.0,100.0,1.75,34.5634,17.6078
5496,0,0,0,0,0,0,1,480.0,100.0,2.0,36.4518,12.0252
5497,0,0,0,0,0,0,1,480.0,100.0,2.25,37.9706,7.39293
5498,0,0,0,0,0,0,1,480.0,100.0,2.51,38.8361,4.15815
5499,0,0,0,0,0,0,1,480.0,110.0,0.489,23.952,62.6898
5500,0,0,0,0,0,0,1,480.0,110.0,0.75,26.3222,53.5804
5501,0,0,0,0,0,0,1,480.0,110.0,1.0,28.0749,44.4907
5502,0,0,0,0,0,0,1,480.0,110.0,1.25,29.6231,35.5895
5503,0,0,0,0,0,0,1,480.0,110.0,1.5,31.3053,27.375
5504,0,0,0,0,0,0,1,480.0,110.0,1.75,32.9097,20.0542
5505,0,0,0,0,0,0,1,480.0,110.0,2.0,34.3199,13.2362
5506,0,0,0,0,0,0,1,480.0,110.0,2.25,35.4618,7.39996
5507,0,0,0,0,0,0,1,480.0,110.0,2.51,36.1861,3.6117
5508,0,0,0,0,0,0,1,540.0,30.0,0.489,0,0
5509,0,0,0,0,0,0,1,540.0,30.0,0.75,0,0
5510,0,0,0,0,0,0,1,540.0,30.0,1.0,0,0
5511,0,0,0,0,0,0,1,540.0,30.0,1.25,0.32133,0
5512,0,0,0,0,0,0,1,540.0,30.0,1.5,0.914011,0
5513,0,0,0,0,0,0,1,540.0,30.0,1.75,2.13663,0
5514,0,0,0,0,0,0,1,540.0,30.0,2.0,3.62281,0
5515,0,0,0,0,0,0,1,540.0,30.0,2.25,4.96993,0
5516,0,0,0,0,0,0,1,540.0,30.0,2.51,6.1233,0
5517,0,0,0,0,0,0,1,540.0,40.0,0.489,0.377905,0.950113
5518,0,0,0,0,0,0,1,540.0,40.0,0.75,1.28659,0.0216671
5519,0,0,0,0,0,0,1,540.0,40.0,1.0,2.04321,0
5520,0,0,0,0,0,0,1,540.0,40.0,1.25,3.34692,0
5521,0,0,0,0,0,0,1,540.0,40.0,1.5,4.79289,0
5522,0,0,0,0,0,0,1,540.0,40.0,1.75,6.14279,0
5523,0,0,0,0,0,0,1,540.0,40.0,2.0,7.50358,0.118156
5524,0,0,0,0,0,0,1,540.0,40.0,2.25,9.20615,0.571708
5525,0,0,0,0,0,0,1,540.0,40.0,2.51,11.5047,0.99534
5526,0,0,0,0,0,0,1,540.0,50.0,0.489,2.12864,8.44099
5527,0,0,0,0,0,0,1,540.0,50.0,0.75,4.07044,4.64037
5528,0,0,0,0,0,0,1,540.0,50.0,1.0,6.68941,2.1547
5529,0,0,0,0,0,0,1,540.0,50.0,1.25,9.15856,1.32474
5530,0,0,0,0,0,0,1,540.0,50.0,1.5,11.8855,1.46684
5531,0,0,0,0,0,0,1,540.0,50.0,1.75,14.7166,1.69677
5532,0,0,0,0,0,0,1,540.0,50.0,2.0,17.411,1.9703
5533,0,0,0,0,0,0,1,540.0,50.0,2.25,19.7399,2.25884
5534,0,0,0,0,0,0,1,540.0,50.0,2.51,21.7143,2.50008
5535,0,0,0,0,0,0,1,540.0,60.0,0.489,6.67972,18.339
5536,0,0,0,0,0,0,1,540.0,60.0,0.75,9.58731,13.4339
5537,0,0,0,0,0,0,1,540.0,60.0,1.0,13.044,9.83682
5538,0,0,0,0,0,0,1,540.0,60.0,1.25,16.496,7.16886
5539,0,0,0,0,0,0,1,540.0,60.0,1.5,19.8511,5.55264
5540,0,0,0,0,0,0,1,540.0,60.0,1.75,23.0856,4.38839
5541,0,0,0,0,0,0,1,540.0,60.0,2.0,26.0131,3.95478
5542,0,0,0,0,0,0,1,540.0,60.0,2.25,28.2556,3.66844
5543,0,0,0,0,0,0,1,540.0,60.0,2.51,30.0807,3.38021
5544,0,0,0,0,0,0,1,540.0,70.0,0.489,12.0892,28.8377
5545,0,0,0,0,0,0,1,540.0,70.0,0.75,15.7352,23.1118
5546,0,0,0,0,0,0,1,540.0,70.0,1.0,19.2019,18.2687
5547,0,0,0,0,0,0,1,540.0,70.0,1.25,22.6898,14.2758
5548,0,0,0,0,0,0,1,540.0,70.0,1.5,26.0957,11.2035
5549,0,0,0,0,0,0,1,540.0,70.0,1.75,29.3145,8.94804
5550,0,0,0,0,0,0,1,540.0,70.0,2.0,32.109,7.17307
5551,0,0,0,0,0,0,1,540.0,70.0,2.25,34.4128,5.88665
5552,0,0,0,0,0,0,1,540.0,70.0,2.51,36.0226,4.77752
5553,0,0,0,0,0,0,1,540.0,80.0,0.489,17.2657,39.3636
5554,0,0,0,0,0,0,1,540.0,80.0,0.75,20.5874,32.5466
5555,0,0,0,0,0,0,1,540.0,80.0,1.0,23.923,26.5341
5556,0,0,0,0,0,0,1,540.0,80.0,1.25,27.2941,21.1673
5557,0,0,0,0,0,0,1,540.0,80.0,1.5,30.6077,16.4422
5558,0,0,0,0,0,0,1,540.0,80.0,1.75,33.404,12.7059
5559,0,0,0,0,0,0,1,540.0,80.0,2.0,35.8278,9.69147
5560,0,0,0,0,0,0,1,540.0,80.0,2.25,38.2465,7.40457
5561,0,0,0,0,0,0,1,540.0,80.0,2.51,39.7339,5.47497
5562,0,0,0,0,0,0,1,540.0,90.0,0.489,21.1081,48.9798
5563,0,0,0,0,0,0,1,540.0,90.0,0.75,24.2389,41.3058
5564,0,0,0,0,0,0,1,540.0,90.0,1.0,27.2423,34.0948
5565,0,0,0,0,0,0,1,540.0,90.0,1.25,30.0364,27.4409
5566,0,0,0,0,0,0,1,540.0,90.0,1.5,32.906,21.3704
5567,0,0,0,0,0,0,1,540.0,90.0,1.75,35.4151,15.8024
5568,0,0,0,0,0,0,1,540.0,90.0,2.0,37.7351,11.4788
5569,0,0,0,0,0,0,1,540.0,90.0,2.25,39.677,7.8998
5570,0,0,0,0,0,0,1,540.0,90.0,2.51,40.921,5.29309
5571,0,0,0,0,0,0,1,540.0,100.0,0.489,23.5112,57.0615
5572,0,0,0,0,0,0,1,540.0,100.0,0.75,26.2352,48.5538
5573,0,0,0,0,0,0,1,540.0,100.0,1.0,28.7114,40.5203
5574,0,0,0,0,0,0,1,540.0,100.0,1.25,31.0274,32.65
5575,0,0,0,0,0,0,1,540.0,100.0,1.5,33.4066,25.3431
5576,0,0,0,0,0,0,1,540.0,100.0,1.75,35.6772,18.7194
5577,0,0,0,0,0,0,1,540.0,100.0,2.0,37.6964,12.9642
5578,0,0,0,0,0,0,1,540.0,100.0,2.25,39.1725,8.18291
5579,0,0,0,0,0,0,1,540.0,100.0,2.51,40.0424,4.49436
5580,0,0,0,0,0,0,1,540.0,110.0,0.489,24.324,63.5092
5581,0,0,0,0,0,0,1,540.0,110.0,0.75,26.6648,54.5125
5582,0,0,0,0,0,0,1,540.0,110.0,1.0,28.6465,45.4942
5583,0,0,0,0,0,0,1,540.0,110.0,1.25,30.3116,36.4884
5584,0,0,0,0,0,0,1,540.0,110.0,1.5,32.0793,28.3579
5585,0,0,0,0,0,0,1,540.0,110.0,1.75,34.1755,21.0834
5586,0,0,0,0,0,0,1,540.0,110.0,2.0,35.8789,14.3319
5587,0,0,0,0,0,0,1,540.0,110.0,2.25,36.999,8.32679
5588,0,0,0,0,0,0,1,540.0,110.0,2.51,37.5011,4.084
5589,0,0,0,0,0,0,1,600.0,30.0,0.489,0,0
5590,0,0,0,0,0,0,1,600.0,30.0,0.75,0,0
5591,0,0,0,0,0,0,1,600.0,30.0,1.0,0,0
5592,0,0,0,0,0,0,1,600.0,30.0,1.25,0.568383,0
5593,0,0,0,0,0,0,1,600.0,30.0,1.5,1.13625,0
5594,0,0,0,0,0,0,1,600.0,30.0,1.75,2.08469,0
5595,0,0,0,0,0,0,1,600.0,30.0,2.0,3.51816,0
5596,0,0,0,0,0,0,1,600.0,30.0,2.25,4.79334,0
5597,0,0,0,0,0,0,1,600.0,30.0,2.51,5.92366,0
5598,0,0,0,0,0,0,1,600.0,40.0,0.489,0.518299,1.94683
5599,0,0,0,0,0,0,1,600.0,40.0,0.75,1.4154,0.384099
5600,0,0,0,0,0,0,1,600.0,40.0,1.0,2.1955,0.0624668
5601,0,0,0,0,0,0,1,600.0,40.0,1.25,3.29638,0
5602,0,0,0,0,0,0,1,600.0,40.0,1.5,4.67177,0
5603,0,0,0,0,0,0,1,600.0,40.0,1.75,6.07981,0.0908657
5604,0,0,0,0,0,0,1,600.0,40.0,2.0,7.58263,0.257823
5605,0,0,0,0,0,0,1,600.0,40.0,2.25,9.66607,0.527795
5606,0,0,0,0,0,0,1,600.0,40.0,2.51,11.8249,0.832653
5607,0,0,0,0,0,0,1,600.0,50.0,0.489,2.35953,9.60995
5608,0,0,0,0,0,0,1,600.0,50.0,0.75,4.22526,5.93888
5609,0,0,0,0,0,0,1,600.0,50.0,1.0,6.80445,3.14977
5610,0,0,0,0,0,0,1,600.0,50.0,1.25,9.33149,1.90633
5611,0,0,0,0,0,0,1,600.0,50.0,1.5,12.4719,1.84368
5612,0,0,0,0,0,0,1,600.0,50.0,1.75,15.3118,1.90822
5613,0,0,0,0,0,0,1,600.0,50.0,2.0,17.9649,1.9926
5614,0,0,0,0,0,0,1,600.0,50.0,2.25,20.1186,2.03225
5615,0,0,0,0,0,0,1,600.0,50.0,2.51,21.9057,1.93146
5616,0,0,0,0,0,0,1,600.0,60.0,0.489,6.73355,19.5469
5617,0,0,0,0,0,0,1,600.0,60.0,0.75,9.82405,14.8446
5618,0,0,0,0,0,0,1,600.0,60.0,1.0,13.4066,11.214
5619,0,0,0,0,0,0,1,600.0,60.0,1.25,16.8809,8.63848
5620,0,0,0,0,0,0,1,600.0,60.0,1.5,20.5508,7.03842
5621,0,0,0,0,0,0,1,600.0,60.0,1.75,23.7601,5.46595
5622,0,0,0,0,0,0,1,600.0,60.0,2.0,26.4027,4.23934
5623,0,0,0,0,0,0,1,600.0,60.0,2.25,28.3481,3.59352
5624,0,0,0,0,0,0,1,600.0,60.0,2.51,30.1353,3.05524
5625,0,0,0,0,0,0,1,600.0,70.0,0.489,12.3126,29.762
5626,0,0,0,0,0,0,1,600.0,70.0,0.75,16.0447,24.2414
5627,0,0,0,0,0,0,1,600.0,70.0,1.0,19.6024,19.6359
5628,0,0,0,0,0,0,1,600.0,70.0,1.25,23.2205,15.8461
5629,0,0,0,0,0,0,1,600.0,70.0,1.5,26.8429,12.9012
5630,0,0,0,0,0,0,1,600.0,70.0,1.75,29.971,10.283
5631,0,0,0,0,0,0,1,600.0,70.0,2.0,32.5142,8.03861
5632,0,0,0,0,0,0,1,600.0,70.0,2.25,34.5447,6.10012
5633,0,0,0,0,0,0,1,600.0,70.0,2.51,36.0758,4.59629
5634,0,0,0,0,0,0,1,600.0,80.0,0.489,17.4221,40.0704
5635,0,0,0,0,0,0,1,600.0,80.0,0.75,21.0079,33.5208
5636,0,0,0,0,0,0,1,600.0,80.0,1.0,24.4417,27.8559
5637,0,0,0,0,0,0,1,600.0,80.0,1.25,28.1422,22.8713
5638,0,0,0,0,0,0,1,600.0,80.0,1.5,31.357,18.2705
5639,0,0,0,0,0,0,1,600.0,80.0,1.75,34.1145,14.2279
5640,0,0,0,0,0,0,1,600.0,80.0,2.0,36.6428,10.8361
5641,0,0,0,0,0,0,1,600.0,80.0,2.25,38.6271,7.88724
5642,0,0,0,0,0,0,1,600.0,80.0,2.51,39.9232,5.43727
5643,0,0,0,0,0,0,1,600.0,90.0,0.489,21.4039,49.7061
5644,0,0,0,0,0,0,1,600.0,90.0,0.75,24.5596,42.1159
5645,0,0,0,0,0,0,1,600.0,90.0,1.0,27.6672,35.2524
5646,0,0,0,0,0,0,1,600.0,90.0,1.25,30.745,28.868
5647,0,0,0,0,0,0,1,600.0,90.0,1.5,33.7729,22.8476
5648,0,0,0,0,0,0,1,600.0,90.0,1.75,36.3396,17.3066
5649,0,0,0,0,0,0,1,600.0,90.0,2.0,38.394,12.5936
5650,0,0,0,0,0,0,1,600.0,90.0,2.25,40.1551,8.60329
5651,0,0,0,0,0,0,1,600.0,90.0,2.51,41.4305,5.48541
5652,0,0,0,0,0,0,1,600.0,100.0,0.489,23.778,57.8473
5653,0,0,0,0,0,0,1,600.0,100.0,0.75,26.6443,49.5395
5654,0,0,0,0,0,0,1,600.0,100.0,1.0,28.8902,41.4083
5655,0,0,0,0,0,0,1,600.0,100.0,1.25,31.6016,33.7509
5656,0,0,0,0,0,0,1,600.0,100.0,1.5,34.2686,26.477
5657,0,0,0,0,0,0,1,600.0,100.0,1.75,36.6284,19.9786
5658,0,0,0,0,0,0,1,600.0,100.0,2.0,38.5849,14.2148
5659,0,0,0,0,0,0,1,600.0,100.0,2.25,39.9479,9.07649
5660,0,0,0,0,0,0,1,600.0,100.0,2.51,40.8016,4.98436
5661,0,0,0,0,0,0,1,600.0,110.0,0.489,24.6259,64.2707
5662,0,0,0,0,0,0,1,600.0,110.0,0.75,26.8136,55.1376
5663,0,0,0,0,0,0,1,600.0,110.0,1.0,28.8061,46.1821
5664,0,0,0,0,0,0,1,600.0,110.0,1.25,30.6724,37.2644
5665,0,0,0,0,0,0,1,600.0,110.0,1.5,32.8251,29.3312
5666,0,0,0,0,0,0,1,600.0,110.0,1.75,35.0091,22.0772
5667,0,0,0,0,0,0,1,600.0,110.0,2.0,36.912,15.3805
5668,0,0,0,0,0,0,1,600.0,110.0,2.25,38.1345,9.42297
5669,0,0,0,0,0,0,1,600.0,110.0,2.51,38.6518,4.70298
