,L0,L1,L2,L3,L4,L5,L6,res_time,temperature,catalyst_loading,yield,turnover
0,1,0,0,0,0,0,0,60.0,30.0,0.498,0,0.510083
1,1,0,0,0,0,0,0,60.0,30.0,0.75,0.337674,1.15799
2,1,0,0,0,0,0,0,60.0,30.0,1.0,1.19225,1.91506
3,1,0,0,0,0,0,0,60.0,30.0,1.25,1.87484,2.72653
4,1,0,0,0,0,0,0,60.0,30.0,1.5,2.49383,3.57128
5,1,0,0,0,0,0,0,60.0,30.0,1.75,3.02937,4.29237
6,1,0,0,0,0,0,0,60.0,30.0,2.0,3.50356,4.91384
7,1,0,0,0,0,0,0,60.0,30.0,2.25,3.85534,5.39132
8,1,0,0,0,0,0,0,60.0,30.0,2.515,4.26309,5.64896
9,1,0,0,0,0,0,0,60.0,40.0,0.498,0.852722,2.80398
10,1,0,0,0,0,0,0,60.0,40.0,0.75,2.98885,4.2467
11,1,0,0,0,0,0,0,60.0,40.0,1.0,4.63191,5.16526
12,1,0,0,0,0,0,0,60.0,40.0,1.25,5.57038,5.75593
13,1,0,0,0,0,0,0,60.0,40.0,1.5,6.03613,6.2148
14,1,0,0,0,0,0,0,60.0,40.0,1.75,6.71684,6.63233
15,1,0,0,0,0,0,0,60.0,40.0,2.0,7.41777,7.04059
16,1,0,0,0,0,0,0,60.0,40.0,2.25,8.03676,7.38389
17,1,0,0,0,0,0,0,60.0,40.0,2.515,8.90583,7.46718
18,1,0,0,0,0,0,0,60.0,50.0,0.498,3.04305,6.3184
19,1,0,0,0,0,0,0,60.0,50.0,0.75,6.248,7.8734
20,1,0,0,0,0,0,0,60.0,50.0,1.0,9.15555,9.09771
21,1,0,0,0,0,0,0,60.0,50.0,1.25,11.1605,9.70122
22,1,0,0,0,0,0,0,60.0,50.0,1.5,12.2511,9.9802
23,1,0,0,0,0,0,0,60.0,50.0,1.75,13.1652,10.1765
24,1,0,0,0,0,0,0,60.0,50.0,2.0,14.1086,10.4007
25,1,0,0,0,0,0,0,60.0,50.0,2.25,14.8825,10.238
26,1,0,0,0,0,0,0,60.0,50.0,2.515,15.6528,9.84958
27,1,0,0,0,0,0,0,60.0,60.0,0.498,5.39898,9.98881
28,1,0,0,0,0,0,0,60.0,60.0,0.75,10.0677,11.5034
29,1,0,0,0,0,0,0,60.0,60.0,1.0,14.1143,12.8856
30,1,0,0,0,0,0,0,60.0,60.0,1.25,17.1462,13.8004
31,1,0,0,0,0,0,0,60.0,60.0,1.5,19.0709,14.2145
32,1,0,0,0,0,0,0,60.0,60.0,1.75,20.4718,14.2475
33,1,0,0,0,0,0,0,60.0,60.0,2.0,21.5015,13.9348
34,1,0,0,0,0,0,0,60.0,60.0,2.25,22.4823,13.4525
35,1,0,0,0,0,0,0,60.0,60.0,2.515,23.591,12.8673
36,1,0,0,0,0,0,0,60.0,70.0,0.498,8.62469,13.8665
37,1,0,0,0,0,0,0,60.0,70.0,0.75,13.9645,15.2821
38,1,0,0,0,0,0,0,60.0,70.0,1.0,18.8692,16.728
39,1,0,0,0,0,0,0,60.0,70.0,1.25,22.9505,17.8219
40,1,0,0,0,0,0,0,60.0,70.0,1.5,25.9891,18.4822
41,1,0,0,0,0,0,0,60.0,70.0,1.75,28.1971,18.5536
42,1,0,0,0,0,0,0,60.0,70.0,2.0,29.8216,17.9937
43,1,0,0,0,0,0,0,60.0,70.0,2.25,31.1562,17.203
44,1,0,0,0,0,0,0,60.0,70.0,2.515,32.4717,16.2239
45,1,0,0,0,0,0,0,60.0,80.0,0.498,12.0256,18.2199
46,1,0,0,0,0,0,0,60.0,80.0,0.75,18.0809,19.5881
47,1,0,0,0,0,0,0,60.0,80.0,1.0,23.8134,21.0214
48,1,0,0,0,0,0,0,60.0,80.0,1.25,28.9858,22.2823
49,1,0,0,0,0,0,0,60.0,80.0,1.5,33.0132,22.856
50,1,0,0,0,0,0,0,60.0,80.0,1.75,36.478,22.9992
51,1,0,0,0,0,0,0,60.0,80.0,2.0,39.1272,22.5171
52,1,0,0,0,0,0,0,60.0,80.0,2.25,40.8751,21.5082
53,1,0,0,0,0,0,0,60.0,80.0,2.515,42.3894,20.0618
54,1,0,0,0,0,0,0,60.0,90.0,0.498,15.7455,22.8294
55,1,0,0,0,0,0,0,60.0,90.0,0.75,22.6272,24.3935
56,1,0,0,0,0,0,0,60.0,90.0,1.0,29.0985,25.8215
57,1,0,0,0,0,0,0,60.0,90.0,1.25,35.1033,26.7479
58,1,0,0,0,0,0,0,60.0,90.0,1.5,40.5183,27.3896
59,1,0,0,0,0,0,0,60.0,90.0,1.75,45.1345,27.5333
60,1,0,0,0,0,0,0,60.0,90.0,2.0,48.5474,26.9856
61,1,0,0,0,0,0,0,60.0,90.0,2.25,51.089,25.951
62,1,0,0,0,0,0,0,60.0,90.0,2.515,52.7606,24.2114
63,1,0,0,0,0,0,0,60.0,100.0,0.498,19.8888,27.7044
64,1,0,0,0,0,0,0,60.0,100.0,0.75,27.3646,29.3187
65,1,0,0,0,0,0,0,60.0,100.0,1.0,34.5057,30.5687
66,1,0,0,0,0,0,0,60.0,100.0,1.25,41.7123,31.3474
67,1,0,0,0,0,0,0,60.0,100.0,1.5,48.2538,31.94
68,1,0,0,0,0,0,0,60.0,100.0,1.75,53.6725,32.0082
69,1,0,0,0,0,0,0,60.0,100.0,2.0,57.9394,31.4248
70,1,0,0,0,0,0,0,60.0,100.0,2.25,60.9153,30.231
71,1,0,0,0,0,0,0,60.0,100.0,2.515,62.7041,28.2015
72,1,0,0,0,0,0,0,60.0,110.0,0.498,24.4967,32.9571
73,1,0,0,0,0,0,0,60.0,110.0,0.75,32.5544,34.2509
74,1,0,0,0,0,0,0,60.0,110.0,1.0,40.5847,35.2918
75,1,0,0,0,0,0,0,60.0,110.0,1.25,48.3746,36.107
76,1,0,0,0,0,0,0,60.0,110.0,1.5,55.4679,36.3543
77,1,0,0,0,0,0,0,60.0,110.0,1.75,61.5175,36.1728
78,1,0,0,0,0,0,0,60.0,110.0,2.0,66.5822,35.6045
79,1,0,0,0,0,0,0,60.0,110.0,2.25,70.0978,34.2865
80,1,0,0,0,0,0,0,60.0,110.0,2.515,72.1418,32.0397
81,1,0,0,0,0,0,0,120.0,30.0,0.498,0.0298829,0.935345
82,1,0,0,0,0,0,0,120.0,30.0,0.75,1.05081,1.72798
83,1,0,0,0,0,0,0,120.0,30.0,1.0,2.18806,2.51706
84,1,0,0,0,0,0,0,120.0,30.0,1.25,3.06142,3.36233
85,1,0,0,0,0,0,0,120.0,30.0,1.5,3.63614,4.10599
86,1,0,0,0,0,0,0,120.0,30.0,1.75,4.05592,4.8216
87,1,0,0,0,0,0,0,120.0,30.0,2.0,4.41415,5.3614
88,1,0,0,0,0,0,0,120.0,30.0,2.25,4.63175,5.67695
89,1,0,0,0,0,0,0,120.0,30.0,2.515,4.93678,5.8317
90,1,0,0,0,0,0,0,120.0,40.0,0.498,2.323,4.1506
91,1,0,0,0,0,0,0,120.0,40.0,0.75,4.57822,5.29429
92,1,0,0,0,0,0,0,120.0,40.0,1.0,6.03922,6.01473
93,1,0,0,0,0,0,0,120.0,40.0,1.25,7.00988,6.41576
94,1,0,0,0,0,0,0,120.0,40.0,1.5,7.73095,6.83522
95,1,0,0,0,0,0,0,120.0,40.0,1.75,8.15682,7.1548
96,1,0,0,0,0,0,0,120.0,40.0,2.0,8.66244,7.41899
97,1,0,0,0,0,0,0,120.0,40.0,2.25,9.02642,7.6121
98,1,0,0,0,0,0,0,120.0,40.0,2.515,9.85466,7.66276
99,1,0,0,0,0,0,0,120.0,50.0,0.498,4.83307,7.90084
100,1,0,0,0,0,0,0,120.0,50.0,0.75,8.23633,9.17431
101,1,0,0,0,0,0,0,120.0,50.0,1.0,11.0226,10.0371
102,1,0,0,0,0,0,0,120.0,50.0,1.25,12.8165,10.4849
103,1,0,0,0,0,0,0,120.0,50.0,1.5,13.7188,10.4875
104,1,0,0,0,0,0,0,120.0,50.0,1.75,14.5154,10.6149
105,1,0,0,0,0,0,0,120.0,50.0,2.0,15.2334,10.6394
106,1,0,0,0,0,0,0,120.0,50.0,2.25,15.9805,10.447
107,1,0,0,0,0,0,0,120.0,50.0,2.515,16.7556,9.96745
108,1,0,0,0,0,0,0,120.0,60.0,0.498,7.63414,11.7437
109,1,0,0,0,0,0,0,120.0,60.0,0.75,12.2904,13.1503
110,1,0,0,0,0,0,0,120.0,60.0,1.0,16.1569,14.2247
111,1,0,0,0,0,0,0,120.0,60.0,1.25,18.7944,14.7156
112,1,0,0,0,0,0,0,120.0,60.0,1.5,20.5331,14.7533
113,1,0,0,0,0,0,0,120.0,60.0,1.75,21.6264,14.5034
114,1,0,0,0,0,0,0,120.0,60.0,2.0,22.6991,14.2005
115,1,0,0,0,0,0,0,120.0,60.0,2.25,23.5636,13.621
116,1,0,0,0,0,0,0,120.0,60.0,2.515,24.665,12.949
117,1,0,0,0,0,0,0,120.0,70.0,0.498,10.7111,15.7536
118,1,0,0,0,0,0,0,120.0,70.0,0.75,16.2316,17.1683
119,1,0,0,0,0,0,0,120.0,70.0,1.0,20.8916,18.2999
120,1,0,0,0,0,0,0,120.0,70.0,1.25,24.8613,19.0985
121,1,0,0,0,0,0,0,120.0,70.0,1.5,27.6568,19.2701
122,1,0,0,0,0,0,0,120.0,70.0,1.75,29.611,18.9325
123,1,0,0,0,0,0,0,120.0,70.0,2.0,30.9883,18.1758
124,1,0,0,0,0,0,0,120.0,70.0,2.25,32.2361,17.2417
125,1,0,0,0,0,0,0,120.0,70.0,2.515,33.6096,16.23
126,1,0,0,0,0,0,0,120.0,80.0,0.498,13.942,20.2569
127,1,0,0,0,0,0,0,120.0,80.0,0.75,20.2651,21.6485
128,1,0,0,0,0,0,0,120.0,80.0,1.0,26.1142,22.91
129,1,0,0,0,0,0,0,120.0,80.0,1.25,30.9525,23.7127
130,1,0,0,0,0,0,0,120.0,80.0,1.5,35.076,24.0126
131,1,0,0,0,0,0,0,120.0,80.0,1.75,38.1755,23.6553
132,1,0,0,0,0,0,0,120.0,80.0,2.0,40.4981,22.8411
133,1,0,0,0,0,0,0,120.0,80.0,2.25,42.0826,21.5685
134,1,0,0,0,0,0,0,120.0,80.0,2.515,43.4164,19.9616
135,1,0,0,0,0,0,0,120.0,90.0,0.498,17.5885,25.0735
136,1,0,0,0,0,0,0,120.0,90.0,0.75,24.7381,26.5887
137,1,0,0,0,0,0,0,120.0,90.0,1.0,31.4089,27.8656
138,1,0,0,0,0,0,0,120.0,90.0,1.25,37.4671,28.5525
139,1,0,0,0,0,0,0,120.0,90.0,1.5,42.7138,28.8068
140,1,0,0,0,0,0,0,120.0,90.0,1.75,47.1522,28.6311
141,1,0,0,0,0,0,0,120.0,90.0,2.0,50.2286,27.6118
142,1,0,0,0,0,0,0,120.0,90.0,2.25,52.3085,26.0096
143,1,0,0,0,0,0,0,120.0,90.0,2.515,53.552,23.8927
144,1,0,0,0,0,0,0,120.0,100.0,0.498,21.6928,30.087
145,1,0,0,0,0,0,0,120.0,100.0,0.75,29.3914,31.6135
146,1,0,0,0,0,0,0,120.0,100.0,1.0,36.8415,32.731
147,1,0,0,0,0,0,0,120.0,100.0,1.25,44.2228,33.4873
148,1,0,0,0,0,0,0,120.0,100.0,1.5,50.7489,33.7
149,1,0,0,0,0,0,0,120.0,100.0,1.75,55.8649,33.3591
150,1,0,0,0,0,0,0,120.0,100.0,2.0,59.6382,32.2055
151,1,0,0,0,0,0,0,120.0,100.0,2.25,62.1409,30.455
152,1,0,0,0,0,0,0,120.0,100.0,2.515,63.5176,27.9462
153,1,0,0,0,0,0,0,120.0,110.0,0.498,26.2788,35.3726
154,1,0,0,0,0,0,0,120.0,110.0,0.75,34.5902,36.7384
155,1,0,0,0,0,0,0,120.0,110.0,1.0,42.8346,37.6867
156,1,0,0,0,0,0,0,120.0,110.0,1.25,50.8358,38.2977
157,1,0,0,0,0,0,0,120.0,110.0,1.5,57.9149,38.2812
158,1,0,0,0,0,0,0,120.0,110.0,1.75,63.8412,37.6944
159,1,0,0,0,0,0,0,120.0,110.0,2.0,68.2389,36.3683
160,1,0,0,0,0,0,0,120.0,110.0,2.25,71.1819,34.4813
161,1,0,0,0,0,0,0,120.0,110.0,2.515,72.9533,31.8094
162,1,0,0,0,0,0,0,180.0,30.0,0.498,0.682895,1.46777
163,1,0,0,0,0,0,0,180.0,30.0,0.75,2.17109,2.29046
164,1,0,0,0,0,0,0,180.0,30.0,1.0,3.41038,3.17706
165,1,0,0,0,0,0,0,180.0,30.0,1.25,4.17521,3.90455
166,1,0,0,0,0,0,0,180.0,30.0,1.5,4.64823,4.53936
167,1,0,0,0,0,0,0,180.0,30.0,1.75,5.04525,5.24635
168,1,0,0,0,0,0,0,180.0,30.0,2.0,5.36415,5.76558
169,1,0,0,0,0,0,0,180.0,30.0,2.25,5.51238,5.95011
170,1,0,0,0,0,0,0,180.0,30.0,2.515,5.92591,5.97022
171,1,0,0,0,0,0,0,180.0,40.0,0.498,3.6733,5.29742
172,1,0,0,0,0,0,0,180.0,40.0,0.75,5.89307,6.12922
173,1,0,0,0,0,0,0,180.0,40.0,1.0,7.39439,6.68971
174,1,0,0,0,0,0,0,180.0,40.0,1.25,8.50699,6.96829
175,1,0,0,0,0,0,0,180.0,40.0,1.5,9.19488,7.25295
176,1,0,0,0,0,0,0,180.0,40.0,1.75,9.49211,7.56683
177,1,0,0,0,0,0,0,180.0,40.0,2.0,9.8114,7.74983
178,1,0,0,0,0,0,0,180.0,40.0,2.25,10.0823,7.8205
179,1,0,0,0,0,0,0,180.0,40.0,2.515,10.8131,7.78738
180,1,0,0,0,0,0,0,180.0,50.0,0.498,6.46149,9.41209
181,1,0,0,0,0,0,0,180.0,50.0,0.75,9.97366,10.2535
182,1,0,0,0,0,0,0,180.0,50.0,1.0,12.5942,10.8291
183,1,0,0,0,0,0,0,180.0,50.0,1.25,14.1863,11.0538
184,1,0,0,0,0,0,0,180.0,50.0,1.5,15.0003,10.9623
185,1,0,0,0,0,0,0,180.0,50.0,1.75,15.6067,10.9186
186,1,0,0,0,0,0,0,180.0,50.0,2.0,16.2631,10.8567
187,1,0,0,0,0,0,0,180.0,50.0,2.25,16.9451,10.4937
188,1,0,0,0,0,0,0,180.0,50.0,2.515,17.7528,9.97027
189,1,0,0,0,0,0,0,180.0,60.0,0.498,9.71606,13.44
190,1,0,0,0,0,0,0,180.0,60.0,0.75,14.1535,14.6037
191,1,0,0,0,0,0,0,180.0,60.0,1.0,17.6592,15.3304
192,1,0,0,0,0,0,0,180.0,60.0,1.25,20.1767,15.4746
193,1,0,0,0,0,0,0,180.0,60.0,1.5,21.5656,15.1884
194,1,0,0,0,0,0,0,180.0,60.0,1.75,22.7118,14.828
195,1,0,0,0,0,0,0,180.0,60.0,2.0,23.7152,14.3506
196,1,0,0,0,0,0,0,180.0,60.0,2.25,24.5579,13.6822
197,1,0,0,0,0,0,0,180.0,60.0,2.515,25.698,12.9556
198,1,0,0,0,0,0,0,180.0,70.0,0.498,12.6527,17.6823
199,1,0,0,0,0,0,0,180.0,70.0,0.75,18.0365,18.8346
200,1,0,0,0,0,0,0,180.0,70.0,1.0,22.5806,19.8058
201,1,0,0,0,0,0,0,180.0,70.0,1.25,26.2927,20.1721
202,1,0,0,0,0,0,0,180.0,70.0,1.5,28.8546,19.8399
203,1,0,0,0,0,0,0,180.0,70.0,1.75,30.6342,19.1784
204,1,0,0,0,0,0,0,180.0,70.0,2.0,31.9358,18.2013
205,1,0,0,0,0,0,0,180.0,70.0,2.25,33.1616,17.1842
206,1,0,0,0,0,0,0,180.0,70.0,2.515,34.5747,16.0584
207,1,0,0,0,0,0,0,180.0,80.0,0.498,15.6331,22.2284
208,1,0,0,0,0,0,0,180.0,80.0,0.75,22.1249,23.5975
209,1,0,0,0,0,0,0,180.0,80.0,1.0,27.9558,24.6005
210,1,0,0,0,0,0,0,180.0,80.0,1.25,32.546,25.0453
211,1,0,0,0,0,0,0,180.0,80.0,1.5,36.4499,24.7837
212,1,0,0,0,0,0,0,180.0,80.0,1.75,39.4023,23.9956
213,1,0,0,0,0,0,0,180.0,80.0,2.0,41.3236,22.8588
214,1,0,0,0,0,0,0,180.0,80.0,2.25,43.0013,21.4273
215,1,0,0,0,0,0,0,180.0,80.0,2.515,44.3006,19.6808
216,1,0,0,0,0,0,0,180.0,90.0,0.498,19.2322,27.2084
217,1,0,0,0,0,0,0,180.0,90.0,0.75,26.5243,28.6068
218,1,0,0,0,0,0,0,180.0,90.0,1.0,33.4367,29.6919
219,1,0,0,0,0,0,0,180.0,90.0,1.25,39.3731,30.0714
220,1,0,0,0,0,0,0,180.0,90.0,1.5,44.5285,30.0374
221,1,0,0,0,0,0,0,180.0,90.0,1.75,48.4847,29.327
222,1,0,0,0,0,0,0,180.0,90.0,2.0,51.2139,27.872
223,1,0,0,0,0,0,0,180.0,90.0,2.25,52.9916,25.8079
224,1,0,0,0,0,0,0,180.0,90.0,2.515,53.9847,23.4037
225,1,0,0,0,0,0,0,180.0,100.0,0.498,23.2439,32.2647
226,1,0,0,0,0,0,0,180.0,100.0,0.75,31.1343,33.6629
227,1,0,0,0,0,0,0,180.0,100.0,1.0,38.846,34.6859
228,1,0,0,0,0,0,0,180.0,100.0,1.25,46.2703,35.2611
229,1,0,0,0,0,0,0,180.0,100.0,1.5,52.6406,35.2417
230,1,0,0,0,0,0,0,180.0,100.0,1.75,57.3543,34.3571
231,1,0,0,0,0,0,0,180.0,100.0,2.0,60.6212,32.6026
232,1,0,0,0,0,0,0,180.0,100.0,2.25,62.8056,30.2786
233,1,0,0,0,0,0,0,180.0,100.0,2.515,63.8781,27.3299
234,1,0,0,0,0,0,0,180.0,110.0,0.498,27.8191,37.5578
235,1,0,0,0,0,0,0,180.0,110.0,0.75,36.3177,38.8537
236,1,0,0,0,0,0,0,180.0,110.0,1.0,44.7549,39.7818
237,1,0,0,0,0,0,0,180.0,110.0,1.25,52.8026,40.1658
238,1,0,0,0,0,0,0,180.0,110.0,1.5,59.8924,39.9913
239,1,0,0,0,0,0,0,180.0,110.0,1.75,65.3625,38.7601
240,1,0,0,0,0,0,0,180.0,110.0,2.0,69.3152,36.8758
241,1,0,0,0,0,0,0,180.0,110.0,2.25,71.8297,34.413
242,1,0,0,0,0,0,0,180.0,110.0,2.515,73.4296,31.3611
243,1,0,0,0,0,0,0,240.0,30.0,0.498,1.59141,2.2599
244,1,0,0,0,0,0,0,240.0,30.0,0.75,3.27192,2.91462
245,1,0,0,0,0,0,0,240.0,30.0,1.0,4.499,3.68498
246,1,0,0,0,0,0,0,240.0,30.0,1.25,5.20871,4.34972
247,1,0,0,0,0,0,0,240.0,30.0,1.5,5.63492,4.94614
248,1,0,0,0,0,0,0,240.0,30.0,1.75,5.97401,5.58204
249,1,0,0,0,0,0,0,240.0,30.0,2.0,6.45381,6.05332
250,1,0,0,0,0,0,0,240.0,30.0,2.25,6.57271,6.13546
251,1,0,0,0,0,0,0,240.0,30.0,2.515,6.85603,5.98329
252,1,0,0,0,0,0,0,240.0,40.0,0.498,4.75959,6.37403
253,1,0,0,0,0,0,0,240.0,40.0,0.75,6.92534,6.77891
254,1,0,0,0,0,0,0,240.0,40.0,1.0,8.68778,7.19996
255,1,0,0,0,0,0,0,240.0,40.0,1.25,9.77722,7.47218
256,1,0,0,0,0,0,0,240.0,40.0,1.5,10.4013,7.60346
257,1,0,0,0,0,0,0,240.0,40.0,1.75,10.7641,7.81907
258,1,0,0,0,0,0,0,240.0,40.0,2.0,10.9773,7.99708
259,1,0,0,0,0,0,0,240.0,40.0,2.25,11.1606,7.98479
260,1,0,0,0,0,0,0,240.0,40.0,2.515,11.754,7.83992
261,1,0,0,0,0,0,0,240.0,50.0,0.498,8.08458,10.6604
262,1,0,0,0,0,0,0,240.0,50.0,0.75,11.3055,11.164
263,1,0,0,0,0,0,0,240.0,50.0,1.0,13.7501,11.4513
264,1,0,0,0,0,0,0,240.0,50.0,1.25,15.225,11.4309
265,1,0,0,0,0,0,0,240.0,50.0,1.5,16.0227,11.3241
266,1,0,0,0,0,0,0,240.0,50.0,1.75,16.5906,11.197
267,1,0,0,0,0,0,0,240.0,50.0,2.0,17.2775,10.941
268,1,0,0,0,0,0,0,240.0,50.0,2.25,17.9456,10.5021
269,1,0,0,0,0,0,0,240.0,50.0,2.515,18.5911,9.80675
270,1,0,0,0,0,0,0,240.0,60.0,0.498,11.3574,15.009
271,1,0,0,0,0,0,0,240.0,60.0,0.75,15.5006,15.7184
272,1,0,0,0,0,0,0,240.0,60.0,1.0,18.802,16.1463
273,1,0,0,0,0,0,0,240.0,60.0,1.25,21.0424,16.0253
274,1,0,0,0,0,0,0,240.0,60.0,1.5,22.4637,15.5685
275,1,0,0,0,0,0,0,240.0,60.0,1.75,23.579,14.978
276,1,0,0,0,0,0,0,240.0,60.0,2.0,24.6052,14.3127
277,1,0,0,0,0,0,0,240.0,60.0,2.25,25.4598,13.6032
278,1,0,0,0,0,0,0,240.0,60.0,2.515,26.6132,12.802
279,1,0,0,0,0,0,0,240.0,70.0,0.498,14.1718,19.4336
280,1,0,0,0,0,0,0,240.0,70.0,0.75,19.4649,20.372
281,1,0,0,0,0,0,0,240.0,70.0,1.0,23.8447,20.9728
282,1,0,0,0,0,0,0,240.0,70.0,1.25,27.2659,20.9795
283,1,0,0,0,0,0,0,240.0,70.0,1.5,29.5295,20.2134
284,1,0,0,0,0,0,0,240.0,70.0,1.75,31.2935,19.2087
285,1,0,0,0,0,0,0,240.0,70.0,2.0,32.6897,18.1421
286,1,0,0,0,0,0,0,240.0,70.0,2.25,34.0584,17.0816
287,1,0,0,0,0,0,0,240.0,70.0,2.515,35.4001,15.8089
288,1,0,0,0,0,0,0,240.0,80.0,0.498,17.2214,24.1564
289,1,0,0,0,0,0,0,240.0,80.0,0.75,23.508,25.2959
290,1,0,0,0,0,0,0,240.0,80.0,1.0,29.1779,26.0188
291,1,0,0,0,0,0,0,240.0,80.0,1.25,33.7547,26.041
292,1,0,0,0,0,0,0,240.0,80.0,1.5,37.2446,25.2731
293,1,0,0,0,0,0,0,240.0,80.0,1.75,39.9416,24.1347
294,1,0,0,0,0,0,0,240.0,80.0,2.0,41.8441,22.6632
295,1,0,0,0,0,0,0,240.0,80.0,2.25,43.6004,21.1232
296,1,0,0,0,0,0,0,240.0,80.0,2.515,44.915,19.231
297,1,0,0,0,0,0,0,240.0,90.0,0.498,20.7478,29.2843
298,1,0,0,0,0,0,0,240.0,90.0,0.75,28.0182,30.4123
299,1,0,0,0,0,0,0,240.0,90.0,1.0,34.8093,31.1791
300,1,0,0,0,0,0,0,240.0,90.0,1.25,40.6496,31.236
301,1,0,0,0,0,0,0,240.0,90.0,1.5,45.6345,30.7726
302,1,0,0,0,0,0,0,240.0,90.0,1.75,49.1586,29.6049
303,1,0,0,0,0,0,0,240.0,90.0,2.0,51.6093,27.7083
304,1,0,0,0,0,0,0,240.0,90.0,2.25,53.3307,25.4631
305,1,0,0,0,0,0,0,240.0,90.0,2.515,54.2908,22.7532
306,1,0,0,0,0,0,0,240.0,100.0,0.498,24.7491,34.4414
307,1,0,0,0,0,0,0,240.0,100.0,0.75,32.6846,35.5099
308,1,0,0,0,0,0,0,240.0,100.0,1.0,40.4207,36.2837
309,1,0,0,0,0,0,0,240.0,100.0,1.25,47.7568,36.6071
310,1,0,0,0,0,0,0,240.0,100.0,1.5,53.7771,36.2081
311,1,0,0,0,0,0,0,240.0,100.0,1.75,58.0822,34.8589
312,1,0,0,0,0,0,0,240.0,100.0,2.0,61.1297,32.6519
313,1,0,0,0,0,0,0,240.0,100.0,2.25,62.9843,29.9035
314,1,0,0,0,0,0,0,240.0,100.0,2.515,63.8431,26.5678
315,1,0,0,0,0,0,0,240.0,110.0,0.498,29.353,39.6724
316,1,0,0,0,0,0,0,240.0,110.0,0.75,37.7825,40.8039
317,1,0,0,0,0,0,0,240.0,110.0,1.0,46.1906,41.4484
318,1,0,0,0,0,0,0,240.0,110.0,1.25,54.2492,41.6929
319,1,0,0,0,0,0,0,240.0,110.0,1.5,61.1162,41.2219
320,1,0,0,0,0,0,0,240.0,110.0,1.75,66.2907,39.5634
321,1,0,0,0,0,0,0,240.0,110.0,2.0,69.9032,37.1647
322,1,0,0,0,0,0,0,240.0,110.0,2.25,72.1807,34.2547
323,1,0,0,0,0,0,0,240.0,110.0,2.515,73.4039,30.7606
324,1,0,0,0,0,0,0,300.0,30.0,0.498,2.46681,3.12917
325,1,0,0,0,0,0,0,300.0,30.0,0.75,4.18839,3.50185
326,1,0,0,0,0,0,0,300.0,30.0,1.0,5.36049,4.14118
327,1,0,0,0,0,0,0,300.0,30.0,1.25,6.10023,4.78921
328,1,0,0,0,0,0,0,300.0,30.0,1.5,6.57989,5.39777
329,1,0,0,0,0,0,0,300.0,30.0,1.75,7.20903,5.90301
330,1,0,0,0,0,0,0,300.0,30.0,2.0,7.5879,6.20161
331,1,0,0,0,0,0,0,300.0,30.0,2.25,7.69109,6.18934
332,1,0,0,0,0,0,0,300.0,30.0,2.515,7.78905,5.9427
333,1,0,0,0,0,0,0,300.0,40.0,0.498,5.53881,7.28505
334,1,0,0,0,0,0,0,300.0,40.0,0.75,7.97926,7.47912
335,1,0,0,0,0,0,0,300.0,40.0,1.0,9.59094,7.58615
336,1,0,0,0,0,0,0,300.0,40.0,1.25,10.804,7.86094
337,1,0,0,0,0,0,0,300.0,40.0,1.5,11.4814,7.97661
338,1,0,0,0,0,0,0,300.0,40.0,1.75,11.8596,7.93237
339,1,0,0,0,0,0,0,300.0,40.0,2.0,12.0806,8.10282
340,1,0,0,0,0,0,0,300.0,40.0,2.25,12.1584,8.01235
341,1,0,0,0,0,0,0,300.0,40.0,2.515,12.552,7.70514
342,1,0,0,0,0,0,0,300.0,50.0,0.498,9.14085,11.7246
343,1,0,0,0,0,0,0,300.0,50.0,0.75,12.3391,11.9136
344,1,0,0,0,0,0,0,300.0,50.0,1.0,14.4837,11.864
345,1,0,0,0,0,0,0,300.0,50.0,1.25,15.8707,11.734
346,1,0,0,0,0,0,0,300.0,50.0,1.5,16.8187,11.6263
347,1,0,0,0,0,0,0,300.0,50.0,1.75,17.4665,11.2827
348,1,0,0,0,0,0,0,300.0,50.0,2.0,18.2451,10.9387
349,1,0,0,0,0,0,0,300.0,50.0,2.25,18.7627,10.3329
350,1,0,0,0,0,0,0,300.0,50.0,2.515,19.3995,9.58533
351,1,0,0,0,0,0,0,300.0,60.0,0.498,12.4203,16.3321
352,1,0,0,0,0,0,0,300.0,60.0,0.75,16.3804,16.6526
353,1,0,0,0,0,0,0,300.0,60.0,1.0,19.5743,16.7066
354,1,0,0,0,0,0,0,300.0,60.0,1.25,21.5815,16.346
355,1,0,0,0,0,0,0,300.0,60.0,1.5,22.9981,15.7982
356,1,0,0,0,0,0,0,300.0,60.0,1.75,24.2359,15.0911
357,1,0,0,0,0,0,0,300.0,60.0,2.0,25.286,14.1652
358,1,0,0,0,0,0,0,300.0,60.0,2.25,26.3618,13.4308
359,1,0,0,0,0,0,0,300.0,60.0,2.515,27.3544,12.5129
360,1,0,0,0,0,0,0,300.0,70.0,0.498,15.431,21.0451
361,1,0,0,0,0,0,0,300.0,70.0,0.75,20.3087,21.6037
362,1,0,0,0,0,0,0,300.0,70.0,1.0,24.5314,21.8034
363,1,0,0,0,0,0,0,300.0,70.0,1.25,27.7872,21.422
364,1,0,0,0,0,0,0,300.0,70.0,1.5,29.9204,20.4629
365,1,0,0,0,0,0,0,300.0,70.0,1.75,31.6733,19.2818
366,1,0,0,0,0,0,0,300.0,70.0,2.0,33.3067,17.9994
367,1,0,0,0,0,0,0,300.0,70.0,2.25,34.9121,16.8621
368,1,0,0,0,0,0,0,300.0,70.0,2.515,36.047,15.3581
369,1,0,0,0,0,0,0,300.0,80.0,0.498,18.686,26.0317
370,1,0,0,0,0,0,0,300.0,80.0,0.75,24.6092,26.741
371,1,0,0,0,0,0,0,300.0,80.0,1.0,29.9171,27.0196
372,1,0,0,0,0,0,0,300.0,80.0,1.25,34.446,26.6915
373,1,0,0,0,0,0,0,300.0,80.0,1.5,37.632,25.651
374,1,0,0,0,0,0,0,300.0,80.0,1.75,40.0813,24.091
375,1,0,0,0,0,0,0,300.0,80.0,2.0,42.193,22.4619
376,1,0,0,0,0,0,0,300.0,80.0,2.25,43.9687,20.6998
377,1,0,0,0,0,0,0,300.0,80.0,2.515,45.2571,18.588
378,1,0,0,0,0,0,0,300.0,90.0,0.498,22.0274,31.1943
379,1,0,0,0,0,0,0,300.0,90.0,0.75,29.2522,32.0525
380,1,0,0,0,0,0,0,300.0,90.0,1.0,35.718,32.3271
381,1,0,0,0,0,0,0,300.0,90.0,1.25,41.306,32.0247
382,1,0,0,0,0,0,0,300.0,90.0,1.5,46.0007,31.1
383,1,0,0,0,0,0,0,300.0,90.0,1.75,49.2048,29.4963
384,1,0,0,0,0,0,0,300.0,90.0,2.0,51.5962,27.3179
385,1,0,0,0,0,0,0,300.0,90.0,2.25,53.3467,24.8727
386,1,0,0,0,0,0,0,300.0,90.0,2.515,54.2362,21.996
387,1,0,0,0,0,0,0,300.0,100.0,0.498,26.22,36.5422
388,1,0,0,0,0,0,0,300.0,100.0,0.75,34.0705,37.3201
389,1,0,0,0,0,0,0,300.0,100.0,1.0,41.5917,37.6687
390,1,0,0,0,0,0,0,300.0,100.0,1.25,48.4466,37.5072
391,1,0,0,0,0,0,0,300.0,100.0,1.5,54.0566,36.6548
392,1,0,0,0,0,0,0,300.0,100.0,1.75,58.2753,34.9309
393,1,0,0,0,0,0,0,300.0,100.0,2.0,61.1083,32.3528
394,1,0,0,0,0,0,0,300.0,100.0,2.25,62.9265,29.4082
395,1,0,0,0,0,0,0,300.0,100.0,2.515,63.5674,25.8055
396,1,0,0,0,0,0,0,300.0,110.0,0.498,30.8498,41.7721
397,1,0,0,0,0,0,0,300.0,110.0,0.75,38.9971,42.4925
398,1,0,0,0,0,0,0,300.0,110.0,1.0,47.2404,42.8514
399,1,0,0,0,0,0,0,300.0,110.0,1.25,55.151,42.8532
400,1,0,0,0,0,0,0,300.0,110.0,1.5,61.6334,41.9054
401,1,0,0,0,0,0,0,300.0,110.0,1.75,66.5223,40.0224
402,1,0,0,0,0,0,0,300.0,110.0,2.0,70.0183,37.2479
403,1,0,0,0,0,0,0,300.0,110.0,2.25,72.0826,33.8991
404,1,0,0,0,0,0,0,300.0,110.0,2.515,73.1115,30.0591
405,1,0,0,0,0,0,0,360.0,30.0,0.498,3.2574,3.89408
406,1,0,0,0,0,0,0,360.0,30.0,0.75,4.8791,4.10212
407,1,0,0,0,0,0,0,360.0,30.0,1.0,5.96254,4.54422
408,1,0,0,0,0,0,0,360.0,30.0,1.25,6.94203,5.17951
409,1,0,0,0,0,0,0,360.0,30.0,1.5,7.65668,5.76746
410,1,0,0,0,0,0,0,360.0,30.0,1.75,8.30163,6.10346
411,1,0,0,0,0,0,0,360.0,30.0,2.0,8.62102,6.25002
412,1,0,0,0,0,0,0,360.0,30.0,2.25,8.76364,6.15058
413,1,0,0,0,0,0,0,360.0,30.0,2.515,8.74098,5.83098
414,1,0,0,0,0,0,0,360.0,40.0,0.498,6.38511,8.12218
415,1,0,0,0,0,0,0,360.0,40.0,0.75,8.80494,8.09687
416,1,0,0,0,0,0,0,360.0,40.0,1.0,10.4058,8.09691
417,1,0,0,0,0,0,0,360.0,40.0,1.25,11.5683,8.21039
418,1,0,0,0,0,0,0,360.0,40.0,1.5,12.2888,8.21362
419,1,0,0,0,0,0,0,360.0,40.0,1.75,12.6813,8.10786
420,1,0,0,0,0,0,0,360.0,40.0,2.0,13.0564,8.09902
421,1,0,0,0,0,0,0,360.0,40.0,2.25,13.1604,7.92196
422,1,0,0,0,0,0,0,360.0,40.0,2.515,13.2476,7.43036
423,1,0,0,0,0,0,0,360.0,50.0,0.498,9.94651,12.6546
424,1,0,0,0,0,0,0,360.0,50.0,0.75,12.9618,12.5834
425,1,0,0,0,0,0,0,360.0,50.0,1.0,15.0927,12.3285
426,1,0,0,0,0,0,0,360.0,50.0,1.25,16.4327,12.1265
427,1,0,0,0,0,0,0,360.0,50.0,1.5,17.3494,11.7865
428,1,0,0,0,0,0,0,360.0,50.0,1.75,18.1934,11.2905
429,1,0,0,0,0,0,0,360.0,50.0,2.0,18.9734,10.7439
430,1,0,0,0,0,0,0,360.0,50.0,2.25,19.5198,10.0466
431,1,0,0,0,0,0,0,360.0,50.0,2.515,20.0271,9.26289
432,1,0,0,0,0,0,0,360.0,60.0,0.498,13.1832,17.4349
433,1,0,0,0,0,0,0,360.0,60.0,0.75,16.9629,17.4394
434,1,0,0,0,0,0,0,360.0,60.0,1.0,19.9516,17.1751
435,1,0,0,0,0,0,0,360.0,60.0,1.25,21.7893,16.58
436,1,0,0,0,0,0,0,360.0,60.0,1.5,23.2452,15.8965
437,1,0,0,0,0,0,0,360.0,60.0,1.75,24.7426,15.0553
438,1,0,0,0,0,0,0,360.0,60.0,2.0,25.8921,14.0931
439,1,0,0,0,0,0,0,360.0,60.0,2.25,27.0637,13.143
440,1,0,0,0,0,0,0,360.0,60.0,2.515,27.9821,11.9295
441,1,0,0,0,0,0,0,360.0,70.0,0.498,16.4502,22.4629
442,1,0,0,0,0,0,0,360.0,70.0,0.75,21.0531,22.6408
443,1,0,0,0,0,0,0,360.0,70.0,1.0,24.883,22.3788
444,1,0,0,0,0,0,0,360.0,70.0,1.25,27.9556,21.6311
445,1,0,0,0,0,0,0,360.0,70.0,1.5,29.9896,20.5436
446,1,0,0,0,0,0,0,360.0,70.0,1.75,31.8532,19.1723
447,1,0,0,0,0,0,0,360.0,70.0,2.0,33.7259,17.8041
448,1,0,0,0,0,0,0,360.0,70.0,2.25,35.3652,16.4157
449,1,0,0,0,0,0,0,360.0,70.0,2.515,36.5831,14.7594
450,1,0,0,0,0,0,0,360.0,80.0,0.498,19.7634,27.6948
451,1,0,0,0,0,0,0,360.0,80.0,0.75,25.4091,28.0005
452,1,0,0,0,0,0,0,360.0,80.0,1.0,30.4442,27.8132
453,1,0,0,0,0,0,0,360.0,80.0,1.25,34.575,27.0716
454,1,0,0,0,0,0,0,360.0,80.0,1.5,37.4767,25.5836
455,1,0,0,0,0,0,0,360.0,80.0,1.75,40.0235,23.9092
456,1,0,0,0,0,0,0,360.0,80.0,2.0,42.3023,22.0938
457,1,0,0,0,0,0,0,360.0,80.0,2.25,44.0204,20.0794
458,1,0,0,0,0,0,0,360.0,80.0,2.515,45.2568,17.7459
459,1,0,0,0,0,0,0,360.0,90.0,0.498,23.3138,33.039
460,1,0,0,0,0,0,0,360.0,90.0,0.75,30.152,33.4989
461,1,0,0,0,0,0,0,360.0,90.0,1.0,36.2246,33.2979
462,1,0,0,0,0,0,0,360.0,90.0,1.25,41.421,32.4577
463,1,0,0,0,0,0,0,360.0,90.0,1.5,45.5684,30.9286
464,1,0,0,0,0,0,0,360.0,90.0,1.75,48.8796,29.1286
465,1,0,0,0,0,0,0,360.0,90.0,2.0,51.3321,26.8527
466,1,0,0,0,0,0,0,360.0,90.0,2.25,52.9701,24.0833
467,1,0,0,0,0,0,0,360.0,90.0,2.515,53.9946,21.0631
468,1,0,0,0,0,0,0,360.0,100.0,0.498,27.4107,38.4044
469,1,0,0,0,0,0,0,360.0,100.0,0.75,34.9839,38.8809
470,1,0,0,0,0,0,0,360.0,100.0,1.0,42.1314,38.8148
471,1,0,0,0,0,0,0,360.0,100.0,1.25,48.4716,38.0243
472,1,0,0,0,0,0,0,360.0,100.0,1.5,53.9646,36.8104
473,1,0,0,0,0,0,0,360.0,100.0,1.75,57.9005,34.6991
474,1,0,0,0,0,0,0,360.0,100.0,2.0,60.6311,31.7943
475,1,0,0,0,0,0,0,360.0,100.0,2.25,62.2524,28.6512
476,1,0,0,0,0,0,0,360.0,100.0,2.515,63.0264,24.9137
477,1,0,0,0,0,0,0,360.0,110.0,0.498,32.1512,43.8073
478,1,0,0,0,0,0,0,360.0,110.0,0.75,40.1299,44.1798
479,1,0,0,0,0,0,0,360.0,110.0,1.0,47.9488,44.0527
480,1,0,0,0,0,0,0,360.0,110.0,1.25,55.4401,43.5475
481,1,0,0,0,0,0,0,360.0,110.0,1.5,61.5366,42.1013
482,1,0,0,0,0,0,0,360.0,110.0,1.75,66.2721,39.9862
483,1,0,0,0,0,0,0,360.0,110.0,2.0,69.5475,36.9547
484,1,0,0,0,0,0,0,360.0,110.0,2.25,71.391,33.203
485,1,0,0,0,0,0,0,360.0,110.0,2.515,72.41,29.1741
486,1,0,0,0,0,0,0,420.0,30.0,0.498,3.76196,4.61644
487,1,0,0,0,0,0,0,420.0,30.0,0.75,5.34552,4.6451
488,1,0,0,0,0,0,0,420.0,30.0,1.0,6.72141,4.95305
489,1,0,0,0,0,0,0,420.0,30.0,1.25,7.73456,5.43862
490,1,0,0,0,0,0,0,420.0,30.0,1.5,8.38601,5.90065
491,1,0,0,0,0,0,0,420.0,30.0,1.75,9.07087,6.20257
492,1,0,0,0,0,0,0,420.0,30.0,2.0,9.58318,6.23225
493,1,0,0,0,0,0,0,420.0,30.0,2.25,9.81642,6.12576
494,1,0,0,0,0,0,0,420.0,30.0,2.515,9.69333,5.67878
495,1,0,0,0,0,0,0,420.0,40.0,0.498,7.08938,8.93776
496,1,0,0,0,0,0,0,420.0,40.0,0.75,9.27552,8.65936
497,1,0,0,0,0,0,0,420.0,40.0,1.0,11.062,8.57212
498,1,0,0,0,0,0,0,420.0,40.0,1.25,12.2304,8.52715
499,1,0,0,0,0,0,0,420.0,40.0,1.5,12.8578,8.3112
500,1,0,0,0,0,0,0,420.0,40.0,1.75,13.3368,8.17496
501,1,0,0,0,0,0,0,420.0,40.0,2.0,13.8931,8.10716
502,1,0,0,0,0,0,0,420.0,40.0,2.25,14.0356,7.74195
503,1,0,0,0,0,0,0,420.0,40.0,2.515,14.0501,7.1767
504,1,0,0,0,0,0,0,420.0,50.0,0.498,10.4596,13.4622
505,1,0,0,0,0,0,0,420.0,50.0,0.75,13.4431,13.2185
506,1,0,0,0,0,0,0,420.0,50.0,1.0,15.4912,12.8232
507,1,0,0,0,0,0,0,420.0,50.0,1.25,16.7217,12.3914
508,1,0,0,0,0,0,0,420.0,50.0,1.5,17.713,11.8051
509,1,0,0,0,0,0,0,420.0,50.0,1.75,18.6978,11.1593
510,1,0,0,0,0,0,0,420.0,50.0,2.0,19.5249,10.4749
511,1,0,0,0,0,0,0,420.0,50.0,2.25,20.1551,9.61123
512,1,0,0,0,0,0,0,420.0,50.0,2.515,20.6757,8.86176
513,1,0,0,0,0,0,0,420.0,60.0,0.498,13.6939,18.3586
514,1,0,0,0,0,0,0,420.0,60.0,0.75,17.3074,18.0262
515,1,0,0,0,0,0,0,420.0,60.0,1.0,19.9979,17.5627
516,1,0,0,0,0,0,0,420.0,60.0,1.25,21.8736,16.8714
517,1,0,0,0,0,0,0,420.0,60.0,1.5,23.4118,15.8934
518,1,0,0,0,0,0,0,420.0,60.0,1.75,24.9275,14.888
519,1,0,0,0,0,0,0,420.0,60.0,2.0,26.2024,13.7597
520,1,0,0,0,0,0,0,420.0,60.0,2.25,27.4952,12.6842
521,1,0,0,0,0,0,0,420.0,60.0,2.515,28.4538,11.2752
522,1,0,0,0,0,0,0,420.0,70.0,0.498,17.3183,23.676
523,1,0,0,0,0,0,0,420.0,70.0,0.75,21.5331,23.4382
524,1,0,0,0,0,0,0,420.0,70.0,1.0,25.0034,22.8018
525,1,0,0,0,0,0,0,420.0,70.0,1.25,27.718,21.7137
526,1,0,0,0,0,0,0,420.0,70.0,1.5,29.7058,20.3769
527,1,0,0,0,0,0,0,420.0,70.0,1.75,31.7745,18.8832
528,1,0,0,0,0,0,0,420.0,70.0,2.0,33.8169,17.4514
529,1,0,0,0,0,0,0,420.0,70.0,2.25,35.4274,15.8331
530,1,0,0,0,0,0,0,420.0,70.0,2.515,36.6451,14.0365
531,1,0,0,0,0,0,0,420.0,80.0,0.498,20.6531,29.1017
532,1,0,0,0,0,0,0,420.0,80.0,0.75,26.0425,29.0072
533,1,0,0,0,0,0,0,420.0,80.0,1.0,30.5499,28.3514
534,1,0,0,0,0,0,0,420.0,80.0,1.25,34.1738,27.081
535,1,0,0,0,0,0,0,420.0,80.0,1.5,37.0105,25.3521
536,1,0,0,0,0,0,0,420.0,80.0,1.75,39.6957,23.517
537,1,0,0,0,0,0,0,420.0,80.0,2.0,41.9599,21.5306
538,1,0,0,0,0,0,0,420.0,80.0,2.25,43.809,19.3667
539,1,0,0,0,0,0,0,420.0,80.0,2.515,44.9934,16.816
540,1,0,0,0,0,0,0,420.0,90.0,0.498,24.3566,34.7456
541,1,0,0,0,0,0,0,420.0,90.0,0.75,30.7989,34.6909
542,1,0,0,0,0,0,0,420.0,90.0,1.0,36.4844,34.0823
543,1,0,0,0,0,0,0,420.0,90.0,1.25,41.1144,32.7027
544,1,0,0,0,0,0,0,420.0,90.0,1.5,44.9719,30.7657
545,1,0,0,0,0,0,0,420.0,90.0,1.75,48.1831,28.6421
546,1,0,0,0,0,0,0,420.0,90.0,2.0,50.754,26.23
547,1,0,0,0,0,0,0,420.0,90.0,2.25,52.3513,23.2898
548,1,0,0,0,0,0,0,420.0,90.0,2.515,53.44,20.0869
549,1,0,0,0,0,0,0,420.0,100.0,0.498,28.6053,40.3002
550,1,0,0,0,0,0,0,420.0,100.0,0.75,35.7511,40.282
551,1,0,0,0,0,0,0,420.0,100.0,1.0,42.3716,39.7403
552,1,0,0,0,0,0,0,420.0,100.0,1.25,48.2751,38.4511
553,1,0,0,0,0,0,0,420.0,100.0,1.5,53.3246,36.5933
554,1,0,0,0,0,0,0,420.0,100.0,1.75,57.0427,34.1449
555,1,0,0,0,0,0,0,420.0,100.0,2.0,59.6329,31.0865
556,1,0,0,0,0,0,0,420.0,100.0,2.25,61.2617,27.6642
557,1,0,0,0,0,0,0,420.0,100.0,2.515,62.2361,23.9287
558,1,0,0,0,0,0,0,420.0,110.0,0.498,33.4523,45.8264
559,1,0,0,0,0,0,0,420.0,110.0,0.75,41.1314,45.7587
560,1,0,0,0,0,0,0,420.0,110.0,1.0,48.3812,45.1407
561,1,0,0,0,0,0,0,420.0,110.0,1.25,55.121,43.8997
562,1,0,0,0,0,0,0,420.0,110.0,1.5,60.9872,42.0098
563,1,0,0,0,0,0,0,420.0,110.0,1.75,65.3643,39.502
564,1,0,0,0,0,0,0,420.0,110.0,2.0,68.336,36.2299
565,1,0,0,0,0,0,0,420.0,110.0,2.25,70.347,32.4871
566,1,0,0,0,0,0,0,420.0,110.0,2.515,71.5251,28.3
567,1,0,0,0,0,0,0,480.0,30.0,0.498,4.07048,5.34369
568,1,0,0,0,0,0,0,480.0,30.0,0.75,5.73793,5.19113
569,1,0,0,0,0,0,0,480.0,30.0,1.0,7.28079,5.25417
570,1,0,0,0,0,0,0,480.0,30.0,1.25,8.22014,5.49261
571,1,0,0,0,0,0,0,480.0,30.0,1.5,8.92031,5.83708
572,1,0,0,0,0,0,0,480.0,30.0,1.75,9.64646,6.10638
573,1,0,0,0,0,0,0,480.0,30.0,2.0,10.2882,6.10937
574,1,0,0,0,0,0,0,480.0,30.0,2.25,10.6013,5.93368
575,1,0,0,0,0,0,0,480.0,30.0,2.515,10.456,5.3664
576,1,0,0,0,0,0,0,480.0,40.0,0.498,7.59886,9.62731
577,1,0,0,0,0,0,0,480.0,40.0,0.75,9.70205,9.27617
578,1,0,0,0,0,0,0,480.0,40.0,1.0,11.4759,9.01521
579,1,0,0,0,0,0,0,480.0,40.0,1.25,12.5902,8.63187
580,1,0,0,0,0,0,0,480.0,40.0,1.5,13.2439,8.21306
581,1,0,0,0,0,0,0,480.0,40.0,1.75,13.8565,8.09599
582,1,0,0,0,0,0,0,480.0,40.0,2.0,14.4594,7.93143
583,1,0,0,0,0,0,0,480.0,40.0,2.25,14.6603,7.45328
584,1,0,0,0,0,0,0,480.0,40.0,2.515,14.8344,6.80721
585,1,0,0,0,0,0,0,480.0,50.0,0.498,10.9003,14.2364
586,1,0,0,0,0,0,0,480.0,50.0,0.75,13.6718,13.7845
587,1,0,0,0,0,0,0,480.0,50.0,1.0,15.6565,13.2609
588,1,0,0,0,0,0,0,480.0,50.0,1.25,16.8934,12.516
589,1,0,0,0,0,0,0,480.0,50.0,1.5,17.9947,11.7749
590,1,0,0,0,0,0,0,480.0,50.0,1.75,19.0279,10.976
591,1,0,0,0,0,0,0,480.0,50.0,2.0,19.8786,10.1109
592,1,0,0,0,0,0,0,480.0,50.0,2.25,20.6415,9.1626
593,1,0,0,0,0,0,0,480.0,50.0,2.515,21.1452,8.35225
594,1,0,0,0,0,0,0,480.0,60.0,0.498,14.217,19.2677
595,1,0,0,0,0,0,0,480.0,60.0,0.75,17.482,18.6088
596,1,0,0,0,0,0,0,480.0,60.0,1.0,19.9139,17.9168
597,1,0,0,0,0,0,0,480.0,60.0,1.25,21.7223,16.8719
598,1,0,0,0,0,0,0,480.0,60.0,1.5,23.3253,15.716
599,1,0,0,0,0,0,0,480.0,60.0,1.75,24.7696,14.4742
600,1,0,0,0,0,0,0,480.0,60.0,2.0,26.1837,13.2481
601,1,0,0,0,0,0,0,480.0,60.0,2.25,27.5752,12.0187
602,1,0,0,0,0,0,0,480.0,60.0,2.515,28.5496,10.4839
603,1,0,0,0,0,0,0,480.0,70.0,0.498,17.7433,24.7189
604,1,0,0,0,0,0,0,480.0,70.0,0.75,21.7089,24.0582
605,1,0,0,0,0,0,0,480.0,70.0,1.0,24.7886,22.9564
606,1,0,0,0,0,0,0,480.0,70.0,1.25,27.1181,21.5965
607,1,0,0,0,0,0,0,480.0,70.0,1.5,29.2399,20.0466
608,1,0,0,0,0,0,0,480.0,70.0,1.75,31.5307,18.5416
609,1,0,0,0,0,0,0,480.0,70.0,2.0,33.517,16.9483
610,1,0,0,0,0,0,0,480.0,70.0,2.25,35.2151,15.1552
611,1,0,0,0,0,0,0,480.0,70.0,2.515,36.3382,12.9996
612,1,0,0,0,0,0,0,480.0,80.0,0.498,21.3274,30.4318
613,1,0,0,0,0,0,0,480.0,80.0,0.75,26.2193,29.7792
614,1,0,0,0,0,0,0,480.0,80.0,1.0,30.2859,28.6097
615,1,0,0,0,0,0,0,480.0,80.0,1.25,33.5059,26.8963
616,1,0,0,0,0,0,0,480.0,80.0,1.5,36.4324,25.0582
617,1,0,0,0,0,0,0,480.0,80.0,1.75,38.9638,23.0088
618,1,0,0,0,0,0,0,480.0,80.0,2.0,41.2478,20.8811
619,1,0,0,0,0,0,0,480.0,80.0,2.25,43.1469,18.5264
620,1,0,0,0,0,0,0,480.0,80.0,2.515,44.4309,15.8978
621,1,0,0,0,0,0,0,480.0,90.0,0.498,25.3152,36.2986
622,1,0,0,0,0,0,0,480.0,90.0,0.75,31.3789,35.8303
623,1,0,0,0,0,0,0,480.0,90.0,1.0,36.3968,34.569
624,1,0,0,0,0,0,0,480.0,90.0,1.25,40.7108,32.8311
625,1,0,0,0,0,0,0,480.0,90.0,1.5,44.0997,30.5724
626,1,0,0,0,0,0,0,480.0,90.0,1.75,47.1671,28.0518
627,1,0,0,0,0,0,0,480.0,90.0,2.0,49.672,25.3699
628,1,0,0,0,0,0,0,480.0,90.0,2.25,51.536,22.3775
629,1,0,0,0,0,0,0,480.0,90.0,2.515,52.6678,19.0879
630,1,0,0,0,0,0,0,480.0,100.0,0.498,29.8174,42.1504
631,1,0,0,0,0,0,0,480.0,100.0,0.75,36.4519,41.574
632,1,0,0,0,0,0,0,480.0,100.0,1.0,42.5082,40.4354
633,1,0,0,0,0,0,0,480.0,100.0,1.25,47.7746,38.6206
634,1,0,0,0,0,0,0,480.0,100.0,1.5,52.2514,36.2607
635,1,0,0,0,0,0,0,480.0,100.0,1.75,55.6004,33.3878
636,1,0,0,0,0,0,0,480.0,100.0,2.0,58.2274,30.1898
637,1,0,0,0,0,0,0,480.0,100.0,2.25,60.0799,26.6909
638,1,0,0,0,0,0,0,480.0,100.0,2.515,61.2519,22.8522
639,1,0,0,0,0,0,0,480.0,110.0,0.498,34.6995,47.5963
640,1,0,0,0,0,0,0,480.0,110.0,0.75,41.7477,47.0066
641,1,0,0,0,0,0,0,480.0,110.0,1.0,48.396,45.8509
642,1,0,0,0,0,0,0,480.0,110.0,1.25,54.6109,44.092
643,1,0,0,0,0,0,0,480.0,110.0,1.5,59.976,41.7476
644,1,0,0,0,0,0,0,480.0,110.0,1.75,64.0119,38.8821
645,1,0,0,0,0,0,0,480.0,110.0,2.0,66.8009,35.3923
646,1,0,0,0,0,0,0,480.0,110.0,2.25,68.9521,31.5993
647,1,0,0,0,0,0,0,480.0,110.0,2.515,70.3691,27.3731
648,1,0,0,0,0,0,0,540.0,30.0,0.498,4.26561,6.06418
649,1,0,0,0,0,0,0,540.0,30.0,0.75,6.14891,5.73378
650,1,0,0,0,0,0,0,540.0,30.0,1.0,7.59651,5.48292
651,1,0,0,0,0,0,0,540.0,30.0,1.25,8.63216,5.56955
652,1,0,0,0,0,0,0,540.0,30.0,1.5,9.46079,5.73008
653,1,0,0,0,0,0,0,540.0,30.0,1.75,10.2018,5.89044
654,1,0,0,0,0,0,0,540.0,30.0,2.0,10.7903,5.78125
655,1,0,0,0,0,0,0,540.0,30.0,2.25,11.08,5.45349
656,1,0,0,0,0,0,0,540.0,30.0,2.515,11.057,4.85817
657,1,0,0,0,0,0,0,540.0,40.0,0.498,7.89637,10.3585
658,1,0,0,0,0,0,0,540.0,40.0,0.75,10.0702,9.85075
659,1,0,0,0,0,0,0,540.0,40.0,1.0,11.7168,9.30012
660,1,0,0,0,0,0,0,540.0,40.0,1.25,12.7844,8.71221
661,1,0,0,0,0,0,0,540.0,40.0,1.5,13.6148,8.1198
662,1,0,0,0,0,0,0,540.0,40.0,1.75,14.2417,7.83167
663,1,0,0,0,0,0,0,540.0,40.0,2.0,14.784,7.46019
664,1,0,0,0,0,0,0,540.0,40.0,2.25,15.0127,6.97351
665,1,0,0,0,0,0,0,540.0,40.0,2.515,15.342,6.22705
666,1,0,0,0,0,0,0,540.0,50.0,0.498,11.2323,15.0481
667,1,0,0,0,0,0,0,540.0,50.0,0.75,13.7774,14.2924
668,1,0,0,0,0,0,0,540.0,50.0,1.0,15.593,13.5138
669,1,0,0,0,0,0,0,540.0,50.0,1.25,17.023,12.5377
670,1,0,0,0,0,0,0,540.0,50.0,1.5,18.0341,11.5056
671,1,0,0,0,0,0,0,540.0,50.0,1.75,19.0008,10.525
672,1,0,0,0,0,0,0,540.0,50.0,2.0,19.9188,9.49474
673,1,0,0,0,0,0,0,540.0,50.0,2.25,20.7531,8.47674
674,1,0,0,0,0,0,0,540.0,50.0,2.515,21.2593,7.65173
675,1,0,0,0,0,0,0,540.0,60.0,0.498,14.4861,20.1851
676,1,0,0,0,0,0,0,540.0,60.0,0.75,17.537,19.2069
677,1,0,0,0,0,0,0,540.0,60.0,1.0,19.738,18.0641
678,1,0,0,0,0,0,0,540.0,60.0,1.25,21.4391,16.7642
679,1,0,0,0,0,0,0,540.0,60.0,1.5,23.0559,15.4104
680,1,0,0,0,0,0,0,540.0,60.0,1.75,24.5094,13.9756
681,1,0,0,0,0,0,0,540.0,60.0,2.0,25.9701,12.6701
682,1,0,0,0,0,0,0,540.0,60.0,2.25,27.3215,11.1877
683,1,0,0,0,0,0,0,540.0,60.0,2.515,28.2947,9.4476
684,1,0,0,0,0,0,0,540.0,70.0,0.498,18.036,25.722
685,1,0,0,0,0,0,0,540.0,70.0,0.75,21.4345,24.4057
686,1,0,0,0,0,0,0,540.0,70.0,1.0,24.3208,23.0399
687,1,0,0,0,0,0,0,540.0,70.0,1.25,26.6792,21.4298
688,1,0,0,0,0,0,0,540.0,70.0,1.5,28.7972,19.7585
689,1,0,0,0,0,0,0,540.0,70.0,1.75,31.0192,17.9936
690,1,0,0,0,0,0,0,540.0,70.0,2.0,32.9032,16.1894
691,1,0,0,0,0,0,0,540.0,70.0,2.25,34.6186,14.2796
692,1,0,0,0,0,0,0,540.0,70.0,2.515,35.8048,11.9678
693,1,0,0,0,0,0,0,540.0,80.0,0.498,21.7655,31.493
694,1,0,0,0,0,0,0,540.0,80.0,0.75,26.0636,30.3015
695,1,0,0,0,0,0,0,540.0,80.0,1.0,29.8766,28.7567
696,1,0,0,0,0,0,0,540.0,80.0,1.25,32.9304,26.8139
697,1,0,0,0,0,0,0,540.0,80.0,1.5,35.6379,24.6854
698,1,0,0,0,0,0,0,540.0,80.0,1.75,38.1188,22.4872
699,1,0,0,0,0,0,0,540.0,80.0,2.0,40.2261,20.0925
700,1,0,0,0,0,0,0,540.0,80.0,2.25,42.1323,17.4928
701,1,0,0,0,0,0,0,540.0,80.0,2.515,43.5698,14.7745
702,1,0,0,0,0,0,0,540.0,90.0,0.498,26.1952,37.7251
703,1,0,0,0,0,0,0,540.0,90.0,0.75,31.5657,36.5969
704,1,0,0,0,0,0,0,540.0,90.0,1.0,36.1088,34.9427
705,1,0,0,0,0,0,0,540.0,90.0,1.25,40.0698,32.7854
706,1,0,0,0,0,0,0,540.0,90.0,1.5,43.0954,30.2505
707,1,0,0,0,0,0,0,540.0,90.0,1.75,45.8334,27.3955
708,1,0,0,0,0,0,0,540.0,90.0,2.0,48.3232,24.4317
709,1,0,0,0,0,0,0,540.0,90.0,2.25,50.2999,21.3239
710,1,0,0,0,0,0,0,540.0,90.0,2.515,51.6476,18.0486
711,1,0,0,0,0,0,0,540.0,100.0,0.498,30.6888,43.4961
712,1,0,0,0,0,0,0,540.0,100.0,0.75,36.9246,42.5096
713,1,0,0,0,0,0,0,540.0,100.0,1.0,42.3941,40.8708
714,1,0,0,0,0,0,0,540.0,100.0,1.25,47.1005,38.5996
715,1,0,0,0,0,0,0,540.0,100.0,1.5,50.8287,35.8294
716,1,0,0,0,0,0,0,540.0,100.0,1.75,54.0846,32.7304
717,1,0,0,0,0,0,0,540.0,100.0,2.0,56.6124,29.2368
718,1,0,0,0,0,0,0,540.0,100.0,2.25,58.6524,25.7004
719,1,0,0,0,0,0,0,540.0,100.0,2.515,60.1525,21.8592
720,1,0,0,0,0,0,0,540.0,110.0,0.498,35.6737,49.005
721,1,0,0,0,0,0,0,540.0,110.0,0.75,42.1274,47.9062
722,1,0,0,0,0,0,0,540.0,110.0,1.0,48.2491,46.3261
723,1,0,0,0,0,0,0,540.0,110.0,1.25,53.9217,44.2288
724,1,0,0,0,0,0,0,540.0,110.0,1.5,58.7797,41.5355
725,1,0,0,0,0,0,0,540.0,110.0,1.75,62.3979,38.1541
726,1,0,0,0,0,0,0,540.0,110.0,2.0,65.0242,34.4928
727,1,0,0,0,0,0,0,540.0,110.0,2.25,67.2298,30.5652
728,1,0,0,0,0,0,0,540.0,110.0,2.515,68.8852,26.384
729,1,0,0,0,0,0,0,600.0,30.0,0.498,4.5326,6.68902
730,1,0,0,0,0,0,0,600.0,30.0,0.75,6.47214,6.1971
731,1,0,0,0,0,0,0,600.0,30.0,1.0,7.83503,5.70728
732,1,0,0,0,0,0,0,600.0,30.0,1.25,8.93474,5.63528
733,1,0,0,0,0,0,0,600.0,30.0,1.5,9.93227,5.63721
734,1,0,0,0,0,0,0,600.0,30.0,1.75,10.6585,5.48569
735,1,0,0,0,0,0,0,600.0,30.0,2.0,11.113,5.23658
736,1,0,0,0,0,0,0,600.0,30.0,2.25,11.3964,4.86849
737,1,0,0,0,0,0,0,600.0,30.0,2.515,11.5292,4.19324
738,1,0,0,0,0,0,0,600.0,40.0,0.498,8.05714,11.0494
739,1,0,0,0,0,0,0,600.0,40.0,0.75,10.2136,10.3485
740,1,0,0,0,0,0,0,600.0,40.0,1.0,11.7534,9.56617
741,1,0,0,0,0,0,0,600.0,40.0,1.25,12.9004,8.71352
742,1,0,0,0,0,0,0,600.0,40.0,1.5,13.7362,7.91628
743,1,0,0,0,0,0,0,600.0,40.0,1.75,14.277,7.28129
744,1,0,0,0,0,0,0,600.0,40.0,2.0,14.7066,6.7647
745,1,0,0,0,0,0,0,600.0,40.0,2.25,15.1189,6.18673
746,1,0,0,0,0,0,0,600.0,40.0,2.515,15.4479,5.4538
747,1,0,0,0,0,0,0,600.0,50.0,0.498,11.4582,15.9253
748,1,0,0,0,0,0,0,600.0,50.0,0.75,13.7369,14.7872
749,1,0,0,0,0,0,0,600.0,50.0,1.0,15.4777,13.7285
750,1,0,0,0,0,0,0,600.0,50.0,1.25,16.8989,12.4484
751,1,0,0,0,0,0,0,600.0,50.0,1.5,17.9403,11.197
752,1,0,0,0,0,0,0,600.0,50.0,1.75,18.8485,9.94499
753,1,0,0,0,0,0,0,600.0,50.0,2.0,19.8147,8.79075
754,1,0,0,0,0,0,0,600.0,50.0,2.25,20.4371,7.59682
755,1,0,0,0,0,0,0,600.0,50.0,2.515,21.0584,6.76521
756,1,0,0,0,0,0,0,600.0,60.0,0.498,14.5846,21.012
757,1,0,0,0,0,0,0,600.0,60.0,0.75,17.3606,19.6143
758,1,0,0,0,0,0,0,600.0,60.0,1.0,19.4316,18.0907
759,1,0,0,0,0,0,0,600.0,60.0,1.25,21.2604,16.6337
760,1,0,0,0,0,0,0,600.0,60.0,1.5,22.7312,15.0789
761,1,0,0,0,0,0,0,600.0,60.0,1.75,24.2037,13.4368
762,1,0,0,0,0,0,0,600.0,60.0,2.0,25.4865,11.9057
763,1,0,0,0,0,0,0,600.0,60.0,2.25,26.7502,10.2795
764,1,0,0,0,0,0,0,600.0,60.0,2.515,27.7593,8.37435
765,1,0,0,0,0,0,0,600.0,70.0,0.498,17.915,26.4079
766,1,0,0,0,0,0,0,600.0,70.0,0.75,21.1934,24.8415
767,1,0,0,0,0,0,0,600.0,70.0,1.0,23.9024,23.0567
768,1,0,0,0,0,0,0,600.0,70.0,1.25,26.2837,21.3441
769,1,0,0,0,0,0,0,600.0,70.0,1.5,28.3072,19.4501
770,1,0,0,0,0,0,0,600.0,70.0,1.75,30.2104,17.397
771,1,0,0,0,0,0,0,600.0,70.0,2.0,32.1123,15.3642
772,1,0,0,0,0,0,0,600.0,70.0,2.25,33.6483,13.2485
773,1,0,0,0,0,0,0,600.0,70.0,2.515,34.9687,10.9169
774,1,0,0,0,0,0,0,600.0,80.0,0.498,21.9327,32.2866
775,1,0,0,0,0,0,0,600.0,80.0,0.75,25.9478,30.7722
776,1,0,0,0,0,0,0,600.0,80.0,1.0,29.4756,28.9493
777,1,0,0,0,0,0,0,600.0,80.0,1.25,32.2825,26.7478
778,1,0,0,0,0,0,0,600.0,80.0,1.5,34.6749,24.3552
779,1,0,0,0,0,0,0,600.0,80.0,1.75,37.0436,21.8425
780,1,0,0,0,0,0,0,600.0,80.0,2.0,39.1071,19.201
781,1,0,0,0,0,0,0,600.0,80.0,2.25,40.9038,16.4107
782,1,0,0,0,0,0,0,600.0,80.0,2.515,42.4771,13.5806
783,1,0,0,0,0,0,0,600.0,90.0,0.498,26.6919,38.605
784,1,0,0,0,0,0,0,600.0,90.0,0.75,31.5661,37.1601
785,1,0,0,0,0,0,0,600.0,90.0,1.0,35.7722,35.1774
786,1,0,0,0,0,0,0,600.0,90.0,1.25,39.1674,32.6513
787,1,0,0,0,0,0,0,600.0,90.0,1.5,41.941,29.7843
788,1,0,0,0,0,0,0,600.0,90.0,1.75,44.3663,26.7399
789,1,0,0,0,0,0,0,600.0,90.0,2.0,46.7732,23.48
790,1,0,0,0,0,0,0,600.0,90.0,2.25,48.8047,20.2177
791,1,0,0,0,0,0,0,600.0,90.0,2.515,50.4116,16.9786
792,1,0,0,0,0,0,0,600.0,100.0,0.498,31.336,44.4364
793,1,0,0,0,0,0,0,600.0,100.0,0.75,37.1035,43.111
794,1,0,0,0,0,0,0,600.0,100.0,1.0,42.0839,41.1011
795,1,0,0,0,0,0,0,600.0,100.0,1.25,46.2325,38.5249
796,1,0,0,0,0,0,0,600.0,100.0,1.5,49.4673,35.4643
797,1,0,0,0,0,0,0,600.0,100.0,1.75,52.4592,32.031
798,1,0,0,0,0,0,0,600.0,100.0,2.0,54.9175,28.3445
799,1,0,0,0,0,0,0,600.0,100.0,2.25,56.9397,24.641
800,1,0,0,0,0,0,0,600.0,100.0,2.515,58.6344,20.8754
801,1,0,0,0,0,0,0,600.0,110.0,0.498,36.3727,50.0472
802,1,0,0,0,0,0,0,600.0,110.0,0.75,42.4138,48.6145
803,1,0,0,0,0,0,0,600.0,110.0,1.0,48.0481,46.6796
804,1,0,0,0,0,0,0,600.0,110.0,1.25,53.0853,44.3011
805,1,0,0,0,0,0,0,600.0,110.0,1.5,57.3205,41.2315
806,1,0,0,0,0,0,0,600.0,110.0,1.75,60.6173,37.5104
807,1,0,0,0,0,0,0,600.0,110.0,2.0,63.2394,33.6471
808,1,0,0,0,0,0,0,600.0,110.0,2.25,65.4588,29.6739
809,1,0,0,0,0,0,0,600.0,110.0,2.515,67.2226,25.3376
810,0,1,0,0,0,0,0,60.0,30.0,0.498,0,0
811,0,1,0,0,0,0,0,60.0,30.0,0.75,0,0
812,0,1,0,0,0,0,0,60.0,30.0,1.0,0,0
813,0,1,0,0,0,0,0,60.0,30.0,1.25,0,0
814,0,1,0,0,0,0,0,60.0,30.0,1.5,0,0
815,0,1,0,0,0,0,0,60.0,30.0,1.75,0,0
816,0,1,0,0,0,0,0,60.0,30.0,2.0,0,0
817,0,1,0,0,0,0,0,60.0,30.0,2.25,0,0
818,0,1,0,0,0,0,0,60.0,30.0,2.515,0,0.319156
819,0,1,0,0,0,0,0,60.0,40.0,0.498,0,0
820,0,1,0,0,0,0,0,60.0,40.0,0.75,0,0
821,0,1,0,0,0,0,0,60.0,40.0,1.0,0,0
822,0,1,0,0,0,0,0,60.0,40.0,1.25,0,0
823,0,1,0,0,0,0,0,60.0,40.0,1.5,0,0
824,0,1,0,0,0,0,0,60.0,40.0,1.75,0,0
825,0,1,0,0,0,0,0,60.0,40.0,2.0,0,0.0527599
826,0,1,0,0,0,0,0,60.0,40.0,2.25,0,0.639168
827,0,1,0,0,0,0,0,60.0,40.0,2.515,0,1.24513
828,0,1,0,0,0,0,0,60.0,50.0,0.498,0,0
829,0,1,0,0,0,0,0,60.0,50.0,0.75,0,0
830,0,1,0,0,0,0,0,60.0,50.0,1.0,0,0
831,0,1,0,0,0,0,0,60.0,50.0,1.25,0,0
832,0,1,0,0,0,0,0,60.0,50.0,1.5,0,0
833,0,1,0,0,0,0,0,60.0,50.0,1.75,0,0.619067
834,0,1,0,0,0,0,0,60.0,50.0,2.0,0.332182,1.55261
835,0,1,0,0,0,0,0,60.0,50.0,2.25,0.857473,2.43789
836,0,1,0,0,0,0,0,60.0,50.0,2.515,1.73215,3.00102
837,0,1,0,0,0,0,0,60.0,60.0,0.498,0,0
838,0,1,0,0,0,0,0,60.0,60.0,0.75,0,0
839,0,1,0,0,0,0,0,60.0,60.0,1.0,0,0.232539
840,0,1,0,0,0,0,0,60.0,60.0,1.25,0,0.52152
841,0,1,0,0,0,0,0,60.0,60.0,1.5,0,1.44567
842,0,1,0,0,0,0,0,60.0,60.0,1.75,1.0509,2.62529
843,0,1,0,0,0,0,0,60.0,60.0,2.0,2.66689,3.65459
844,0,1,0,0,0,0,0,60.0,60.0,2.25,4.25554,4.46031
845,0,1,0,0,0,0,0,60.0,60.0,2.515,5.6214,4.79138
846,0,1,0,0,0,0,0,60.0,70.0,0.498,0,0.259719
847,0,1,0,0,0,0,0,60.0,70.0,0.75,0,0.659547
848,0,1,0,0,0,0,0,60.0,70.0,1.0,0,1.66552
849,0,1,0,0,0,0,0,60.0,70.0,1.25,0.82301,2.82371
850,0,1,0,0,0,0,0,60.0,70.0,1.5,3.758,3.97126
851,0,1,0,0,0,0,0,60.0,70.0,1.75,6.57897,4.98902
852,0,1,0,0,0,0,0,60.0,70.0,2.0,8.96425,5.81418
853,0,1,0,0,0,0,0,60.0,70.0,2.25,11.0734,6.46538
854,0,1,0,0,0,0,0,60.0,70.0,2.515,13.1524,6.68237
855,0,1,0,0,0,0,0,60.0,80.0,0.498,0,2.10469
856,0,1,0,0,0,0,0,60.0,80.0,0.75,0,3.33956
857,0,1,0,0,0,0,0,60.0,80.0,1.0,1.39118,5.01375
858,0,1,0,0,0,0,0,60.0,80.0,1.25,5.70353,6.36269
859,0,1,0,0,0,0,0,60.0,80.0,1.5,9.57716,7.47922
860,0,1,0,0,0,0,0,60.0,80.0,1.75,13.1146,8.26586
861,0,1,0,0,0,0,0,60.0,80.0,2.0,16.0965,8.84223
862,0,1,0,0,0,0,0,60.0,80.0,2.25,18.889,9.37478
863,0,1,0,0,0,0,0,60.0,80.0,2.515,21.3159,9.45528
864,0,1,0,0,0,0,0,60.0,90.0,0.498,0,5.37275
865,0,1,0,0,0,0,0,60.0,90.0,0.75,0.620772,7.15156
866,0,1,0,0,0,0,0,60.0,90.0,1.0,6.04878,8.7766
867,0,1,0,0,0,0,0,60.0,90.0,1.25,11.3956,10.1522
868,0,1,0,0,0,0,0,60.0,90.0,1.5,16.0316,11.1548
869,0,1,0,0,0,0,0,60.0,90.0,1.75,20.4256,11.8571
870,0,1,0,0,0,0,0,60.0,90.0,2.0,24.1999,12.3901
871,0,1,0,0,0,0,0,60.0,90.0,2.25,27.2297,12.5883
872,0,1,0,0,0,0,0,60.0,90.0,2.515,29.7841,12.4214
873,0,1,0,0,0,0,0,60.0,100.0,0.498,0,9.79558
874,0,1,0,0,0,0,0,60.0,100.0,0.75,4.32528,11.2224
875,0,1,0,0,0,0,0,60.0,100.0,1.0,10.9944,12.7309
876,0,1,0,0,0,0,0,60.0,100.0,1.25,17.36,14.0412
877,0,1,0,0,0,0,0,60.0,100.0,1.5,22.9898,14.8465
878,0,1,0,0,0,0,0,60.0,100.0,1.75,28.0391,15.5695
879,0,1,0,0,0,0,0,60.0,100.0,2.0,32.1321,15.8302
880,0,1,0,0,0,0,0,60.0,100.0,2.25,35.4032,15.7798
881,0,1,0,0,0,0,0,60.0,100.0,2.515,38.2246,15.4456
882,0,1,0,0,0,0,0,60.0,110.0,0.498,2.3819,14.3831
883,0,1,0,0,0,0,0,60.0,110.0,0.75,8.78664,15.7986
884,0,1,0,0,0,0,0,60.0,110.0,1.0,16.4368,17.0279
885,0,1,0,0,0,0,0,60.0,110.0,1.25,23.3581,17.9723
886,0,1,0,0,0,0,0,60.0,110.0,1.5,29.6915,18.8522
887,0,1,0,0,0,0,0,60.0,110.0,1.75,35.3255,19.3025
888,0,1,0,0,0,0,0,60.0,110.0,2.0,40.0582,19.5736
889,0,1,0,0,0,0,0,60.0,110.0,2.25,43.7764,19.3698
890,0,1,0,0,0,0,0,60.0,110.0,2.515,46.6638,18.7177
891,0,1,0,0,0,0,0,120.0,30.0,0.498,0,0
892,0,1,0,0,0,0,0,120.0,30.0,0.75,0,0
893,0,1,0,0,0,0,0,120.0,30.0,1.0,0,0
894,0,1,0,0,0,0,0,120.0,30.0,1.25,0,0
895,0,1,0,0,0,0,0,120.0,30.0,1.5,0,0
896,0,1,0,0,0,0,0,120.0,30.0,1.75,0,0
897,0,1,0,0,0,0,0,120.0,30.0,2.0,0,0
898,0,1,0,0,0,0,0,120.0,30.0,2.25,0,0.0110484
899,0,1,0,0,0,0,0,120.0,30.0,2.515,0,0.389497
900,0,1,0,0,0,0,0,120.0,40.0,0.498,0,0
901,0,1,0,0,0,0,0,120.0,40.0,0.75,0,0
902,0,1,0,0,0,0,0,120.0,40.0,1.0,0,0
903,0,1,0,0,0,0,0,120.0,40.0,1.25,0,0
904,0,1,0,0,0,0,0,120.0,40.0,1.5,0,0
905,0,1,0,0,0,0,0,120.0,40.0,1.75,0,0
906,0,1,0,0,0,0,0,120.0,40.0,2.0,0,0.269096
907,0,1,0,0,0,0,0,120.0,40.0,2.25,0,0.964394
908,0,1,0,0,0,0,0,120.0,40.0,2.515,0.218076,1.54646
909,0,1,0,0,0,0,0,120.0,50.0,0.498,0,0
910,0,1,0,0,0,0,0,120.0,50.0,0.75,0,0
911,0,1,0,0,0,0,0,120.0,50.0,1.0,0,0
912,0,1,0,0,0,0,0,120.0,50.0,1.25,0,0
913,0,1,0,0,0,0,0,120.0,50.0,1.5,0,0.245648
914,0,1,0,0,0,0,0,120.0,50.0,1.75,0.111512,1.19014
915,0,1,0,0,0,0,0,120.0,50.0,2.0,0.651457,2.21767
916,0,1,0,0,0,0,0,120.0,50.0,2.25,1.34934,2.98738
917,0,1,0,0,0,0,0,120.0,50.0,2.515,2.21804,3.53773
918,0,1,0,0,0,0,0,120.0,60.0,0.498,0,0
919,0,1,0,0,0,0,0,120.0,60.0,0.75,0,0.239964
920,0,1,0,0,0,0,0,120.0,60.0,1.0,0,0.515514
921,0,1,0,0,0,0,0,120.0,60.0,1.25,0.0602245,1.21444
922,0,1,0,0,0,0,0,120.0,60.0,1.5,0.851482,2.33987
923,0,1,0,0,0,0,0,120.0,60.0,1.75,2.70385,3.43912
924,0,1,0,0,0,0,0,120.0,60.0,2.0,4.32795,4.40659
925,0,1,0,0,0,0,0,120.0,60.0,2.25,5.69638,5.07088
926,0,1,0,0,0,0,0,120.0,60.0,2.515,6.83215,5.28575
927,0,1,0,0,0,0,0,120.0,70.0,0.498,0,0.715027
928,0,1,0,0,0,0,0,120.0,70.0,0.75,0,1.4875
929,0,1,0,0,0,0,0,120.0,70.0,1.0,0.230619,2.5109
930,0,1,0,0,0,0,0,120.0,70.0,1.25,2.67275,3.8333
931,0,1,0,0,0,0,0,120.0,70.0,1.5,5.88699,5.00653
932,0,1,0,0,0,0,0,120.0,70.0,1.75,8.58193,5.95921
933,0,1,0,0,0,0,0,120.0,70.0,2.0,10.876,6.71885
934,0,1,0,0,0,0,0,120.0,70.0,2.25,12.8215,7.1548
935,0,1,0,0,0,0,0,120.0,70.0,2.515,14.5752,7.13725
936,0,1,0,0,0,0,0,120.0,80.0,0.498,0,3.55475
937,0,1,0,0,0,0,0,120.0,80.0,0.75,0,4.96792
938,0,1,0,0,0,0,0,120.0,80.0,1.0,3.4755,6.32477
939,0,1,0,0,0,0,0,120.0,80.0,1.25,7.68535,7.53157
940,0,1,0,0,0,0,0,120.0,80.0,1.5,11.4331,8.49244
941,0,1,0,0,0,0,0,120.0,80.0,1.75,15.0189,9.20071
942,0,1,0,0,0,0,0,120.0,80.0,2.0,18.0464,9.8067
943,0,1,0,0,0,0,0,120.0,80.0,2.25,20.7551,10.1579
944,0,1,0,0,0,0,0,120.0,80.0,2.515,22.8491,9.86995
945,0,1,0,0,0,0,0,120.0,90.0,0.498,0,7.65473
946,0,1,0,0,0,0,0,120.0,90.0,0.75,2.30731,9.09718
947,0,1,0,0,0,0,0,120.0,90.0,1.0,8.02304,10.4387
948,0,1,0,0,0,0,0,120.0,90.0,1.25,13.3006,11.5657
949,0,1,0,0,0,0,0,120.0,90.0,1.5,17.9948,12.4527
950,0,1,0,0,0,0,0,120.0,90.0,1.75,22.4399,13.0987
951,0,1,0,0,0,0,0,120.0,90.0,2.0,26.2589,13.4754
952,0,1,0,0,0,0,0,120.0,90.0,2.25,29.1675,13.3945
953,0,1,0,0,0,0,0,120.0,90.0,2.515,31.3175,12.8507
954,0,1,0,0,0,0,0,120.0,100.0,0.498,0.495087,12.2764
955,0,1,0,0,0,0,0,120.0,100.0,0.75,6.40717,13.6148
956,0,1,0,0,0,0,0,120.0,100.0,1.0,13.1289,14.9019
957,0,1,0,0,0,0,0,120.0,100.0,1.25,19.3992,15.9229
958,0,1,0,0,0,0,0,120.0,100.0,1.5,25.1479,16.6292
959,0,1,0,0,0,0,0,120.0,100.0,1.75,30.1835,17.0667
960,0,1,0,0,0,0,0,120.0,100.0,2.0,34.2539,17.0635
961,0,1,0,0,0,0,0,120.0,100.0,2.25,37.5985,16.9058
962,0,1,0,0,0,0,0,120.0,100.0,2.515,40.0797,16.0939
963,0,1,0,0,0,0,0,120.0,110.0,0.498,3.94555,17.2056
964,0,1,0,0,0,0,0,120.0,110.0,0.75,10.8713,18.4443
965,0,1,0,0,0,0,0,120.0,110.0,1.0,18.5093,19.561
966,0,1,0,0,0,0,0,120.0,110.0,1.25,25.5448,20.2659
967,0,1,0,0,0,0,0,120.0,110.0,1.5,31.9931,20.8819
968,0,1,0,0,0,0,0,120.0,110.0,1.75,37.5606,21.1268
969,0,1,0,0,0,0,0,120.0,110.0,2.0,42.205,21.0075
970,0,1,0,0,0,0,0,120.0,110.0,2.25,45.8253,20.3966
971,0,1,0,0,0,0,0,120.0,110.0,2.515,48.7381,19.5676
972,0,1,0,0,0,0,0,180.0,30.0,0.498,0,0
973,0,1,0,0,0,0,0,180.0,30.0,0.75,0,0
974,0,1,0,0,0,0,0,180.0,30.0,1.0,0,0
975,0,1,0,0,0,0,0,180.0,30.0,1.25,0,0
976,0,1,0,0,0,0,0,180.0,30.0,1.5,0,0
977,0,1,0,0,0,0,0,180.0,30.0,1.75,0,0
978,0,1,0,0,0,0,0,180.0,30.0,2.0,0,0
979,0,1,0,0,0,0,0,180.0,30.0,2.25,0,0.11169
980,0,1,0,0,0,0,0,180.0,30.0,2.515,0,0.462311
981,0,1,0,0,0,0,0,180.0,40.0,0.498,0,0
982,0,1,0,0,0,0,0,180.0,40.0,0.75,0,0
983,0,1,0,0,0,0,0,180.0,40.0,1.0,0,0
984,0,1,0,0,0,0,0,180.0,40.0,1.25,0,0
985,0,1,0,0,0,0,0,180.0,40.0,1.5,0,0
986,0,1,0,0,0,0,0,180.0,40.0,1.75,0,0.000583363
987,0,1,0,0,0,0,0,180.0,40.0,2.0,0,0.687565
988,0,1,0,0,0,0,0,180.0,40.0,2.25,0.145164,1.40427
989,0,1,0,0,0,0,0,180.0,40.0,2.515,0.573252,1.91406
990,0,1,0,0,0,0,0,180.0,50.0,0.498,0,0
991,0,1,0,0,0,0,0,180.0,50.0,0.75,0,0
992,0,1,0,0,0,0,0,180.0,50.0,1.0,0,0
993,0,1,0,0,0,0,0,180.0,50.0,1.25,0,0.0684906
994,0,1,0,0,0,0,0,180.0,50.0,1.5,0,0.811445
995,0,1,0,0,0,0,0,180.0,50.0,1.75,0.474383,1.86182
996,0,1,0,0,0,0,0,180.0,50.0,2.0,1.16141,2.79096
997,0,1,0,0,0,0,0,180.0,50.0,2.25,1.97434,3.47273
998,0,1,0,0,0,0,0,180.0,50.0,2.515,2.82275,3.7996
999,0,1,0,0,0,0,0,180.0,60.0,0.498,0,0.355239
1000,0,1,0,0,0,0,0,180.0,60.0,0.75,0,0.534664
1001,0,1,0,0,0,0,0,180.0,60.0,1.0,0.0367847,0.943594
1002,0,1,0,0,0,0,0,180.0,60.0,1.25,0.64006,2.09599
1003,0,1,0,0,0,0,0,180.0,60.0,1.5,2.79483,3.15999
1004,0,1,0,0,0,0,0,180.0,60.0,1.75,4.58235,4.06478
1005,0,1,0,0,0,0,0,180.0,60.0,2.0,6.01634,4.93633
1006,0,1,0,0,0,0,0,180.0,60.0,2.25,7.09441,5.45165
1007,0,1,0,0,0,0,0,180.0,60.0,2.515,7.94683,5.55225
1008,0,1,0,0,0,0,0,180.0,70.0,0.498,0,1.63762
1009,0,1,0,0,0,0,0,180.0,70.0,0.75,0,2.4704
1010,0,1,0,0,0,0,0,180.0,70.0,1.0,1.52781,3.66552
1011,0,1,0,0,0,0,0,180.0,70.0,1.25,4.77499,4.89614
1012,0,1,0,0,0,0,0,180.0,70.0,1.5,7.83966,5.96763
1013,0,1,0,0,0,0,0,180.0,70.0,1.75,10.3849,6.71751
1014,0,1,0,0,0,0,0,180.0,70.0,2.0,12.5158,7.42236
1015,0,1,0,0,0,0,0,180.0,70.0,2.25,14.2305,7.6262
1016,0,1,0,0,0,0,0,180.0,70.0,2.515,15.6849,7.27283
1017,0,1,0,0,0,0,0,180.0,80.0,0.498,0,5.43203
1018,0,1,0,0,0,0,0,180.0,80.0,0.75,1.06246,6.61244
1019,0,1,0,0,0,0,0,180.0,80.0,1.0,5.32124,7.65254
1020,0,1,0,0,0,0,0,180.0,80.0,1.25,9.55303,8.64339
1021,0,1,0,0,0,0,0,180.0,80.0,1.5,13.1895,9.48107
1022,0,1,0,0,0,0,0,180.0,80.0,1.75,16.8041,10.2366
1023,0,1,0,0,0,0,0,180.0,80.0,2.0,19.7464,10.7019
1024,0,1,0,0,0,0,0,180.0,80.0,2.25,22.2393,10.5988
1025,0,1,0,0,0,0,0,180.0,80.0,2.515,24.1356,10.0373
1026,0,1,0,0,0,0,0,180.0,90.0,0.498,0,10.1095
1027,0,1,0,0,0,0,0,180.0,90.0,0.75,4.38312,11.1084
1028,0,1,0,0,0,0,0,180.0,90.0,1.0,9.96893,12.1466
1029,0,1,0,0,0,0,0,180.0,90.0,1.25,14.9554,12.9729
1030,0,1,0,0,0,0,0,180.0,90.0,1.5,19.7819,13.6981
1031,0,1,0,0,0,0,0,180.0,90.0,1.75,24.1977,14.2007
1032,0,1,0,0,0,0,0,180.0,90.0,2.0,28.059,14.4588
1033,0,1,0,0,0,0,0,180.0,90.0,2.25,30.7404,13.9969
1034,0,1,0,0,0,0,0,180.0,90.0,2.515,32.6089,13.054
1035,0,1,0,0,0,0,0,180.0,100.0,0.498,2.0555,15.0692
1036,0,1,0,0,0,0,0,180.0,100.0,0.75,8.59923,16.1052
1037,0,1,0,0,0,0,0,180.0,100.0,1.0,14.9369,17.0265
1038,0,1,0,0,0,0,0,180.0,100.0,1.25,21.0886,17.7432
1039,0,1,0,0,0,0,0,180.0,100.0,1.5,26.9965,18.3039
1040,0,1,0,0,0,0,0,180.0,100.0,1.75,32.0218,18.4536
1041,0,1,0,0,0,0,0,180.0,100.0,2.0,36.0518,18.2433
1042,0,1,0,0,0,0,0,180.0,100.0,2.25,39.2972,17.6969
1043,0,1,0,0,0,0,0,180.0,100.0,2.515,41.6041,16.4956
1044,0,1,0,0,0,0,0,180.0,110.0,0.498,5.5454,20.0501
1045,0,1,0,0,0,0,0,180.0,110.0,0.75,12.9909,21.1707
1046,0,1,0,0,0,0,0,180.0,110.0,1.0,20.3779,22.1275
1047,0,1,0,0,0,0,0,180.0,110.0,1.25,27.5665,22.7209
1048,0,1,0,0,0,0,0,180.0,110.0,1.5,34.0398,22.96
1049,0,1,0,0,0,0,0,180.0,110.0,1.75,39.4854,22.7993
1050,0,1,0,0,0,0,0,180.0,110.0,2.0,43.9916,22.2555
1051,0,1,0,0,0,0,0,180.0,110.0,2.25,47.6364,21.3813
1052,0,1,0,0,0,0,0,180.0,110.0,2.515,50.3764,20.1308
1053,0,1,0,0,0,0,0,240.0,30.0,0.498,0,0
1054,0,1,0,0,0,0,0,240.0,30.0,0.75,0,0
1055,0,1,0,0,0,0,0,240.0,30.0,1.0,0,0
1056,0,1,0,0,0,0,0,240.0,30.0,1.25,0,0
1057,0,1,0,0,0,0,0,240.0,30.0,1.5,0,0
1058,0,1,0,0,0,0,0,240.0,30.0,1.75,0,0
1059,0,1,0,0,0,0,0,240.0,30.0,2.0,0,0
1060,0,1,0,0,0,0,0,240.0,30.0,2.25,0,0.198526
1061,0,1,0,0,0,0,0,240.0,30.0,2.515,0,0.5115
1062,0,1,0,0,0,0,0,240.0,40.0,0.498,0,0
1063,0,1,0,0,0,0,0,240.0,40.0,0.75,0,0
1064,0,1,0,0,0,0,0,240.0,40.0,1.0,0,0
1065,0,1,0,0,0,0,0,240.0,40.0,1.25,0,0
1066,0,1,0,0,0,0,0,240.0,40.0,1.5,0,0
1067,0,1,0,0,0,0,0,240.0,40.0,1.75,0,0.313256
1068,0,1,0,0,0,0,0,240.0,40.0,2.0,0.0851012,1.14872
1069,0,1,0,0,0,0,0,240.0,40.0,2.25,0.45527,1.73117
1070,0,1,0,0,0,0,0,240.0,40.0,2.515,0.83808,2.12516
1071,0,1,0,0,0,0,0,240.0,50.0,0.498,0,0
1072,0,1,0,0,0,0,0,240.0,50.0,0.75,0,0.04729
1073,0,1,0,0,0,0,0,240.0,50.0,1.0,0,0.155085
1074,0,1,0,0,0,0,0,240.0,50.0,1.25,0,0.466139
1075,0,1,0,0,0,0,0,240.0,50.0,1.5,0.282905,1.45263
1076,0,1,0,0,0,0,0,240.0,50.0,1.75,1.3326,2.42303
1077,0,1,0,0,0,0,0,240.0,50.0,2.0,2.2905,3.19912
1078,0,1,0,0,0,0,0,240.0,50.0,2.25,2.99756,3.71361
1079,0,1,0,0,0,0,0,240.0,50.0,2.515,3.64255,3.94147
1080,0,1,0,0,0,0,0,240.0,60.0,0.498,0,0.701644
1081,0,1,0,0,0,0,0,240.0,60.0,0.75,0,0.904487
1082,0,1,0,0,0,0,0,240.0,60.0,1.0,0.46167,1.68012
1083,0,1,0,0,0,0,0,240.0,60.0,1.25,2.31488,2.76908
1084,0,1,0,0,0,0,0,240.0,60.0,1.5,4.6255,3.79073
1085,0,1,0,0,0,0,0,240.0,60.0,1.75,6.32761,4.62342
1086,0,1,0,0,0,0,0,240.0,60.0,2.0,7.52274,5.32036
1087,0,1,0,0,0,0,0,240.0,60.0,2.25,8.33775,5.63388
1088,0,1,0,0,0,0,0,240.0,60.0,2.515,9.22348,5.64786
1089,0,1,0,0,0,0,0,240.0,70.0,0.498,0,3.11927
1090,0,1,0,0,0,0,0,240.0,70.0,0.75,0.415777,3.99435
1091,0,1,0,0,0,0,0,240.0,70.0,1.0,3.17749,4.96486
1092,0,1,0,0,0,0,0,240.0,70.0,1.25,6.80613,6.03593
1093,0,1,0,0,0,0,0,240.0,70.0,1.5,9.72103,6.86036
1094,0,1,0,0,0,0,0,240.0,70.0,1.75,12.0559,7.48889
1095,0,1,0,0,0,0,0,240.0,70.0,2.0,13.8805,7.8977
1096,0,1,0,0,0,0,0,240.0,70.0,2.25,15.4439,7.87302
1097,0,1,0,0,0,0,0,240.0,70.0,2.515,16.8092,7.26139
1098,0,1,0,0,0,0,0,240.0,80.0,0.498,0,7.6017
1099,0,1,0,0,0,0,0,240.0,80.0,0.75,2.63438,8.41754
1100,0,1,0,0,0,0,0,240.0,80.0,1.0,7.21441,9.13469
1101,0,1,0,0,0,0,0,240.0,80.0,1.25,11.3477,9.76861
1102,0,1,0,0,0,0,0,240.0,80.0,1.5,14.937,10.4208
1103,0,1,0,0,0,0,0,240.0,80.0,1.75,18.3867,11.1512
1104,0,1,0,0,0,0,0,240.0,80.0,2.0,21.0977,11.3185
1105,0,1,0,0,0,0,0,240.0,80.0,2.25,23.3549,10.8803
1106,0,1,0,0,0,0,0,240.0,80.0,2.515,25.1696,10.04
1107,0,1,0,0,0,0,0,240.0,90.0,0.498,0.609997,12.6339
1108,0,1,0,0,0,0,0,240.0,90.0,0.75,6.49174,13.3875
1109,0,1,0,0,0,0,0,240.0,90.0,1.0,11.7526,13.8655
1110,0,1,0,0,0,0,0,240.0,90.0,1.25,16.6405,14.3625
1111,0,1,0,0,0,0,0,240.0,90.0,1.5,21.2587,14.8366
1112,0,1,0,0,0,0,0,240.0,90.0,1.75,25.8235,15.3522
1113,0,1,0,0,0,0,0,240.0,90.0,2.0,29.3589,15.1759
1114,0,1,0,0,0,0,0,240.0,90.0,2.25,31.8062,14.2898
1115,0,1,0,0,0,0,0,240.0,90.0,2.515,33.7064,13.126
1116,0,1,0,0,0,0,0,240.0,100.0,0.498,3.98305,17.8456
1117,0,1,0,0,0,0,0,240.0,100.0,0.75,10.4981,18.6045
1118,0,1,0,0,0,0,0,240.0,100.0,1.0,16.7297,19.2013
1119,0,1,0,0,0,0,0,240.0,100.0,1.25,22.6467,19.5513
1120,0,1,0,0,0,0,0,240.0,100.0,1.5,28.4083,19.754
1121,0,1,0,0,0,0,0,240.0,100.0,1.75,33.4766,19.6725
1122,0,1,0,0,0,0,0,240.0,100.0,2.0,37.4606,19.2095
1123,0,1,0,0,0,0,0,240.0,100.0,2.25,40.5262,18.1304
1124,0,1,0,0,0,0,0,240.0,100.0,2.515,42.8245,16.6557
1125,0,1,0,0,0,0,0,240.0,110.0,0.498,7.71628,22.9393
1126,0,1,0,0,0,0,0,240.0,110.0,0.75,15.0475,23.9455
1127,0,1,0,0,0,0,0,240.0,110.0,1.0,22.2525,24.7883
1128,0,1,0,0,0,0,0,240.0,110.0,1.25,29.3926,25.1693
1129,0,1,0,0,0,0,0,240.0,110.0,1.5,35.6047,24.9241
1130,0,1,0,0,0,0,0,240.0,110.0,1.75,40.9207,24.2059
1131,0,1,0,0,0,0,0,240.0,110.0,2.0,45.4443,23.3563
1132,0,1,0,0,0,0,0,240.0,110.0,2.25,48.996,22.0689
1133,0,1,0,0,0,0,0,240.0,110.0,2.515,51.4944,20.2269
1134,0,1,0,0,0,0,0,300.0,30.0,0.498,0,0
1135,0,1,0,0,0,0,0,300.0,30.0,0.75,0,0
1136,0,1,0,0,0,0,0,300.0,30.0,1.0,0,0
1137,0,1,0,0,0,0,0,300.0,30.0,1.25,0,0
1138,0,1,0,0,0,0,0,300.0,30.0,1.5,0,0
1139,0,1,0,0,0,0,0,300.0,30.0,1.75,0,0
1140,0,1,0,0,0,0,0,300.0,30.0,2.0,0,0
1141,0,1,0,0,0,0,0,300.0,30.0,2.25,0,0.221065
1142,0,1,0,0,0,0,0,300.0,30.0,2.515,0,0.496486
1143,0,1,0,0,0,0,0,300.0,40.0,0.498,0,0
1144,0,1,0,0,0,0,0,300.0,40.0,0.75,0,0
1145,0,1,0,0,0,0,0,300.0,40.0,1.0,0,0
1146,0,1,0,0,0,0,0,300.0,40.0,1.25,0,0
1147,0,1,0,0,0,0,0,300.0,40.0,1.5,0,0.139935
1148,0,1,0,0,0,0,0,300.0,40.0,1.75,0.00771703,0.79736
1149,0,1,0,0,0,0,0,300.0,40.0,2.0,0.34622,1.4825
1150,0,1,0,0,0,0,0,300.0,40.0,2.25,0.69527,1.91481
1151,0,1,0,0,0,0,0,300.0,40.0,2.515,1.09858,2.19566
1152,0,1,0,0,0,0,0,300.0,50.0,0.498,0,0.180338
1153,0,1,0,0,0,0,0,300.0,50.0,0.75,0,0.274798
1154,0,1,0,0,0,0,0,300.0,50.0,1.0,0,0.375826
1155,0,1,0,0,0,0,0,300.0,50.0,1.25,0,0.988854
1156,0,1,0,0,0,0,0,300.0,50.0,1.5,1.4661,2.02957
1157,0,1,0,0,0,0,0,300.0,50.0,1.75,2.86957,2.88025
1158,0,1,0,0,0,0,0,300.0,50.0,2.0,3.73064,3.475
1159,0,1,0,0,0,0,0,300.0,50.0,2.25,4.28004,3.83388
1160,0,1,0,0,0,0,0,300.0,50.0,2.515,4.79979,3.8774
1161,0,1,0,0,0,0,0,300.0,60.0,0.498,0,1.18417
1162,0,1,0,0,0,0,0,300.0,60.0,0.75,0.289007,1.66759
1163,0,1,0,0,0,0,0,300.0,60.0,1.0,1.55498,2.54873
1164,0,1,0,0,0,0,0,300.0,60.0,1.25,4.00525,3.44067
1165,0,1,0,0,0,0,0,300.0,60.0,1.5,6.13791,4.26191
1166,0,1,0,0,0,0,0,300.0,60.0,1.75,7.83587,5.08104
1167,0,1,0,0,0,0,0,300.0,60.0,2.0,8.85157,5.52098
1168,0,1,0,0,0,0,0,300.0,60.0,2.25,9.65382,5.73945
1169,0,1,0,0,0,0,0,300.0,60.0,2.515,10.5195,5.57057
1170,0,1,0,0,0,0,0,300.0,70.0,0.498,0.0381099,5.00483
1171,0,1,0,0,0,0,0,300.0,70.0,0.75,1.53284,5.60359
1172,0,1,0,0,0,0,0,300.0,70.0,1.0,4.93299,6.26589
1173,0,1,0,0,0,0,0,300.0,70.0,1.25,8.49772,7.05162
1174,0,1,0,0,0,0,0,300.0,70.0,1.5,11.1555,7.546
1175,0,1,0,0,0,0,0,300.0,70.0,1.75,13.46,8.03921
1176,0,1,0,0,0,0,0,300.0,70.0,2.0,15.1678,8.25909
1177,0,1,0,0,0,0,0,300.0,70.0,2.25,16.615,7.9491
1178,0,1,0,0,0,0,0,300.0,70.0,2.515,17.9737,7.23387
1179,0,1,0,0,0,0,0,300.0,80.0,0.498,0.371037,9.80766
1180,0,1,0,0,0,0,0,300.0,80.0,0.75,4.43453,10.4361
1181,0,1,0,0,0,0,0,300.0,80.0,1.0,8.98187,10.78
1182,0,1,0,0,0,0,0,300.0,80.0,1.25,13.0551,11.026
1183,0,1,0,0,0,0,0,300.0,80.0,1.5,16.6718,11.3865
1184,0,1,0,0,0,0,0,300.0,80.0,1.75,19.7087,11.7822
1185,0,1,0,0,0,0,0,300.0,80.0,2.0,22.1131,11.6406
1186,0,1,0,0,0,0,0,300.0,80.0,2.25,24.2283,10.9942
1187,0,1,0,0,0,0,0,300.0,80.0,2.515,25.9559,9.92392
1188,0,1,0,0,0,0,0,300.0,90.0,0.498,2.35144,15.1237
1189,0,1,0,0,0,0,0,300.0,90.0,0.75,8.25601,15.6476
1190,0,1,0,0,0,0,0,300.0,90.0,1.0,13.4627,15.786
1191,0,1,0,0,0,0,0,300.0,90.0,1.25,18.1684,15.7788
1192,0,1,0,0,0,0,0,300.0,90.0,1.5,22.7877,15.9853
1193,0,1,0,0,0,0,0,300.0,90.0,1.75,26.8858,16.156
1194,0,1,0,0,0,0,0,300.0,90.0,2.0,30.0201,15.5115
1195,0,1,0,0,0,0,0,300.0,90.0,2.25,32.616,14.4836
1196,0,1,0,0,0,0,0,300.0,90.0,2.515,34.5141,13.078
1197,0,1,0,0,0,0,0,300.0,100.0,0.498,5.81928,20.5025
1198,0,1,0,0,0,0,0,300.0,100.0,0.75,12.2838,21.0674
1199,0,1,0,0,0,0,0,300.0,100.0,1.0,18.4541,21.4141
1200,0,1,0,0,0,0,0,300.0,100.0,1.25,24.0795,21.3478
1201,0,1,0,0,0,0,0,300.0,100.0,1.5,29.5218,21.1663
1202,0,1,0,0,0,0,0,300.0,100.0,1.75,34.4299,20.7048
1203,0,1,0,0,0,0,0,300.0,100.0,2.0,38.2957,19.7462
1204,0,1,0,0,0,0,0,300.0,100.0,2.25,41.3028,18.3623
1205,0,1,0,0,0,0,0,300.0,100.0,2.515,43.6431,16.6177
1206,0,1,0,0,0,0,0,300.0,110.0,0.498,9.90473,25.8065
1207,0,1,0,0,0,0,0,300.0,110.0,0.75,17.0485,26.6199
1208,0,1,0,0,0,0,0,300.0,110.0,1.0,24.0662,27.2635
1209,0,1,0,0,0,0,0,300.0,110.0,1.25,30.811,27.2732
1210,0,1,0,0,0,0,0,300.0,110.0,1.5,36.7501,26.596
1211,0,1,0,0,0,0,0,300.0,110.0,1.75,41.9293,25.5307
1212,0,1,0,0,0,0,0,300.0,110.0,2.0,46.5292,24.2119
1213,0,1,0,0,0,0,0,300.0,110.0,2.25,49.7679,22.3353
1214,0,1,0,0,0,0,0,300.0,110.0,2.515,52.1364,20.1806
1215,0,1,0,0,0,0,0,360.0,30.0,0.498,0,0
1216,0,1,0,0,0,0,0,360.0,30.0,0.75,0,0
1217,0,1,0,0,0,0,0,360.0,30.0,1.0,0,0
1218,0,1,0,0,0,0,0,360.0,30.0,1.25,0,0
1219,0,1,0,0,0,0,0,360.0,30.0,1.5,0,0
1220,0,1,0,0,0,0,0,360.0,30.0,1.75,0,0
1221,0,1,0,0,0,0,0,360.0,30.0,2.0,0,0
1222,0,1,0,0,0,0,0,360.0,30.0,2.25,0,0.237461
1223,0,1,0,0,0,0,0,360.0,30.0,2.515,0,0.45379
1224,0,1,0,0,0,0,0,360.0,40.0,0.498,0,0
1225,0,1,0,0,0,0,0,360.0,40.0,0.75,0,0
1226,0,1,0,0,0,0,0,360.0,40.0,1.0,0,0
1227,0,1,0,0,0,0,0,360.0,40.0,1.25,0,0.057922
1228,0,1,0,0,0,0,0,360.0,40.0,1.5,0,0.398902
1229,0,1,0,0,0,0,0,360.0,40.0,1.75,0.587189,1.09229
1230,0,1,0,0,0,0,0,360.0,40.0,2.0,0.903052,1.69152
1231,0,1,0,0,0,0,0,360.0,40.0,2.25,1.40464,2.02865
1232,0,1,0,0,0,0,0,360.0,40.0,2.515,1.67914,2.12321
1233,0,1,0,0,0,0,0,360.0,50.0,0.498,0,0.412671
1234,0,1,0,0,0,0,0,360.0,50.0,0.75,0,0.475756
1235,0,1,0,0,0,0,0,360.0,50.0,1.0,0.0505527,0.680036
1236,0,1,0,0,0,0,0,360.0,50.0,1.25,0.953426,1.48995
1237,0,1,0,0,0,0,0,360.0,50.0,1.5,2.81607,2.45248
1238,0,1,0,0,0,0,0,360.0,50.0,1.75,4.13332,3.13704
1239,0,1,0,0,0,0,0,360.0,50.0,2.0,4.98245,3.66131
1240,0,1,0,0,0,0,0,360.0,50.0,2.25,5.53531,3.83239
1241,0,1,0,0,0,0,0,360.0,50.0,2.515,6.09662,3.79734
1242,0,1,0,0,0,0,0,360.0,60.0,0.498,0.0290546,2.57596
1243,0,1,0,0,0,0,0,360.0,60.0,0.75,0.745642,2.92401
1244,0,1,0,0,0,0,0,360.0,60.0,1.0,2.71576,3.53238
1245,0,1,0,0,0,0,0,360.0,60.0,1.25,5.37722,4.10306
1246,0,1,0,0,0,0,0,360.0,60.0,1.5,7.42547,4.69161
1247,0,1,0,0,0,0,0,360.0,60.0,1.75,9.01438,5.31443
1248,0,1,0,0,0,0,0,360.0,60.0,2.0,10.0116,5.68666
1249,0,1,0,0,0,0,0,360.0,60.0,2.25,10.8539,5.70585
1250,0,1,0,0,0,0,0,360.0,60.0,2.515,11.7281,5.48093
1251,0,1,0,0,0,0,0,360.0,70.0,0.498,0.511753,7.05622
1252,0,1,0,0,0,0,0,360.0,70.0,0.75,2.90061,7.26784
1253,0,1,0,0,0,0,0,360.0,70.0,1.0,6.38119,7.48431
1254,0,1,0,0,0,0,0,360.0,70.0,1.25,9.73013,7.86339
1255,0,1,0,0,0,0,0,360.0,70.0,1.5,12.3951,8.21861
1256,0,1,0,0,0,0,0,360.0,70.0,1.75,14.4156,8.3453
1257,0,1,0,0,0,0,0,360.0,70.0,2.0,16.2253,8.36903
1258,0,1,0,0,0,0,0,360.0,70.0,2.25,17.7257,7.9213
1259,0,1,0,0,0,0,0,360.0,70.0,2.515,18.9505,7.16245
1260,0,1,0,0,0,0,0,360.0,80.0,0.498,1.68699,12.1488
1261,0,1,0,0,0,0,0,360.0,80.0,0.75,6.10265,12.4415
1262,0,1,0,0,0,0,0,360.0,80.0,1.0,10.5295,12.4307
1263,0,1,0,0,0,0,0,360.0,80.0,1.25,14.5417,12.2984
1264,0,1,0,0,0,0,0,360.0,80.0,1.5,17.9154,12.3221
1265,0,1,0,0,0,0,0,360.0,80.0,1.75,20.7103,12.1952
1266,0,1,0,0,0,0,0,360.0,80.0,2.0,22.9336,11.7086
1267,0,1,0,0,0,0,0,360.0,80.0,2.25,24.9717,10.9606
1268,0,1,0,0,0,0,0,360.0,80.0,2.515,26.6911,9.82055
1269,0,1,0,0,0,0,0,360.0,90.0,0.498,4.03586,17.4501
1270,0,1,0,0,0,0,0,360.0,90.0,0.75,9.87754,17.7953
1271,0,1,0,0,0,0,0,360.0,90.0,1.0,15.0258,17.7308
1272,0,1,0,0,0,0,0,360.0,90.0,1.25,19.6285,17.4327
1273,0,1,0,0,0,0,0,360.0,90.0,1.5,23.8644,16.9929
1274,0,1,0,0,0,0,0,360.0,90.0,1.75,27.3941,16.4828
1275,0,1,0,0,0,0,0,360.0,90.0,2.0,30.4715,15.6158
1276,0,1,0,0,0,0,0,360.0,90.0,2.25,33.0012,14.4179
1277,0,1,0,0,0,0,0,360.0,90.0,2.515,35.0811,12.9516
1278,0,1,0,0,0,0,0,360.0,100.0,0.498,7.61772,23.0531
1279,0,1,0,0,0,0,0,360.0,100.0,0.75,14.0717,23.4881
1280,0,1,0,0,0,0,0,360.0,100.0,1.0,20.0287,23.4736
1281,0,1,0,0,0,0,0,360.0,100.0,1.25,25.3752,23.132
1282,0,1,0,0,0,0,0,360.0,100.0,1.5,30.3619,22.4551
1283,0,1,0,0,0,0,0,360.0,100.0,1.75,34.9696,21.4532
1284,0,1,0,0,0,0,0,360.0,100.0,2.0,38.7003,20.0475
1285,0,1,0,0,0,0,0,360.0,100.0,2.25,41.8048,18.4583
1286,0,1,0,0,0,0,0,360.0,100.0,2.515,44.0303,16.3726
1287,0,1,0,0,0,0,0,360.0,110.0,0.498,11.8729,28.5853
1288,0,1,0,0,0,0,0,360.0,110.0,0.75,18.8786,29.1936
1289,0,1,0,0,0,0,0,360.0,110.0,1.0,25.6783,29.477
1290,0,1,0,0,0,0,0,360.0,110.0,1.25,31.9055,29.1072
1291,0,1,0,0,0,0,0,360.0,110.0,1.5,37.6673,28.0573
1292,0,1,0,0,0,0,0,360.0,110.0,1.75,42.7759,26.6946
1293,0,1,0,0,0,0,0,360.0,110.0,2.0,47.0356,24.7145
1294,0,1,0,0,0,0,0,360.0,110.0,2.25,50.0799,22.3775
1295,0,1,0,0,0,0,0,360.0,110.0,2.515,52.2107,19.7461
1296,0,1,0,0,0,0,0,420.0,30.0,0.498,0,0
1297,0,1,0,0,0,0,0,420.0,30.0,0.75,0,0
1298,0,1,0,0,0,0,0,420.0,30.0,1.0,0,0
1299,0,1,0,0,0,0,0,420.0,30.0,1.25,0,0
1300,0,1,0,0,0,0,0,420.0,30.0,1.5,0,0
1301,0,1,0,0,0,0,0,420.0,30.0,1.75,0,0
1302,0,1,0,0,0,0,0,420.0,30.0,2.0,0,0.0659396
1303,0,1,0,0,0,0,0,420.0,30.0,2.25,0,0.221593
1304,0,1,0,0,0,0,0,420.0,30.0,2.515,0.10068,0.331616
1305,0,1,0,0,0,0,0,420.0,40.0,0.498,0,0
1306,0,1,0,0,0,0,0,420.0,40.0,0.75,0,0
1307,0,1,0,0,0,0,0,420.0,40.0,1.0,0,0
1308,0,1,0,0,0,0,0,420.0,40.0,1.25,0,0.168786
1309,0,1,0,0,0,0,0,420.0,40.0,1.5,0.619999,0.633417
1310,0,1,0,0,0,0,0,420.0,40.0,1.75,1.36386,1.23427
1311,0,1,0,0,0,0,0,420.0,40.0,2.0,1.99821,1.74363
1312,0,1,0,0,0,0,0,420.0,40.0,2.25,2.49993,1.97998
1313,0,1,0,0,0,0,0,420.0,40.0,2.515,2.76365,1.94591
1314,0,1,0,0,0,0,0,420.0,50.0,0.498,0,0.643888
1315,0,1,0,0,0,0,0,420.0,50.0,0.75,0.0809993,0.856881
1316,0,1,0,0,0,0,0,420.0,50.0,1.0,0.444105,1.34599
1317,0,1,0,0,0,0,0,420.0,50.0,1.25,2.18237,1.92943
1318,0,1,0,0,0,0,0,420.0,50.0,1.5,3.84304,2.69563
1319,0,1,0,0,0,0,0,420.0,50.0,1.75,5.17581,3.26485
1320,0,1,0,0,0,0,0,420.0,50.0,2.0,6.01851,3.68468
1321,0,1,0,0,0,0,0,420.0,50.0,2.25,6.72789,3.82019
1322,0,1,0,0,0,0,0,420.0,50.0,2.515,7.12455,3.60853
1323,0,1,0,0,0,0,0,420.0,60.0,0.498,0.334728,4.3504
1324,0,1,0,0,0,0,0,420.0,60.0,0.75,1.57383,4.30868
1325,0,1,0,0,0,0,0,420.0,60.0,1.0,3.93885,4.50725
1326,0,1,0,0,0,0,0,420.0,60.0,1.25,6.45168,4.75263
1327,0,1,0,0,0,0,0,420.0,60.0,1.5,8.4728,5.03179
1328,0,1,0,0,0,0,0,420.0,60.0,1.75,9.91028,5.4914
1329,0,1,0,0,0,0,0,420.0,60.0,2.0,11.0518,5.70185
1330,0,1,0,0,0,0,0,420.0,60.0,2.25,11.8851,5.64928
1331,0,1,0,0,0,0,0,420.0,60.0,2.515,12.6461,5.27966
1332,0,1,0,0,0,0,0,420.0,70.0,0.498,1.49435,9.19237
1333,0,1,0,0,0,0,0,420.0,70.0,0.75,4.015,9.0537
1334,0,1,0,0,0,0,0,420.0,70.0,1.0,7.64225,8.77701
1335,0,1,0,0,0,0,0,420.0,70.0,1.25,10.8338,8.6727
1336,0,1,0,0,0,0,0,420.0,70.0,1.5,13.2982,8.71957
1337,0,1,0,0,0,0,0,420.0,70.0,1.75,15.2903,8.65081
1338,0,1,0,0,0,0,0,420.0,70.0,2.0,17.0119,8.33758
1339,0,1,0,0,0,0,0,420.0,70.0,2.25,18.5063,7.79147
1340,0,1,0,0,0,0,0,420.0,70.0,2.515,19.61,6.90511
1341,0,1,0,0,0,0,0,420.0,80.0,0.498,3.00552,14.391
1342,0,1,0,0,0,0,0,420.0,80.0,0.75,7.58424,14.3516
1343,0,1,0,0,0,0,0,420.0,80.0,1.0,11.8853,14.0281
1344,0,1,0,0,0,0,0,420.0,80.0,1.25,15.7304,13.5607
1345,0,1,0,0,0,0,0,420.0,80.0,1.5,18.7867,13.0288
1346,0,1,0,0,0,0,0,420.0,80.0,1.75,21.3335,12.4064
1347,0,1,0,0,0,0,0,420.0,80.0,2.0,23.5356,11.6203
1348,0,1,0,0,0,0,0,420.0,80.0,2.25,25.4231,10.7725
1349,0,1,0,0,0,0,0,420.0,80.0,2.515,27.0418,9.53302
1350,0,1,0,0,0,0,0,420.0,90.0,0.498,5.69599,19.7272
1351,0,1,0,0,0,0,0,420.0,90.0,0.75,11.3575,19.8323
1352,0,1,0,0,0,0,0,420.0,90.0,1.0,16.4013,19.6453
1353,0,1,0,0,0,0,0,420.0,90.0,1.25,20.8312,18.9082
1354,0,1,0,0,0,0,0,420.0,90.0,1.5,24.612,17.8728
1355,0,1,0,0,0,0,0,420.0,90.0,1.75,27.8545,16.7639
1356,0,1,0,0,0,0,0,420.0,90.0,2.0,30.6866,15.5401
1357,0,1,0,0,0,0,0,420.0,90.0,2.25,33.1657,14.2152
1358,0,1,0,0,0,0,0,420.0,90.0,2.515,35.1554,12.5313
1359,0,1,0,0,0,0,0,420.0,100.0,0.498,9.3267,25.4221
1360,0,1,0,0,0,0,0,420.0,100.0,0.75,15.8216,25.6905
1361,0,1,0,0,0,0,0,420.0,100.0,1.0,21.4382,25.4297
1362,0,1,0,0,0,0,0,420.0,100.0,1.25,26.5779,24.7346
1363,0,1,0,0,0,0,0,420.0,100.0,1.5,31.1458,23.4829
1364,0,1,0,0,0,0,0,420.0,100.0,1.75,35.0626,21.8684
1365,0,1,0,0,0,0,0,420.0,100.0,2.0,38.7508,20.1057
1366,0,1,0,0,0,0,0,420.0,100.0,2.25,41.6626,18.1565
1367,0,1,0,0,0,0,0,420.0,100.0,2.515,43.8022,15.8185
1368,0,1,0,0,0,0,0,420.0,110.0,0.498,13.8152,31.1994
1369,0,1,0,0,0,0,0,420.0,110.0,0.75,20.7163,31.6044
1370,0,1,0,0,0,0,0,420.0,110.0,1.0,27.1761,31.5222
1371,0,1,0,0,0,0,0,420.0,110.0,1.25,32.9931,30.7452
1372,0,1,0,0,0,0,0,420.0,110.0,1.5,38.3939,29.3549
1373,0,1,0,0,0,0,0,420.0,110.0,1.75,43.1003,27.4036
1374,0,1,0,0,0,0,0,420.0,110.0,2.0,46.9539,24.901
1375,0,1,0,0,0,0,0,420.0,110.0,2.25,49.8611,22.1512
1376,0,1,0,0,0,0,0,420.0,110.0,2.515,52.0438,19.2195
1377,0,1,0,0,0,0,0,480.0,30.0,0.498,0,0
1378,0,1,0,0,0,0,0,480.0,30.0,0.75,0,0
1379,0,1,0,0,0,0,0,480.0,30.0,1.0,0,0
1380,0,1,0,0,0,0,0,480.0,30.0,1.25,0,0
1381,0,1,0,0,0,0,0,480.0,30.0,1.5,0,0
1382,0,1,0,0,0,0,0,480.0,30.0,1.75,0.239529,0
1383,0,1,0,0,0,0,0,480.0,30.0,2.0,0.301701,0.0974009
1384,0,1,0,0,0,0,0,480.0,30.0,2.25,0.372124,0.134459
1385,0,1,0,0,0,0,0,480.0,30.0,2.515,0.174338,0.119752
1386,0,1,0,0,0,0,0,480.0,40.0,0.498,0,0
1387,0,1,0,0,0,0,0,480.0,40.0,0.75,0,0.0759807
1388,0,1,0,0,0,0,0,480.0,40.0,1.0,0,0.129117
1389,0,1,0,0,0,0,0,480.0,40.0,1.25,0.284841,0.366574
1390,0,1,0,0,0,0,0,480.0,40.0,1.5,1.25256,0.753835
1391,0,1,0,0,0,0,0,480.0,40.0,1.75,2.33018,1.26914
1392,0,1,0,0,0,0,0,480.0,40.0,2.0,3.02661,1.65256
1393,0,1,0,0,0,0,0,480.0,40.0,2.25,3.48181,1.81458
1394,0,1,0,0,0,0,0,480.0,40.0,2.515,3.67413,1.62418
1395,0,1,0,0,0,0,0,480.0,50.0,0.498,0,1.61573
1396,0,1,0,0,0,0,0,480.0,50.0,0.75,0.141944,1.65147
1397,0,1,0,0,0,0,0,480.0,50.0,1.0,1.11565,1.92514
1398,0,1,0,0,0,0,0,480.0,50.0,1.25,3.14897,2.39458
1399,0,1,0,0,0,0,0,480.0,50.0,1.5,4.67064,2.87442
1400,0,1,0,0,0,0,0,480.0,50.0,1.75,6.01889,3.30136
1401,0,1,0,0,0,0,0,480.0,50.0,2.0,7.01699,3.64537
1402,0,1,0,0,0,0,0,480.0,50.0,2.25,7.65951,3.64717
1403,0,1,0,0,0,0,0,480.0,50.0,2.515,7.95391,3.31713
1404,0,1,0,0,0,0,0,480.0,60.0,0.498,0.610228,6.08196
1405,0,1,0,0,0,0,0,480.0,60.0,0.75,2.21305,5.68252
1406,0,1,0,0,0,0,0,480.0,60.0,1.0,4.84226,5.44686
1407,0,1,0,0,0,0,0,480.0,60.0,1.25,7.30801,5.33002
1408,0,1,0,0,0,0,0,480.0,60.0,1.5,9.27372,5.35174
1409,0,1,0,0,0,0,0,480.0,60.0,1.75,10.7342,5.58181
1410,0,1,0,0,0,0,0,480.0,60.0,2.0,11.8693,5.61606
1411,0,1,0,0,0,0,0,480.0,60.0,2.25,12.6677,5.41705
1412,0,1,0,0,0,0,0,480.0,60.0,2.515,13.1829,4.86322
1413,0,1,0,0,0,0,0,480.0,70.0,0.498,2.43725,11.2097
1414,0,1,0,0,0,0,0,480.0,70.0,0.75,5.14638,10.6473
1415,0,1,0,0,0,0,0,480.0,70.0,1.0,8.5982,9.95876
1416,0,1,0,0,0,0,0,480.0,70.0,1.25,11.5247,9.41893
1417,0,1,0,0,0,0,0,480.0,70.0,1.5,14.0512,9.16195
1418,0,1,0,0,0,0,0,480.0,70.0,1.75,16.0803,8.81102
1419,0,1,0,0,0,0,0,480.0,70.0,2.0,17.7035,8.30181
1420,0,1,0,0,0,0,0,480.0,70.0,2.25,18.909,7.45593
1421,0,1,0,0,0,0,0,480.0,70.0,2.515,19.8669,6.4192
1422,0,1,0,0,0,0,0,480.0,80.0,0.498,4.31035,16.5018
1423,0,1,0,0,0,0,0,480.0,80.0,0.75,8.76073,16.0958
1424,0,1,0,0,0,0,0,480.0,80.0,1.0,12.809,15.382
1425,0,1,0,0,0,0,0,480.0,80.0,1.25,16.5177,14.5883
1426,0,1,0,0,0,0,0,480.0,80.0,1.5,19.3844,13.6638
1427,0,1,0,0,0,0,0,480.0,80.0,1.75,21.8842,12.635
1428,0,1,0,0,0,0,0,480.0,80.0,2.0,23.9605,11.5753
1429,0,1,0,0,0,0,0,480.0,80.0,2.25,25.4931,10.3784
1430,0,1,0,0,0,0,0,480.0,80.0,2.515,26.8735,8.97498
1431,0,1,0,0,0,0,0,480.0,90.0,0.498,7.29046,21.8928
1432,0,1,0,0,0,0,0,480.0,90.0,0.75,12.8354,21.8196
1433,0,1,0,0,0,0,0,480.0,90.0,1.0,17.5691,21.1939
1434,0,1,0,0,0,0,0,480.0,90.0,1.25,21.7392,20.1295
1435,0,1,0,0,0,0,0,480.0,90.0,1.5,25.1404,18.6453
1436,0,1,0,0,0,0,0,480.0,90.0,1.75,28.1615,17.0908
1437,0,1,0,0,0,0,0,480.0,90.0,2.0,30.7685,15.4414
1438,0,1,0,0,0,0,0,480.0,90.0,2.25,32.8709,13.7346
1439,0,1,0,0,0,0,0,480.0,90.0,2.515,34.7399,11.8825
1440,0,1,0,0,0,0,0,480.0,100.0,0.498,11.1416,27.7716
1441,0,1,0,0,0,0,0,480.0,100.0,0.75,17.4209,27.7376
1442,0,1,0,0,0,0,0,480.0,100.0,1.0,22.8157,27.2046
1443,0,1,0,0,0,0,0,480.0,100.0,1.25,27.5433,26.036
1444,0,1,0,0,0,0,0,480.0,100.0,1.5,31.6453,24.3468
1445,0,1,0,0,0,0,0,480.0,100.0,1.75,35.1568,22.18
1446,0,1,0,0,0,0,0,480.0,100.0,2.0,38.4258,20.0202
1447,0,1,0,0,0,0,0,480.0,100.0,2.25,41.104,17.7685
1448,0,1,0,0,0,0,0,480.0,100.0,2.515,43.1917,15.1692
1449,0,1,0,0,0,0,0,480.0,110.0,0.498,15.6108,33.5739
1450,0,1,0,0,0,0,0,480.0,110.0,0.75,22.5479,33.7837
1451,0,1,0,0,0,0,0,480.0,110.0,1.0,28.55,33.2585
1452,0,1,0,0,0,0,0,480.0,110.0,1.25,33.9948,32.2101
1453,0,1,0,0,0,0,0,480.0,110.0,1.5,38.7065,30.3441
1454,0,1,0,0,0,0,0,480.0,110.0,1.75,43.0004,27.8674
1455,0,1,0,0,0,0,0,480.0,110.0,2.0,46.4505,24.9863
1456,0,1,0,0,0,0,0,480.0,110.0,2.25,49.1985,21.8357
1457,0,1,0,0,0,0,0,480.0,110.0,2.515,51.3523,18.5269
1458,0,1,0,0,0,0,0,540.0,30.0,0.498,0,0
1459,0,1,0,0,0,0,0,540.0,30.0,0.75,0,0
1460,0,1,0,0,0,0,0,540.0,30.0,1.0,0,0
1461,0,1,0,0,0,0,0,540.0,30.0,1.25,0,0
1462,0,1,0,0,0,0,0,540.0,30.0,1.5,0.308608,0
1463,0,1,0,0,0,0,0,540.0,30.0,1.75,0.58452,0.037411
1464,0,1,0,0,0,0,0,540.0,30.0,2.0,0.885419,0.0755164
1465,0,1,0,0,0,0,0,540.0,30.0,2.25,0.818154,0.0833751
1466,0,1,0,0,0,0,0,540.0,30.0,2.515,0.643481,0.143158
1467,0,1,0,0,0,0,0,540.0,40.0,0.498,0,0.171056
1468,0,1,0,0,0,0,0,540.0,40.0,0.75,0,0.185753
1469,0,1,0,0,0,0,0,540.0,40.0,1.0,0,0.263876
1470,0,1,0,0,0,0,0,540.0,40.0,1.25,0.646119,0.537295
1471,0,1,0,0,0,0,0,540.0,40.0,1.5,1.90671,0.802942
1472,0,1,0,0,0,0,0,540.0,40.0,1.75,3.11016,1.21181
1473,0,1,0,0,0,0,0,540.0,40.0,2.0,3.92541,1.49389
1474,0,1,0,0,0,0,0,540.0,40.0,2.25,4.33379,1.53567
1475,0,1,0,0,0,0,0,540.0,40.0,2.515,4.42285,1.19547
1476,0,1,0,0,0,0,0,540.0,50.0,0.498,0.0609989,2.99214
1477,0,1,0,0,0,0,0,540.0,50.0,0.75,0.277433,2.52412
1478,0,1,0,0,0,0,0,540.0,50.0,1.0,1.72185,2.46819
1479,0,1,0,0,0,0,0,540.0,50.0,1.25,3.84508,2.72059
1480,0,1,0,0,0,0,0,540.0,50.0,1.5,5.3624,2.98017
1481,0,1,0,0,0,0,0,540.0,50.0,1.75,6.65452,3.23208
1482,0,1,0,0,0,0,0,540.0,50.0,2.0,7.74163,3.43115
1483,0,1,0,0,0,0,0,540.0,50.0,2.25,8.29914,3.2915
1484,0,1,0,0,0,0,0,540.0,50.0,2.515,8.5977,2.85927
1485,0,1,0,0,0,0,0,540.0,60.0,0.498,1.09207,7.72809
1486,0,1,0,0,0,0,0,540.0,60.0,0.75,2.68392,7.01815
1487,0,1,0,0,0,0,0,540.0,60.0,1.0,5.40034,6.32543
1488,0,1,0,0,0,0,0,540.0,60.0,1.25,7.84181,5.8166
1489,0,1,0,0,0,0,0,540.0,60.0,1.5,9.79001,5.57876
1490,0,1,0,0,0,0,0,540.0,60.0,1.75,11.3313,5.50817
1491,0,1,0,0,0,0,0,540.0,60.0,2.0,12.3212,5.39544
1492,0,1,0,0,0,0,0,540.0,60.0,2.25,13.0341,4.96944
1493,0,1,0,0,0,0,0,540.0,60.0,2.515,13.509,4.32151
1494,0,1,0,0,0,0,0,540.0,70.0,0.498,3.17429,13.0204
1495,0,1,0,0,0,0,0,540.0,70.0,0.75,6.01152,12.0494
1496,0,1,0,0,0,0,0,540.0,70.0,1.0,9.18804,10.9762
1497,0,1,0,0,0,0,0,540.0,70.0,1.25,12.1019,10.1709
1498,0,1,0,0,0,0,0,540.0,70.0,1.5,14.7928,9.65029
1499,0,1,0,0,0,0,0,540.0,70.0,1.75,16.6537,8.9173
1500,0,1,0,0,0,0,0,540.0,70.0,2.0,17.9449,8.03404
1501,0,1,0,0,0,0,0,540.0,70.0,2.25,18.9207,6.92956
1502,0,1,0,0,0,0,0,540.0,70.0,2.515,19.7833,5.85494
1503,0,1,0,0,0,0,0,540.0,80.0,0.498,5.48429,18.3495
1504,0,1,0,0,0,0,0,540.0,80.0,0.75,9.74662,17.669
1505,0,1,0,0,0,0,0,540.0,80.0,1.0,13.5604,16.5967
1506,0,1,0,0,0,0,0,540.0,80.0,1.25,17.1236,15.4494
1507,0,1,0,0,0,0,0,540.0,80.0,1.5,19.886,14.1532
1508,0,1,0,0,0,0,0,540.0,80.0,1.75,22.1093,12.8018
1509,0,1,0,0,0,0,0,540.0,80.0,2.0,23.9493,11.4383
1510,0,1,0,0,0,0,0,540.0,80.0,2.25,25.3037,9.89416
1511,0,1,0,0,0,0,0,540.0,80.0,2.515,26.4259,8.15701
1512,0,1,0,0,0,0,0,540.0,90.0,0.498,8.83533,23.9614
1513,0,1,0,0,0,0,0,540.0,90.0,0.75,13.9566,23.533
1514,0,1,0,0,0,0,0,540.0,90.0,1.0,18.456,22.4988
1515,0,1,0,0,0,0,0,540.0,90.0,1.25,22.2836,21.061
1516,0,1,0,0,0,0,0,540.0,90.0,1.5,25.4167,19.2339
1517,0,1,0,0,0,0,0,540.0,90.0,1.75,28.2631,17.3879
1518,0,1,0,0,0,0,0,540.0,90.0,2.0,30.4654,15.2639
1519,0,1,0,0,0,0,0,540.0,90.0,2.25,32.5456,13.4117
1520,0,1,0,0,0,0,0,540.0,90.0,2.515,34.1236,11.2001
1521,0,1,0,0,0,0,0,540.0,100.0,0.498,12.8162,29.8976
1522,0,1,0,0,0,0,0,540.0,100.0,0.75,18.6533,29.487
1523,0,1,0,0,0,0,0,540.0,100.0,1.0,23.778,28.6099
1524,0,1,0,0,0,0,0,540.0,100.0,1.25,28.1271,27.0478
1525,0,1,0,0,0,0,0,540.0,100.0,1.5,31.8362,24.9955
1526,0,1,0,0,0,0,0,540.0,100.0,1.75,35.0301,22.4891
1527,0,1,0,0,0,0,0,540.0,100.0,2.0,37.8678,19.9369
1528,0,1,0,0,0,0,0,540.0,100.0,2.25,40.3206,17.2836
1529,0,1,0,0,0,0,0,540.0,100.0,2.515,42.2307,14.4615
1530,0,1,0,0,0,0,0,540.0,110.0,0.498,17.2877,35.7019
1531,0,1,0,0,0,0,0,540.0,110.0,0.75,23.8045,35.4801
1532,0,1,0,0,0,0,0,540.0,110.0,1.0,29.5741,34.7287
1533,0,1,0,0,0,0,0,540.0,110.0,1.25,34.5623,33.2896
1534,0,1,0,0,0,0,0,540.0,110.0,1.5,38.8019,31.0233
1535,0,1,0,0,0,0,0,540.0,110.0,1.75,42.4534,28.124
1536,0,1,0,0,0,0,0,540.0,110.0,2.0,45.6464,24.8966
1537,0,1,0,0,0,0,0,540.0,110.0,2.25,48.2783,21.5506
1538,0,1,0,0,0,0,0,540.0,110.0,2.515,50.2915,17.9509
1539,0,1,0,0,0,0,0,600.0,30.0,0.498,0,0
1540,0,1,0,0,0,0,0,600.0,30.0,0.75,0,0
1541,0,1,0,0,0,0,0,600.0,30.0,1.0,0,0
1542,0,1,0,0,0,0,0,600.0,30.0,1.25,0.0956589,0
1543,0,1,0,0,0,0,0,600.0,30.0,1.5,0.537492,0
1544,0,1,0,0,0,0,0,600.0,30.0,1.75,0.961906,0.0909975
1545,0,1,0,0,0,0,0,600.0,30.0,2.0,1.19249,0
1546,0,1,0,0,0,0,0,600.0,30.0,2.25,1.23404,0.0536808
1547,0,1,0,0,0,0,0,600.0,30.0,2.515,1.29975,0.0983787
1548,0,1,0,0,0,0,0,600.0,40.0,0.498,0,0.85331
1549,0,1,0,0,0,0,0,600.0,40.0,0.75,0,0.746315
1550,0,1,0,0,0,0,0,600.0,40.0,1.0,0,0.681943
1551,0,1,0,0,0,0,0,600.0,40.0,1.25,1.13002,0.65748
1552,0,1,0,0,0,0,0,600.0,40.0,1.5,2.48435,0.805039
1553,0,1,0,0,0,0,0,600.0,40.0,1.75,3.62295,1.06375
1554,0,1,0,0,0,0,0,600.0,40.0,2.0,4.39835,1.11812
1555,0,1,0,0,0,0,0,600.0,40.0,2.25,4.87204,1.03521
1556,0,1,0,0,0,0,0,600.0,40.0,2.515,5.08139,0.815304
1557,0,1,0,0,0,0,0,600.0,50.0,0.498,0.0514751,4.29589
1558,0,1,0,0,0,0,0,600.0,50.0,0.75,0.461444,3.59334
1559,0,1,0,0,0,0,0,600.0,50.0,1.0,2.14629,3.06745
1560,0,1,0,0,0,0,0,600.0,50.0,1.25,4.23396,2.89806
1561,0,1,0,0,0,0,0,600.0,50.0,1.5,5.7734,2.94333
1562,0,1,0,0,0,0,0,600.0,50.0,1.75,7.04888,3.10328
1563,0,1,0,0,0,0,0,600.0,50.0,2.0,8.00906,2.95726
1564,0,1,0,0,0,0,0,600.0,50.0,2.25,8.611,2.67349
1565,0,1,0,0,0,0,0,600.0,50.0,2.515,8.94789,2.19904
1566,0,1,0,0,0,0,0,600.0,60.0,0.498,1.51136,9.24741
1567,0,1,0,0,0,0,0,600.0,60.0,0.75,3.08277,8.19888
1568,0,1,0,0,0,0,0,600.0,60.0,1.0,5.78774,7.11299
1569,0,1,0,0,0,0,0,600.0,60.0,1.25,8.20916,6.42145
1570,0,1,0,0,0,0,0,600.0,60.0,1.5,10.2768,5.91172
1571,0,1,0,0,0,0,0,600.0,60.0,1.75,11.6985,5.31643
1572,0,1,0,0,0,0,0,600.0,60.0,2.0,12.4946,4.98446
1573,0,1,0,0,0,0,0,600.0,60.0,2.25,13.0877,4.3606
1574,0,1,0,0,0,0,0,600.0,60.0,2.515,13.5287,3.61802
1575,0,1,0,0,0,0,0,600.0,70.0,0.498,3.69413,14.5149
1576,0,1,0,0,0,0,0,600.0,70.0,0.75,6.67642,13.3842
1577,0,1,0,0,0,0,0,600.0,70.0,1.0,9.70384,12.1089
1578,0,1,0,0,0,0,0,600.0,70.0,1.25,12.6694,10.9674
1579,0,1,0,0,0,0,0,600.0,70.0,1.5,15.1627,10.0636
1580,0,1,0,0,0,0,0,600.0,70.0,1.75,16.7756,8.89286
1581,0,1,0,0,0,0,0,600.0,70.0,2.0,17.9075,7.66862
1582,0,1,0,0,0,0,0,600.0,70.0,2.25,18.732,6.27299
1583,0,1,0,0,0,0,0,600.0,70.0,2.515,19.455,5.18349
1584,0,1,0,0,0,0,0,600.0,80.0,0.498,6.47258,19.9939
1585,0,1,0,0,0,0,0,600.0,80.0,0.75,10.473,18.9689
1586,0,1,0,0,0,0,0,600.0,80.0,1.0,14.2626,17.7795
1587,0,1,0,0,0,0,0,600.0,80.0,1.25,17.5403,16.2676
1588,0,1,0,0,0,0,0,600.0,80.0,1.5,20.1361,14.5093
1589,0,1,0,0,0,0,0,600.0,80.0,1.75,22.0275,12.8903
1590,0,1,0,0,0,0,0,600.0,80.0,2.0,23.6951,11.179
1591,0,1,0,0,0,0,0,600.0,80.0,2.25,24.907,9.39954
1592,0,1,0,0,0,0,0,600.0,80.0,2.515,25.8732,7.37156
1593,0,1,0,0,0,0,0,600.0,90.0,0.498,10.0501,25.7366
1594,0,1,0,0,0,0,0,600.0,90.0,0.75,14.8393,24.9327
1595,0,1,0,0,0,0,0,600.0,90.0,1.0,19.0361,23.6452
1596,0,1,0,0,0,0,0,600.0,90.0,1.25,22.6484,21.869
1597,0,1,0,0,0,0,0,600.0,90.0,1.5,25.5963,19.776
1598,0,1,0,0,0,0,0,600.0,90.0,1.75,27.9652,17.4865
1599,0,1,0,0,0,0,0,600.0,90.0,2.0,30.0915,15.2389
1600,0,1,0,0,0,0,0,600.0,90.0,2.25,31.9357,13.0147
1601,0,1,0,0,0,0,0,600.0,90.0,2.515,33.4959,10.5691
1602,0,1,0,0,0,0,0,600.0,100.0,0.498,14.0424,31.7054
1603,0,1,0,0,0,0,0,600.0,100.0,0.75,19.5367,30.9438
1604,0,1,0,0,0,0,0,600.0,100.0,1.0,24.3033,29.6554
1605,0,1,0,0,0,0,0,600.0,100.0,1.25,28.2912,27.8016
1606,0,1,0,0,0,0,0,600.0,100.0,1.5,31.8461,25.569
1607,0,1,0,0,0,0,0,600.0,100.0,1.75,34.6893,22.8101
1608,0,1,0,0,0,0,0,600.0,100.0,2.0,37.2842,19.9405
1609,0,1,0,0,0,0,0,600.0,100.0,2.25,39.4378,16.9273
1610,0,1,0,0,0,0,0,600.0,100.0,2.515,41.2442,13.8628
1611,0,1,0,0,0,0,0,600.0,110.0,0.498,18.5588,37.5116
1612,0,1,0,0,0,0,0,600.0,110.0,0.75,24.7664,36.9567
1613,0,1,0,0,0,0,0,600.0,110.0,1.0,30.0842,35.8
1614,0,1,0,0,0,0,0,600.0,110.0,1.25,34.6278,34.0405
1615,0,1,0,0,0,0,0,600.0,110.0,1.5,38.5428,31.4171
1616,0,1,0,0,0,0,0,600.0,110.0,1.75,41.837,28.2724
1617,0,1,0,0,0,0,0,600.0,110.0,2.0,44.6913,24.7998
1618,0,1,0,0,0,0,0,600.0,110.0,2.25,47.1798,21.1943
1619,0,1,0,0,0,0,0,600.0,110.0,2.515,49.1148,17.4236
1620,0,0,1,0,0,0,0,60.0,30.0,0.498,0,0
1621,0,0,1,0,0,0,0,60.0,30.0,0.75,0,0
1622,0,0,1,0,0,0,0,60.0,30.0,1.0,0,0
1623,0,0,1,0,0,0,0,60.0,30.0,1.25,0,0.377377
1624,0,0,1,0,0,0,0,60.0,30.0,1.5,0,1.15357
1625,0,0,1,0,0,0,0,60.0,30.0,1.75,0.239072,1.76659
1626,0,0,1,0,0,0,0,60.0,30.0,2.0,0.380667,2.2321
1627,0,0,1,0,0,0,0,60.0,30.0,2.25,0.530511,2.59406
1628,0,0,1,0,0,0,0,60.0,30.0,2.515,0.730237,2.69812
1629,0,0,1,0,0,0,0,60.0,40.0,0.498,0,0
1630,0,0,1,0,0,0,0,60.0,40.0,0.75,0,0.48021
1631,0,0,1,0,0,0,0,60.0,40.0,1.0,0,1.18958
1632,0,0,1,0,0,0,0,60.0,40.0,1.25,0.306551,2.1662
1633,0,0,1,0,0,0,0,60.0,40.0,1.5,0.636198,2.94685
1634,0,0,1,0,0,0,0,60.0,40.0,1.75,1.61567,3.66289
1635,0,0,1,0,0,0,0,60.0,40.0,2.0,2.87008,4.37139
1636,0,0,1,0,0,0,0,60.0,40.0,2.25,3.72373,4.62376
1637,0,0,1,0,0,0,0,60.0,40.0,2.515,4.30619,4.558
1638,0,0,1,0,0,0,0,60.0,50.0,0.498,0,1.61247
1639,0,0,1,0,0,0,0,60.0,50.0,0.75,0.133975,2.65924
1640,0,0,1,0,0,0,0,60.0,50.0,1.0,0.939204,3.6987
1641,0,0,1,0,0,0,0,60.0,50.0,1.25,2.35803,4.65847
1642,0,0,1,0,0,0,0,60.0,50.0,1.5,4.24338,5.4307
1643,0,0,1,0,0,0,0,60.0,50.0,1.75,5.92387,6.1076
1644,0,0,1,0,0,0,0,60.0,50.0,2.0,7.27192,6.54848
1645,0,0,1,0,0,0,0,60.0,50.0,2.25,8.40674,6.64403
1646,0,0,1,0,0,0,0,60.0,50.0,2.515,9.06882,6.23924
1647,0,0,1,0,0,0,0,60.0,60.0,0.498,0,4.77233
1648,0,0,1,0,0,0,0,60.0,60.0,0.75,1.61406,6.20657
1649,0,0,1,0,0,0,0,60.0,60.0,1.0,4.35211,7.24748
1650,0,0,1,0,0,0,0,60.0,60.0,1.25,7.06674,8.24787
1651,0,0,1,0,0,0,0,60.0,60.0,1.5,9.56832,9.05011
1652,0,0,1,0,0,0,0,60.0,60.0,1.75,11.6869,9.42602
1653,0,0,1,0,0,0,0,60.0,60.0,2.0,13.4555,9.42338
1654,0,0,1,0,0,0,0,60.0,60.0,2.25,14.9485,9.12754
1655,0,0,1,0,0,0,0,60.0,60.0,2.515,16.3384,8.59817
1656,0,0,1,0,0,0,0,60.0,70.0,0.498,0.627423,8.4738
1657,0,0,1,0,0,0,0,60.0,70.0,0.75,4.39802,10.0526
1658,0,0,1,0,0,0,0,60.0,70.0,1.0,8.45589,11.1944
1659,0,0,1,0,0,0,0,60.0,70.0,1.25,11.9531,12.034
1660,0,0,1,0,0,0,0,60.0,70.0,1.5,15.2078,12.7215
1661,0,0,1,0,0,0,0,60.0,70.0,1.75,17.987,13.0491
1662,0,0,1,0,0,0,0,60.0,70.0,2.0,20.2283,12.7569
1663,0,0,1,0,0,0,0,60.0,70.0,2.25,22.3598,12.3136
1664,0,0,1,0,0,0,0,60.0,70.0,2.515,24.2705,11.4469
1665,0,0,1,0,0,0,0,60.0,80.0,0.498,2.26125,12.3625
1666,0,0,1,0,0,0,0,60.0,80.0,0.75,7.84444,13.8944
1667,0,0,1,0,0,0,0,60.0,80.0,1.0,12.8876,15.2157
1668,0,0,1,0,0,0,0,60.0,80.0,1.25,17.2292,16.0838
1669,0,0,1,0,0,0,0,60.0,80.0,1.5,21.2878,16.5753
1670,0,0,1,0,0,0,0,60.0,80.0,1.75,24.8042,16.5595
1671,0,0,1,0,0,0,0,60.0,80.0,2.0,27.9445,16.2847
1672,0,0,1,0,0,0,0,60.0,80.0,2.25,30.5561,15.6828
1673,0,0,1,0,0,0,0,60.0,80.0,2.515,32.5798,14.6156
1674,0,0,1,0,0,0,0,60.0,90.0,0.498,5.2608,16.5994
1675,0,0,1,0,0,0,0,60.0,90.0,0.75,11.5801,18.0959
1676,0,0,1,0,0,0,0,60.0,90.0,1.0,17.5865,19.3645
1677,0,0,1,0,0,0,0,60.0,90.0,1.25,23.0823,20.2201
1678,0,0,1,0,0,0,0,60.0,90.0,1.5,27.8666,20.4851
1679,0,0,1,0,0,0,0,60.0,90.0,1.75,32.3531,20.3104
1680,0,0,1,0,0,0,0,60.0,90.0,2.0,36.1283,19.875
1681,0,0,1,0,0,0,0,60.0,90.0,2.25,39.1373,19.1943
1682,0,0,1,0,0,0,0,60.0,90.0,2.515,41.1877,17.7485
1683,0,0,1,0,0,0,0,60.0,100.0,0.498,8.75887,21.2855
1684,0,0,1,0,0,0,0,60.0,100.0,0.75,15.7934,22.6433
1685,0,0,1,0,0,0,0,60.0,100.0,1.0,22.5633,23.5668
1686,0,0,1,0,0,0,0,60.0,100.0,1.25,28.9237,24.1291
1687,0,0,1,0,0,0,0,60.0,100.0,1.5,34.622,24.2822
1688,0,0,1,0,0,0,0,60.0,100.0,1.75,39.8838,24.1508
1689,0,0,1,0,0,0,0,60.0,100.0,2.0,44.2545,23.5641
1690,0,0,1,0,0,0,0,60.0,100.0,2.25,47.5945,22.5225
1691,0,0,1,0,0,0,0,60.0,100.0,2.515,49.8792,20.9599
1692,0,0,1,0,0,0,0,60.0,110.0,0.498,12.985,26.2877
1693,0,0,1,0,0,0,0,60.0,110.0,0.75,20.4988,27.2293
1694,0,0,1,0,0,0,0,60.0,110.0,1.0,27.9243,27.6958
1695,0,0,1,0,0,0,0,60.0,110.0,1.25,34.7188,27.9614
1696,0,0,1,0,0,0,0,60.0,110.0,1.5,41.0869,28.0721
1697,0,0,1,0,0,0,0,60.0,110.0,1.75,46.8851,27.7815
1698,0,0,1,0,0,0,0,60.0,110.0,2.0,51.9819,27.1294
1699,0,0,1,0,0,0,0,60.0,110.0,2.25,55.8434,26.0105
1700,0,0,1,0,0,0,0,60.0,110.0,2.515,58.4645,24.2513
1701,0,0,1,0,0,0,0,120.0,30.0,0.498,0,0
1702,0,0,1,0,0,0,0,120.0,30.0,0.75,0,0
1703,0,0,1,0,0,0,0,120.0,30.0,1.0,0,0
1704,0,0,1,0,0,0,0,120.0,30.0,1.25,0.0412782,0.339886
1705,0,0,1,0,0,0,0,120.0,30.0,1.5,0.27356,1.04392
1706,0,0,1,0,0,0,0,120.0,30.0,1.75,0.435806,1.6591
1707,0,0,1,0,0,0,0,120.0,30.0,2.0,0.437587,2.18134
1708,0,0,1,0,0,0,0,120.0,30.0,2.25,0.550209,2.51161
1709,0,0,1,0,0,0,0,120.0,30.0,2.515,0.749191,2.43636
1710,0,0,1,0,0,0,0,120.0,40.0,0.498,0,0.0604905
1711,0,0,1,0,0,0,0,120.0,40.0,0.75,0,0.556564
1712,0,0,1,0,0,0,0,120.0,40.0,1.0,0.385011,1.308
1713,0,0,1,0,0,0,0,120.0,40.0,1.25,0.680833,2.1847
1714,0,0,1,0,0,0,0,120.0,40.0,1.5,1.58945,2.95445
1715,0,0,1,0,0,0,0,120.0,40.0,1.75,2.75749,3.72088
1716,0,0,1,0,0,0,0,120.0,40.0,2.0,3.7816,4.28782
1717,0,0,1,0,0,0,0,120.0,40.0,2.25,4.37505,4.36752
1718,0,0,1,0,0,0,0,120.0,40.0,2.515,4.72153,4.18319
1719,0,0,1,0,0,0,0,120.0,50.0,0.498,0,2.0786
1720,0,0,1,0,0,0,0,120.0,50.0,0.75,0.911465,3.01327
1721,0,0,1,0,0,0,0,120.0,50.0,1.0,2.29596,4.06531
1722,0,0,1,0,0,0,0,120.0,50.0,1.25,4.27542,4.91432
1723,0,0,1,0,0,0,0,120.0,50.0,1.5,5.8873,5.48145
1724,0,0,1,0,0,0,0,120.0,50.0,1.75,7.23039,6.01532
1725,0,0,1,0,0,0,0,120.0,50.0,2.0,8.44645,6.39485
1726,0,0,1,0,0,0,0,120.0,50.0,2.25,9.16556,6.29347
1727,0,0,1,0,0,0,0,120.0,50.0,2.515,9.69804,5.86407
1728,0,0,1,0,0,0,0,120.0,60.0,0.498,0.746509,5.8337
1729,0,0,1,0,0,0,0,120.0,60.0,0.75,3.22296,7.03182
1730,0,0,1,0,0,0,0,120.0,60.0,1.0,6.21912,7.9436
1731,0,0,1,0,0,0,0,120.0,60.0,1.25,8.88011,8.70109
1732,0,0,1,0,0,0,0,120.0,60.0,1.5,11.0636,9.16288
1733,0,0,1,0,0,0,0,120.0,60.0,1.75,12.9784,9.43921
1734,0,0,1,0,0,0,0,120.0,60.0,2.0,14.5276,9.33536
1735,0,0,1,0,0,0,0,120.0,60.0,2.25,15.8712,8.87832
1736,0,0,1,0,0,0,0,120.0,60.0,2.515,16.9186,8.20025
1737,0,0,1,0,0,0,0,120.0,70.0,0.498,1.99451,9.81324
1738,0,0,1,0,0,0,0,120.0,70.0,0.75,6.25558,11.0842
1739,0,0,1,0,0,0,0,120.0,70.0,1.0,10.2611,12.0464
1740,0,0,1,0,0,0,0,120.0,70.0,1.25,13.7258,12.6604
1741,0,0,1,0,0,0,0,120.0,70.0,1.5,16.814,13.1198
1742,0,0,1,0,0,0,0,120.0,70.0,1.75,19.3565,13.1845
1743,0,0,1,0,0,0,0,120.0,70.0,2.0,21.4795,12.7229
1744,0,0,1,0,0,0,0,120.0,70.0,2.25,23.3511,11.9803
1745,0,0,1,0,0,0,0,120.0,70.0,2.515,24.9303,11.0537
1746,0,0,1,0,0,0,0,120.0,80.0,0.498,3.89169,13.8816
1747,0,0,1,0,0,0,0,120.0,80.0,0.75,9.51855,15.1723
1748,0,0,1,0,0,0,0,120.0,80.0,1.0,14.5745,16.217
1749,0,0,1,0,0,0,0,120.0,80.0,1.25,18.956,16.8784
1750,0,0,1,0,0,0,0,120.0,80.0,1.5,22.8534,17.1693
1751,0,0,1,0,0,0,0,120.0,80.0,1.75,26.3292,17.0095
1752,0,0,1,0,0,0,0,120.0,80.0,2.0,29.1906,16.3256
1753,0,0,1,0,0,0,0,120.0,80.0,2.25,31.6354,15.4257
1754,0,0,1,0,0,0,0,120.0,80.0,2.515,33.3317,14.1509
1755,0,0,1,0,0,0,0,120.0,90.0,0.498,6.78587,18.319
1756,0,0,1,0,0,0,0,120.0,90.0,0.75,13.2737,19.5997
1757,0,0,1,0,0,0,0,120.0,90.0,1.0,19.1724,20.5587
1758,0,0,1,0,0,0,0,120.0,90.0,1.25,24.6193,21.1656
1759,0,0,1,0,0,0,0,120.0,90.0,1.5,29.438,21.2546
1760,0,0,1,0,0,0,0,120.0,90.0,1.75,33.7101,20.8695
1761,0,0,1,0,0,0,0,120.0,90.0,2.0,37.4469,20.06
1762,0,0,1,0,0,0,0,120.0,90.0,2.25,40.2197,18.8956
1763,0,0,1,0,0,0,0,120.0,90.0,2.515,41.981,17.1024
1764,0,0,1,0,0,0,0,120.0,100.0,0.498,10.243,23.2132
1765,0,0,1,0,0,0,0,120.0,100.0,0.75,17.3329,24.3437
1766,0,0,1,0,0,0,0,120.0,100.0,1.0,24.2133,25.0934
1767,0,0,1,0,0,0,0,120.0,100.0,1.25,30.4385,25.3946
1768,0,0,1,0,0,0,0,120.0,100.0,1.5,36.1989,25.3993
1769,0,0,1,0,0,0,0,120.0,100.0,1.75,41.3616,24.8427
1770,0,0,1,0,0,0,0,120.0,100.0,2.0,45.631,23.8887
1771,0,0,1,0,0,0,0,120.0,100.0,2.25,48.7622,22.4102
1772,0,0,1,0,0,0,0,120.0,100.0,2.515,50.6393,20.3714
1773,0,0,1,0,0,0,0,120.0,110.0,0.498,14.4235,28.2621
1774,0,0,1,0,0,0,0,120.0,110.0,0.75,22.0383,29.2052
1775,0,0,1,0,0,0,0,120.0,110.0,1.0,29.3598,29.6584
1776,0,0,1,0,0,0,0,120.0,110.0,1.25,36.4709,29.7121
1777,0,0,1,0,0,0,0,120.0,110.0,1.5,42.631,29.3106
1778,0,0,1,0,0,0,0,120.0,110.0,1.75,48.4583,28.7616
1779,0,0,1,0,0,0,0,120.0,110.0,2.0,53.4466,27.5919
1780,0,0,1,0,0,0,0,120.0,110.0,2.25,56.9125,25.9155
1781,0,0,1,0,0,0,0,120.0,110.0,2.515,59.1361,23.6861
1782,0,0,1,0,0,0,0,180.0,30.0,0.498,0,0
1783,0,0,1,0,0,0,0,180.0,30.0,0.75,0,0
1784,0,0,1,0,0,0,0,180.0,30.0,1.0,0.0099839,0
1785,0,0,1,0,0,0,0,180.0,30.0,1.25,0.274133,0.204322
1786,0,0,1,0,0,0,0,180.0,30.0,1.5,0.674658,0.953923
1787,0,0,1,0,0,0,0,180.0,30.0,1.75,0.913582,1.61496
1788,0,0,1,0,0,0,0,180.0,30.0,2.0,0.904387,2.11085
1789,0,0,1,0,0,0,0,180.0,30.0,2.25,0.973204,2.21764
1790,0,0,1,0,0,0,0,180.0,30.0,2.515,0.884628,2.04533
1791,0,0,1,0,0,0,0,180.0,40.0,0.498,0,0.222423
1792,0,0,1,0,0,0,0,180.0,40.0,0.75,0.221569,0.594078
1793,0,0,1,0,0,0,0,180.0,40.0,1.0,0.6379,1.28361
1794,0,0,1,0,0,0,0,180.0,40.0,1.25,1.44641,2.1204
1795,0,0,1,0,0,0,0,180.0,40.0,1.5,2.83839,2.91537
1796,0,0,1,0,0,0,0,180.0,40.0,1.75,3.87395,3.6729
1797,0,0,1,0,0,0,0,180.0,40.0,2.0,4.47084,4.03689
1798,0,0,1,0,0,0,0,180.0,40.0,2.25,4.84597,3.95266
1799,0,0,1,0,0,0,0,180.0,40.0,2.515,5.11019,3.64729
1800,0,0,1,0,0,0,0,180.0,50.0,0.498,0.52343,2.66857
1801,0,0,1,0,0,0,0,180.0,50.0,0.75,1.71433,3.56586
1802,0,0,1,0,0,0,0,180.0,50.0,1.0,3.89549,4.32957
1803,0,0,1,0,0,0,0,180.0,50.0,1.25,5.78985,4.95252
1804,0,0,1,0,0,0,0,180.0,50.0,1.5,7.27041,5.47737
1805,0,0,1,0,0,0,0,180.0,50.0,1.75,8.40516,5.84009
1806,0,0,1,0,0,0,0,180.0,50.0,2.0,9.31862,6.04197
1807,0,0,1,0,0,0,0,180.0,50.0,2.25,9.76721,5.76543
1808,0,0,1,0,0,0,0,180.0,50.0,2.515,10.0606,5.20742
1809,0,0,1,0,0,0,0,180.0,60.0,0.498,1.75639,6.84835
1810,0,0,1,0,0,0,0,180.0,60.0,0.75,4.73401,7.6886
1811,0,0,1,0,0,0,0,180.0,60.0,1.0,7.77614,8.42556
1812,0,0,1,0,0,0,0,180.0,60.0,1.25,10.2949,8.89298
1813,0,0,1,0,0,0,0,180.0,60.0,1.5,12.3532,9.08487
1814,0,0,1,0,0,0,0,180.0,60.0,1.75,13.9678,9.19062
1815,0,0,1,0,0,0,0,180.0,60.0,2.0,15.3281,8.95341
1816,0,0,1,0,0,0,0,180.0,60.0,2.25,16.4138,8.35809
1817,0,0,1,0,0,0,0,180.0,60.0,2.515,17.197,7.46312
1818,0,0,1,0,0,0,0,180.0,70.0,0.498,3.49548,11.1384
1819,0,0,1,0,0,0,0,180.0,70.0,0.75,7.8666,11.9975
1820,0,0,1,0,0,0,0,180.0,70.0,1.0,11.7176,12.6608
1821,0,0,1,0,0,0,0,180.0,70.0,1.25,15.107,13.0911
1822,0,0,1,0,0,0,0,180.0,70.0,1.5,18.0086,13.1353
1823,0,0,1,0,0,0,0,180.0,70.0,1.75,20.3465,12.9399
1824,0,0,1,0,0,0,0,180.0,70.0,2.0,22.2928,12.3382
1825,0,0,1,0,0,0,0,180.0,70.0,2.25,24.0268,11.5363
1826,0,0,1,0,0,0,0,180.0,70.0,2.515,25.1405,10.2988
1827,0,0,1,0,0,0,0,180.0,80.0,0.498,5.45548,15.4025
1828,0,0,1,0,0,0,0,180.0,80.0,0.75,11.0041,16.3294
1829,0,0,1,0,0,0,0,180.0,80.0,1.0,15.8933,16.9903
1830,0,0,1,0,0,0,0,180.0,80.0,1.25,20.3178,17.4185
1831,0,0,1,0,0,0,0,180.0,80.0,1.5,24.1708,17.445
1832,0,0,1,0,0,0,0,180.0,80.0,1.75,27.3847,16.9674
1833,0,0,1,0,0,0,0,180.0,80.0,2.0,30.1176,16.0359
1834,0,0,1,0,0,0,0,180.0,80.0,2.25,32.1505,14.8518
1835,0,0,1,0,0,0,0,180.0,80.0,2.515,33.6327,13.3392
1836,0,0,1,0,0,0,0,180.0,90.0,0.498,8.18174,20.0304
1837,0,0,1,0,0,0,0,180.0,90.0,0.75,14.5189,20.9629
1838,0,0,1,0,0,0,0,180.0,90.0,1.0,20.4825,21.5601
1839,0,0,1,0,0,0,0,180.0,90.0,1.25,25.97,21.9116
1840,0,0,1,0,0,0,0,180.0,90.0,1.5,30.7161,21.7754
1841,0,0,1,0,0,0,0,180.0,90.0,1.75,34.8173,21.1138
1842,0,0,1,0,0,0,0,180.0,90.0,2.0,38.2459,19.9057
1843,0,0,1,0,0,0,0,180.0,90.0,2.25,40.76,18.3051
1844,0,0,1,0,0,0,0,180.0,90.0,2.515,42.3606,16.3106
1845,0,0,1,0,0,0,0,180.0,100.0,0.498,11.6093,25.0647
1846,0,0,1,0,0,0,0,180.0,100.0,0.75,18.7657,25.9736
1847,0,0,1,0,0,0,0,180.0,100.0,1.0,25.4477,26.3626
1848,0,0,1,0,0,0,0,180.0,100.0,1.25,31.6937,26.5064
1849,0,0,1,0,0,0,0,180.0,100.0,1.5,37.4156,26.2536
1850,0,0,1,0,0,0,0,180.0,100.0,1.75,42.4311,25.3407
1851,0,0,1,0,0,0,0,180.0,100.0,2.0,46.409,23.8856
1852,0,0,1,0,0,0,0,180.0,100.0,2.25,49.2363,21.9044
1853,0,0,1,0,0,0,0,180.0,100.0,2.515,51.0012,19.5354
1854,0,0,1,0,0,0,0,180.0,110.0,0.498,15.7244,30.1395
1855,0,0,1,0,0,0,0,180.0,110.0,0.75,23.3342,30.9772
1856,0,0,1,0,0,0,0,180.0,110.0,1.0,30.5961,31.2804
1857,0,0,1,0,0,0,0,180.0,110.0,1.25,37.5385,31.0191
1858,0,0,1,0,0,0,0,180.0,110.0,1.5,43.9707,30.4442
1859,0,0,1,0,0,0,0,180.0,110.0,1.75,49.5467,29.3208
1860,0,0,1,0,0,0,0,180.0,110.0,2.0,54.2694,27.7425
1861,0,0,1,0,0,0,0,180.0,110.0,2.25,57.484,25.5149
1862,0,0,1,0,0,0,0,180.0,110.0,2.515,59.6443,22.8991
1863,0,0,1,0,0,0,0,240.0,30.0,0.498,0,0
1864,0,0,1,0,0,0,0,240.0,30.0,0.75,0,0
1865,0,0,1,0,0,0,0,240.0,30.0,1.0,0.211224,0
1866,0,0,1,0,0,0,0,240.0,30.0,1.25,0.608093,0.118487
1867,0,0,1,0,0,0,0,240.0,30.0,1.5,1.19962,0.794105
1868,0,0,1,0,0,0,0,240.0,30.0,1.75,1.44539,1.47138
1869,0,0,1,0,0,0,0,240.0,30.0,2.0,1.51984,1.7612
1870,0,0,1,0,0,0,0,240.0,30.0,2.25,1.51862,1.73976
1871,0,0,1,0,0,0,0,240.0,30.0,2.515,1.42586,1.49778
1872,0,0,1,0,0,0,0,240.0,40.0,0.498,0,0.32677
1873,0,0,1,0,0,0,0,240.0,40.0,0.75,0.518641,0.678927
1874,0,0,1,0,0,0,0,240.0,40.0,1.0,1.35538,1.22983
1875,0,0,1,0,0,0,0,240.0,40.0,1.25,2.76808,2.01279
1876,0,0,1,0,0,0,0,240.0,40.0,1.5,3.99266,2.78683
1877,0,0,1,0,0,0,0,240.0,40.0,1.75,4.72542,3.42712
1878,0,0,1,0,0,0,0,240.0,40.0,2.0,5.08144,3.57429
1879,0,0,1,0,0,0,0,240.0,40.0,2.25,5.42562,3.44357
1880,0,0,1,0,0,0,0,240.0,40.0,2.515,5.47216,2.99736
1881,0,0,1,0,0,0,0,240.0,50.0,0.498,1.06352,3.46487
1882,0,0,1,0,0,0,0,240.0,50.0,0.75,2.6718,3.99016
1883,0,0,1,0,0,0,0,240.0,50.0,1.0,4.98247,4.45574
1884,0,0,1,0,0,0,0,240.0,50.0,1.25,6.9197,4.9082
1885,0,0,1,0,0,0,0,240.0,50.0,1.5,8.4049,5.32562
1886,0,0,1,0,0,0,0,240.0,50.0,1.75,9.26727,5.56615
1887,0,0,1,0,0,0,0,240.0,50.0,2.0,9.86286,5.4084
1888,0,0,1,0,0,0,0,240.0,50.0,2.25,10.1952,5.12735
1889,0,0,1,0,0,0,0,240.0,50.0,2.515,10.4023,4.50669
1890,0,0,1,0,0,0,0,240.0,60.0,0.498,2.75557,7.76262
1891,0,0,1,0,0,0,0,240.0,60.0,0.75,5.98802,8.16418
1892,0,0,1,0,0,0,0,240.0,60.0,1.0,8.98249,8.6415
1893,0,0,1,0,0,0,0,240.0,60.0,1.25,11.2616,8.85061
1894,0,0,1,0,0,0,0,240.0,60.0,1.5,13.1858,8.83342
1895,0,0,1,0,0,0,0,240.0,60.0,1.75,14.6208,8.6602
1896,0,0,1,0,0,0,0,240.0,60.0,2.0,15.8369,8.29955
1897,0,0,1,0,0,0,0,240.0,60.0,2.25,16.6249,7.56623
1898,0,0,1,0,0,0,0,240.0,60.0,2.515,17.4328,6.62041
1899,0,0,1,0,0,0,0,240.0,70.0,0.498,4.8962,12.4345
1900,0,0,1,0,0,0,0,240.0,70.0,0.75,9.17712,12.7945
1901,0,0,1,0,0,0,0,240.0,70.0,1.0,12.9145,13.0764
1902,0,0,1,0,0,0,0,240.0,70.0,1.25,16.0879,13.2362
1903,0,0,1,0,0,0,0,240.0,70.0,1.5,18.7336,12.8562
1904,0,0,1,0,0,0,0,240.0,70.0,1.75,20.937,12.27
1905,0,0,1,0,0,0,0,240.0,70.0,2.0,22.8577,11.7098
1906,0,0,1,0,0,0,0,240.0,70.0,2.25,24.2649,10.7778
1907,0,0,1,0,0,0,0,240.0,70.0,2.515,25.1536,9.33051
1908,0,0,1,0,0,0,0,240.0,80.0,0.498,6.99268,17.0111
1909,0,0,1,0,0,0,0,240.0,80.0,0.75,12.2082,17.4731
1910,0,0,1,0,0,0,0,240.0,80.0,1.0,16.9334,17.637
1911,0,0,1,0,0,0,0,240.0,80.0,1.25,21.1925,17.6607
1912,0,0,1,0,0,0,0,240.0,80.0,1.5,25.0853,17.331
1913,0,0,1,0,0,0,0,240.0,80.0,1.75,28.0669,16.5215
1914,0,0,1,0,0,0,0,240.0,80.0,2.0,30.4819,15.356
1915,0,0,1,0,0,0,0,240.0,80.0,2.25,32.3218,14.0748
1916,0,0,1,0,0,0,0,240.0,80.0,2.515,33.657,12.2581
1917,0,0,1,0,0,0,0,240.0,90.0,0.498,9.38542,21.6576
1918,0,0,1,0,0,0,0,240.0,90.0,0.75,15.659,22.2659
1919,0,0,1,0,0,0,0,240.0,90.0,1.0,21.5173,22.5214
1920,0,0,1,0,0,0,0,240.0,90.0,1.25,26.9847,22.4493
1921,0,0,1,0,0,0,0,240.0,90.0,1.5,31.529,21.9351
1922,0,0,1,0,0,0,0,240.0,90.0,1.75,35.5264,20.9678
1923,0,0,1,0,0,0,0,240.0,90.0,2.0,38.6277,19.4284
1924,0,0,1,0,0,0,0,240.0,90.0,2.25,40.9001,17.5371
1925,0,0,1,0,0,0,0,240.0,90.0,2.515,42.4957,15.4419
1926,0,0,1,0,0,0,0,240.0,100.0,0.498,12.9253,26.8701
1927,0,0,1,0,0,0,0,240.0,100.0,0.75,19.8457,27.4597
1928,0,0,1,0,0,0,0,240.0,100.0,1.0,26.5257,27.6014
1929,0,0,1,0,0,0,0,240.0,100.0,1.25,32.5378,27.2901
1930,0,0,1,0,0,0,0,240.0,100.0,1.5,38.1105,26.6137
1931,0,0,1,0,0,0,0,240.0,100.0,1.75,43.0377,25.3937
1932,0,0,1,0,0,0,0,240.0,100.0,2.0,46.7323,23.5476
1933,0,0,1,0,0,0,0,240.0,100.0,2.25,49.4118,21.2822
1934,0,0,1,0,0,0,0,240.0,100.0,2.515,51.149,18.5393
1935,0,0,1,0,0,0,0,240.0,110.0,0.498,16.9234,32.0205
1936,0,0,1,0,0,0,0,240.0,110.0,0.75,24.4839,32.5923
1937,0,0,1,0,0,0,0,240.0,110.0,1.0,31.516,32.5307
1938,0,0,1,0,0,0,0,240.0,110.0,1.25,38.3889,32.1386
1939,0,0,1,0,0,0,0,240.0,110.0,1.5,44.7935,31.1809
1940,0,0,1,0,0,0,0,240.0,110.0,1.75,50.4407,29.6537
1941,0,0,1,0,0,0,0,240.0,110.0,2.0,54.5606,27.5715
1942,0,0,1,0,0,0,0,240.0,110.0,2.25,57.6799,25.0027
1943,0,0,1,0,0,0,0,240.0,110.0,2.515,59.9356,22.0639
1944,0,0,1,0,0,0,0,300.0,30.0,0.498,0,0
1945,0,0,1,0,0,0,0,300.0,30.0,0.75,0,0
1946,0,0,1,0,0,0,0,300.0,30.0,1.0,0.374049,0
1947,0,0,1,0,0,0,0,300.0,30.0,1.25,1.13701,0.0469561
1948,0,0,1,0,0,0,0,300.0,30.0,1.5,1.6015,0.54354
1949,0,0,1,0,0,0,0,300.0,30.0,1.75,2.03209,1.05887
1950,0,0,1,0,0,0,0,300.0,30.0,2.0,2.14004,1.30281
1951,0,0,1,0,0,0,0,300.0,30.0,2.25,2.10353,1.16334
1952,0,0,1,0,0,0,0,300.0,30.0,2.515,1.95859,0.891169
1953,0,0,1,0,0,0,0,300.0,40.0,0.498,0.168268,0.464815
1954,0,0,1,0,0,0,0,300.0,40.0,0.75,0.875329,0.80359
1955,0,0,1,0,0,0,0,300.0,40.0,1.0,2.3455,1.25353
1956,0,0,1,0,0,0,0,300.0,40.0,1.25,3.88566,1.85792
1957,0,0,1,0,0,0,0,300.0,40.0,1.5,4.9015,2.47135
1958,0,0,1,0,0,0,0,300.0,40.0,1.75,5.26135,2.94952
1959,0,0,1,0,0,0,0,300.0,40.0,2.0,5.59624,3.03995
1960,0,0,1,0,0,0,0,300.0,40.0,2.25,5.8438,2.75725
1961,0,0,1,0,0,0,0,300.0,40.0,2.515,5.88692,2.31044
1962,0,0,1,0,0,0,0,300.0,50.0,0.498,1.42359,4.07713
1963,0,0,1,0,0,0,0,300.0,50.0,0.75,3.43564,4.36583
1964,0,0,1,0,0,0,0,300.0,50.0,1.0,5.81558,4.53871
1965,0,0,1,0,0,0,0,300.0,50.0,1.25,7.78616,4.73065
1966,0,0,1,0,0,0,0,300.0,50.0,1.5,9.20891,5.01832
1967,0,0,1,0,0,0,0,300.0,50.0,1.75,9.84172,5.05081
1968,0,0,1,0,0,0,0,300.0,50.0,2.0,10.2797,4.76682
1969,0,0,1,0,0,0,0,300.0,50.0,2.25,10.5225,4.38095
1970,0,0,1,0,0,0,0,300.0,50.0,2.515,10.8541,3.80944
1971,0,0,1,0,0,0,0,300.0,60.0,0.498,3.61544,8.64086
1972,0,0,1,0,0,0,0,300.0,60.0,0.75,6.79167,8.60795
1973,0,0,1,0,0,0,0,300.0,60.0,1.0,9.72151,8.68785
1974,0,0,1,0,0,0,0,300.0,60.0,1.25,11.9539,8.64519
1975,0,0,1,0,0,0,0,300.0,60.0,1.5,13.6101,8.3672
1976,0,0,1,0,0,0,0,300.0,60.0,1.75,15.0795,8.12242
1977,0,0,1,0,0,0,0,300.0,60.0,2.0,16.0806,7.49513
1978,0,0,1,0,0,0,0,300.0,60.0,2.25,16.9304,6.69921
1979,0,0,1,0,0,0,0,300.0,60.0,2.515,17.63,5.66396
1980,0,0,1,0,0,0,0,300.0,70.0,0.498,6.01429,13.5477
1981,0,0,1,0,0,0,0,300.0,70.0,0.75,10.0605,13.4803
1982,0,0,1,0,0,0,0,300.0,70.0,1.0,13.6562,13.3428
1983,0,0,1,0,0,0,0,300.0,70.0,1.25,16.5164,12.9793
1984,0,0,1,0,0,0,0,300.0,70.0,1.5,19.0679,12.4141
1985,0,0,1,0,0,0,0,300.0,70.0,1.75,21.2881,11.6391
1986,0,0,1,0,0,0,0,300.0,70.0,2.0,23.1228,10.8935
1987,0,0,1,0,0,0,0,300.0,70.0,2.25,24.3916,9.77416
1988,0,0,1,0,0,0,0,300.0,70.0,2.515,25.1571,8.20901
1989,0,0,1,0,0,0,0,300.0,80.0,0.498,8.28374,18.3898
1990,0,0,1,0,0,0,0,300.0,80.0,0.75,13.2181,18.5146
1991,0,0,1,0,0,0,0,300.0,80.0,1.0,17.6728,18.1957
1992,0,0,1,0,0,0,0,300.0,80.0,1.25,21.6326,17.6311
1993,0,0,1,0,0,0,0,300.0,80.0,1.5,25.477,16.9634
1994,0,0,1,0,0,0,0,300.0,80.0,1.75,28.3903,15.8979
1995,0,0,1,0,0,0,0,300.0,80.0,2.0,30.6186,14.6513
1996,0,0,1,0,0,0,0,300.0,80.0,2.25,32.2947,13.0803
1997,0,0,1,0,0,0,0,300.0,80.0,2.515,33.5706,11.1782
1998,0,0,1,0,0,0,0,300.0,90.0,0.498,10.7251,23.2537
1999,0,0,1,0,0,0,0,300.0,90.0,0.75,16.6668,23.5079
2000,0,0,1,0,0,0,0,300.0,90.0,1.0,22.2522,23.374
2001,0,0,1,0,0,0,0,300.0,90.0,1.25,27.4387,22.7177
2002,0,0,1,0,0,0,0,300.0,90.0,1.5,31.9782,21.7763
2003,0,0,1,0,0,0,0,300.0,90.0,1.75,35.7012,20.4881
2004,0,0,1,0,0,0,0,300.0,90.0,2.0,38.5216,18.681
2005,0,0,1,0,0,0,0,300.0,90.0,2.25,40.7637,16.6586
2006,0,0,1,0,0,0,0,300.0,90.0,2.515,42.3749,14.3354
2007,0,0,1,0,0,0,0,300.0,100.0,0.498,14.1121,28.5805
2008,0,0,1,0,0,0,0,300.0,100.0,0.75,20.7271,28.7601
2009,0,0,1,0,0,0,0,300.0,100.0,1.0,27.1964,28.613
2010,0,0,1,0,0,0,0,300.0,100.0,1.25,33.0646,27.8499
2011,0,0,1,0,0,0,0,300.0,100.0,1.5,38.4727,26.7451
2012,0,0,1,0,0,0,0,300.0,100.0,1.75,43.1716,25.1078
2013,0,0,1,0,0,0,0,300.0,100.0,2.0,46.8081,23.0404
2014,0,0,1,0,0,0,0,300.0,100.0,2.25,49.3314,20.4275
2015,0,0,1,0,0,0,0,300.0,100.0,2.515,51.0379,17.4627
2016,0,0,1,0,0,0,0,300.0,110.0,0.498,18.1308,33.8227
2017,0,0,1,0,0,0,0,300.0,110.0,0.75,25.4367,34.0587
2018,0,0,1,0,0,0,0,300.0,110.0,1.0,32.4044,33.6606
2019,0,0,1,0,0,0,0,300.0,110.0,1.25,39.0611,32.9312
2020,0,0,1,0,0,0,0,300.0,110.0,1.5,45.2767,31.5574
2021,0,0,1,0,0,0,0,300.0,110.0,1.75,50.6205,29.7024
2022,0,0,1,0,0,0,0,300.0,110.0,2.0,54.6327,27.166
2023,0,0,1,0,0,0,0,300.0,110.0,2.25,57.6491,24.3389
2024,0,0,1,0,0,0,0,300.0,110.0,2.515,59.8355,21.1674
2025,0,0,1,0,0,0,0,360.0,30.0,0.498,0,0
2026,0,0,1,0,0,0,0,360.0,30.0,0.75,0.0328439,0
2027,0,0,1,0,0,0,0,360.0,30.0,1.0,0.833378,0
2028,0,0,1,0,0,0,0,360.0,30.0,1.25,1.43551,0
2029,0,0,1,0,0,0,0,360.0,30.0,1.5,2.05442,0.178703
2030,0,0,1,0,0,0,0,360.0,30.0,1.75,2.52585,0.505902
2031,0,0,1,0,0,0,0,360.0,30.0,2.0,2.64308,0.613761
2032,0,0,1,0,0,0,0,360.0,30.0,2.25,2.6989,0.496602
2033,0,0,1,0,0,0,0,360.0,30.0,2.515,2.4708,0.258882
2034,0,0,1,0,0,0,0,360.0,40.0,0.498,0.500354,0.73139
2035,0,0,1,0,0,0,0,360.0,40.0,0.75,1.40012,0.936736
2036,0,0,1,0,0,0,0,360.0,40.0,1.0,3.18608,1.27672
2037,0,0,1,0,0,0,0,360.0,40.0,1.25,4.61633,1.67511
2038,0,0,1,0,0,0,0,360.0,40.0,1.5,5.48404,2.09675
2039,0,0,1,0,0,0,0,360.0,40.0,1.75,5.74033,2.32385
2040,0,0,1,0,0,0,0,360.0,40.0,2.0,6.0042,2.2593
2041,0,0,1,0,0,0,0,360.0,40.0,2.25,6.21419,1.94751
2042,0,0,1,0,0,0,0,360.0,40.0,2.515,6.42877,1.62842
2043,0,0,1,0,0,0,0,360.0,50.0,0.498,1.8228,4.78399
2044,0,0,1,0,0,0,0,360.0,50.0,0.75,4.00598,4.68127
2045,0,0,1,0,0,0,0,360.0,50.0,1.0,6.49071,4.55507
2046,0,0,1,0,0,0,0,360.0,50.0,1.25,8.30295,4.53064
2047,0,0,1,0,0,0,0,360.0,50.0,1.5,9.4348,4.48894
2048,0,0,1,0,0,0,0,360.0,50.0,1.75,10.1937,4.37646
2049,0,0,1,0,0,0,0,360.0,50.0,2.0,10.4845,3.88565
2050,0,0,1,0,0,0,0,360.0,50.0,2.25,10.9006,3.50883
2051,0,0,1,0,0,0,0,360.0,50.0,2.515,11.302,2.98482
2052,0,0,1,0,0,0,0,360.0,60.0,0.498,4.2121,9.49899
2053,0,0,1,0,0,0,0,360.0,60.0,0.75,7.28115,9.02333
2054,0,0,1,0,0,0,0,360.0,60.0,1.0,10.0187,8.64576
2055,0,0,1,0,0,0,0,360.0,60.0,1.25,12.2352,8.26639
2056,0,0,1,0,0,0,0,360.0,60.0,1.5,13.8231,7.88848
2057,0,0,1,0,0,0,0,360.0,60.0,1.75,15.2224,7.33795
2058,0,0,1,0,0,0,0,360.0,60.0,2.0,16.3328,6.6139
2059,0,0,1,0,0,0,0,360.0,60.0,2.25,17.2239,5.78824
2060,0,0,1,0,0,0,0,360.0,60.0,2.515,17.7238,4.53934
2061,0,0,1,0,0,0,0,360.0,70.0,0.498,6.73474,14.4711
2062,0,0,1,0,0,0,0,360.0,70.0,0.75,10.596,14.0216
2063,0,0,1,0,0,0,0,360.0,70.0,1.0,13.8309,13.3526
2064,0,0,1,0,0,0,0,360.0,70.0,1.25,16.6021,12.5711
2065,0,0,1,0,0,0,0,360.0,70.0,1.5,19.0057,11.7023
2066,0,0,1,0,0,0,0,360.0,70.0,1.75,21.2963,11.0351
2067,0,0,1,0,0,0,0,360.0,70.0,2.0,23.0569,9.94005
2068,0,0,1,0,0,0,0,360.0,70.0,2.25,24.2652,8.57424
2069,0,0,1,0,0,0,0,360.0,70.0,2.515,25.1011,6.93539
2070,0,0,1,0,0,0,0,360.0,80.0,0.498,9.18788,19.6557
2071,0,0,1,0,0,0,0,360.0,80.0,0.75,13.8614,19.2733
2072,0,0,1,0,0,0,0,360.0,80.0,1.0,17.9929,18.4614
2073,0,0,1,0,0,0,0,360.0,80.0,1.25,21.714,17.3909
2074,0,0,1,0,0,0,0,360.0,80.0,1.5,25.4563,16.4572
2075,0,0,1,0,0,0,0,360.0,80.0,1.75,28.1913,15.18
2076,0,0,1,0,0,0,0,360.0,80.0,2.0,30.4727,13.6682
2077,0,0,1,0,0,0,0,360.0,80.0,2.25,32.0826,11.9384
2078,0,0,1,0,0,0,0,360.0,80.0,2.515,33.4671,10.0042
2079,0,0,1,0,0,0,0,360.0,90.0,0.498,11.8623,24.744
2080,0,0,1,0,0,0,0,360.0,90.0,0.75,17.4137,24.5251
2081,0,0,1,0,0,0,0,360.0,90.0,1.0,22.6371,23.8808
2082,0,0,1,0,0,0,0,360.0,90.0,1.25,27.5151,22.8281
2083,0,0,1,0,0,0,0,360.0,90.0,1.5,31.9019,21.4344
2084,0,0,1,0,0,0,0,360.0,90.0,1.75,35.3913,19.8495
2085,0,0,1,0,0,0,0,360.0,90.0,2.0,38.1153,17.7743
2086,0,0,1,0,0,0,0,360.0,90.0,2.25,40.3379,15.6283
2087,0,0,1,0,0,0,0,360.0,90.0,2.515,42.0161,13.1357
2088,0,0,1,0,0,0,0,360.0,100.0,0.498,15.1751,30.0123
2089,0,0,1,0,0,0,0,360.0,100.0,0.75,21.5187,29.9174
2090,0,0,1,0,0,0,0,360.0,100.0,1.0,27.6759,29.3112
2091,0,0,1,0,0,0,0,360.0,100.0,1.25,33.4128,28.2281
2092,0,0,1,0,0,0,0,360.0,100.0,1.5,38.5228,26.6205
2093,0,0,1,0,0,0,0,360.0,100.0,1.75,42.9558,24.6488
2094,0,0,1,0,0,0,0,360.0,100.0,2.0,46.4452,22.3146
2095,0,0,1,0,0,0,0,360.0,100.0,2.25,48.8165,19.4891
2096,0,0,1,0,0,0,0,360.0,100.0,2.515,50.5679,16.3964
2097,0,0,1,0,0,0,0,360.0,110.0,0.498,19.3083,35.3651
2098,0,0,1,0,0,0,0,360.0,110.0,0.75,26.2778,35.3269
2099,0,0,1,0,0,0,0,360.0,110.0,1.0,33.1422,34.6765
2100,0,0,1,0,0,0,0,360.0,110.0,1.25,39.5335,33.4291
2101,0,0,1,0,0,0,0,360.0,110.0,1.5,45.2571,31.6382
2102,0,0,1,0,0,0,0,360.0,110.0,1.75,50.2394,29.4101
2103,0,0,1,0,0,0,0,360.0,110.0,2.0,54.2269,26.6197
2104,0,0,1,0,0,0,0,360.0,110.0,2.25,57.3296,23.5837
2105,0,0,1,0,0,0,0,360.0,110.0,2.515,59.2658,20.111
2106,0,0,1,0,0,0,0,420.0,30.0,0.498,0,0
2107,0,0,1,0,0,0,0,420.0,30.0,0.75,0.172086,0
2108,0,0,1,0,0,0,0,420.0,30.0,1.0,1.06242,0
2109,0,0,1,0,0,0,0,420.0,30.0,1.25,1.71785,0
2110,0,0,1,0,0,0,0,420.0,30.0,1.5,2.43594,0.0136844
2111,0,0,1,0,0,0,0,420.0,30.0,1.75,2.91307,0.0304492
2112,0,0,1,0,0,0,0,420.0,30.0,2.0,3.08224,0.0266493
2113,0,0,1,0,0,0,0,420.0,30.0,2.25,3.11798,0
2114,0,0,1,0,0,0,0,420.0,30.0,2.515,2.9495,0
2115,0,0,1,0,0,0,0,420.0,40.0,0.498,0.779419,1.27933
2116,0,0,1,0,0,0,0,420.0,40.0,0.75,1.98576,1.33314
2117,0,0,1,0,0,0,0,420.0,40.0,1.0,3.70031,1.37058
2118,0,0,1,0,0,0,0,420.0,40.0,1.25,4.99346,1.4766
2119,0,0,1,0,0,0,0,420.0,40.0,1.5,5.82749,1.68124
2120,0,0,1,0,0,0,0,420.0,40.0,1.75,6.07244,1.60416
2121,0,0,1,0,0,0,0,420.0,40.0,2.0,6.31933,1.3447
2122,0,0,1,0,0,0,0,420.0,40.0,2.25,6.56502,1.05892
2123,0,0,1,0,0,0,0,420.0,40.0,2.515,6.81947,0.755013
2124,0,0,1,0,0,0,0,420.0,50.0,0.498,2.20359,5.58553
2125,0,0,1,0,0,0,0,420.0,50.0,0.75,4.38162,5.00136
2126,0,0,1,0,0,0,0,420.0,50.0,1.0,6.77698,4.68527
2127,0,0,1,0,0,0,0,420.0,50.0,1.25,8.55838,4.43375
2128,0,0,1,0,0,0,0,420.0,50.0,1.5,9.66936,4.08716
2129,0,0,1,0,0,0,0,420.0,50.0,1.75,10.3053,3.46524
2130,0,0,1,0,0,0,0,420.0,50.0,2.0,10.7569,2.92493
2131,0,0,1,0,0,0,0,420.0,50.0,2.25,11.2991,2.58543
2132,0,0,1,0,0,0,0,420.0,50.0,2.515,11.6488,2.00939
2133,0,0,1,0,0,0,0,420.0,60.0,0.498,4.58272,10.3172
2134,0,0,1,0,0,0,0,420.0,60.0,0.75,7.49429,9.48635
2135,0,0,1,0,0,0,0,420.0,60.0,1.0,10.086,8.70829
2136,0,0,1,0,0,0,0,420.0,60.0,1.25,12.124,7.92494
2137,0,0,1,0,0,0,0,420.0,60.0,1.5,13.7702,7.25708
2138,0,0,1,0,0,0,0,420.0,60.0,1.75,15.2005,6.50828
2139,0,0,1,0,0,0,0,420.0,60.0,2.0,16.4325,5.65185
2140,0,0,1,0,0,0,0,420.0,60.0,2.25,17.2464,4.70364
2141,0,0,1,0,0,0,0,420.0,60.0,2.515,17.6972,3.33253
2142,0,0,1,0,0,0,0,420.0,70.0,0.498,7.21598,15.3645
2143,0,0,1,0,0,0,0,420.0,70.0,0.75,10.8093,14.4376
2144,0,0,1,0,0,0,0,420.0,70.0,1.0,13.7199,13.2724
2145,0,0,1,0,0,0,0,420.0,70.0,1.25,16.2236,12.1032
2146,0,0,1,0,0,0,0,420.0,70.0,1.5,18.7551,11.0716
2147,0,0,1,0,0,0,0,420.0,70.0,1.75,21.0775,10.2129
2148,0,0,1,0,0,0,0,420.0,70.0,2.0,22.8643,8.94437
2149,0,0,1,0,0,0,0,420.0,70.0,2.25,24.0083,7.34534
2150,0,0,1,0,0,0,0,420.0,70.0,2.515,25.0323,5.6693
2151,0,0,1,0,0,0,0,420.0,80.0,0.498,9.84387,20.7065
2152,0,0,1,0,0,0,0,420.0,80.0,0.75,14.0738,19.7497
2153,0,0,1,0,0,0,0,420.0,80.0,1.0,17.91,18.4583
2154,0,0,1,0,0,0,0,420.0,80.0,1.25,21.4642,17.0931
2155,0,0,1,0,0,0,0,420.0,80.0,1.5,24.9859,15.793
2156,0,0,1,0,0,0,0,420.0,80.0,1.75,27.7648,14.3205
2157,0,0,1,0,0,0,0,420.0,80.0,2.0,29.8695,12.6332
2158,0,0,1,0,0,0,0,420.0,80.0,2.25,31.6746,10.7118
2159,0,0,1,0,0,0,0,420.0,80.0,2.515,33.0822,8.65637
2160,0,0,1,0,0,0,0,420.0,90.0,0.498,12.7148,26.0021
2161,0,0,1,0,0,0,0,420.0,90.0,0.75,17.8102,25.245
2162,0,0,1,0,0,0,0,420.0,90.0,1.0,22.6819,24.0365
2163,0,0,1,0,0,0,0,420.0,90.0,1.25,27.3933,22.6396
2164,0,0,1,0,0,0,0,420.0,90.0,1.5,31.3345,20.8493
2165,0,0,1,0,0,0,0,420.0,90.0,1.75,34.7059,18.9083
2166,0,0,1,0,0,0,0,420.0,90.0,2.0,37.5233,16.7762
2167,0,0,1,0,0,0,0,420.0,90.0,2.25,39.5895,14.4042
2168,0,0,1,0,0,0,0,420.0,90.0,2.515,41.307,11.808
2169,0,0,1,0,0,0,0,420.0,100.0,0.498,16.1767,31.2847
2170,0,0,1,0,0,0,0,420.0,100.0,0.75,22.2941,30.8076
2171,0,0,1,0,0,0,0,420.0,100.0,1.0,28.0344,29.808
2172,0,0,1,0,0,0,0,420.0,100.0,1.25,33.3486,28.1934
2173,0,0,1,0,0,0,0,420.0,100.0,1.5,38.0556,26.2067
2174,0,0,1,0,0,0,0,420.0,100.0,1.75,42.119,23.8928
2175,0,0,1,0,0,0,0,420.0,100.0,2.0,45.4551,21.2895
2176,0,0,1,0,0,0,0,420.0,100.0,2.25,47.9565,18.4364
2177,0,0,1,0,0,0,0,420.0,100.0,2.515,49.6298,15.2529
2178,0,0,1,0,0,0,0,420.0,110.0,0.498,20.5053,36.7437
2179,0,0,1,0,0,0,0,420.0,110.0,0.75,27.1298,36.3134
2180,0,0,1,0,0,0,0,420.0,110.0,1.0,33.5732,35.3386
2181,0,0,1,0,0,0,0,420.0,110.0,1.25,39.3874,33.585
2182,0,0,1,0,0,0,0,420.0,110.0,1.5,44.8197,31.4273
2183,0,0,1,0,0,0,0,420.0,110.0,1.75,49.5029,28.8231
2184,0,0,1,0,0,0,0,420.0,110.0,2.0,53.2712,25.9024
2185,0,0,1,0,0,0,0,420.0,110.0,2.25,56.3487,22.6444
2186,0,0,1,0,0,0,0,420.0,110.0,2.515,58.237,18.9838
2187,0,0,1,0,0,0,0,480.0,30.0,0.498,0,0
2188,0,0,1,0,0,0,0,480.0,30.0,0.75,0.296766,0
2189,0,0,1,0,0,0,0,480.0,30.0,1.0,1.1392,0
2190,0,0,1,0,0,0,0,480.0,30.0,1.25,1.94923,0
2191,0,0,1,0,0,0,0,480.0,30.0,1.5,2.65008,0
2192,0,0,1,0,0,0,0,480.0,30.0,1.75,3.16161,0.0190146
2193,0,0,1,0,0,0,0,480.0,30.0,2.0,3.446,0
2194,0,0,1,0,0,0,0,480.0,30.0,2.25,3.45978,0
2195,0,0,1,0,0,0,0,480.0,30.0,2.515,3.244,0
2196,0,0,1,0,0,0,0,480.0,40.0,0.498,0.978199,2.03182
2197,0,0,1,0,0,0,0,480.0,40.0,0.75,2.31577,1.7515
2198,0,0,1,0,0,0,0,480.0,40.0,1.0,3.80263,1.5008
2199,0,0,1,0,0,0,0,480.0,40.0,1.25,5.17384,1.2599
2200,0,0,1,0,0,0,0,480.0,40.0,1.5,5.8995,1.14008
2201,0,0,1,0,0,0,0,480.0,40.0,1.75,6.35174,0.886829
2202,0,0,1,0,0,0,0,480.0,40.0,2.0,6.55687,0.605374
2203,0,0,1,0,0,0,0,480.0,40.0,2.25,6.8951,0.32587
2204,0,0,1,0,0,0,0,480.0,40.0,2.515,7.01981,0.0795777
2205,0,0,1,0,0,0,0,480.0,50.0,0.498,2.52315,6.31868
2206,0,0,1,0,0,0,0,480.0,50.0,0.75,4.60021,5.51171
2207,0,0,1,0,0,0,0,480.0,50.0,1.0,6.84646,4.88234
2208,0,0,1,0,0,0,0,480.0,50.0,1.25,8.48611,4.33394
2209,0,0,1,0,0,0,0,480.0,50.0,1.5,9.63523,3.51479
2210,0,0,1,0,0,0,0,480.0,50.0,1.75,10.459,2.61818
2211,0,0,1,0,0,0,0,480.0,50.0,2.0,11.0174,1.97915
2212,0,0,1,0,0,0,0,480.0,50.0,2.25,11.5232,1.55807
2213,0,0,1,0,0,0,0,480.0,50.0,2.515,11.6427,0.822674
2214,0,0,1,0,0,0,0,480.0,60.0,0.498,4.78228,10.9966
2215,0,0,1,0,0,0,0,480.0,60.0,0.75,7.54146,9.95077
2216,0,0,1,0,0,0,0,480.0,60.0,1.0,9.77775,8.77499
2217,0,0,1,0,0,0,0,480.0,60.0,1.25,11.7166,7.60964
2218,0,0,1,0,0,0,0,480.0,60.0,1.5,13.4863,6.5528
2219,0,0,1,0,0,0,0,480.0,60.0,1.75,15.0263,5.61549
2220,0,0,1,0,0,0,0,480.0,60.0,2.0,16.3227,4.59334
2221,0,0,1,0,0,0,0,480.0,60.0,2.25,17.065,3.37377
2222,0,0,1,0,0,0,0,480.0,60.0,2.515,17.7653,2.11265
2223,0,0,1,0,0,0,0,480.0,70.0,0.498,7.42962,16.0899
2224,0,0,1,0,0,0,0,480.0,70.0,0.75,10.7327,14.7993
2225,0,0,1,0,0,0,0,480.0,70.0,1.0,13.3781,13.2997
2226,0,0,1,0,0,0,0,480.0,70.0,1.25,15.8309,11.7617
2227,0,0,1,0,0,0,0,480.0,70.0,1.5,18.3575,10.4996
2228,0,0,1,0,0,0,0,480.0,70.0,1.75,20.6616,9.20402
2229,0,0,1,0,0,0,0,480.0,70.0,2.0,22.3488,7.76107
2230,0,0,1,0,0,0,0,480.0,70.0,2.25,23.7505,6.22652
2231,0,0,1,0,0,0,0,480.0,70.0,2.515,24.8733,4.51929
2232,0,0,1,0,0,0,0,480.0,80.0,0.498,10.2397,21.5033
2233,0,0,1,0,0,0,0,480.0,80.0,0.75,14.1465,20.1589
2234,0,0,1,0,0,0,0,480.0,80.0,1.0,17.6041,18.4759
2235,0,0,1,0,0,0,0,480.0,80.0,1.25,21.0263,16.7656
2236,0,0,1,0,0,0,0,480.0,80.0,1.5,24.2677,15.1307
2237,0,0,1,0,0,0,0,480.0,80.0,1.75,26.9801,13.3288
2238,0,0,1,0,0,0,0,480.0,80.0,2.0,29.1763,11.5686
2239,0,0,1,0,0,0,0,480.0,80.0,2.25,31.0946,9.5156
2240,0,0,1,0,0,0,0,480.0,80.0,2.515,32.4361,7.23521
2241,0,0,1,0,0,0,0,480.0,90.0,0.498,13.3471,27.0381
2242,0,0,1,0,0,0,0,480.0,90.0,0.75,18.0685,25.7679
2243,0,0,1,0,0,0,0,480.0,90.0,1.0,22.681,24.1405
2244,0,0,1,0,0,0,0,480.0,90.0,1.25,26.9704,22.3062
2245,0,0,1,0,0,0,0,480.0,90.0,1.5,30.4144,20.1022
2246,0,0,1,0,0,0,0,480.0,90.0,1.75,33.6351,17.8487
2247,0,0,1,0,0,0,0,480.0,90.0,2.0,36.5305,15.5847
2248,0,0,1,0,0,0,0,480.0,90.0,2.25,38.6581,13.1903
2249,0,0,1,0,0,0,0,480.0,90.0,2.515,40.2889,10.4377
2250,0,0,1,0,0,0,0,480.0,100.0,0.498,17.0555,32.373
2251,0,0,1,0,0,0,0,480.0,100.0,0.75,22.8197,31.5078
2252,0,0,1,0,0,0,0,480.0,100.0,1.0,28.21,30.0486
2253,0,0,1,0,0,0,0,480.0,100.0,1.25,32.8747,27.9241
2254,0,0,1,0,0,0,0,480.0,100.0,1.5,37.109,25.6432
2255,0,0,1,0,0,0,0,480.0,100.0,1.75,40.8661,22.9852
2256,0,0,1,0,0,0,0,480.0,100.0,2.0,44.097,20.1087
2257,0,0,1,0,0,0,0,480.0,100.0,2.25,46.7077,17.1716
2258,0,0,1,0,0,0,0,480.0,100.0,2.515,48.4799,14.0202
2259,0,0,1,0,0,0,0,480.0,110.0,0.498,21.4639,37.9259
2260,0,0,1,0,0,0,0,480.0,110.0,0.75,27.7704,37.1234
2261,0,0,1,0,0,0,0,480.0,110.0,1.0,33.5437,35.6308
2262,0,0,1,0,0,0,0,480.0,110.0,1.25,38.9477,33.4834
2263,0,0,1,0,0,0,0,480.0,110.0,1.5,44.0674,31.0653
2264,0,0,1,0,0,0,0,480.0,110.0,1.75,48.3935,28.1821
2265,0,0,1,0,0,0,0,480.0,110.0,2.0,51.9977,24.985
2266,0,0,1,0,0,0,0,480.0,110.0,2.25,54.8368,21.5514
2267,0,0,1,0,0,0,0,480.0,110.0,2.515,56.8891,17.799
2268,0,0,1,0,0,0,0,540.0,30.0,0.498,0.0843883,0.148126
2269,0,0,1,0,0,0,0,540.0,30.0,0.75,0.402167,0.0929266
2270,0,0,1,0,0,0,0,540.0,30.0,1.0,1.1226,0.0627962
2271,0,0,1,0,0,0,0,540.0,30.0,1.25,2.05093,0.0565928
2272,0,0,1,0,0,0,0,540.0,30.0,1.5,2.7212,0.0246211
2273,0,0,1,0,0,0,0,540.0,30.0,1.75,3.25258,0
2274,0,0,1,0,0,0,0,540.0,30.0,2.0,3.61836,0
2275,0,0,1,0,0,0,0,540.0,30.0,2.25,3.78205,0
2276,0,0,1,0,0,0,0,540.0,30.0,2.515,3.55779,0
2277,0,0,1,0,0,0,0,540.0,40.0,0.498,1.10466,2.83932
2278,0,0,1,0,0,0,0,540.0,40.0,0.75,2.30756,2.2483
2279,0,0,1,0,0,0,0,540.0,40.0,1.0,3.76565,1.67765
2280,0,0,1,0,0,0,0,540.0,40.0,1.25,4.99265,1.03127
2281,0,0,1,0,0,0,0,540.0,40.0,1.5,5.79667,0.676512
2282,0,0,1,0,0,0,0,540.0,40.0,1.75,6.36062,0.402848
2283,0,0,1,0,0,0,0,540.0,40.0,2.0,6.75669,0.215975
2284,0,0,1,0,0,0,0,540.0,40.0,2.25,7.09271,0
2285,0,0,1,0,0,0,0,540.0,40.0,2.515,7.01687,0
2286,0,0,1,0,0,0,0,540.0,50.0,0.498,2.70965,6.98706
2287,0,0,1,0,0,0,0,540.0,50.0,0.75,4.59566,6.02354
2288,0,0,1,0,0,0,0,540.0,50.0,1.0,6.70351,5.12255
2289,0,0,1,0,0,0,0,540.0,50.0,1.25,8.14596,4.06925
2290,0,0,1,0,0,0,0,540.0,50.0,1.5,9.3966,2.88984
2291,0,0,1,0,0,0,0,540.0,50.0,1.75,10.4732,1.88211
2292,0,0,1,0,0,0,0,540.0,50.0,2.0,11.179,1.22171
2293,0,0,1,0,0,0,0,540.0,50.0,2.25,11.4605,0.61832
2294,0,0,1,0,0,0,0,540.0,50.0,2.515,11.549,0.0745225
2295,0,0,1,0,0,0,0,540.0,60.0,0.498,4.81409,11.6068
2296,0,0,1,0,0,0,0,540.0,60.0,0.75,7.33363,10.324
2297,0,0,1,0,0,0,0,540.0,60.0,1.0,9.45516,8.80664
2298,0,0,1,0,0,0,0,540.0,60.0,1.25,11.3692,7.37826
2299,0,0,1,0,0,0,0,540.0,60.0,1.5,13.0823,5.98704
2300,0,0,1,0,0,0,0,540.0,60.0,1.75,14.6987,4.7106
2301,0,0,1,0,0,0,0,540.0,60.0,2.0,15.8918,3.44875
2302,0,0,1,0,0,0,0,540.0,60.0,2.25,16.9522,2.18743
2303,0,0,1,0,0,0,0,540.0,60.0,2.515,17.6057,0.82119
2304,0,0,1,0,0,0,0,540.0,70.0,0.498,7.33105,16.716
2305,0,0,1,0,0,0,0,540.0,70.0,0.75,10.4394,15.1709
2306,0,0,1,0,0,0,0,540.0,70.0,1.0,12.9283,13.3221
2307,0,0,1,0,0,0,0,540.0,70.0,1.25,15.3355,11.4629
2308,0,0,1,0,0,0,0,540.0,70.0,1.5,17.774,9.84954
2309,0,0,1,0,0,0,0,540.0,70.0,1.75,20.0036,8.30808
2310,0,0,1,0,0,0,0,540.0,70.0,2.0,21.6729,6.58317
2311,0,0,1,0,0,0,0,540.0,70.0,2.25,23.2356,4.97836
2312,0,0,1,0,0,0,0,540.0,70.0,2.515,24.475,3.26572
2313,0,0,1,0,0,0,0,540.0,80.0,0.498,10.3743,22.1871
2314,0,0,1,0,0,0,0,540.0,80.0,0.75,14.0266,20.4839
2315,0,0,1,0,0,0,0,540.0,80.0,1.0,17.204,18.4516
2316,0,0,1,0,0,0,0,540.0,80.0,1.25,20.5093,16.4936
2317,0,0,1,0,0,0,0,540.0,80.0,1.5,23.4322,14.4789
2318,0,0,1,0,0,0,0,540.0,80.0,1.75,25.9609,12.3431
2319,0,0,1,0,0,0,0,540.0,80.0,2.0,28.3205,10.2835
2320,0,0,1,0,0,0,0,540.0,80.0,2.25,30.1513,8.20736
2321,0,0,1,0,0,0,0,540.0,80.0,2.515,31.6191,5.9566
2322,0,0,1,0,0,0,0,540.0,90.0,0.498,13.7635,27.7603
2323,0,0,1,0,0,0,0,540.0,90.0,0.75,18.2419,26.1294
2324,0,0,1,0,0,0,0,540.0,90.0,1.0,22.4863,24.1645
2325,0,0,1,0,0,0,0,540.0,90.0,1.25,26.2769,21.987
2326,0,0,1,0,0,0,0,540.0,90.0,1.5,29.341,19.4256
2327,0,0,1,0,0,0,0,540.0,90.0,1.75,32.288,16.8292
2328,0,0,1,0,0,0,0,540.0,90.0,2.0,35.1982,14.4586
2329,0,0,1,0,0,0,0,540.0,90.0,2.25,37.4885,11.9448
2330,0,0,1,0,0,0,0,540.0,90.0,2.515,39.1985,9.16448
2331,0,0,1,0,0,0,0,540.0,100.0,0.498,17.7724,33.3595
2332,0,0,1,0,0,0,0,540.0,100.0,0.75,23.093,31.945
2333,0,0,1,0,0,0,0,540.0,100.0,1.0,27.8601,29.9762
2334,0,0,1,0,0,0,0,540.0,100.0,1.25,32.0642,27.515
2335,0,0,1,0,0,0,0,540.0,100.0,1.5,35.8133,24.9353
2336,0,0,1,0,0,0,0,540.0,100.0,1.75,39.4192,22.0677
2337,0,0,1,0,0,0,0,540.0,100.0,2.0,42.6442,19.0163
2338,0,0,1,0,0,0,0,540.0,100.0,2.25,45.1555,15.9497
2339,0,0,1,0,0,0,0,540.0,100.0,2.515,47.1889,12.6686
2340,0,0,1,0,0,0,0,540.0,110.0,0.498,22.336,38.9976
2341,0,0,1,0,0,0,0,540.0,110.0,0.75,28.137,37.6658
2342,0,0,1,0,0,0,0,540.0,110.0,1.0,33.2606,35.5902
2343,0,0,1,0,0,0,0,540.0,110.0,1.25,38.256,33.257
2344,0,0,1,0,0,0,0,540.0,110.0,1.5,42.9244,30.6082
2345,0,0,1,0,0,0,0,540.0,110.0,1.75,47.0785,27.4712
2346,0,0,1,0,0,0,0,540.0,110.0,2.0,50.493,24.0093
2347,0,0,1,0,0,0,0,540.0,110.0,2.25,53.1159,20.3922
2348,0,0,1,0,0,0,0,540.0,110.0,2.515,55.1899,16.5099
2349,0,0,1,0,0,0,0,600.0,30.0,0.498,0.169307,0.573488
2350,0,0,1,0,0,0,0,600.0,30.0,0.75,0.40102,0.222394
2351,0,0,1,0,0,0,0,600.0,30.0,1.0,1.02193,0.180492
2352,0,0,1,0,0,0,0,600.0,30.0,1.25,1.99347,0.129453
2353,0,0,1,0,0,0,0,600.0,30.0,1.5,2.68473,0.042277
2354,0,0,1,0,0,0,0,600.0,30.0,1.75,3.19162,0
2355,0,0,1,0,0,0,0,600.0,30.0,2.0,3.70349,0
2356,0,0,1,0,0,0,0,600.0,30.0,2.25,3.99458,0
2357,0,0,1,0,0,0,0,600.0,30.0,2.515,3.7727,0
2358,0,0,1,0,0,0,0,600.0,40.0,0.498,1.18346,3.56798
2359,0,0,1,0,0,0,0,600.0,40.0,0.75,2.15406,2.79117
2360,0,0,1,0,0,0,0,600.0,40.0,1.0,3.39504,1.89668
2361,0,0,1,0,0,0,0,600.0,40.0,1.25,4.54993,0.993201
2362,0,0,1,0,0,0,0,600.0,40.0,1.5,5.50475,0.506983
2363,0,0,1,0,0,0,0,600.0,40.0,1.75,6.24164,0.299269
2364,0,0,1,0,0,0,0,600.0,40.0,2.0,6.76185,0.076475
2365,0,0,1,0,0,0,0,600.0,40.0,2.25,7.10701,0
2366,0,0,1,0,0,0,0,600.0,40.0,2.515,6.93027,0
2367,0,0,1,0,0,0,0,600.0,50.0,0.498,2.66347,7.58081
2368,0,0,1,0,0,0,0,600.0,50.0,0.75,4.4075,6.53714
2369,0,0,1,0,0,0,0,600.0,50.0,1.0,6.28788,5.2765
2370,0,0,1,0,0,0,0,600.0,50.0,1.25,7.6543,3.80127
2371,0,0,1,0,0,0,0,600.0,50.0,1.5,9.03917,2.41344
2372,0,0,1,0,0,0,0,600.0,50.0,1.75,10.2307,1.39632
2373,0,0,1,0,0,0,0,600.0,50.0,2.0,10.9518,0.570079
2374,0,0,1,0,0,0,0,600.0,50.0,2.25,11.2109,0.0514147
2375,0,0,1,0,0,0,0,600.0,50.0,2.515,11.4414,0
2376,0,0,1,0,0,0,0,600.0,60.0,0.498,4.76283,12.2153
2377,0,0,1,0,0,0,0,600.0,60.0,0.75,6.9542,10.6115
2378,0,0,1,0,0,0,0,600.0,60.0,1.0,9.04491,8.91986
2379,0,0,1,0,0,0,0,600.0,60.0,1.25,10.8952,7.19831
2380,0,0,1,0,0,0,0,600.0,60.0,1.5,12.6615,5.57446
2381,0,0,1,0,0,0,0,600.0,60.0,1.75,14.1428,3.96275
2382,0,0,1,0,0,0,0,600.0,60.0,2.0,15.5095,2.46226
2383,0,0,1,0,0,0,0,600.0,60.0,2.25,16.4949,1.07299
2384,0,0,1,0,0,0,0,600.0,60.0,2.515,17.3716,0.0722711
2385,0,0,1,0,0,0,0,600.0,70.0,0.498,7.09395,17.2435
2386,0,0,1,0,0,0,0,600.0,70.0,0.75,10.0473,15.4364
2387,0,0,1,0,0,0,0,600.0,70.0,1.0,12.4586,13.3467
2388,0,0,1,0,0,0,0,600.0,70.0,1.25,14.7867,11.2364
2389,0,0,1,0,0,0,0,600.0,70.0,1.5,17.1399,9.39522
2390,0,0,1,0,0,0,0,600.0,70.0,1.75,19.1728,7.47095
2391,0,0,1,0,0,0,0,600.0,70.0,2.0,20.9531,5.5436
2392,0,0,1,0,0,0,0,600.0,70.0,2.25,22.472,3.69254
2393,0,0,1,0,0,0,0,600.0,70.0,2.515,23.8004,1.91534
2394,0,0,1,0,0,0,0,600.0,80.0,0.498,10.3092,22.6469
2395,0,0,1,0,0,0,0,600.0,80.0,0.75,13.6621,20.6592
2396,0,0,1,0,0,0,0,600.0,80.0,1.0,16.7778,18.538
2397,0,0,1,0,0,0,0,600.0,80.0,1.25,19.8672,16.229
2398,0,0,1,0,0,0,0,600.0,80.0,1.5,22.3801,13.8134
2399,0,0,1,0,0,0,0,600.0,80.0,1.75,24.8029,11.4158
2400,0,0,1,0,0,0,0,600.0,80.0,2.0,27.1124,9.06754
2401,0,0,1,0,0,0,0,600.0,80.0,2.25,29.066,6.99268
2402,0,0,1,0,0,0,0,600.0,80.0,2.515,30.6616,4.77009
2403,0,0,1,0,0,0,0,600.0,90.0,0.498,14.0303,28.3553
2404,0,0,1,0,0,0,0,600.0,90.0,0.75,18.1765,26.394
2405,0,0,1,0,0,0,0,600.0,90.0,1.0,22.0338,24.1831
2406,0,0,1,0,0,0,0,600.0,90.0,1.25,25.2906,21.6404
2407,0,0,1,0,0,0,0,600.0,90.0,1.5,28.1171,18.7973
2408,0,0,1,0,0,0,0,600.0,90.0,1.75,30.9449,15.9439
2409,0,0,1,0,0,0,0,600.0,90.0,2.0,33.6936,13.2889
2410,0,0,1,0,0,0,0,600.0,90.0,2.25,36.1116,10.726
2411,0,0,1,0,0,0,0,600.0,90.0,2.515,37.857,7.81443
2412,0,0,1,0,0,0,0,600.0,100.0,0.498,18.2202,34.1146
2413,0,0,1,0,0,0,0,600.0,100.0,0.75,23.0914,32.2216
2414,0,0,1,0,0,0,0,600.0,100.0,1.0,27.2784,29.8589
2415,0,0,1,0,0,0,0,600.0,100.0,1.25,31.1226,27.2343
2416,0,0,1,0,0,0,0,600.0,100.0,1.5,34.562,24.3374
2417,0,0,1,0,0,0,0,600.0,100.0,1.75,37.9116,21.218
2418,0,0,1,0,0,0,0,600.0,100.0,2.0,40.9713,18.0091
2419,0,0,1,0,0,0,0,600.0,100.0,2.25,43.4175,14.7238
2420,0,0,1,0,0,0,0,600.0,100.0,2.515,45.5504,11.3491
2421,0,0,1,0,0,0,0,600.0,110.0,0.498,22.8601,39.7975
2422,0,0,1,0,0,0,0,600.0,110.0,0.75,28.083,37.8914
2423,0,0,1,0,0,0,0,600.0,110.0,1.0,32.8289,35.5464
2424,0,0,1,0,0,0,0,600.0,110.0,1.25,37.5307,33.052
2425,0,0,1,0,0,0,0,600.0,110.0,1.5,41.6305,30.0802
2426,0,0,1,0,0,0,0,600.0,110.0,1.75,45.5701,26.7657
2427,0,0,1,0,0,0,0,600.0,110.0,2.0,48.7382,23.0408
2428,0,0,1,0,0,0,0,600.0,110.0,2.25,51.3965,19.2864
2429,0,0,1,0,0,0,0,600.0,110.0,2.515,53.5156,15.3331
2430,0,0,0,1,0,0,0,60.0,30.0,0.498,0,0
2431,0,0,0,1,0,0,0,60.0,30.0,0.75,0,0
2432,0,0,0,1,0,0,0,60.0,30.0,1.0,0,0
2433,0,0,0,1,0,0,0,60.0,30.0,1.25,0,0
2434,0,0,0,1,0,0,0,60.0,30.0,1.5,0,0.0356427
2435,0,0,0,1,0,0,0,60.0,30.0,1.75,0.0541177,0.187925
2436,0,0,0,1,0,0,0,60.0,30.0,2.0,0.347517,0.296119
2437,0,0,0,1,0,0,0,60.0,30.0,2.25,0.691139,0.364379
2438,0,0,0,1,0,0,0,60.0,30.0,2.515,1.95645,0.444527
2439,0,0,0,1,0,0,0,60.0,40.0,0.498,0,0.186026
2440,0,0,0,1,0,0,0,60.0,40.0,0.75,0.253036,0.279582
2441,0,0,0,1,0,0,0,60.0,40.0,1.0,0.536766,0.339775
2442,0,0,0,1,0,0,0,60.0,40.0,1.25,1.02442,0.529741
2443,0,0,0,1,0,0,0,60.0,40.0,1.5,1.72152,0.76168
2444,0,0,0,1,0,0,0,60.0,40.0,1.75,3.26595,1.11365
2445,0,0,0,1,0,0,0,60.0,40.0,2.0,5.20954,1.34118
2446,0,0,0,1,0,0,0,60.0,40.0,2.25,7.29555,1.55699
2447,0,0,0,1,0,0,0,60.0,40.0,2.515,9.54305,1.93684
2448,0,0,0,1,0,0,0,60.0,50.0,0.498,0.494329,1.38073
2449,0,0,0,1,0,0,0,60.0,50.0,0.75,1.62671,2.01559
2450,0,0,0,1,0,0,0,60.0,50.0,1.0,2.5791,2.54039
2451,0,0,0,1,0,0,0,60.0,50.0,1.25,4.86604,2.90166
2452,0,0,0,1,0,0,0,60.0,50.0,1.5,7.62859,3.26111
2453,0,0,0,1,0,0,0,60.0,50.0,1.75,10.3444,3.82931
2454,0,0,0,1,0,0,0,60.0,50.0,2.0,12.9514,4.42271
2455,0,0,0,1,0,0,0,60.0,50.0,2.25,15.5013,4.85526
2456,0,0,0,1,0,0,0,60.0,50.0,2.515,18.2721,5.27112
2457,0,0,0,1,0,0,0,60.0,60.0,0.498,1.43391,5.18057
2458,0,0,0,1,0,0,0,60.0,60.0,0.75,3.68893,5.87463
2459,0,0,0,1,0,0,0,60.0,60.0,1.0,7.40816,6.47888
2460,0,0,0,1,0,0,0,60.0,60.0,1.25,11.1653,6.91639
2461,0,0,0,1,0,0,0,60.0,60.0,1.5,14.7168,7.35705
2462,0,0,0,1,0,0,0,60.0,60.0,1.75,18.0618,7.94808
2463,0,0,0,1,0,0,0,60.0,60.0,2.0,21.4201,8.5544
2464,0,0,0,1,0,0,0,60.0,60.0,2.25,24.8071,9.09286
2465,0,0,0,1,0,0,0,60.0,60.0,2.515,28.0492,9.41878
2466,0,0,0,1,0,0,0,60.0,70.0,0.498,3.19295,9.48338
2467,0,0,0,1,0,0,0,60.0,70.0,0.75,7.88662,10.0903
2468,0,0,0,1,0,0,0,60.0,70.0,1.0,12.7938,10.7678
2469,0,0,0,1,0,0,0,60.0,70.0,1.25,17.6289,11.4712
2470,0,0,0,1,0,0,0,60.0,70.0,1.5,22.3131,12.0611
2471,0,0,0,1,0,0,0,60.0,70.0,1.75,26.8702,12.6816
2472,0,0,0,1,0,0,0,60.0,70.0,2.0,31.2199,13.3194
2473,0,0,0,1,0,0,0,60.0,70.0,2.25,35.183,13.8139
2474,0,0,0,1,0,0,0,60.0,70.0,2.515,38.7775,14.126
2475,0,0,0,1,0,0,0,60.0,80.0,0.498,6.37063,14.0619
2476,0,0,0,1,0,0,0,60.0,80.0,0.75,12.6124,14.6414
2477,0,0,0,1,0,0,0,60.0,80.0,1.0,18.7238,15.4445
2478,0,0,0,1,0,0,0,60.0,80.0,1.25,24.8428,16.3905
2479,0,0,0,1,0,0,0,60.0,80.0,1.5,31.0468,17.3065
2480,0,0,0,1,0,0,0,60.0,80.0,1.75,36.9196,18.1618
2481,0,0,0,1,0,0,0,60.0,80.0,2.0,42.0782,18.7439
2482,0,0,0,1,0,0,0,60.0,80.0,2.25,46.375,18.9674
2483,0,0,0,1,0,0,0,60.0,80.0,2.515,50.2862,19.0674
2484,0,0,0,1,0,0,0,60.0,90.0,0.498,10.7556,19.0838
2485,0,0,0,1,0,0,0,60.0,90.0,0.75,17.9428,19.7809
2486,0,0,0,1,0,0,0,60.0,90.0,1.0,25.3938,20.6495
2487,0,0,0,1,0,0,0,60.0,90.0,1.25,33.0418,21.9248
2488,0,0,0,1,0,0,0,60.0,90.0,1.5,40.4801,23.038
2489,0,0,0,1,0,0,0,60.0,90.0,1.75,47.2808,23.8288
2490,0,0,0,1,0,0,0,60.0,90.0,2.0,53.2226,24.3781
2491,0,0,0,1,0,0,0,60.0,90.0,2.25,58.2281,24.5836
2492,0,0,0,1,0,0,0,60.0,90.0,2.515,62.1914,24.2926
2493,0,0,0,1,0,0,0,60.0,100.0,0.498,15.3252,24.106
2494,0,0,0,1,0,0,0,60.0,100.0,0.75,23.6444,25.0978
2495,0,0,0,1,0,0,0,60.0,100.0,1.0,32.7135,26.5187
2496,0,0,0,1,0,0,0,60.0,100.0,1.25,41.6221,27.8926
2497,0,0,0,1,0,0,0,60.0,100.0,1.5,49.8125,28.9536
2498,0,0,0,1,0,0,0,60.0,100.0,1.75,57.3836,29.7428
2499,0,0,0,1,0,0,0,60.0,100.0,2.0,64.2029,30.2055
2500,0,0,0,1,0,0,0,60.0,100.0,2.25,69.7831,30.2738
2501,0,0,0,1,0,0,0,60.0,100.0,2.515,73.933,29.703
2502,0,0,0,1,0,0,0,60.0,110.0,0.498,20.6176,29.6767
2503,0,0,0,1,0,0,0,60.0,110.0,0.75,30.3278,31.1883
2504,0,0,0,1,0,0,0,60.0,110.0,1.0,40.5585,32.7853
2505,0,0,0,1,0,0,0,60.0,110.0,1.25,50.225,34.1177
2506,0,0,0,1,0,0,0,60.0,110.0,1.5,59.0392,35.0613
2507,0,0,0,1,0,0,0,60.0,110.0,1.75,67.1624,35.7655
2508,0,0,0,1,0,0,0,60.0,110.0,2.0,74.323,35.9855
2509,0,0,0,1,0,0,0,60.0,110.0,2.25,80.0545,35.7118
2510,0,0,0,1,0,0,0,60.0,110.0,2.515,84.3663,34.7554
2511,0,0,0,1,0,0,0,120.0,30.0,0.498,0,0
2512,0,0,0,1,0,0,0,120.0,30.0,0.75,0,0
2513,0,0,0,1,0,0,0,120.0,30.0,1.0,0,0
2514,0,0,0,1,0,0,0,120.0,30.0,1.25,0,0.125516
2515,0,0,0,1,0,0,0,120.0,30.0,1.5,0.2004,0.272801
2516,0,0,0,1,0,0,0,120.0,30.0,1.75,0.54583,0.442083
2517,0,0,0,1,0,0,0,120.0,30.0,2.0,0.918268,0.558239
2518,0,0,0,1,0,0,0,120.0,30.0,2.25,1.86313,0.574217
2519,0,0,0,1,0,0,0,120.0,30.0,2.515,3.41281,0.584203
2520,0,0,0,1,0,0,0,120.0,40.0,0.498,0.284973,0.371258
2521,0,0,0,1,0,0,0,120.0,40.0,0.75,0.77482,0.481538
2522,0,0,0,1,0,0,0,120.0,40.0,1.0,1.39859,0.728586
2523,0,0,0,1,0,0,0,120.0,40.0,1.25,2.279,1.0531
2524,0,0,0,1,0,0,0,120.0,40.0,1.5,3.73351,1.48451
2525,0,0,0,1,0,0,0,120.0,40.0,1.75,5.65532,1.87747
2526,0,0,0,1,0,0,0,120.0,40.0,2.0,7.27282,1.99164
2527,0,0,0,1,0,0,0,120.0,40.0,2.25,9.14566,2.30369
2528,0,0,0,1,0,0,0,120.0,40.0,2.515,11.3474,2.6514
2529,0,0,0,1,0,0,0,120.0,50.0,0.498,1.15258,2.80373
2530,0,0,0,1,0,0,0,120.0,50.0,0.75,2.51496,3.33052
2531,0,0,0,1,0,0,0,120.0,50.0,1.0,4.60185,3.71067
2532,0,0,0,1,0,0,0,120.0,50.0,1.25,7.44156,4.01527
2533,0,0,0,1,0,0,0,120.0,50.0,1.5,10.0501,4.45303
2534,0,0,0,1,0,0,0,120.0,50.0,1.75,12.6315,4.97741
2535,0,0,0,1,0,0,0,120.0,50.0,2.0,15.0128,5.44222
2536,0,0,0,1,0,0,0,120.0,50.0,2.25,17.4511,5.8413
2537,0,0,0,1,0,0,0,120.0,50.0,2.515,20.2517,6.29318
2538,0,0,0,1,0,0,0,120.0,60.0,0.498,2.48963,7.44001
2539,0,0,0,1,0,0,0,120.0,60.0,0.75,6.1876,8.02537
2540,0,0,0,1,0,0,0,120.0,60.0,1.0,10.1218,8.27872
2541,0,0,0,1,0,0,0,120.0,60.0,1.25,13.8215,8.55871
2542,0,0,0,1,0,0,0,120.0,60.0,1.5,17.2392,8.81375
2543,0,0,0,1,0,0,0,120.0,60.0,1.75,20.5108,9.22157
2544,0,0,0,1,0,0,0,120.0,60.0,2.0,23.8584,9.75651
2545,0,0,0,1,0,0,0,120.0,60.0,2.25,27.1973,10.2595
2546,0,0,0,1,0,0,0,120.0,60.0,2.515,30.4654,10.5614
2547,0,0,0,1,0,0,0,120.0,70.0,0.498,5.44546,12.2642
2548,0,0,0,1,0,0,0,120.0,70.0,0.75,10.7236,12.7516
2549,0,0,0,1,0,0,0,120.0,70.0,1.0,15.6795,13.1806
2550,0,0,0,1,0,0,0,120.0,70.0,1.25,20.517,13.4807
2551,0,0,0,1,0,0,0,120.0,70.0,1.5,25.1968,13.9256
2552,0,0,0,1,0,0,0,120.0,70.0,1.75,29.8252,14.3419
2553,0,0,0,1,0,0,0,120.0,70.0,2.0,34.2027,14.9104
2554,0,0,0,1,0,0,0,120.0,70.0,2.25,38.0588,15.2653
2555,0,0,0,1,0,0,0,120.0,70.0,2.515,41.4104,15.3016
2556,0,0,0,1,0,0,0,120.0,80.0,0.498,9.23304,17.3403
2557,0,0,0,1,0,0,0,120.0,80.0,0.75,15.502,17.8131
2558,0,0,0,1,0,0,0,120.0,80.0,1.0,21.7717,18.3848
2559,0,0,0,1,0,0,0,120.0,80.0,1.25,28.0654,19.0373
2560,0,0,0,1,0,0,0,120.0,80.0,1.5,34.5367,19.778
2561,0,0,0,1,0,0,0,120.0,80.0,1.75,40.4041,20.2936
2562,0,0,0,1,0,0,0,120.0,80.0,2.0,45.4113,20.5644
2563,0,0,0,1,0,0,0,120.0,80.0,2.25,49.5337,20.6109
2564,0,0,0,1,0,0,0,120.0,80.0,2.515,52.9813,20.3172
2565,0,0,0,1,0,0,0,120.0,90.0,0.498,13.4662,22.701
2566,0,0,0,1,0,0,0,120.0,90.0,0.75,20.8308,23.2621
2567,0,0,0,1,0,0,0,120.0,90.0,1.0,28.6571,24.0801
2568,0,0,0,1,0,0,0,120.0,90.0,1.25,36.6324,25.1253
2569,0,0,0,1,0,0,0,120.0,90.0,1.5,44.4352,26.1055
2570,0,0,0,1,0,0,0,120.0,90.0,1.75,51.2348,26.4372
2571,0,0,0,1,0,0,0,120.0,90.0,2.0,57.0403,26.534
2572,0,0,0,1,0,0,0,120.0,90.0,2.25,61.5308,26.2671
2573,0,0,0,1,0,0,0,120.0,90.0,2.515,65.0513,25.5232
2574,0,0,0,1,0,0,0,120.0,100.0,0.498,18.0927,28.1678
2575,0,0,0,1,0,0,0,120.0,100.0,0.75,26.8771,29.1697
2576,0,0,0,1,0,0,0,120.0,100.0,1.0,36.316,30.4564
2577,0,0,0,1,0,0,0,120.0,100.0,1.25,45.5935,31.6061
2578,0,0,0,1,0,0,0,120.0,100.0,1.5,54.052,32.3796
2579,0,0,0,1,0,0,0,120.0,100.0,1.75,61.6104,32.7109
2580,0,0,0,1,0,0,0,120.0,100.0,2.0,68.1521,32.5589
2581,0,0,0,1,0,0,0,120.0,100.0,2.25,73.3858,32.0561
2582,0,0,0,1,0,0,0,120.0,100.0,2.515,76.6886,30.7466
2583,0,0,0,1,0,0,0,120.0,110.0,0.498,24.1251,34.4563
2584,0,0,0,1,0,0,0,120.0,110.0,0.75,34.0359,35.7146
2585,0,0,0,1,0,0,0,120.0,110.0,1.0,44.5148,37.2373
2586,0,0,0,1,0,0,0,120.0,110.0,1.25,54.5031,38.3
2587,0,0,0,1,0,0,0,120.0,110.0,1.5,63.4404,38.8617
2588,0,0,0,1,0,0,0,120.0,110.0,1.75,71.5532,38.9711
2589,0,0,0,1,0,0,0,120.0,110.0,2.0,78.384,38.5984
2590,0,0,0,1,0,0,0,120.0,110.0,2.25,83.657,37.6007
2591,0,0,0,1,0,0,0,120.0,110.0,2.515,87.291,35.8762
2592,0,0,0,1,0,0,0,180.0,30.0,0.498,0,0
2593,0,0,0,1,0,0,0,180.0,30.0,0.75,0.167079,0
2594,0,0,0,1,0,0,0,180.0,30.0,1.0,0.35064,0.0977708
2595,0,0,0,1,0,0,0,180.0,30.0,1.25,0.684699,0.312681
2596,0,0,0,1,0,0,0,180.0,30.0,1.5,1.52129,0.532597
2597,0,0,0,1,0,0,0,180.0,30.0,1.75,2.06019,0.792465
2598,0,0,0,1,0,0,0,180.0,30.0,2.0,2.69863,0.880137
2599,0,0,0,1,0,0,0,180.0,30.0,2.25,3.7431,0.846595
2600,0,0,0,1,0,0,0,180.0,30.0,2.515,5.15229,0.801311
2601,0,0,0,1,0,0,0,180.0,40.0,0.498,0.760121,0.515479
2602,0,0,0,1,0,0,0,180.0,40.0,0.75,1.60201,0.87003
2603,0,0,0,1,0,0,0,180.0,40.0,1.0,2.64657,1.36904
2604,0,0,0,1,0,0,0,180.0,40.0,1.25,3.94064,1.79179
2605,0,0,0,1,0,0,0,180.0,40.0,1.5,5.98672,2.285
2606,0,0,0,1,0,0,0,180.0,40.0,1.75,7.79975,2.56836
2607,0,0,0,1,0,0,0,180.0,40.0,2.0,9.29773,2.75002
2608,0,0,0,1,0,0,0,180.0,40.0,2.25,10.9939,2.98932
2609,0,0,0,1,0,0,0,180.0,40.0,2.515,13.1051,3.27873
2610,0,0,0,1,0,0,0,180.0,50.0,0.498,1.98764,4.55171
2611,0,0,0,1,0,0,0,180.0,50.0,0.75,3.95465,4.78759
2612,0,0,0,1,0,0,0,180.0,50.0,1.0,6.9411,4.9617
2613,0,0,0,1,0,0,0,180.0,50.0,1.25,9.72248,5.21817
2614,0,0,0,1,0,0,0,180.0,50.0,1.5,12.2655,5.67778
2615,0,0,0,1,0,0,0,180.0,50.0,1.75,14.7031,6.15938
2616,0,0,0,1,0,0,0,180.0,50.0,2.0,17.0371,6.46704
2617,0,0,0,1,0,0,0,180.0,50.0,2.25,19.4476,6.84295
2618,0,0,0,1,0,0,0,180.0,50.0,2.515,22.1096,7.2226
2619,0,0,0,1,0,0,0,180.0,60.0,0.498,4.18204,9.70517
2620,0,0,0,1,0,0,0,180.0,60.0,0.75,8.53799,9.99372
2621,0,0,0,1,0,0,0,180.0,60.0,1.0,12.587,10.0253
2622,0,0,0,1,0,0,0,180.0,60.0,1.25,16.2426,10.0667
2623,0,0,0,1,0,0,0,180.0,60.0,1.5,19.6588,10.3505
2624,0,0,0,1,0,0,0,180.0,60.0,1.75,22.8799,10.6199
2625,0,0,0,1,0,0,0,180.0,60.0,2.0,26.204,11.007
2626,0,0,0,1,0,0,0,180.0,60.0,2.25,29.4322,11.3934
2627,0,0,0,1,0,0,0,180.0,60.0,2.515,32.6728,11.6252
2628,0,0,0,1,0,0,0,180.0,70.0,0.498,7.95255,15.017
2629,0,0,0,1,0,0,0,180.0,70.0,0.75,13.4392,15.4166
2630,0,0,0,1,0,0,0,180.0,70.0,1.0,18.4366,15.5077
2631,0,0,0,1,0,0,0,180.0,70.0,1.25,23.336,15.61
2632,0,0,0,1,0,0,0,180.0,70.0,1.5,28.0579,15.8077
2633,0,0,0,1,0,0,0,180.0,70.0,1.75,32.6502,16.1149
2634,0,0,0,1,0,0,0,180.0,70.0,2.0,36.8931,16.4836
2635,0,0,0,1,0,0,0,180.0,70.0,2.25,40.6062,16.5037
2636,0,0,0,1,0,0,0,180.0,70.0,2.515,43.7339,16.3318
2637,0,0,0,1,0,0,0,180.0,80.0,0.498,12.0895,20.6598
2638,0,0,0,1,0,0,0,180.0,80.0,0.75,18.5146,21.0728
2639,0,0,0,1,0,0,0,180.0,80.0,1.0,24.939,21.5054
2640,0,0,0,1,0,0,0,180.0,80.0,1.25,31.4457,21.8515
2641,0,0,0,1,0,0,0,180.0,80.0,1.5,37.7338,22.2492
2642,0,0,0,1,0,0,0,180.0,80.0,1.75,43.6605,22.4834
2643,0,0,0,1,0,0,0,180.0,80.0,2.0,48.5508,22.4502
2644,0,0,0,1,0,0,0,180.0,80.0,2.25,52.4065,22.1803
2645,0,0,0,1,0,0,0,180.0,80.0,2.515,55.3542,21.3345
2646,0,0,0,1,0,0,0,180.0,90.0,0.498,16.3257,26.514
2647,0,0,0,1,0,0,0,180.0,90.0,0.75,24.1311,27.1774
2648,0,0,0,1,0,0,0,180.0,90.0,1.0,32.1603,27.8502
2649,0,0,0,1,0,0,0,180.0,90.0,1.25,40.3269,28.5283
2650,0,0,0,1,0,0,0,180.0,90.0,1.5,48.0869,29.1109
2651,0,0,0,1,0,0,0,180.0,90.0,1.75,54.8117,29.1672
2652,0,0,0,1,0,0,0,180.0,90.0,2.0,60.3247,28.7145
2653,0,0,0,1,0,0,0,180.0,90.0,2.25,64.4009,27.7823
2654,0,0,0,1,0,0,0,180.0,90.0,2.515,67.3901,26.5436
2655,0,0,0,1,0,0,0,180.0,100.0,0.498,21.3875,32.736
2656,0,0,0,1,0,0,0,180.0,100.0,0.75,30.5546,33.6939
2657,0,0,0,1,0,0,0,180.0,100.0,1.0,40.231,34.8797
2658,0,0,0,1,0,0,0,180.0,100.0,1.25,49.5969,35.5873
2659,0,0,0,1,0,0,0,180.0,100.0,1.5,58.1261,35.8635
2660,0,0,0,1,0,0,0,180.0,100.0,1.75,65.5499,35.743
2661,0,0,0,1,0,0,0,180.0,100.0,2.0,71.5926,34.9201
2662,0,0,0,1,0,0,0,180.0,100.0,2.25,76.2057,33.6342
2663,0,0,0,1,0,0,0,180.0,100.0,2.515,78.8043,31.5956
2664,0,0,0,1,0,0,0,180.0,110.0,0.498,28.0837,39.5066
2665,0,0,0,1,0,0,0,180.0,110.0,0.75,38.2499,40.825
2666,0,0,0,1,0,0,0,180.0,110.0,1.0,48.6032,42.0556
2667,0,0,0,1,0,0,0,180.0,110.0,1.25,58.7594,42.8301
2668,0,0,0,1,0,0,0,180.0,110.0,1.5,67.7117,42.739
2669,0,0,0,1,0,0,0,180.0,110.0,1.75,75.5667,42.2067
2670,0,0,0,1,0,0,0,180.0,110.0,2.0,81.9172,41.1123
2671,0,0,0,1,0,0,0,180.0,110.0,2.25,86.492,39.2296
2672,0,0,0,1,0,0,0,180.0,110.0,2.515,89.4926,36.6876
2673,0,0,0,1,0,0,0,240.0,30.0,0.498,0.376979,0
2674,0,0,0,1,0,0,0,240.0,30.0,0.75,0.658527,0.0268109
2675,0,0,0,1,0,0,0,240.0,30.0,1.0,1.32514,0.231291
2676,0,0,0,1,0,0,0,240.0,30.0,1.25,2.15805,0.561067
2677,0,0,0,1,0,0,0,240.0,30.0,1.5,2.88182,1.01369
2678,0,0,0,1,0,0,0,240.0,30.0,1.75,3.62025,1.34868
2679,0,0,0,1,0,0,0,240.0,30.0,2.0,4.65338,1.43611
2680,0,0,0,1,0,0,0,240.0,30.0,2.25,5.67702,1.35665
2681,0,0,0,1,0,0,0,240.0,30.0,2.515,6.92159,1.4314
2682,0,0,0,1,0,0,0,240.0,40.0,0.498,1.4523,1.64913
2683,0,0,0,1,0,0,0,240.0,40.0,0.75,2.77993,1.9399
2684,0,0,0,1,0,0,0,240.0,40.0,1.0,4.19106,2.39298
2685,0,0,0,1,0,0,0,240.0,40.0,1.25,6.03597,2.7843
2686,0,0,0,1,0,0,0,240.0,40.0,1.5,7.97144,3.07402
2687,0,0,0,1,0,0,0,240.0,40.0,1.75,9.73889,3.3244
2688,0,0,0,1,0,0,0,240.0,40.0,2.0,11.2507,3.67326
2689,0,0,0,1,0,0,0,240.0,40.0,2.25,12.8458,3.73936
2690,0,0,0,1,0,0,0,240.0,40.0,2.515,14.8163,3.92431
2691,0,0,0,1,0,0,0,240.0,50.0,0.498,3.18668,6.28432
2692,0,0,0,1,0,0,0,240.0,50.0,0.75,5.77051,6.27841
2693,0,0,0,1,0,0,0,240.0,50.0,1.0,9.01825,6.34129
2694,0,0,0,1,0,0,0,240.0,50.0,1.25,11.89,6.49001
2695,0,0,0,1,0,0,0,240.0,50.0,1.5,14.3016,6.79944
2696,0,0,0,1,0,0,0,240.0,50.0,1.75,16.6454,7.3276
2697,0,0,0,1,0,0,0,240.0,50.0,2.0,18.9482,7.60326
2698,0,0,0,1,0,0,0,240.0,50.0,2.25,21.3293,7.78243
2699,0,0,0,1,0,0,0,240.0,50.0,2.515,24.0598,8.05099
2700,0,0,0,1,0,0,0,240.0,60.0,0.498,6.26116,11.8732
2701,0,0,0,1,0,0,0,240.0,60.0,0.75,10.7169,11.8568
2702,0,0,0,1,0,0,0,240.0,60.0,1.0,14.7141,11.745
2703,0,0,0,1,0,0,0,240.0,60.0,1.25,18.4306,11.6355
2704,0,0,0,1,0,0,0,240.0,60.0,1.5,21.8685,11.8134
2705,0,0,0,1,0,0,0,240.0,60.0,1.75,25.1443,12.0708
2706,0,0,0,1,0,0,0,240.0,60.0,2.0,28.4361,12.3346
2707,0,0,0,1,0,0,0,240.0,60.0,2.25,31.5556,12.4889
2708,0,0,0,1,0,0,0,240.0,60.0,2.515,34.632,12.4787
2709,0,0,0,1,0,0,0,240.0,70.0,0.498,10.5147,17.8998
2710,0,0,0,1,0,0,0,240.0,70.0,0.75,15.9608,17.9134
2711,0,0,0,1,0,0,0,240.0,70.0,1.0,21.0641,17.8128
2712,0,0,0,1,0,0,0,240.0,70.0,1.25,25.9605,17.7891
2713,0,0,0,1,0,0,0,240.0,70.0,1.5,30.8131,17.8723
2714,0,0,0,1,0,0,0,240.0,70.0,1.75,35.4367,18.0338
2715,0,0,0,1,0,0,0,240.0,70.0,2.0,39.3294,17.9462
2716,0,0,0,1,0,0,0,240.0,70.0,2.25,42.8317,17.7149
2717,0,0,0,1,0,0,0,240.0,70.0,2.515,45.6203,16.985
2718,0,0,0,1,0,0,0,240.0,80.0,0.498,14.8099,24.0724
2719,0,0,0,1,0,0,0,240.0,80.0,0.75,21.4906,24.4586
2720,0,0,0,1,0,0,0,240.0,80.0,1.0,28.221,24.6562
2721,0,0,0,1,0,0,0,240.0,80.0,1.25,34.8079,24.8055
2722,0,0,0,1,0,0,0,240.0,80.0,1.5,40.8947,24.8638
2723,0,0,0,1,0,0,0,240.0,80.0,1.75,46.5157,24.69
2724,0,0,0,1,0,0,0,240.0,80.0,2.0,51.1885,24.302
2725,0,0,0,1,0,0,0,240.0,80.0,2.25,54.622,23.3022
2726,0,0,0,1,0,0,0,240.0,80.0,2.515,57.3282,22.0464
2727,0,0,0,1,0,0,0,240.0,90.0,0.498,19.6696,30.734
2728,0,0,0,1,0,0,0,240.0,90.0,0.75,27.634,31.2682
2729,0,0,0,1,0,0,0,240.0,90.0,1.0,35.9347,31.867
2730,0,0,0,1,0,0,0,240.0,90.0,1.25,44.0158,32.1993
2731,0,0,0,1,0,0,0,240.0,90.0,1.5,51.4893,32.225
2732,0,0,0,1,0,0,0,240.0,90.0,1.75,57.9581,31.8294
2733,0,0,0,1,0,0,0,240.0,90.0,2.0,62.9641,30.6803
2734,0,0,0,1,0,0,0,240.0,90.0,2.25,66.7005,29.1088
2735,0,0,0,1,0,0,0,240.0,90.0,2.515,69.0917,27.1187
2736,0,0,0,1,0,0,0,240.0,100.0,0.498,25.3004,37.6449
2737,0,0,0,1,0,0,0,240.0,100.0,0.75,34.7348,38.6893
2738,0,0,0,1,0,0,0,240.0,100.0,1.0,44.2465,39.4821
2739,0,0,0,1,0,0,0,240.0,100.0,1.25,53.4824,39.8481
2740,0,0,0,1,0,0,0,240.0,100.0,1.5,61.952,39.5178
2741,0,0,0,1,0,0,0,240.0,100.0,1.75,68.8962,38.6757
2742,0,0,0,1,0,0,0,240.0,100.0,2.0,74.4231,37.1293
2743,0,0,0,1,0,0,0,240.0,100.0,2.25,78.1183,34.924
2744,0,0,0,1,0,0,0,240.0,100.0,2.515,80.3461,32.1455
2745,0,0,0,1,0,0,0,240.0,110.0,0.498,32.2692,44.7258
2746,0,0,0,1,0,0,0,240.0,110.0,0.75,42.417,45.9849
2747,0,0,0,1,0,0,0,240.0,110.0,1.0,52.822,47.0815
2748,0,0,0,1,0,0,0,240.0,110.0,1.25,62.829,47.3659
2749,0,0,0,1,0,0,0,240.0,110.0,1.5,71.7083,46.7182
2750,0,0,0,1,0,0,0,240.0,110.0,1.75,79.1408,45.4188
2751,0,0,0,1,0,0,0,240.0,110.0,2.0,84.7229,43.3794
2752,0,0,0,1,0,0,0,240.0,110.0,2.25,88.5463,40.5856
2753,0,0,0,1,0,0,0,240.0,110.0,2.515,90.7328,37.1398
2754,0,0,0,1,0,0,0,300.0,30.0,0.498,0.765966,0.29305
2755,0,0,0,1,0,0,0,300.0,30.0,0.75,1.56828,0.539955
2756,0,0,0,1,0,0,0,300.0,30.0,1.0,2.71537,0.807362
2757,0,0,0,1,0,0,0,300.0,30.0,1.25,3.49093,1.1771
2758,0,0,0,1,0,0,0,300.0,30.0,1.5,4.31444,1.55267
2759,0,0,0,1,0,0,0,300.0,30.0,1.75,5.3746,1.77085
2760,0,0,0,1,0,0,0,300.0,30.0,2.0,6.4997,1.84844
2761,0,0,0,1,0,0,0,300.0,30.0,2.25,7.63049,2.06932
2762,0,0,0,1,0,0,0,300.0,30.0,2.515,8.75672,2.15164
2763,0,0,0,1,0,0,0,300.0,40.0,0.498,2.44176,2.97542
2764,0,0,0,1,0,0,0,300.0,40.0,0.75,4.15768,3.16924
2765,0,0,0,1,0,0,0,300.0,40.0,1.0,5.8678,3.47628
2766,0,0,0,1,0,0,0,300.0,40.0,1.25,7.97358,3.72272
2767,0,0,0,1,0,0,0,300.0,40.0,1.5,9.86852,3.89282
2768,0,0,0,1,0,0,0,300.0,40.0,1.75,11.5656,4.2687
2769,0,0,0,1,0,0,0,300.0,40.0,2.0,13.0946,4.52911
2770,0,0,0,1,0,0,0,300.0,40.0,2.25,14.7682,4.68301
2771,0,0,0,1,0,0,0,300.0,40.0,2.515,16.642,4.70712
2772,0,0,0,1,0,0,0,300.0,50.0,0.498,4.58767,8.10283
2773,0,0,0,1,0,0,0,300.0,50.0,0.75,7.73706,7.83119
2774,0,0,0,1,0,0,0,300.0,50.0,1.0,10.9175,7.75596
2775,0,0,0,1,0,0,0,300.0,50.0,1.25,13.9261,7.87849
2776,0,0,0,1,0,0,0,300.0,50.0,1.5,16.3311,8.00276
2777,0,0,0,1,0,0,0,300.0,50.0,1.75,18.5051,8.33906
2778,0,0,0,1,0,0,0,300.0,50.0,2.0,20.9061,8.63904
2779,0,0,0,1,0,0,0,300.0,50.0,2.25,23.3807,8.81246
2780,0,0,0,1,0,0,0,300.0,50.0,2.515,25.9164,8.80955
2781,0,0,0,1,0,0,0,300.0,60.0,0.498,8.56879,14.1251
2782,0,0,0,1,0,0,0,300.0,60.0,0.75,12.7825,13.692
2783,0,0,0,1,0,0,0,300.0,60.0,1.0,16.6166,13.3231
2784,0,0,0,1,0,0,0,300.0,60.0,1.25,20.3776,13.2177
2785,0,0,0,1,0,0,0,300.0,60.0,1.5,23.8586,13.2531
2786,0,0,0,1,0,0,0,300.0,60.0,1.75,27.2836,13.4642
2787,0,0,0,1,0,0,0,300.0,60.0,2.0,30.4981,13.5065
2788,0,0,0,1,0,0,0,300.0,60.0,2.25,33.4806,13.4722
2789,0,0,0,1,0,0,0,300.0,60.0,2.515,36.3215,13.1514
2790,0,0,0,1,0,0,0,300.0,70.0,0.498,13.0914,20.7636
2791,0,0,0,1,0,0,0,300.0,70.0,0.75,18.3415,20.327
2792,0,0,0,1,0,0,0,300.0,70.0,1.0,23.5065,20.0448
2793,0,0,0,1,0,0,0,300.0,70.0,1.25,28.4223,19.8938
2794,0,0,0,1,0,0,0,300.0,70.0,1.5,33.3623,19.9361
2795,0,0,0,1,0,0,0,300.0,70.0,1.75,37.8134,19.7893
2796,0,0,0,1,0,0,0,300.0,70.0,2.0,41.431,19.312
2797,0,0,0,1,0,0,0,300.0,70.0,2.25,44.5862,18.5571
2798,0,0,0,1,0,0,0,300.0,70.0,2.515,47.198,17.5457
2799,0,0,0,1,0,0,0,300.0,80.0,0.498,17.5986,27.5338
2800,0,0,0,1,0,0,0,300.0,80.0,0.75,24.4752,27.7447
2801,0,0,0,1,0,0,0,300.0,80.0,1.0,31.3813,27.8004
2802,0,0,0,1,0,0,0,300.0,80.0,1.25,37.9509,27.7606
2803,0,0,0,1,0,0,0,300.0,80.0,1.5,43.879,27.4717
2804,0,0,0,1,0,0,0,300.0,80.0,1.75,48.9397,26.8156
2805,0,0,0,1,0,0,0,300.0,80.0,2.0,53.1738,25.7565
2806,0,0,0,1,0,0,0,300.0,80.0,2.25,56.4574,24.2939
2807,0,0,0,1,0,0,0,300.0,80.0,2.515,58.7094,22.4152
2808,0,0,0,1,0,0,0,300.0,90.0,0.498,23.1762,35.0101
2809,0,0,0,1,0,0,0,300.0,90.0,0.75,31.3072,35.6305
2810,0,0,0,1,0,0,0,300.0,90.0,1.0,39.6242,36.0002
2811,0,0,0,1,0,0,0,300.0,90.0,1.25,47.5404,35.8941
2812,0,0,0,1,0,0,0,300.0,90.0,1.5,54.6334,35.3597
2813,0,0,0,1,0,0,0,300.0,90.0,1.75,60.4953,34.2003
2814,0,0,0,1,0,0,0,300.0,90.0,2.0,65.069,32.4373
2815,0,0,0,1,0,0,0,300.0,90.0,2.25,68.3909,30.2812
2816,0,0,0,1,0,0,0,300.0,90.0,2.515,70.2915,27.497
2817,0,0,0,1,0,0,0,300.0,100.0,0.498,29.4171,42.615
2818,0,0,0,1,0,0,0,300.0,100.0,0.75,38.9052,43.6727
2819,0,0,0,1,0,0,0,300.0,100.0,1.0,48.1952,44.2424
2820,0,0,0,1,0,0,0,300.0,100.0,1.25,57.2572,44.1131
2821,0,0,0,1,0,0,0,300.0,100.0,1.5,65.4897,43.2346
2822,0,0,0,1,0,0,0,300.0,100.0,1.75,71.8524,41.5229
2823,0,0,0,1,0,0,0,300.0,100.0,2.0,76.5287,39.0503
2824,0,0,0,1,0,0,0,300.0,100.0,2.25,79.53,36.0144
2825,0,0,0,1,0,0,0,300.0,100.0,2.515,81.249,32.4521
2826,0,0,0,1,0,0,0,300.0,110.0,0.498,36.424,49.8375
2827,0,0,0,1,0,0,0,300.0,110.0,0.75,46.5701,51.1495
2828,0,0,0,1,0,0,0,300.0,110.0,1.0,56.8071,51.9382
2829,0,0,0,1,0,0,0,300.0,110.0,1.25,66.8136,51.8765
2830,0,0,0,1,0,0,0,300.0,110.0,1.5,75.3007,50.6953
2831,0,0,0,1,0,0,0,300.0,110.0,1.75,82.0578,48.4052
2832,0,0,0,1,0,0,0,300.0,110.0,2.0,86.8468,45.2586
2833,0,0,0,1,0,0,0,300.0,110.0,2.25,89.8001,41.5837
2834,0,0,0,1,0,0,0,300.0,110.0,2.515,91.3157,37.4341
2835,0,0,0,1,0,0,0,360.0,30.0,0.498,1.40073,0.981988
2836,0,0,0,1,0,0,0,360.0,30.0,0.75,2.80469,1.1755
2837,0,0,0,1,0,0,0,360.0,30.0,1.0,3.79596,1.43095
2838,0,0,0,1,0,0,0,360.0,30.0,1.25,4.80804,1.79479
2839,0,0,0,1,0,0,0,360.0,30.0,1.5,5.87022,2.0309
2840,0,0,0,1,0,0,0,360.0,30.0,1.75,7.04679,2.14028
2841,0,0,0,1,0,0,0,360.0,30.0,2.0,8.36701,2.28347
2842,0,0,0,1,0,0,0,360.0,30.0,2.25,9.53344,2.58871
2843,0,0,0,1,0,0,0,360.0,30.0,2.515,10.6774,2.83709
2844,0,0,0,1,0,0,0,360.0,40.0,0.498,3.66314,4.5855
2845,0,0,0,1,0,0,0,360.0,40.0,0.75,5.38874,4.45653
2846,0,0,0,1,0,0,0,360.0,40.0,1.0,7.71062,4.46645
2847,0,0,0,1,0,0,0,360.0,40.0,1.25,9.76895,4.55261
2848,0,0,0,1,0,0,0,360.0,40.0,1.5,11.6327,4.84311
2849,0,0,0,1,0,0,0,360.0,40.0,1.75,13.3091,5.02559
2850,0,0,0,1,0,0,0,360.0,40.0,2.0,14.946,5.27505
2851,0,0,0,1,0,0,0,360.0,40.0,2.25,16.7401,5.46352
2852,0,0,0,1,0,0,0,360.0,40.0,2.515,18.6251,5.54448
2853,0,0,0,1,0,0,0,360.0,50.0,0.498,6.06267,9.97907
2854,0,0,0,1,0,0,0,360.0,50.0,0.75,9.60773,9.46739
2855,0,0,0,1,0,0,0,360.0,50.0,1.0,12.6949,9.20423
2856,0,0,0,1,0,0,0,360.0,50.0,1.25,15.6197,9.06343
2857,0,0,0,1,0,0,0,360.0,50.0,1.5,18.1969,9.14933
2858,0,0,0,1,0,0,0,360.0,50.0,1.75,20.4485,9.24381
2859,0,0,0,1,0,0,0,360.0,50.0,2.0,22.8506,9.5264
2860,0,0,0,1,0,0,0,360.0,50.0,2.25,25.3642,9.67234
2861,0,0,0,1,0,0,0,360.0,50.0,2.515,27.723,9.52181
2862,0,0,0,1,0,0,0,360.0,60.0,0.498,10.6949,16.3682
2863,0,0,0,1,0,0,0,360.0,60.0,0.75,14.7333,15.5499
2864,0,0,0,1,0,0,0,360.0,60.0,1.0,18.3767,14.9185
2865,0,0,0,1,0,0,0,360.0,60.0,1.25,22.2572,14.7072
2866,0,0,0,1,0,0,0,360.0,60.0,1.5,25.8996,14.6539
2867,0,0,0,1,0,0,0,360.0,60.0,1.75,29.1776,14.6323
2868,0,0,0,1,0,0,0,360.0,60.0,2.0,32.3092,14.5004
2869,0,0,0,1,0,0,0,360.0,60.0,2.25,35.2258,14.327
2870,0,0,0,1,0,0,0,360.0,60.0,2.515,37.8796,13.7751
2871,0,0,0,1,0,0,0,360.0,70.0,0.498,15.477,23.5339
2872,0,0,0,1,0,0,0,360.0,70.0,0.75,20.6299,22.8143
2873,0,0,0,1,0,0,0,360.0,70.0,1.0,25.6904,22.2636
2874,0,0,0,1,0,0,0,360.0,70.0,1.25,30.7202,21.9798
2875,0,0,0,1,0,0,0,360.0,70.0,1.5,35.5103,21.7808
2876,0,0,0,1,0,0,0,360.0,70.0,1.75,39.5391,21.1479
2877,0,0,0,1,0,0,0,360.0,70.0,2.0,43.0218,20.3262
2878,0,0,0,1,0,0,0,360.0,70.0,2.25,46.1411,19.3963
2879,0,0,0,1,0,0,0,360.0,70.0,2.515,48.4677,18.0234
2880,0,0,0,1,0,0,0,360.0,80.0,0.498,20.5274,31.0893
2881,0,0,0,1,0,0,0,360.0,80.0,0.75,27.437,31.0162
2882,0,0,0,1,0,0,0,360.0,80.0,1.0,34.2121,30.8895
2883,0,0,0,1,0,0,0,360.0,80.0,1.25,40.6471,30.5141
2884,0,0,0,1,0,0,0,360.0,80.0,1.5,46.2885,29.8403
2885,0,0,0,1,0,0,0,360.0,80.0,1.75,50.9771,28.6598
2886,0,0,0,1,0,0,0,360.0,80.0,2.0,54.7402,27.0653
2887,0,0,0,1,0,0,0,360.0,80.0,2.25,57.6409,25.0316
2888,0,0,0,1,0,0,0,360.0,80.0,2.515,59.6438,22.6298
2889,0,0,0,1,0,0,0,360.0,90.0,0.498,26.6586,39.1828
2890,0,0,0,1,0,0,0,360.0,90.0,0.75,34.9446,39.8713
2891,0,0,0,1,0,0,0,360.0,90.0,1.0,43.1611,40.0066
2892,0,0,0,1,0,0,0,360.0,90.0,1.25,50.8675,39.4971
2893,0,0,0,1,0,0,0,360.0,90.0,1.5,57.549,38.3324
2894,0,0,0,1,0,0,0,360.0,90.0,1.75,62.7111,36.4134
2895,0,0,0,1,0,0,0,360.0,90.0,2.0,66.6284,33.9471
2896,0,0,0,1,0,0,0,360.0,90.0,2.25,69.3413,31.1053
2897,0,0,0,1,0,0,0,360.0,90.0,2.515,70.8778,27.6581
2898,0,0,0,1,0,0,0,360.0,100.0,0.498,33.2329,47.1866
2899,0,0,0,1,0,0,0,360.0,100.0,0.75,42.7474,48.3629
2900,0,0,0,1,0,0,0,360.0,100.0,1.0,52.0097,48.7539
2901,0,0,0,1,0,0,0,360.0,100.0,1.25,60.9749,48.3338
2902,0,0,0,1,0,0,0,360.0,100.0,1.5,68.5615,46.7385
2903,0,0,0,1,0,0,0,360.0,100.0,1.75,74.1365,43.9971
2904,0,0,0,1,0,0,0,360.0,100.0,2.0,77.9459,40.6256
2905,0,0,0,1,0,0,0,360.0,100.0,2.25,80.2383,36.7568
2906,0,0,0,1,0,0,0,360.0,100.0,2.515,81.5642,32.5606
2907,0,0,0,1,0,0,0,360.0,110.0,0.498,40.3332,54.7312
2908,0,0,0,1,0,0,0,360.0,110.0,0.75,50.5794,56.0933
2909,0,0,0,1,0,0,0,360.0,110.0,1.0,60.7753,56.6956
2910,0,0,0,1,0,0,0,360.0,110.0,1.25,70.5024,56.2034
2911,0,0,0,1,0,0,0,360.0,110.0,1.5,78.5838,54.3552
2912,0,0,0,1,0,0,0,360.0,110.0,1.75,84.3998,51.0947
2913,0,0,0,1,0,0,0,360.0,110.0,2.0,88.1208,46.7539
2914,0,0,0,1,0,0,0,360.0,110.0,2.25,90.3397,42.2584
2915,0,0,0,1,0,0,0,360.0,110.0,2.515,91.4781,37.4959
2916,0,0,0,1,0,0,0,420.0,30.0,0.498,2.46471,2.01511
2917,0,0,0,1,0,0,0,420.0,30.0,0.75,3.81408,2.02495
2918,0,0,0,1,0,0,0,420.0,30.0,1.0,4.80098,2.10026
2919,0,0,0,1,0,0,0,420.0,30.0,1.25,6.13485,2.35571
2920,0,0,0,1,0,0,0,420.0,30.0,1.5,7.47793,2.45757
2921,0,0,0,1,0,0,0,420.0,30.0,1.75,8.78884,2.50773
2922,0,0,0,1,0,0,0,420.0,30.0,2.0,10.0873,2.75723
2923,0,0,0,1,0,0,0,420.0,30.0,2.25,11.3506,3.01922
2924,0,0,0,1,0,0,0,420.0,30.0,2.515,12.698,3.42989
2925,0,0,0,1,0,0,0,420.0,40.0,0.498,4.73233,6.30387
2926,0,0,0,1,0,0,0,420.0,40.0,0.75,6.72092,5.93978
2927,0,0,0,1,0,0,0,420.0,40.0,1.0,9.15733,5.67374
2928,0,0,0,1,0,0,0,420.0,40.0,1.25,11.3446,5.61267
2929,0,0,0,1,0,0,0,420.0,40.0,1.5,13.3061,5.71755
2930,0,0,0,1,0,0,0,420.0,40.0,1.75,15.0261,5.82057
2931,0,0,0,1,0,0,0,420.0,40.0,2.0,16.8865,5.94787
2932,0,0,0,1,0,0,0,420.0,40.0,2.25,18.6807,6.09197
2933,0,0,0,1,0,0,0,420.0,40.0,2.515,20.4856,6.17022
2934,0,0,0,1,0,0,0,420.0,50.0,0.498,7.85112,11.9301
2935,0,0,0,1,0,0,0,420.0,50.0,0.75,11.2456,11.0765
2936,0,0,0,1,0,0,0,420.0,50.0,1.0,14.2133,10.5544
2937,0,0,0,1,0,0,0,420.0,50.0,1.25,17.0849,10.3221
2938,0,0,0,1,0,0,0,420.0,50.0,1.5,19.8258,10.2202
2939,0,0,0,1,0,0,0,420.0,50.0,1.75,22.3001,10.2232
2940,0,0,0,1,0,0,0,420.0,50.0,2.0,24.6634,10.2712
2941,0,0,0,1,0,0,0,420.0,50.0,2.25,27.0825,10.3454
2942,0,0,0,1,0,0,0,420.0,50.0,2.515,29.3519,10.0656
2943,0,0,0,1,0,0,0,420.0,60.0,0.498,12.5697,18.6963
2944,0,0,0,1,0,0,0,420.0,60.0,0.75,16.5359,17.5256
2945,0,0,0,1,0,0,0,420.0,60.0,1.0,20.1773,16.6595
2946,0,0,0,1,0,0,0,420.0,60.0,1.25,23.9942,16.2789
2947,0,0,0,1,0,0,0,420.0,60.0,1.5,27.6698,16.0545
2948,0,0,0,1,0,0,0,420.0,60.0,1.75,30.8661,15.7428
2949,0,0,0,1,0,0,0,420.0,60.0,2.0,33.8541,15.3696
2950,0,0,0,1,0,0,0,420.0,60.0,2.25,36.7188,15.0108
2951,0,0,0,1,0,0,0,420.0,60.0,2.515,39.2177,14.2619
2952,0,0,0,1,0,0,0,420.0,70.0,0.498,17.758,26.3241
2953,0,0,0,1,0,0,0,420.0,70.0,0.75,22.8569,25.4394
2954,0,0,0,1,0,0,0,420.0,70.0,1.0,27.6872,24.5587
2955,0,0,0,1,0,0,0,420.0,70.0,1.25,32.5419,23.8825
2956,0,0,0,1,0,0,0,420.0,70.0,1.5,37.0236,23.27
2957,0,0,0,1,0,0,0,420.0,70.0,1.75,40.7972,22.3292
2958,0,0,0,1,0,0,0,420.0,70.0,2.0,44.2947,21.289
2959,0,0,0,1,0,0,0,420.0,70.0,2.25,47.2982,20.1501
2960,0,0,0,1,0,0,0,420.0,70.0,2.515,49.5379,18.4356
2961,0,0,0,1,0,0,0,420.0,80.0,0.498,23.4396,34.5343
2962,0,0,0,1,0,0,0,420.0,80.0,0.75,30.2332,34.4147
2963,0,0,0,1,0,0,0,420.0,80.0,1.0,36.6684,33.7858
2964,0,0,0,1,0,0,0,420.0,80.0,1.25,42.7386,32.9252
2965,0,0,0,1,0,0,0,420.0,80.0,1.5,48.0515,31.8286
2966,0,0,0,1,0,0,0,420.0,80.0,1.75,52.4501,30.1797
2967,0,0,0,1,0,0,0,420.0,80.0,2.0,55.9489,28.179
2968,0,0,0,1,0,0,0,420.0,80.0,2.25,58.4331,25.6706
2969,0,0,0,1,0,0,0,420.0,80.0,2.515,60.25,22.8468
2970,0,0,0,1,0,0,0,420.0,90.0,0.498,30.0175,43.1405
2971,0,0,0,1,0,0,0,420.0,90.0,0.75,38.2177,43.7251
2972,0,0,0,1,0,0,0,420.0,90.0,1.0,46.3315,43.7144
2973,0,0,0,1,0,0,0,420.0,90.0,1.25,53.6623,42.6939
2974,0,0,0,1,0,0,0,420.0,90.0,1.5,59.837,40.9139
2975,0,0,0,1,0,0,0,420.0,90.0,1.75,64.4854,38.3391
2976,0,0,0,1,0,0,0,420.0,90.0,2.0,67.6254,35.1803
2977,0,0,0,1,0,0,0,420.0,90.0,2.25,69.7237,31.6516
2978,0,0,0,1,0,0,0,420.0,90.0,2.515,71.0219,27.6491
2979,0,0,0,1,0,0,0,420.0,100.0,0.498,36.8023,51.4523
2980,0,0,0,1,0,0,0,420.0,100.0,0.75,46.4002,52.7786
2981,0,0,0,1,0,0,0,420.0,100.0,1.0,55.6741,53.0229
2982,0,0,0,1,0,0,0,420.0,100.0,1.25,64.3366,52.082
2983,0,0,0,1,0,0,0,420.0,100.0,1.5,71.1903,49.7903
2984,0,0,0,1,0,0,0,420.0,100.0,1.75,75.8149,46.133
2985,0,0,0,1,0,0,0,420.0,100.0,2.0,78.7214,41.8043
2986,0,0,0,1,0,0,0,420.0,100.0,2.25,80.4044,37.2011
2987,0,0,0,1,0,0,0,420.0,100.0,2.515,81.3768,32.4646
2988,0,0,0,1,0,0,0,420.0,110.0,0.498,44.0162,59.2581
2989,0,0,0,1,0,0,0,420.0,110.0,0.75,54.377,60.7183
2990,0,0,0,1,0,0,0,420.0,110.0,1.0,64.598,61.0788
2991,0,0,0,1,0,0,0,420.0,110.0,1.25,73.896,60.1903
2992,0,0,0,1,0,0,0,420.0,110.0,1.5,81.3116,57.6208
2993,0,0,0,1,0,0,0,420.0,110.0,1.75,85.9887,53.307
2994,0,0,0,1,0,0,0,420.0,110.0,2.0,88.6939,47.9402
2995,0,0,0,1,0,0,0,420.0,110.0,2.25,90.2446,42.6718
2996,0,0,0,1,0,0,0,420.0,110.0,2.515,91.1844,37.3786
2997,0,0,0,1,0,0,0,480.0,30.0,0.498,3.29989,3.27745
2998,0,0,0,1,0,0,0,480.0,30.0,0.75,4.68781,3.13873
2999,0,0,0,1,0,0,0,480.0,30.0,1.0,5.86697,2.95829
3000,0,0,0,1,0,0,0,480.0,30.0,1.25,7.59165,2.81757
3001,0,0,0,1,0,0,0,480.0,30.0,1.5,9.10114,2.83367
3002,0,0,0,1,0,0,0,480.0,30.0,1.75,10.4143,2.99678
3003,0,0,0,1,0,0,0,480.0,30.0,2.0,11.6793,3.16036
3004,0,0,0,1,0,0,0,480.0,30.0,2.25,13.1297,3.47161
3005,0,0,0,1,0,0,0,480.0,30.0,2.515,14.4837,3.84102
3006,0,0,0,1,0,0,0,480.0,40.0,0.498,5.58875,8.01327
3007,0,0,0,1,0,0,0,480.0,40.0,0.75,8.13019,7.3651
3008,0,0,0,1,0,0,0,480.0,40.0,1.0,10.5621,6.94277
3009,0,0,0,1,0,0,0,480.0,40.0,1.25,12.7248,6.64098
3010,0,0,0,1,0,0,0,480.0,40.0,1.5,14.8575,6.64393
3011,0,0,0,1,0,0,0,480.0,40.0,1.75,16.6692,6.71488
3012,0,0,0,1,0,0,0,480.0,40.0,2.0,18.6213,6.64431
3013,0,0,0,1,0,0,0,480.0,40.0,2.25,20.3683,6.61154
3014,0,0,0,1,0,0,0,480.0,40.0,2.515,22.1051,6.53052
3015,0,0,0,1,0,0,0,480.0,50.0,0.498,9.4492,13.969
3016,0,0,0,1,0,0,0,480.0,50.0,0.75,12.7901,12.7854
3017,0,0,0,1,0,0,0,480.0,50.0,1.0,15.5856,11.9496
3018,0,0,0,1,0,0,0,480.0,50.0,1.25,18.458,11.5351
3019,0,0,0,1,0,0,0,480.0,50.0,1.5,21.212,11.4014
3020,0,0,0,1,0,0,0,480.0,50.0,1.75,23.9529,11.2527
3021,0,0,0,1,0,0,0,480.0,50.0,2.0,26.3309,11.0382
3022,0,0,0,1,0,0,0,480.0,50.0,2.25,28.5963,10.8601
3023,0,0,0,1,0,0,0,480.0,50.0,2.515,30.7597,10.4435
3024,0,0,0,1,0,0,0,480.0,60.0,0.498,14.267,21.0421
3025,0,0,0,1,0,0,0,480.0,60.0,0.75,18.1873,19.6071
3026,0,0,0,1,0,0,0,480.0,60.0,1.0,21.8377,18.4785
3027,0,0,0,1,0,0,0,480.0,60.0,1.25,25.4334,17.8252
3028,0,0,0,1,0,0,0,480.0,60.0,1.5,28.9188,17.3223
3029,0,0,0,1,0,0,0,480.0,60.0,1.75,32.199,16.7955
3030,0,0,0,1,0,0,0,480.0,60.0,2.0,35.2226,16.2053
3031,0,0,0,1,0,0,0,480.0,60.0,2.25,38.0424,15.6448
3032,0,0,0,1,0,0,0,480.0,60.0,2.515,40.3614,14.6102
3033,0,0,0,1,0,0,0,480.0,70.0,0.498,19.8988,29.0776
3034,0,0,0,1,0,0,0,480.0,70.0,0.75,24.8034,27.9745
3035,0,0,0,1,0,0,0,480.0,70.0,1.0,29.4641,26.7899
3036,0,0,0,1,0,0,0,480.0,70.0,1.25,33.9775,25.6455
3037,0,0,0,1,0,0,0,480.0,70.0,1.5,38.1916,24.6452
3038,0,0,0,1,0,0,0,480.0,70.0,1.75,41.9621,23.5722
3039,0,0,0,1,0,0,0,480.0,70.0,2.0,45.358,22.3377
3040,0,0,0,1,0,0,0,480.0,70.0,2.25,48.2019,20.7896
3041,0,0,0,1,0,0,0,480.0,70.0,2.515,50.3518,18.7439
3042,0,0,0,1,0,0,0,480.0,80.0,0.498,26.2723,37.8311
3043,0,0,0,1,0,0,0,480.0,80.0,0.75,32.6504,37.3876
3044,0,0,0,1,0,0,0,480.0,80.0,1.0,38.6778,36.4557
3045,0,0,0,1,0,0,0,480.0,80.0,1.25,44.3577,35.0478
3046,0,0,0,1,0,0,0,480.0,80.0,1.5,49.2946,33.4291
3047,0,0,0,1,0,0,0,480.0,80.0,1.75,53.4994,31.4701
3048,0,0,0,1,0,0,0,480.0,80.0,2.0,56.6762,29.1081
3049,0,0,0,1,0,0,0,480.0,80.0,2.25,58.9229,26.3491
3050,0,0,0,1,0,0,0,480.0,80.0,2.515,60.6225,23.1352
3051,0,0,0,1,0,0,0,480.0,90.0,0.498,33.1354,46.7591
3052,0,0,0,1,0,0,0,480.0,90.0,0.75,41.1356,47.1968
3053,0,0,0,1,0,0,0,480.0,90.0,1.0,48.9265,46.8264
3054,0,0,0,1,0,0,0,480.0,90.0,1.25,55.6619,45.3489
3055,0,0,0,1,0,0,0,480.0,90.0,1.5,61.2607,42.9951
3056,0,0,0,1,0,0,0,480.0,90.0,1.75,65.4975,39.737
3057,0,0,0,1,0,0,0,480.0,90.0,2.0,68.1584,35.991
3058,0,0,0,1,0,0,0,480.0,90.0,2.25,69.7939,31.9634
3059,0,0,0,1,0,0,0,480.0,90.0,2.515,70.7998,27.6263
3060,0,0,0,1,0,0,0,480.0,100.0,0.498,40.1254,55.3768
3061,0,0,0,1,0,0,0,480.0,100.0,0.75,49.8284,56.6359
3062,0,0,0,1,0,0,0,480.0,100.0,1.0,59.0085,56.6858
3063,0,0,0,1,0,0,0,480.0,100.0,1.25,67.1125,55.3414
3064,0,0,0,1,0,0,0,480.0,100.0,1.5,73.1532,52.2796
3065,0,0,0,1,0,0,0,480.0,100.0,1.75,76.7892,47.7085
3066,0,0,0,1,0,0,0,480.0,100.0,2.0,78.9083,42.566
3067,0,0,0,1,0,0,0,480.0,100.0,2.25,80.1223,37.4426
3068,0,0,0,1,0,0,0,480.0,100.0,2.515,80.8017,32.3715
3069,0,0,0,1,0,0,0,480.0,110.0,0.498,47.4204,63.3192
3070,0,0,0,1,0,0,0,480.0,110.0,0.75,57.9013,64.7816
3071,0,0,0,1,0,0,0,480.0,110.0,1.0,68.0593,64.973
3072,0,0,0,1,0,0,0,480.0,110.0,1.25,76.8085,63.5562
3073,0,0,0,1,0,0,0,480.0,110.0,1.5,82.9855,60.0664
3074,0,0,0,1,0,0,0,480.0,110.0,1.75,86.6135,54.8419
3075,0,0,0,1,0,0,0,480.0,110.0,2.0,88.6941,48.9249
3076,0,0,0,1,0,0,0,480.0,110.0,2.25,89.8411,43.0231
3077,0,0,0,1,0,0,0,480.0,110.0,2.515,90.4533,37.2523
3078,0,0,0,1,0,0,0,540.0,30.0,0.498,3.97517,4.80111
3079,0,0,0,1,0,0,0,540.0,30.0,0.75,5.40945,4.28185
3080,0,0,0,1,0,0,0,540.0,30.0,1.0,7.1374,3.91516
3081,0,0,0,1,0,0,0,540.0,30.0,1.25,9.0026,3.63115
3082,0,0,0,1,0,0,0,540.0,30.0,1.5,10.5102,3.49395
3083,0,0,0,1,0,0,0,540.0,30.0,1.75,11.9221,3.50985
3084,0,0,0,1,0,0,0,540.0,30.0,2.0,13.3552,3.62097
3085,0,0,0,1,0,0,0,540.0,30.0,2.25,14.6969,3.87839
3086,0,0,0,1,0,0,0,540.0,30.0,2.515,15.9838,4.11197
3087,0,0,0,1,0,0,0,540.0,40.0,0.498,6.64998,9.92792
3088,0,0,0,1,0,0,0,540.0,40.0,0.75,9.46079,8.96227
3089,0,0,0,1,0,0,0,540.0,40.0,1.0,11.8925,8.2779
3090,0,0,0,1,0,0,0,540.0,40.0,1.25,14.1834,7.88587
3091,0,0,0,1,0,0,0,540.0,40.0,1.5,16.176,7.62087
3092,0,0,0,1,0,0,0,540.0,40.0,1.75,18.2547,7.53961
3093,0,0,0,1,0,0,0,540.0,40.0,2.0,20.1427,7.38663
3094,0,0,0,1,0,0,0,540.0,40.0,2.25,21.8088,7.0862
3095,0,0,0,1,0,0,0,540.0,40.0,2.515,23.5057,6.74374
3096,0,0,0,1,0,0,0,540.0,50.0,0.498,10.9987,16.0659
3097,0,0,0,1,0,0,0,540.0,50.0,0.75,14.079,14.632
3098,0,0,0,1,0,0,0,540.0,50.0,1.0,16.9835,13.6046
3099,0,0,0,1,0,0,0,540.0,50.0,1.25,19.8089,12.8872
3100,0,0,0,1,0,0,0,540.0,50.0,1.5,22.5891,12.5604
3101,0,0,0,1,0,0,0,540.0,50.0,1.75,25.292,12.315
3102,0,0,0,1,0,0,0,540.0,50.0,2.0,27.7101,11.8633
3103,0,0,0,1,0,0,0,540.0,50.0,2.25,29.9012,11.3851
3104,0,0,0,1,0,0,0,540.0,50.0,2.515,31.8893,10.678
3105,0,0,0,1,0,0,0,540.0,60.0,0.498,15.8346,23.2833
3106,0,0,0,1,0,0,0,540.0,60.0,0.75,19.7912,21.7836
3107,0,0,0,1,0,0,0,540.0,60.0,1.0,23.292,20.4297
3108,0,0,0,1,0,0,0,540.0,60.0,1.25,26.6407,19.318
3109,0,0,0,1,0,0,0,540.0,60.0,1.5,29.9438,18.557
3110,0,0,0,1,0,0,0,540.0,60.0,1.75,33.2935,17.9061
3111,0,0,0,1,0,0,0,540.0,60.0,2.0,36.3893,17.1474
3112,0,0,0,1,0,0,0,540.0,60.0,2.25,38.9537,16.1408
3113,0,0,0,1,0,0,0,540.0,60.0,2.515,41.2304,14.8311
3114,0,0,0,1,0,0,0,540.0,70.0,0.498,21.7883,31.6042
3115,0,0,0,1,0,0,0,540.0,70.0,0.75,26.5866,30.3381
3116,0,0,0,1,0,0,0,540.0,70.0,1.0,30.844,28.7618
3117,0,0,0,1,0,0,0,540.0,70.0,1.25,35.0631,27.2849
3118,0,0,0,1,0,0,0,540.0,70.0,1.5,39.2056,26.0348
3119,0,0,0,1,0,0,0,540.0,70.0,1.75,43.0023,24.8014
3120,0,0,0,1,0,0,0,540.0,70.0,2.0,46.1842,23.2962
3121,0,0,0,1,0,0,0,540.0,70.0,2.25,48.8081,21.4237
3122,0,0,0,1,0,0,0,540.0,70.0,2.515,50.8709,18.9756
3123,0,0,0,1,0,0,0,540.0,80.0,0.498,28.6966,40.7737
3124,0,0,0,1,0,0,0,540.0,80.0,0.75,34.6183,39.9862
3125,0,0,0,1,0,0,0,540.0,80.0,1.0,40.3711,38.7311
3126,0,0,0,1,0,0,0,540.0,80.0,1.25,45.4138,36.8732
3127,0,0,0,1,0,0,0,540.0,80.0,1.5,50.1815,34.916
3128,0,0,0,1,0,0,0,540.0,80.0,1.75,54.1405,32.5757
3129,0,0,0,1,0,0,0,540.0,80.0,2.0,57.1842,29.9202
3130,0,0,0,1,0,0,0,540.0,80.0,2.25,59.2333,26.8452
3131,0,0,0,1,0,0,0,540.0,80.0,2.515,60.6688,23.3177
3132,0,0,0,1,0,0,0,540.0,90.0,0.498,36.0557,50.0109
3133,0,0,0,1,0,0,0,540.0,90.0,0.75,43.7713,50.1988
3134,0,0,0,1,0,0,0,540.0,90.0,1.0,50.937,49.3247
3135,0,0,0,1,0,0,0,540.0,90.0,1.25,57.1028,47.4624
3136,0,0,0,1,0,0,0,540.0,90.0,1.5,62.1418,44.6458
3137,0,0,0,1,0,0,0,540.0,90.0,1.75,65.8922,40.8809
3138,0,0,0,1,0,0,0,540.0,90.0,2.0,68.2697,36.5518
3139,0,0,0,1,0,0,0,540.0,90.0,2.25,69.5483,32.08
3140,0,0,0,1,0,0,0,540.0,90.0,2.515,70.3231,27.6748
3141,0,0,0,1,0,0,0,540.0,100.0,0.498,43.3246,58.8601
3142,0,0,0,1,0,0,0,540.0,100.0,0.75,52.8317,59.7822
3143,0,0,0,1,0,0,0,540.0,100.0,1.0,61.6717,59.6209
3144,0,0,0,1,0,0,0,540.0,100.0,1.25,68.869,57.6704
3145,0,0,0,1,0,0,0,540.0,100.0,1.5,74.0111,54.0623
3146,0,0,0,1,0,0,0,540.0,100.0,1.75,76.9029,48.7788
3147,0,0,0,1,0,0,0,540.0,100.0,2.0,78.5766,43.1419
3148,0,0,0,1,0,0,0,540.0,100.0,2.25,79.4372,37.5881
3149,0,0,0,1,0,0,0,540.0,100.0,2.515,80.0281,32.2185
3150,0,0,0,1,0,0,0,540.0,110.0,0.498,50.6023,66.9251
3151,0,0,0,1,0,0,0,540.0,110.0,0.75,61.0944,68.2189
3152,0,0,0,1,0,0,0,540.0,110.0,1.0,70.9187,68.1026
3153,0,0,0,1,0,0,0,540.0,110.0,1.25,79.0207,66.1926
3154,0,0,0,1,0,0,0,540.0,110.0,1.5,83.713,61.7342
3155,0,0,0,1,0,0,0,540.0,110.0,1.75,86.488,55.9374
3156,0,0,0,1,0,0,0,540.0,110.0,2.0,88.2197,49.672
3157,0,0,0,1,0,0,0,540.0,110.0,2.25,89.0652,43.3347
3158,0,0,0,1,0,0,0,540.0,110.0,2.515,89.5403,37.1626
3159,0,0,0,1,0,0,0,600.0,30.0,0.498,4.71205,6.5428
3160,0,0,0,1,0,0,0,600.0,30.0,0.75,6.26569,5.73439
3161,0,0,0,1,0,0,0,600.0,30.0,1.0,8.39747,5.15365
3162,0,0,0,1,0,0,0,600.0,30.0,1.25,10.2677,4.74005
3163,0,0,0,1,0,0,0,600.0,30.0,1.5,11.7415,4.30355
3164,0,0,0,1,0,0,0,600.0,30.0,1.75,13.357,4.11759
3165,0,0,0,1,0,0,0,600.0,30.0,2.0,14.8646,4.09749
3166,0,0,0,1,0,0,0,600.0,30.0,2.25,16.1408,4.24479
3167,0,0,0,1,0,0,0,600.0,30.0,2.515,17.4027,4.35047
3168,0,0,0,1,0,0,0,600.0,40.0,0.498,7.98984,11.9738
3169,0,0,0,1,0,0,0,600.0,40.0,0.75,10.7545,10.7484
3170,0,0,0,1,0,0,0,600.0,40.0,1.0,13.0533,9.73832
3171,0,0,0,1,0,0,0,600.0,40.0,1.25,15.4662,9.18086
3172,0,0,0,1,0,0,0,600.0,40.0,1.5,17.5173,8.70232
3173,0,0,0,1,0,0,0,600.0,40.0,1.75,19.6241,8.42823
3174,0,0,0,1,0,0,0,600.0,40.0,2.0,21.4858,8.09706
3175,0,0,0,1,0,0,0,600.0,40.0,2.25,23.2163,7.64016
3176,0,0,0,1,0,0,0,600.0,40.0,2.515,24.7195,6.99028
3177,0,0,0,1,0,0,0,600.0,50.0,0.498,12.2405,18.1543
3178,0,0,0,1,0,0,0,600.0,50.0,0.75,15.3623,16.638
3179,0,0,0,1,0,0,0,600.0,50.0,1.0,18.3278,15.4488
3180,0,0,0,1,0,0,0,600.0,50.0,1.25,21.1259,14.4746
3181,0,0,0,1,0,0,0,600.0,50.0,1.5,23.7762,13.783
3182,0,0,0,1,0,0,0,600.0,50.0,1.75,26.3933,13.3524
3183,0,0,0,1,0,0,0,600.0,50.0,2.0,28.8932,12.7455
3184,0,0,0,1,0,0,0,600.0,50.0,2.25,31.0139,11.8648
3185,0,0,0,1,0,0,0,600.0,50.0,2.515,32.902,10.8746
3186,0,0,0,1,0,0,0,600.0,60.0,0.498,17.3473,25.5158
3187,0,0,0,1,0,0,0,600.0,60.0,0.75,21.0725,23.8963
3188,0,0,0,1,0,0,0,600.0,60.0,1.0,24.386,22.2448
3189,0,0,0,1,0,0,0,600.0,60.0,1.25,27.7908,20.9365
3190,0,0,0,1,0,0,0,600.0,60.0,1.5,31.0974,20.007
3191,0,0,0,1,0,0,0,600.0,60.0,1.75,34.4147,19.2025
3192,0,0,0,1,0,0,0,600.0,60.0,2.0,37.3064,18.0902
3193,0,0,0,1,0,0,0,600.0,60.0,2.25,39.7009,16.6484
3194,0,0,0,1,0,0,0,600.0,60.0,2.515,41.856,15.0473
3195,0,0,0,1,0,0,0,600.0,70.0,0.498,23.5001,33.9831
3196,0,0,0,1,0,0,0,600.0,70.0,0.75,28.0465,32.504
3197,0,0,0,1,0,0,0,600.0,70.0,1.0,31.9379,30.6375
3198,0,0,0,1,0,0,0,600.0,70.0,1.25,36.0436,28.9307
3199,0,0,0,1,0,0,0,600.0,70.0,1.5,40.1954,27.501
3200,0,0,0,1,0,0,0,600.0,70.0,1.75,43.6861,25.8693
3201,0,0,0,1,0,0,0,600.0,70.0,2.0,46.719,24.041
3202,0,0,0,1,0,0,0,600.0,70.0,2.25,49.2109,21.9144
3203,0,0,0,1,0,0,0,600.0,70.0,2.515,51.1203,19.2035
3204,0,0,0,1,0,0,0,600.0,80.0,0.498,30.8038,43.3399
3205,0,0,0,1,0,0,0,600.0,80.0,0.75,36.3495,42.2779
3206,0,0,0,1,0,0,0,600.0,80.0,1.0,41.64,40.6361
3207,0,0,0,1,0,0,0,600.0,80.0,1.25,46.4785,38.6291
3208,0,0,0,1,0,0,0,600.0,80.0,1.5,50.8812,36.3258
3209,0,0,0,1,0,0,0,600.0,80.0,1.75,54.5702,33.5481
3210,0,0,0,1,0,0,0,600.0,80.0,2.0,57.3297,30.5399
3211,0,0,0,1,0,0,0,600.0,80.0,2.25,59.1077,27.0673
3212,0,0,0,1,0,0,0,600.0,80.0,2.515,60.4395,23.3914
3213,0,0,0,1,0,0,0,600.0,90.0,0.498,38.6273,52.8388
3214,0,0,0,1,0,0,0,600.0,90.0,0.75,45.9297,52.5607
3215,0,0,0,1,0,0,0,600.0,90.0,1.0,52.3866,51.2019
3216,0,0,0,1,0,0,0,600.0,90.0,1.25,57.8882,48.9606
3217,0,0,0,1,0,0,0,600.0,90.0,1.5,62.4251,45.8267
3218,0,0,0,1,0,0,0,600.0,90.0,1.75,65.7639,41.75
3219,0,0,0,1,0,0,0,600.0,90.0,2.0,67.8342,37.0332
3220,0,0,0,1,0,0,0,600.0,90.0,2.25,69.022,32.2662
3221,0,0,0,1,0,0,0,600.0,90.0,2.515,69.8025,27.6873
3222,0,0,0,1,0,0,0,600.0,100.0,0.498,46.1699,61.7387
3223,0,0,0,1,0,0,0,600.0,100.0,0.75,55.1967,62.2975
3224,0,0,0,1,0,0,0,600.0,100.0,1.0,63.2078,61.5066
3225,0,0,0,1,0,0,0,600.0,100.0,1.25,69.4904,59.1082
3226,0,0,0,1,0,0,0,600.0,100.0,1.5,73.7751,54.9612
3227,0,0,0,1,0,0,0,600.0,100.0,1.75,76.3754,49.5532
3228,0,0,0,1,0,0,0,600.0,100.0,2.0,77.8813,43.6774
3229,0,0,0,1,0,0,0,600.0,100.0,2.25,78.6574,37.7676
3230,0,0,0,1,0,0,0,600.0,100.0,2.515,79.1941,32.1556
3231,0,0,0,1,0,0,0,600.0,110.0,0.498,53.55,69.9784
3232,0,0,0,1,0,0,0,600.0,110.0,0.75,63.5614,70.7546
3233,0,0,0,1,0,0,0,600.0,110.0,1.0,73.0285,70.4681
3234,0,0,0,1,0,0,0,600.0,110.0,1.25,79.7009,67.5969
3235,0,0,0,1,0,0,0,600.0,110.0,1.5,83.4604,62.6778
3236,0,0,0,1,0,0,0,600.0,110.0,1.75,85.7852,56.5282
3237,0,0,0,1,0,0,0,600.0,110.0,2.0,87.269,50.067
3238,0,0,0,1,0,0,0,600.0,110.0,2.25,88.0834,43.656
3239,0,0,0,1,0,0,0,600.0,110.0,2.515,88.4621,37.1641
3240,0,0,0,0,1,0,0,60.0,30.0,0.498,0,0
3241,0,0,0,0,1,0,0,60.0,30.0,0.75,0,0
3242,0,0,0,0,1,0,0,60.0,30.0,1.0,0,0
3243,0,0,0,0,1,0,0,60.0,30.0,1.25,0,0
3244,0,0,0,0,1,0,0,60.0,30.0,1.5,0,0
3245,0,0,0,0,1,0,0,60.0,30.0,1.75,0,0
3246,0,0,0,0,1,0,0,60.0,30.0,2.0,0,0
3247,0,0,0,0,1,0,0,60.0,30.0,2.25,0,0
3248,0,0,0,0,1,0,0,60.0,30.0,2.515,0,0
3249,0,0,0,0,1,0,0,60.0,40.0,0.498,0,0
3250,0,0,0,0,1,0,0,60.0,40.0,0.75,0,0
3251,0,0,0,0,1,0,0,60.0,40.0,1.0,0,0
3252,0,0,0,0,1,0,0,60.0,40.0,1.25,0,0
3253,0,0,0,0,1,0,0,60.0,40.0,1.5,0,0
3254,0,0,0,0,1,0,0,60.0,40.0,1.75,0,0
3255,0,0,0,0,1,0,0,60.0,40.0,2.0,0,0
3256,0,0,0,0,1,0,0,60.0,40.0,2.25,0,0
3257,0,0,0,0,1,0,0,60.0,40.0,2.515,0,0
3258,0,0,0,0,1,0,0,60.0,50.0,0.498,0,0
3259,0,0,0,0,1,0,0,60.0,50.0,0.75,0,0
3260,0,0,0,0,1,0,0,60.0,50.0,1.0,0,0
3261,0,0,0,0,1,0,0,60.0,50.0,1.25,0,0
3262,0,0,0,0,1,0,0,60.0,50.0,1.5,0,0.196329
3263,0,0,0,0,1,0,0,60.0,50.0,1.75,0,0.302871
3264,0,0,0,0,1,0,0,60.0,50.0,2.0,0,0.353001
3265,0,0,0,0,1,0,0,60.0,50.0,2.25,0,0.374537
3266,0,0,0,0,1,0,0,60.0,50.0,2.515,0,0.275259
3267,0,0,0,0,1,0,0,60.0,60.0,0.498,0,0
3268,0,0,0,0,1,0,0,60.0,60.0,0.75,0,0.130481
3269,0,0,0,0,1,0,0,60.0,60.0,1.0,0,0.481775
3270,0,0,0,0,1,0,0,60.0,60.0,1.25,0,0.666634
3271,0,0,0,0,1,0,0,60.0,60.0,1.5,0,0.772713
3272,0,0,0,0,1,0,0,60.0,60.0,1.75,0,0.861232
3273,0,0,0,0,1,0,0,60.0,60.0,2.0,0.682824,0.919355
3274,0,0,0,0,1,0,0,60.0,60.0,2.25,1.81544,1.18893
3275,0,0,0,0,1,0,0,60.0,60.0,2.515,2.83881,1.13794
3276,0,0,0,0,1,0,0,60.0,70.0,0.498,0,0.0862842
3277,0,0,0,0,1,0,0,60.0,70.0,0.75,0,0.768899
3278,0,0,0,0,1,0,0,60.0,70.0,1.0,0,1.50337
3279,0,0,0,0,1,0,0,60.0,70.0,1.25,0.62503,2.29749
3280,0,0,0,0,1,0,0,60.0,70.0,1.5,2.80757,2.85016
3281,0,0,0,0,1,0,0,60.0,70.0,1.75,5.04928,3.48868
3282,0,0,0,0,1,0,0,60.0,70.0,2.0,6.94501,4.01512
3283,0,0,0,0,1,0,0,60.0,70.0,2.25,8.71784,4.2187
3284,0,0,0,0,1,0,0,60.0,70.0,2.515,10.0726,3.85015
3285,0,0,0,0,1,0,0,60.0,80.0,0.498,0,2.89253
3286,0,0,0,0,1,0,0,60.0,80.0,0.75,0.159975,3.88433
3287,0,0,0,0,1,0,0,60.0,80.0,1.0,1.87309,5.12949
3288,0,0,0,0,1,0,0,60.0,80.0,1.25,5.45288,6.07914
3289,0,0,0,0,1,0,0,60.0,80.0,1.5,9.1806,6.77255
3290,0,0,0,0,1,0,0,60.0,80.0,1.75,12.2552,7.34137
3291,0,0,0,0,1,0,0,60.0,80.0,2.0,14.6972,7.57217
3292,0,0,0,0,1,0,0,60.0,80.0,2.25,16.7458,7.42337
3293,0,0,0,0,1,0,0,60.0,80.0,2.515,18.3282,6.84586
3294,0,0,0,0,1,0,0,60.0,90.0,0.498,0,6.32451
3295,0,0,0,0,1,0,0,60.0,90.0,0.75,2.20426,7.64503
3296,0,0,0,0,1,0,0,60.0,90.0,1.0,6.28769,9.11675
3297,0,0,0,0,1,0,0,60.0,90.0,1.25,11.3884,10.2021
3298,0,0,0,0,1,0,0,60.0,90.0,1.5,15.8555,10.9132
3299,0,0,0,0,1,0,0,60.0,90.0,1.75,19.7159,11.2009
3300,0,0,0,0,1,0,0,60.0,90.0,2.0,22.8619,11.1433
3301,0,0,0,0,1,0,0,60.0,90.0,2.25,25.3125,10.7707
3302,0,0,0,0,1,0,0,60.0,90.0,2.515,27.3272,10.0924
3303,0,0,0,0,1,0,0,60.0,100.0,0.498,1.71336,10.7408
3304,0,0,0,0,1,0,0,60.0,100.0,0.75,5.72981,11.9692
3305,0,0,0,0,1,0,0,60.0,100.0,1.0,11.3777,13.0938
3306,0,0,0,0,1,0,0,60.0,100.0,1.25,17.2679,14.1272
3307,0,0,0,0,1,0,0,60.0,100.0,1.5,22.6882,14.8391
3308,0,0,0,0,1,0,0,60.0,100.0,1.75,27.3598,15.1192
3309,0,0,0,0,1,0,0,60.0,100.0,2.0,31.1194,14.91
3310,0,0,0,0,1,0,0,60.0,100.0,2.25,34.0472,14.4258
3311,0,0,0,0,1,0,0,60.0,100.0,2.515,36.3351,13.6013
3312,0,0,0,0,1,0,0,60.0,110.0,0.498,4.63658,15.4057
3313,0,0,0,0,1,0,0,60.0,110.0,0.75,9.98816,16.4629
3314,0,0,0,0,1,0,0,60.0,110.0,1.0,16.9435,17.445
3315,0,0,0,0,1,0,0,60.0,110.0,1.25,23.5064,18.1155
3316,0,0,0,0,1,0,0,60.0,110.0,1.5,29.8175,18.812
3317,0,0,0,0,1,0,0,60.0,110.0,1.75,35.2372,19.0615
3318,0,0,0,0,1,0,0,60.0,110.0,2.0,39.5281,18.9438
3319,0,0,0,0,1,0,0,60.0,110.0,2.25,42.8394,18.3796
3320,0,0,0,0,1,0,0,60.0,110.0,2.515,45.3451,17.2269
3321,0,0,0,0,1,0,0,120.0,30.0,0.498,0,0
3322,0,0,0,0,1,0,0,120.0,30.0,0.75,0,0
3323,0,0,0,0,1,0,0,120.0,30.0,1.0,0,0
3324,0,0,0,0,1,0,0,120.0,30.0,1.25,0,0
3325,0,0,0,0,1,0,0,120.0,30.0,1.5,0,0
3326,0,0,0,0,1,0,0,120.0,30.0,1.75,0,0
3327,0,0,0,0,1,0,0,120.0,30.0,2.0,0,0
3328,0,0,0,0,1,0,0,120.0,30.0,2.25,0,0
3329,0,0,0,0,1,0,0,120.0,30.0,2.515,0,0
3330,0,0,0,0,1,0,0,120.0,40.0,0.498,0,0
3331,0,0,0,0,1,0,0,120.0,40.0,0.75,0,0
3332,0,0,0,0,1,0,0,120.0,40.0,1.0,0,0
3333,0,0,0,0,1,0,0,120.0,40.0,1.25,0,0
3334,0,0,0,0,1,0,0,120.0,40.0,1.5,0,0
3335,0,0,0,0,1,0,0,120.0,40.0,1.75,0,0
3336,0,0,0,0,1,0,0,120.0,40.0,2.0,0,0.0325763
3337,0,0,0,0,1,0,0,120.0,40.0,2.25,0,0.0343803
3338,0,0,0,0,1,0,0,120.0,40.0,2.515,0,0
3339,0,0,0,0,1,0,0,120.0,50.0,0.498,0,0
3340,0,0,0,0,1,0,0,120.0,50.0,0.75,0,0
3341,0,0,0,0,1,0,0,120.0,50.0,1.0,0,0
3342,0,0,0,0,1,0,0,120.0,50.0,1.25,0,0.115994
3343,0,0,0,0,1,0,0,120.0,50.0,1.5,0,0.357744
3344,0,0,0,0,1,0,0,120.0,50.0,1.75,0,0.511028
3345,0,0,0,0,1,0,0,120.0,50.0,2.0,0,0.529907
3346,0,0,0,0,1,0,0,120.0,50.0,2.25,0,0.474895
3347,0,0,0,0,1,0,0,120.0,50.0,2.515,0.0672675,0.299918
3348,0,0,0,0,1,0,0,120.0,60.0,0.498,0,0
3349,0,0,0,0,1,0,0,120.0,60.0,0.75,0,0.392827
3350,0,0,0,0,1,0,0,120.0,60.0,1.0,0,0.703624
3351,0,0,0,0,1,0,0,120.0,60.0,1.25,0,0.868683
3352,0,0,0,0,1,0,0,120.0,60.0,1.5,0.0881585,1.12122
3353,0,0,0,0,1,0,0,120.0,60.0,1.75,1.18002,1.38905
3354,0,0,0,0,1,0,0,120.0,60.0,2.0,2.15007,1.50536
3355,0,0,0,0,1,0,0,120.0,60.0,2.25,3.05898,1.59082
3356,0,0,0,0,1,0,0,120.0,60.0,2.515,3.93257,1.4255
3357,0,0,0,0,1,0,0,120.0,70.0,0.498,0,1.06788
3358,0,0,0,0,1,0,0,120.0,70.0,0.75,0,1.99911
3359,0,0,0,0,1,0,0,120.0,70.0,1.0,0.245309,2.93878
3360,0,0,0,0,1,0,0,120.0,70.0,1.25,2.22583,3.62002
3361,0,0,0,0,1,0,0,120.0,70.0,1.5,5.05142,4.13421
3362,0,0,0,0,1,0,0,120.0,70.0,1.75,7.18428,4.51944
3363,0,0,0,0,1,0,0,120.0,70.0,2.0,8.91071,4.82902
3364,0,0,0,0,1,0,0,120.0,70.0,2.25,10.2962,4.67185
3365,0,0,0,0,1,0,0,120.0,70.0,2.515,11.2891,4.0657
3366,0,0,0,0,1,0,0,120.0,80.0,0.498,0,4.41456
3367,0,0,0,0,1,0,0,120.0,80.0,0.75,0.512077,5.73398
3368,0,0,0,0,1,0,0,120.0,80.0,1.0,3.39516,6.89069
3369,0,0,0,0,1,0,0,120.0,80.0,1.25,7.8611,7.82448
3370,0,0,0,0,1,0,0,120.0,80.0,1.5,11.5809,8.16818
3371,0,0,0,0,1,0,0,120.0,80.0,1.75,14.2441,8.26599
3372,0,0,0,0,1,0,0,120.0,80.0,2.0,16.4798,8.31449
3373,0,0,0,0,1,0,0,120.0,80.0,2.25,18.1784,7.88244
3374,0,0,0,0,1,0,0,120.0,80.0,2.515,19.4961,7.00915
3375,0,0,0,0,1,0,0,120.0,90.0,0.498,0.29623,8.61806
3376,0,0,0,0,1,0,0,120.0,90.0,0.75,3.57476,9.8579
3377,0,0,0,0,1,0,0,120.0,90.0,1.0,8.5971,11.1595
3378,0,0,0,0,1,0,0,120.0,90.0,1.25,13.7974,12.1237
3379,0,0,0,0,1,0,0,120.0,90.0,1.5,18.1413,12.4132
3380,0,0,0,0,1,0,0,120.0,90.0,1.75,21.8139,12.336
3381,0,0,0,0,1,0,0,120.0,90.0,2.0,24.6266,11.9599
3382,0,0,0,0,1,0,0,120.0,90.0,2.25,26.7818,11.2906
3383,0,0,0,0,1,0,0,120.0,90.0,2.515,28.4563,10.2701
3384,0,0,0,0,1,0,0,120.0,100.0,0.498,2.94001,13.3134
3385,0,0,0,0,1,0,0,120.0,100.0,0.75,7.52503,14.468
3386,0,0,0,0,1,0,0,120.0,100.0,1.0,13.8374,15.4672
3387,0,0,0,0,1,0,0,120.0,100.0,1.25,19.8387,16.2227
3388,0,0,0,0,1,0,0,120.0,100.0,1.5,25.1291,16.677
3389,0,0,0,0,1,0,0,120.0,100.0,1.75,29.6438,16.5702
3390,0,0,0,0,1,0,0,120.0,100.0,2.0,33.0403,15.9217
3391,0,0,0,0,1,0,0,120.0,100.0,2.25,35.4557,14.9678
3392,0,0,0,0,1,0,0,120.0,100.0,2.515,37.3835,13.672
3393,0,0,0,0,1,0,0,120.0,110.0,0.498,5.91652,18.1942
3394,0,0,0,0,1,0,0,120.0,110.0,0.75,12.3632,19.1489
3395,0,0,0,0,1,0,0,120.0,110.0,1.0,19.3564,19.9875
3396,0,0,0,0,1,0,0,120.0,110.0,1.25,26.0039,20.4738
3397,0,0,0,0,1,0,0,120.0,110.0,1.5,32.2738,20.8736
3398,0,0,0,0,1,0,0,120.0,110.0,1.75,37.5189,20.7363
3399,0,0,0,0,1,0,0,120.0,110.0,2.0,41.4964,20.0626
3400,0,0,0,0,1,0,0,120.0,110.0,2.25,44.2833,18.9921
3401,0,0,0,0,1,0,0,120.0,110.0,2.515,46.4255,17.417
3402,0,0,0,0,1,0,0,180.0,30.0,0.498,0,0
3403,0,0,0,0,1,0,0,180.0,30.0,0.75,0,0
3404,0,0,0,0,1,0,0,180.0,30.0,1.0,0,0
3405,0,0,0,0,1,0,0,180.0,30.0,1.25,0,0
3406,0,0,0,0,1,0,0,180.0,30.0,1.5,0,0
3407,0,0,0,0,1,0,0,180.0,30.0,1.75,0,0
3408,0,0,0,0,1,0,0,180.0,30.0,2.0,0,0
3409,0,0,0,0,1,0,0,180.0,30.0,2.25,0,0
3410,0,0,0,0,1,0,0,180.0,30.0,2.515,0,0
3411,0,0,0,0,1,0,0,180.0,40.0,0.498,0,0
3412,0,0,0,0,1,0,0,180.0,40.0,0.75,0,0
3413,0,0,0,0,1,0,0,180.0,40.0,1.0,0,0
3414,0,0,0,0,1,0,0,180.0,40.0,1.25,0,0
3415,0,0,0,0,1,0,0,180.0,40.0,1.5,0,0
3416,0,0,0,0,1,0,0,180.0,40.0,1.75,0,0.0483101
3417,0,0,0,0,1,0,0,180.0,40.0,2.0,0,0.230804
3418,0,0,0,0,1,0,0,180.0,40.0,2.25,0,0.219045
3419,0,0,0,0,1,0,0,180.0,40.0,2.515,0,0.0464443
3420,0,0,0,0,1,0,0,180.0,50.0,0.498,0,0
3421,0,0,0,0,1,0,0,180.0,50.0,0.75,0,0
3422,0,0,0,0,1,0,0,180.0,50.0,1.0,0,0
3423,0,0,0,0,1,0,0,180.0,50.0,1.25,0,0.201787
3424,0,0,0,0,1,0,0,180.0,50.0,1.5,0,0.482094
3425,0,0,0,0,1,0,0,180.0,50.0,1.75,0,0.64781
3426,0,0,0,0,1,0,0,180.0,50.0,2.0,0.299287,0.710509
3427,0,0,0,0,1,0,0,180.0,50.0,2.25,0.501739,0.57421
3428,0,0,0,0,1,0,0,180.0,50.0,2.515,0.681697,0.352162
3429,0,0,0,0,1,0,0,180.0,60.0,0.498,0,0.127998
3430,0,0,0,0,1,0,0,180.0,60.0,0.75,0,0.542813
3431,0,0,0,0,1,0,0,180.0,60.0,1.0,0,1.0793
3432,0,0,0,0,1,0,0,180.0,60.0,1.25,0,1.5124
3433,0,0,0,0,1,0,0,180.0,60.0,1.5,1.2363,1.80671
3434,0,0,0,0,1,0,0,180.0,60.0,1.75,2.6943,2.20804
3435,0,0,0,0,1,0,0,180.0,60.0,2.0,3.66568,2.16456
3436,0,0,0,0,1,0,0,180.0,60.0,2.25,4.39576,1.96049
3437,0,0,0,0,1,0,0,180.0,60.0,2.515,5.04774,1.67231
3438,0,0,0,0,1,0,0,180.0,70.0,0.498,0,2.52925
3439,0,0,0,0,1,0,0,180.0,70.0,0.75,0,3.61883
3440,0,0,0,0,1,0,0,180.0,70.0,1.0,0.906804,4.35255
3441,0,0,0,0,1,0,0,180.0,70.0,1.25,4.1655,4.84813
3442,0,0,0,0,1,0,0,180.0,70.0,1.5,6.88878,5.13239
3443,0,0,0,0,1,0,0,180.0,70.0,1.75,9.08341,5.38507
3444,0,0,0,0,1,0,0,180.0,70.0,2.0,10.8136,5.45435
3445,0,0,0,0,1,0,0,180.0,70.0,2.25,11.7161,4.92417
3446,0,0,0,0,1,0,0,180.0,70.0,2.515,12.5099,4.21509
3447,0,0,0,0,1,0,0,180.0,80.0,0.498,0,6.56906
3448,0,0,0,0,1,0,0,180.0,80.0,0.75,1.52273,7.68968
3449,0,0,0,0,1,0,0,180.0,80.0,1.0,5.53543,8.6608
3450,0,0,0,0,1,0,0,180.0,80.0,1.25,10.0003,9.3455
3451,0,0,0,0,1,0,0,180.0,80.0,1.5,13.5251,9.36948
3452,0,0,0,0,1,0,0,180.0,80.0,1.75,16.1845,9.1588
3453,0,0,0,0,1,0,0,180.0,80.0,2.0,18.0869,8.79284
3454,0,0,0,0,1,0,0,180.0,80.0,2.25,19.4112,8.13114
3455,0,0,0,0,1,0,0,180.0,80.0,2.515,20.6286,7.11166
3456,0,0,0,0,1,0,0,180.0,90.0,0.498,1.3329,11.099
3457,0,0,0,0,1,0,0,180.0,90.0,0.75,5.14118,12.1056
3458,0,0,0,0,1,0,0,180.0,90.0,1.0,10.7416,13.1132
3459,0,0,0,0,1,0,0,180.0,90.0,1.25,15.9671,13.8328
3460,0,0,0,0,1,0,0,180.0,90.0,1.5,20.183,13.8161
3461,0,0,0,0,1,0,0,180.0,90.0,1.75,23.5113,13.3055
3462,0,0,0,0,1,0,0,180.0,90.0,2.0,26.188,12.6679
3463,0,0,0,0,1,0,0,180.0,90.0,2.25,27.9439,11.6113
3464,0,0,0,0,1,0,0,180.0,90.0,2.515,29.4749,10.2549
3465,0,0,0,0,1,0,0,180.0,100.0,0.498,4.14944,15.9517
3466,0,0,0,0,1,0,0,180.0,100.0,0.75,9.81153,16.9877
3467,0,0,0,0,1,0,0,180.0,100.0,1.0,16.2212,17.8797
3468,0,0,0,0,1,0,0,180.0,100.0,1.25,21.9974,18.2558
3469,0,0,0,0,1,0,0,180.0,100.0,1.5,27.2384,18.2989
3470,0,0,0,0,1,0,0,180.0,100.0,1.75,31.4212,17.7561
3471,0,0,0,0,1,0,0,180.0,100.0,2.0,34.4973,16.7299
3472,0,0,0,0,1,0,0,180.0,100.0,2.25,36.6927,15.3576
3473,0,0,0,0,1,0,0,180.0,100.0,2.515,38.3589,13.6441
3474,0,0,0,0,1,0,0,180.0,110.0,0.498,7.5461,20.9824
3475,0,0,0,0,1,0,0,180.0,110.0,0.75,14.7649,21.9845
3476,0,0,0,0,1,0,0,180.0,110.0,1.0,21.687,22.5365
3477,0,0,0,0,1,0,0,180.0,110.0,1.25,28.311,22.8433
3478,0,0,0,0,1,0,0,180.0,110.0,1.5,34.2925,22.8006
3479,0,0,0,0,1,0,0,180.0,110.0,1.75,39.2251,22.0264
3480,0,0,0,0,1,0,0,180.0,110.0,2.0,42.9519,20.9206
3481,0,0,0,0,1,0,0,180.0,110.0,2.25,45.5457,19.4889
3482,0,0,0,0,1,0,0,180.0,110.0,2.515,47.4562,17.4657
3483,0,0,0,0,1,0,0,240.0,30.0,0.498,0,0
3484,0,0,0,0,1,0,0,240.0,30.0,0.75,0,0
3485,0,0,0,0,1,0,0,240.0,30.0,1.0,0,0
3486,0,0,0,0,1,0,0,240.0,30.0,1.25,0,0
3487,0,0,0,0,1,0,0,240.0,30.0,1.5,0,0
3488,0,0,0,0,1,0,0,240.0,30.0,1.75,0,0
3489,0,0,0,0,1,0,0,240.0,30.0,2.0,0,0
3490,0,0,0,0,1,0,0,240.0,30.0,2.25,0,0
3491,0,0,0,0,1,0,0,240.0,30.0,2.515,0,0
3492,0,0,0,0,1,0,0,240.0,40.0,0.498,0,0
3493,0,0,0,0,1,0,0,240.0,40.0,0.75,0,0
3494,0,0,0,0,1,0,0,240.0,40.0,1.0,0,0
3495,0,0,0,0,1,0,0,240.0,40.0,1.25,0,0
3496,0,0,0,0,1,0,0,240.0,40.0,1.5,0,0
3497,0,0,0,0,1,0,0,240.0,40.0,1.75,0,0.144197
3498,0,0,0,0,1,0,0,240.0,40.0,2.0,0,0.324594
3499,0,0,0,0,1,0,0,240.0,40.0,2.25,0,0.327498
3500,0,0,0,0,1,0,0,240.0,40.0,2.515,0,0.120026
3501,0,0,0,0,1,0,0,240.0,50.0,0.498,0,0
3502,0,0,0,0,1,0,0,240.0,50.0,0.75,0,0
3503,0,0,0,0,1,0,0,240.0,50.0,1.0,0,0.0330242
3504,0,0,0,0,1,0,0,240.0,50.0,1.25,0,0.280288
3505,0,0,0,0,1,0,0,240.0,50.0,1.5,0.0909804,0.606608
3506,0,0,0,0,1,0,0,240.0,50.0,1.75,0.872094,0.960927
3507,0,0,0,0,1,0,0,240.0,50.0,2.0,1.44849,1.05046
3508,0,0,0,0,1,0,0,240.0,50.0,2.25,1.59237,0.908919
3509,0,0,0,0,1,0,0,240.0,50.0,2.515,1.69568,0.616157
3510,0,0,0,0,1,0,0,240.0,60.0,0.498,0,0.449163
3511,0,0,0,0,1,0,0,240.0,60.0,0.75,0,1.20491
3512,0,0,0,0,1,0,0,240.0,60.0,1.0,0,1.74268
3513,0,0,0,0,1,0,0,240.0,60.0,1.25,1.00405,2.13335
3514,0,0,0,0,1,0,0,240.0,60.0,1.5,2.82728,2.59437
3515,0,0,0,0,1,0,0,240.0,60.0,1.75,4.38592,2.83574
3516,0,0,0,0,1,0,0,240.0,60.0,2.0,5.29537,2.57362
3517,0,0,0,0,1,0,0,240.0,60.0,2.25,5.77198,2.26702
3518,0,0,0,0,1,0,0,240.0,60.0,2.515,6.18563,1.90344
3519,0,0,0,0,1,0,0,240.0,70.0,0.498,0,4.39748
3520,0,0,0,0,1,0,0,240.0,70.0,0.75,0.0621062,5.19871
3521,0,0,0,0,1,0,0,240.0,70.0,1.0,2.6889,5.68396
3522,0,0,0,0,1,0,0,240.0,70.0,1.25,5.83489,5.94081
3523,0,0,0,0,1,0,0,240.0,70.0,1.5,8.45278,6.03312
3524,0,0,0,0,1,0,0,240.0,70.0,1.75,10.637,5.98481
3525,0,0,0,0,1,0,0,240.0,70.0,2.0,12.2171,5.7467
3526,0,0,0,0,1,0,0,240.0,70.0,2.25,12.9986,5.0994
3527,0,0,0,0,1,0,0,240.0,70.0,2.515,13.6033,4.27003
3528,0,0,0,0,1,0,0,240.0,80.0,0.498,0.0187988,8.93564
3529,0,0,0,0,1,0,0,240.0,80.0,0.75,2.82832,9.67154
3530,0,0,0,0,1,0,0,240.0,80.0,1.0,7.40708,10.2144
3531,0,0,0,0,1,0,0,240.0,80.0,1.25,11.7444,10.6186
3532,0,0,0,0,1,0,0,240.0,80.0,1.5,15.1323,10.4027
3533,0,0,0,0,1,0,0,240.0,80.0,1.75,17.7463,9.97174
3534,0,0,0,0,1,0,0,240.0,80.0,2.0,19.5741,9.20564
3535,0,0,0,0,1,0,0,240.0,80.0,2.25,20.6364,8.30258
3536,0,0,0,0,1,0,0,240.0,80.0,2.515,21.6266,7.16337
3537,0,0,0,0,1,0,0,240.0,90.0,0.498,2.52665,13.7201
3538,0,0,0,0,1,0,0,240.0,90.0,0.75,7.23328,14.414
3539,0,0,0,0,1,0,0,240.0,90.0,1.0,12.7134,15.0163
3540,0,0,0,0,1,0,0,240.0,90.0,1.25,17.6462,15.2168
3541,0,0,0,0,1,0,0,240.0,90.0,1.5,21.8079,14.9784
3542,0,0,0,0,1,0,0,240.0,90.0,1.75,25.1005,14.2637
3543,0,0,0,0,1,0,0,240.0,90.0,2.0,27.3286,13.1824
3544,0,0,0,0,1,0,0,240.0,90.0,2.25,28.9373,11.7361
3545,0,0,0,0,1,0,0,240.0,90.0,2.515,30.2627,10.1692
3546,0,0,0,0,1,0,0,240.0,100.0,0.498,5.54535,18.7297
3547,0,0,0,0,1,0,0,240.0,100.0,0.75,11.9738,19.45
3548,0,0,0,0,1,0,0,240.0,100.0,1.0,18.2313,20.0424
3549,0,0,0,0,1,0,0,240.0,100.0,1.25,23.9296,20.1328
3550,0,0,0,0,1,0,0,240.0,100.0,1.5,28.7644,19.5901
3551,0,0,0,0,1,0,0,240.0,100.0,1.75,32.8062,18.7934
3552,0,0,0,0,1,0,0,240.0,100.0,2.0,35.6774,17.375
3553,0,0,0,0,1,0,0,240.0,100.0,2.25,37.6934,15.5674
3554,0,0,0,0,1,0,0,240.0,100.0,2.515,39.1923,13.5436
3555,0,0,0,0,1,0,0,240.0,110.0,0.498,9.84379,23.8162
3556,0,0,0,0,1,0,0,240.0,110.0,0.75,16.9543,24.6344
3557,0,0,0,0,1,0,0,240.0,110.0,1.0,23.8544,25.0248
3558,0,0,0,0,1,0,0,240.0,110.0,1.25,30.177,24.9242
3559,0,0,0,0,1,0,0,240.0,110.0,1.5,35.8257,24.3535
3560,0,0,0,0,1,0,0,240.0,110.0,1.75,40.4082,23.0926
3561,0,0,0,0,1,0,0,240.0,110.0,2.0,43.9439,21.5772
3562,0,0,0,0,1,0,0,240.0,110.0,2.25,46.5162,19.7788
3563,0,0,0,0,1,0,0,240.0,110.0,2.515,48.21,17.4318
3564,0,0,0,0,1,0,0,300.0,30.0,0.498,0,0
3565,0,0,0,0,1,0,0,300.0,30.0,0.75,0,0
3566,0,0,0,0,1,0,0,300.0,30.0,1.0,0,0
3567,0,0,0,0,1,0,0,300.0,30.0,1.25,0,0
3568,0,0,0,0,1,0,0,300.0,30.0,1.5,0,0
3569,0,0,0,0,1,0,0,300.0,30.0,1.75,0,0
3570,0,0,0,0,1,0,0,300.0,30.0,2.0,0,0
3571,0,0,0,0,1,0,0,300.0,30.0,2.25,0,0
3572,0,0,0,0,1,0,0,300.0,30.0,2.515,0,0
3573,0,0,0,0,1,0,0,300.0,40.0,0.498,0,0
3574,0,0,0,0,1,0,0,300.0,40.0,0.75,0,0
3575,0,0,0,0,1,0,0,300.0,40.0,1.0,0,0
3576,0,0,0,0,1,0,0,300.0,40.0,1.25,0,0
3577,0,0,0,0,1,0,0,300.0,40.0,1.5,0,0
3578,0,0,0,0,1,0,0,300.0,40.0,1.75,0.169502,0.167539
3579,0,0,0,0,1,0,0,300.0,40.0,2.0,0.472144,0.355493
3580,0,0,0,0,1,0,0,300.0,40.0,2.25,0.610367,0.400031
3581,0,0,0,0,1,0,0,300.0,40.0,2.515,0.571356,0.189656
3582,0,0,0,0,1,0,0,300.0,50.0,0.498,0,0
3583,0,0,0,0,1,0,0,300.0,50.0,0.75,0,0
3584,0,0,0,0,1,0,0,300.0,50.0,1.0,0,0.109088
3585,0,0,0,0,1,0,0,300.0,50.0,1.25,0.300873,0.533605
3586,0,0,0,0,1,0,0,300.0,50.0,1.5,1.10064,0.970723
3587,0,0,0,0,1,0,0,300.0,50.0,1.75,2.08091,1.23822
3588,0,0,0,0,1,0,0,300.0,50.0,2.0,2.68745,1.39024
3589,0,0,0,0,1,0,0,300.0,50.0,2.25,2.87332,1.3118
3590,0,0,0,0,1,0,0,300.0,50.0,2.515,2.85217,0.86568
3591,0,0,0,0,1,0,0,300.0,60.0,0.498,0,1.72813
3592,0,0,0,0,1,0,0,300.0,60.0,0.75,0.0276203,2.24731
3593,0,0,0,0,1,0,0,300.0,60.0,1.0,0.890528,2.70169
3594,0,0,0,0,1,0,0,300.0,60.0,1.25,2.66047,3.04576
3595,0,0,0,0,1,0,0,300.0,60.0,1.5,4.49947,3.27963
3596,0,0,0,0,1,0,0,300.0,60.0,1.75,5.79642,3.20591
3597,0,0,0,0,1,0,0,300.0,60.0,2.0,6.74123,2.89696
3598,0,0,0,0,1,0,0,300.0,60.0,2.25,7.15462,2.49134
3599,0,0,0,0,1,0,0,300.0,60.0,2.515,7.30837,2.00282
3600,0,0,0,0,1,0,0,300.0,70.0,0.498,0,6.1692
3601,0,0,0,0,1,0,0,300.0,70.0,0.75,1.32182,6.71104
3602,0,0,0,0,1,0,0,300.0,70.0,1.0,4.39033,6.9497
3603,0,0,0,0,1,0,0,300.0,70.0,1.25,7.39292,6.97904
3604,0,0,0,0,1,0,0,300.0,70.0,1.5,9.91002,6.88883
3605,0,0,0,0,1,0,0,300.0,70.0,1.75,12.0591,6.5528
3606,0,0,0,0,1,0,0,300.0,70.0,2.0,13.3611,5.92575
3607,0,0,0,0,1,0,0,300.0,70.0,2.25,14.1838,5.20827
3608,0,0,0,0,1,0,0,300.0,70.0,2.515,14.5483,4.13372
3609,0,0,0,0,1,0,0,300.0,80.0,0.498,0.716314,11.111
3610,0,0,0,0,1,0,0,300.0,80.0,0.75,4.66601,11.5397
3611,0,0,0,0,1,0,0,300.0,80.0,1.0,9.10934,11.7303
3612,0,0,0,0,1,0,0,300.0,80.0,1.25,13.0591,11.6602
3613,0,0,0,0,1,0,0,300.0,80.0,1.5,16.4159,11.33
3614,0,0,0,0,1,0,0,300.0,80.0,1.75,18.9016,10.5881
3615,0,0,0,0,1,0,0,300.0,80.0,2.0,20.6684,9.50594
3616,0,0,0,0,1,0,0,300.0,80.0,2.25,21.7221,8.34554
3617,0,0,0,0,1,0,0,300.0,80.0,2.515,22.5554,6.99918
3618,0,0,0,0,1,0,0,300.0,90.0,0.498,3.85405,16.2402
3619,0,0,0,0,1,0,0,300.0,90.0,0.75,9.16401,16.7327
3620,0,0,0,0,1,0,0,300.0,90.0,1.0,14.3773,16.7058
3621,0,0,0,0,1,0,0,300.0,90.0,1.25,19.052,16.5239
3622,0,0,0,0,1,0,0,300.0,90.0,1.5,23.1286,16.0093
3623,0,0,0,0,1,0,0,300.0,90.0,1.75,26.2169,15.0294
3624,0,0,0,0,1,0,0,300.0,90.0,2.0,28.2929,13.571
3625,0,0,0,0,1,0,0,300.0,90.0,2.25,29.8604,11.8817
3626,0,0,0,0,1,0,0,300.0,90.0,2.515,30.9249,10.041
3627,0,0,0,0,1,0,0,300.0,100.0,0.498,7.66306,21.4878
3628,0,0,0,0,1,0,0,300.0,100.0,0.75,13.9534,21.9351
3629,0,0,0,0,1,0,0,300.0,100.0,1.0,20.0342,22.0651
3630,0,0,0,0,1,0,0,300.0,100.0,1.25,25.3328,21.619
3631,0,0,0,0,1,0,0,300.0,100.0,1.5,30.0011,20.7845
3632,0,0,0,0,1,0,0,300.0,100.0,1.75,33.6922,19.595
3633,0,0,0,0,1,0,0,300.0,100.0,2.0,36.5302,17.8684
3634,0,0,0,0,1,0,0,300.0,100.0,2.25,38.3876,15.737
3635,0,0,0,0,1,0,0,300.0,100.0,2.515,39.8331,13.3725
3636,0,0,0,0,1,0,0,300.0,110.0,0.498,12.2048,26.6745
3637,0,0,0,0,1,0,0,300.0,110.0,0.75,19.1219,27.2353
3638,0,0,0,0,1,0,0,300.0,110.0,1.0,25.6442,27.3206
3639,0,0,0,0,1,0,0,300.0,110.0,1.25,31.633,26.7174
3640,0,0,0,0,1,0,0,300.0,110.0,1.5,36.8867,25.5941
3641,0,0,0,0,1,0,0,300.0,110.0,1.75,41.1791,23.9815
3642,0,0,0,0,1,0,0,300.0,110.0,2.0,44.6058,22.1265
3643,0,0,0,0,1,0,0,300.0,110.0,2.25,47.1073,20.0058
3644,0,0,0,0,1,0,0,300.0,110.0,2.515,48.7405,17.1953
3645,0,0,0,0,1,0,0,360.0,30.0,0.498,0,0
3646,0,0,0,0,1,0,0,360.0,30.0,0.75,0,0
3647,0,0,0,0,1,0,0,360.0,30.0,1.0,0,0
3648,0,0,0,0,1,0,0,360.0,30.0,1.25,0,0
3649,0,0,0,0,1,0,0,360.0,30.0,1.5,0,0
3650,0,0,0,0,1,0,0,360.0,30.0,1.75,0,0
3651,0,0,0,0,1,0,0,360.0,30.0,2.0,0.0370514,0
3652,0,0,0,0,1,0,0,360.0,30.0,2.25,0.0552674,0
3653,0,0,0,0,1,0,0,360.0,30.0,2.515,0,0
3654,0,0,0,0,1,0,0,360.0,40.0,0.498,0,0
3655,0,0,0,0,1,0,0,360.0,40.0,0.75,0,0
3656,0,0,0,0,1,0,0,360.0,40.0,1.0,0,0
3657,0,0,0,0,1,0,0,360.0,40.0,1.25,0,0
3658,0,0,0,0,1,0,0,360.0,40.0,1.5,0.461198,0.0925967
3659,0,0,0,0,1,0,0,360.0,40.0,1.75,1.07943,0.347499
3660,0,0,0,0,1,0,0,360.0,40.0,2.0,1.46192,0.523953
3661,0,0,0,0,1,0,0,360.0,40.0,2.25,1.64553,0.562045
3662,0,0,0,0,1,0,0,360.0,40.0,2.515,1.39101,0.223051
3663,0,0,0,0,1,0,0,360.0,50.0,0.498,0,0.283008
3664,0,0,0,0,1,0,0,360.0,50.0,0.75,0,0.380341
3665,0,0,0,0,1,0,0,360.0,50.0,1.0,0.252022,0.668862
3666,0,0,0,0,1,0,0,360.0,50.0,1.25,1.05118,1.00032
3667,0,0,0,0,1,0,0,360.0,50.0,1.5,2.1334,1.2953
3668,0,0,0,0,1,0,0,360.0,50.0,1.75,3.15766,1.47917
3669,0,0,0,0,1,0,0,360.0,50.0,2.0,3.82774,1.63806
3670,0,0,0,0,1,0,0,360.0,50.0,2.25,3.97916,1.49563
3671,0,0,0,0,1,0,0,360.0,50.0,2.515,3.81896,0.995091
3672,0,0,0,0,1,0,0,360.0,60.0,0.498,0,3.35852
3673,0,0,0,0,1,0,0,360.0,60.0,0.75,0.614438,3.59757
3674,0,0,0,0,1,0,0,360.0,60.0,1.0,2.11359,3.87068
3675,0,0,0,0,1,0,0,360.0,60.0,1.25,4.19925,3.94146
3676,0,0,0,0,1,0,0,360.0,60.0,1.5,5.90322,3.77628
3677,0,0,0,0,1,0,0,360.0,60.0,1.75,7.28973,3.54786
3678,0,0,0,0,1,0,0,360.0,60.0,2.0,8.0518,3.12239
3679,0,0,0,0,1,0,0,360.0,60.0,2.25,8.34226,2.53245
3680,0,0,0,0,1,0,0,360.0,60.0,2.515,8.44677,1.97046
3681,0,0,0,0,1,0,0,360.0,70.0,0.498,0.288299,8.08013
3682,0,0,0,0,1,0,0,360.0,70.0,0.75,2.56948,8.14015
3683,0,0,0,0,1,0,0,360.0,70.0,1.0,5.79681,8.08562
3684,0,0,0,0,1,0,0,360.0,70.0,1.25,8.75557,7.95428
3685,0,0,0,0,1,0,0,360.0,70.0,1.5,11.2014,7.62661
3686,0,0,0,0,1,0,0,360.0,70.0,1.75,13.066,7.04174
3687,0,0,0,0,1,0,0,360.0,70.0,2.0,14.3686,6.20478
3688,0,0,0,0,1,0,0,360.0,70.0,2.25,15.0832,5.17725
3689,0,0,0,0,1,0,0,360.0,70.0,2.515,15.4945,3.96476
3690,0,0,0,0,1,0,0,360.0,80.0,0.498,2.04038,13.1304
3691,0,0,0,0,1,0,0,360.0,80.0,0.75,6.29506,13.3163
3692,0,0,0,0,1,0,0,360.0,80.0,1.0,10.5119,13.0639
3693,0,0,0,0,1,0,0,360.0,80.0,1.25,14.1786,12.6794
3694,0,0,0,0,1,0,0,360.0,80.0,1.5,17.2741,11.9777
3695,0,0,0,0,1,0,0,360.0,80.0,1.75,19.7107,11.078
3696,0,0,0,0,1,0,0,360.0,80.0,2.0,21.3494,9.70344
3697,0,0,0,0,1,0,0,360.0,80.0,2.25,22.4834,8.25859
3698,0,0,0,0,1,0,0,360.0,80.0,2.515,23.1866,6.73825
3699,0,0,0,0,1,0,0,360.0,90.0,0.498,5.25532,18.51
3700,0,0,0,0,1,0,0,360.0,90.0,0.75,10.7362,18.7066
3701,0,0,0,0,1,0,0,360.0,90.0,1.0,15.7914,18.34
3702,0,0,0,0,1,0,0,360.0,90.0,1.25,20.0503,17.619
3703,0,0,0,0,1,0,0,360.0,90.0,1.5,23.969,16.8396
3704,0,0,0,0,1,0,0,360.0,90.0,1.75,27.0169,15.6418
3705,0,0,0,0,1,0,0,360.0,90.0,2.0,29.0399,13.8332
3706,0,0,0,0,1,0,0,360.0,90.0,2.25,30.5046,11.887
3707,0,0,0,0,1,0,0,360.0,90.0,2.515,31.5574,9.80434
3708,0,0,0,0,1,0,0,360.0,100.0,0.498,9.59174,24.0219
3709,0,0,0,0,1,0,0,360.0,100.0,0.75,15.8332,24.2438
3710,0,0,0,0,1,0,0,360.0,100.0,1.0,21.3912,23.8238
3711,0,0,0,0,1,0,0,360.0,100.0,1.25,26.32,22.9793
3712,0,0,0,0,1,0,0,360.0,100.0,1.5,30.9426,21.8983
3713,0,0,0,0,1,0,0,360.0,100.0,1.75,34.4186,20.2454
3714,0,0,0,0,1,0,0,360.0,100.0,2.0,36.8819,18.1568
3715,0,0,0,0,1,0,0,360.0,100.0,2.25,38.8039,15.7205
3716,0,0,0,0,1,0,0,360.0,100.0,2.515,40.1401,13.1126
3717,0,0,0,0,1,0,0,360.0,110.0,0.498,14.2838,29.4129
3718,0,0,0,0,1,0,0,360.0,110.0,0.75,20.9665,29.5852
3719,0,0,0,0,1,0,0,360.0,110.0,1.0,27.0769,29.2387
3720,0,0,0,0,1,0,0,360.0,110.0,1.25,32.8117,28.3624
3721,0,0,0,0,1,0,0,360.0,110.0,1.5,37.6527,26.794
3722,0,0,0,0,1,0,0,360.0,110.0,1.75,41.6229,24.7362
3723,0,0,0,0,1,0,0,360.0,110.0,2.0,44.9654,22.5111
3724,0,0,0,0,1,0,0,360.0,110.0,2.25,47.338,19.9089
3725,0,0,0,0,1,0,0,360.0,110.0,2.515,48.9289,16.8999
3726,0,0,0,0,1,0,0,420.0,30.0,0.498,0,0
3727,0,0,0,0,1,0,0,420.0,30.0,0.75,0,0
3728,0,0,0,0,1,0,0,420.0,30.0,1.0,0,0
3729,0,0,0,0,1,0,0,420.0,30.0,1.25,0,0
3730,0,0,0,0,1,0,0,420.0,30.0,1.5,0,0
3731,0,0,0,0,1,0,0,420.0,30.0,1.75,0.278146,0
3732,0,0,0,0,1,0,0,420.0,30.0,2.0,0.562072,0
3733,0,0,0,0,1,0,0,420.0,30.0,2.25,0.564281,0
3734,0,0,0,0,1,0,0,420.0,30.0,2.515,0.226756,0
3735,0,0,0,0,1,0,0,420.0,40.0,0.498,0,0
3736,0,0,0,0,1,0,0,420.0,40.0,0.75,0,0
3737,0,0,0,0,1,0,0,420.0,40.0,1.0,0,0
3738,0,0,0,0,1,0,0,420.0,40.0,1.25,0.401675,0.0709036
3739,0,0,0,0,1,0,0,420.0,40.0,1.5,1.1762,0.275682
3740,0,0,0,0,1,0,0,420.0,40.0,1.75,1.83525,0.485332
3741,0,0,0,0,1,0,0,420.0,40.0,2.0,2.2441,0.602922
3742,0,0,0,0,1,0,0,420.0,40.0,2.25,2.35053,0.488451
3743,0,0,0,0,1,0,0,420.0,40.0,2.515,2.07224,0.186132
3744,0,0,0,0,1,0,0,420.0,50.0,0.498,0,1.31058
3745,0,0,0,0,1,0,0,420.0,50.0,0.75,0.0291732,1.48207
3746,0,0,0,0,1,0,0,420.0,50.0,1.0,0.845723,1.64064
3747,0,0,0,0,1,0,0,420.0,50.0,1.25,1.78237,1.73825
3748,0,0,0,0,1,0,0,420.0,50.0,1.5,2.9979,1.56806
3749,0,0,0,0,1,0,0,420.0,50.0,1.75,4.00808,1.58622
3750,0,0,0,0,1,0,0,420.0,50.0,2.0,4.68653,1.59273
3751,0,0,0,0,1,0,0,420.0,50.0,2.25,4.72543,1.36066
3752,0,0,0,0,1,0,0,420.0,50.0,2.515,4.55814,0.922932
3753,0,0,0,0,1,0,0,420.0,60.0,0.498,0.221115,5.0786
3754,0,0,0,0,1,0,0,420.0,60.0,0.75,1.38743,5.06321
3755,0,0,0,0,1,0,0,420.0,60.0,1.0,3.31378,5.06105
3756,0,0,0,0,1,0,0,420.0,60.0,1.25,5.43066,4.8259
3757,0,0,0,0,1,0,0,420.0,60.0,1.5,7.04661,4.29349
3758,0,0,0,0,1,0,0,420.0,60.0,1.75,8.37242,3.80299
3759,0,0,0,0,1,0,0,420.0,60.0,2.0,9.14265,3.16019
3760,0,0,0,0,1,0,0,420.0,60.0,2.25,9.3452,2.54058
3761,0,0,0,0,1,0,0,420.0,60.0,2.515,9.29598,1.93774
3762,0,0,0,0,1,0,0,420.0,70.0,0.498,1.15024,9.97961
3763,0,0,0,0,1,0,0,420.0,70.0,0.75,3.69215,9.61459
3764,0,0,0,0,1,0,0,420.0,70.0,1.0,6.92715,9.21631
3765,0,0,0,0,1,0,0,420.0,70.0,1.25,10.0495,8.91199
3766,0,0,0,0,1,0,0,420.0,70.0,1.5,12.1969,8.16324
3767,0,0,0,0,1,0,0,420.0,70.0,1.75,13.8856,7.34779
3768,0,0,0,0,1,0,0,420.0,70.0,2.0,15.1626,6.32032
3769,0,0,0,0,1,0,0,420.0,70.0,2.25,15.7974,5.05272
3770,0,0,0,0,1,0,0,420.0,70.0,2.515,16.1055,3.60443
3771,0,0,0,0,1,0,0,420.0,80.0,0.498,3.19818,15.0784
3772,0,0,0,0,1,0,0,420.0,80.0,0.75,7.60713,14.8662
3773,0,0,0,0,1,0,0,420.0,80.0,1.0,11.6175,14.2937
3774,0,0,0,0,1,0,0,420.0,80.0,1.25,15.1276,13.6102
3775,0,0,0,0,1,0,0,420.0,80.0,1.5,18.0125,12.5468
3776,0,0,0,0,1,0,0,420.0,80.0,1.75,20.2311,11.3501
3777,0,0,0,0,1,0,0,420.0,80.0,2.0,21.8828,9.8656
3778,0,0,0,0,1,0,0,420.0,80.0,2.25,23.0543,8.17007
3779,0,0,0,0,1,0,0,420.0,80.0,2.515,23.5816,6.35124
3780,0,0,0,0,1,0,0,420.0,90.0,0.498,6.80853,20.6567
3781,0,0,0,0,1,0,0,420.0,90.0,0.75,12.1992,20.5535
3782,0,0,0,0,1,0,0,420.0,90.0,1.0,16.9425,19.9468
3783,0,0,0,0,1,0,0,420.0,90.0,1.25,20.8761,18.7283
3784,0,0,0,0,1,0,0,420.0,90.0,1.5,24.516,17.4357
3785,0,0,0,0,1,0,0,420.0,90.0,1.75,27.3987,15.9629
3786,0,0,0,0,1,0,0,420.0,90.0,2.0,29.4831,14.0193
3787,0,0,0,0,1,0,0,420.0,90.0,2.25,30.8631,11.8028
3788,0,0,0,0,1,0,0,420.0,90.0,2.515,31.7133,9.42568
3789,0,0,0,0,1,0,0,420.0,100.0,0.498,11.424,26.4464
3790,0,0,0,0,1,0,0,420.0,100.0,0.75,17.3197,26.3195
3791,0,0,0,0,1,0,0,420.0,100.0,1.0,22.5078,25.4674
3792,0,0,0,0,1,0,0,420.0,100.0,1.25,27.1535,24.2241
3793,0,0,0,0,1,0,0,420.0,100.0,1.5,31.4709,22.7726
3794,0,0,0,0,1,0,0,420.0,100.0,1.75,34.8662,20.8165
3795,0,0,0,0,1,0,0,420.0,100.0,2.0,37.1992,18.3201
3796,0,0,0,0,1,0,0,420.0,100.0,2.25,38.9429,15.6428
3797,0,0,0,0,1,0,0,420.0,100.0,2.515,40.1591,12.7812
3798,0,0,0,0,1,0,0,420.0,110.0,0.498,16.0735,31.9803
3799,0,0,0,0,1,0,0,420.0,110.0,0.75,22.5241,31.8214
3800,0,0,0,0,1,0,0,420.0,110.0,1.0,28.3215,31.0369
3801,0,0,0,0,1,0,0,420.0,110.0,1.25,33.6283,29.761
3802,0,0,0,0,1,0,0,420.0,110.0,1.5,38.2291,27.8675
3803,0,0,0,0,1,0,0,420.0,110.0,1.75,41.9547,25.3974
3804,0,0,0,0,1,0,0,420.0,110.0,2.0,44.9494,22.654
3805,0,0,0,0,1,0,0,420.0,110.0,2.25,47.2538,19.7476
3806,0,0,0,0,1,0,0,420.0,110.0,2.515,48.7287,16.4709
3807,0,0,0,0,1,0,0,480.0,30.0,0.498,0,0
3808,0,0,0,0,1,0,0,480.0,30.0,0.75,0,0
3809,0,0,0,0,1,0,0,480.0,30.0,1.0,0,0
3810,0,0,0,0,1,0,0,480.0,30.0,1.25,0,0
3811,0,0,0,0,1,0,0,480.0,30.0,1.5,0.295013,0
3812,0,0,0,0,1,0,0,480.0,30.0,1.75,0.786106,0
3813,0,0,0,0,1,0,0,480.0,30.0,2.0,1.08809,0
3814,0,0,0,0,1,0,0,480.0,30.0,2.25,1.11312,0
3815,0,0,0,0,1,0,0,480.0,30.0,2.515,0.883014,0
3816,0,0,0,0,1,0,0,480.0,40.0,0.498,0,0.201593
3817,0,0,0,0,1,0,0,480.0,40.0,0.75,0,0.0340594
3818,0,0,0,0,1,0,0,480.0,40.0,1.0,0.176469,0.0948634
3819,0,0,0,0,1,0,0,480.0,40.0,1.25,1.0396,0.246035
3820,0,0,0,0,1,0,0,480.0,40.0,1.5,1.797,0.337321
3821,0,0,0,0,1,0,0,480.0,40.0,1.75,2.43328,0.484923
3822,0,0,0,0,1,0,0,480.0,40.0,2.0,2.7521,0.496254
3823,0,0,0,0,1,0,0,480.0,40.0,2.25,2.84212,0.308938
3824,0,0,0,0,1,0,0,480.0,40.0,2.515,2.60674,0
3825,0,0,0,0,1,0,0,480.0,50.0,0.498,0,2.55578
3826,0,0,0,0,1,0,0,480.0,50.0,0.75,0.53723,2.57907
3827,0,0,0,0,1,0,0,480.0,50.0,1.0,1.66835,2.54836
3828,0,0,0,0,1,0,0,480.0,50.0,1.25,2.73464,2.28549
3829,0,0,0,0,1,0,0,480.0,50.0,1.5,3.77287,1.8145
3830,0,0,0,0,1,0,0,480.0,50.0,1.75,4.75813,1.65903
3831,0,0,0,0,1,0,0,480.0,50.0,2.0,5.15893,1.4283
3832,0,0,0,0,1,0,0,480.0,50.0,2.25,5.20003,1.12429
3833,0,0,0,0,1,0,0,480.0,50.0,2.515,5.11172,0.676578
3834,0,0,0,0,1,0,0,480.0,60.0,0.498,0.78943,6.83644
3835,0,0,0,0,1,0,0,480.0,60.0,0.75,2.22666,6.48434
3836,0,0,0,0,1,0,0,480.0,60.0,1.0,4.26769,6.15192
3837,0,0,0,0,1,0,0,480.0,60.0,1.25,6.42622,5.57157
3838,0,0,0,0,1,0,0,480.0,60.0,1.5,8.02595,4.80269
3839,0,0,0,0,1,0,0,480.0,60.0,1.75,9.17641,3.98127
3840,0,0,0,0,1,0,0,480.0,60.0,2.0,9.91798,3.1585
3841,0,0,0,0,1,0,0,480.0,60.0,2.25,10.0317,2.37362
3842,0,0,0,0,1,0,0,480.0,60.0,2.515,9.90509,1.73416
3843,0,0,0,0,1,0,0,480.0,70.0,0.498,1.82382,11.7551
3844,0,0,0,0,1,0,0,480.0,70.0,0.75,4.68457,11.0369
3845,0,0,0,0,1,0,0,480.0,70.0,1.0,7.92721,10.3318
3846,0,0,0,0,1,0,0,480.0,70.0,1.25,10.8129,9.72685
3847,0,0,0,0,1,0,0,480.0,70.0,1.5,13.0142,8.7043
3848,0,0,0,0,1,0,0,480.0,70.0,1.75,14.5147,7.5757
3849,0,0,0,0,1,0,0,480.0,70.0,2.0,15.691,6.33441
3850,0,0,0,0,1,0,0,480.0,70.0,2.25,16.3781,4.91839
3851,0,0,0,0,1,0,0,480.0,70.0,2.515,16.5401,3.21952
3852,0,0,0,0,1,0,0,480.0,80.0,0.498,4.22482,16.9464
3853,0,0,0,0,1,0,0,480.0,80.0,0.75,8.65092,16.3967
3854,0,0,0,0,1,0,0,480.0,80.0,1.0,12.477,15.4526
3855,0,0,0,0,1,0,0,480.0,80.0,1.25,15.8941,14.3633
3856,0,0,0,0,1,0,0,480.0,80.0,1.5,18.6359,13.1461
3857,0,0,0,0,1,0,0,480.0,80.0,1.75,20.7248,11.6215
3858,0,0,0,0,1,0,0,480.0,80.0,2.0,22.2597,9.99331
3859,0,0,0,0,1,0,0,480.0,80.0,2.25,23.4271,8.12318
3860,0,0,0,0,1,0,0,480.0,80.0,2.515,23.883,5.91673
3861,0,0,0,0,1,0,0,480.0,90.0,0.498,8.10774,22.6697
3862,0,0,0,0,1,0,0,480.0,90.0,0.75,13.4014,22.2461
3863,0,0,0,0,1,0,0,480.0,90.0,1.0,17.7418,21.1227
3864,0,0,0,0,1,0,0,480.0,90.0,1.25,21.5372,19.7541
3865,0,0,0,0,1,0,0,480.0,90.0,1.5,24.9011,18.0089
3866,0,0,0,0,1,0,0,480.0,90.0,1.75,27.6163,16.1572
3867,0,0,0,0,1,0,0,480.0,90.0,2.0,29.6142,14.0985
3868,0,0,0,0,1,0,0,480.0,90.0,2.25,30.8971,11.6726
3869,0,0,0,0,1,0,0,480.0,90.0,2.515,31.6639,8.93646
3870,0,0,0,0,1,0,0,480.0,100.0,0.498,12.8946,28.6513
3871,0,0,0,0,1,0,0,480.0,100.0,0.75,18.4123,28.126
3872,0,0,0,0,1,0,0,480.0,100.0,1.0,23.4363,26.973
3873,0,0,0,0,1,0,0,480.0,100.0,1.25,27.92,25.4041
3874,0,0,0,0,1,0,0,480.0,100.0,1.5,31.7537,23.4552
3875,0,0,0,0,1,0,0,480.0,100.0,1.75,34.9249,21.1271
3876,0,0,0,0,1,0,0,480.0,100.0,2.0,37.2051,18.4176
3877,0,0,0,0,1,0,0,480.0,100.0,2.25,38.6537,15.3858
3878,0,0,0,0,1,0,0,480.0,100.0,2.515,39.8221,12.3545
3879,0,0,0,0,1,0,0,480.0,110.0,0.498,17.6406,34.2085
3880,0,0,0,0,1,0,0,480.0,110.0,0.75,23.7548,33.774
3881,0,0,0,0,1,0,0,480.0,110.0,1.0,29.36,32.7387
3882,0,0,0,0,1,0,0,480.0,110.0,1.25,34.2482,31.0226
3883,0,0,0,0,1,0,0,480.0,110.0,1.5,38.5377,28.7155
3884,0,0,0,0,1,0,0,480.0,110.0,1.75,42.0514,25.865
3885,0,0,0,0,1,0,0,480.0,110.0,2.0,44.7463,22.7505
3886,0,0,0,0,1,0,0,480.0,110.0,2.25,46.7313,19.482
3887,0,0,0,0,1,0,0,480.0,110.0,2.515,48.1141,15.9355
3888,0,0,0,0,1,0,0,540.0,30.0,0.498,0,0
3889,0,0,0,0,1,0,0,540.0,30.0,0.75,0,0
3890,0,0,0,0,1,0,0,540.0,30.0,1.0,0,0
3891,0,0,0,0,1,0,0,540.0,30.0,1.25,0.172549,0
3892,0,0,0,0,1,0,0,540.0,30.0,1.5,0.825185,0
3893,0,0,0,0,1,0,0,540.0,30.0,1.75,1.28616,0
3894,0,0,0,0,1,0,0,540.0,30.0,2.0,1.49242,0
3895,0,0,0,0,1,0,0,540.0,30.0,2.25,1.48415,0
3896,0,0,0,0,1,0,0,540.0,30.0,2.515,1.33549,0
3897,0,0,0,0,1,0,0,540.0,40.0,0.498,0,1.17864
3898,0,0,0,0,1,0,0,540.0,40.0,0.75,0,0.866343
3899,0,0,0,0,1,0,0,540.0,40.0,1.0,0.614972,0.494907
3900,0,0,0,0,1,0,0,540.0,40.0,1.25,1.51393,0.350971
3901,0,0,0,0,1,0,0,540.0,40.0,1.5,2.33001,0.424928
3902,0,0,0,0,1,0,0,540.0,40.0,1.75,2.94368,0.406058
3903,0,0,0,0,1,0,0,540.0,40.0,2.0,3.1498,0.292992
3904,0,0,0,0,1,0,0,540.0,40.0,2.25,3.15213,0.127173
3905,0,0,0,0,1,0,0,540.0,40.0,2.515,2.93833,0
3906,0,0,0,0,1,0,0,540.0,50.0,0.498,0.145569,3.86109
3907,0,0,0,0,1,0,0,540.0,50.0,0.75,1.00338,3.68555
3908,0,0,0,0,1,0,0,540.0,50.0,1.0,2.29856,3.28601
3909,0,0,0,0,1,0,0,540.0,50.0,1.25,3.46992,2.68883
3910,0,0,0,0,1,0,0,540.0,50.0,1.5,4.37693,2.01054
3911,0,0,0,0,1,0,0,540.0,50.0,1.75,5.34934,1.65524
3912,0,0,0,0,1,0,0,540.0,50.0,2.0,5.6029,1.1612
3913,0,0,0,0,1,0,0,540.0,50.0,2.25,5.60277,0.784467
3914,0,0,0,0,1,0,0,540.0,50.0,2.515,5.61045,0.35666
3915,0,0,0,0,1,0,0,540.0,60.0,0.498,1.3189,8.3946
3916,0,0,0,0,1,0,0,540.0,60.0,0.75,2.84748,7.82698
3917,0,0,0,0,1,0,0,540.0,60.0,1.0,4.99219,7.10493
3918,0,0,0,0,1,0,0,540.0,60.0,1.25,7.17535,6.29125
3919,0,0,0,0,1,0,0,540.0,60.0,1.5,8.6966,5.18257
3920,0,0,0,0,1,0,0,540.0,60.0,1.75,9.76916,4.13083
3921,0,0,0,0,1,0,0,540.0,60.0,2.0,10.3478,3.01333
3922,0,0,0,0,1,0,0,540.0,60.0,2.25,10.513,2.1109
3923,0,0,0,0,1,0,0,540.0,60.0,2.515,10.4933,1.4213
3924,0,0,0,0,1,0,0,540.0,70.0,0.498,2.29204,13.2235
3925,0,0,0,0,1,0,0,540.0,70.0,0.75,5.49629,12.4008
3926,0,0,0,0,1,0,0,540.0,70.0,1.0,8.70834,11.488
3927,0,0,0,0,1,0,0,540.0,70.0,1.25,11.4151,10.4542
3928,0,0,0,0,1,0,0,540.0,70.0,1.5,13.4883,9.10076
3929,0,0,0,0,1,0,0,540.0,70.0,1.75,14.9466,7.7305
3930,0,0,0,0,1,0,0,540.0,70.0,2.0,16.1058,6.34334
3931,0,0,0,0,1,0,0,540.0,70.0,2.25,16.7789,4.76781
3932,0,0,0,0,1,0,0,540.0,70.0,2.515,16.9824,2.92223
3933,0,0,0,0,1,0,0,540.0,80.0,0.498,5.18105,18.6475
3934,0,0,0,0,1,0,0,540.0,80.0,0.75,9.54791,17.8413
3935,0,0,0,0,1,0,0,540.0,80.0,1.0,13.1714,16.5686
3936,0,0,0,0,1,0,0,540.0,80.0,1.25,16.4455,15.0905
3937,0,0,0,0,1,0,0,540.0,80.0,1.5,18.9686,13.539
3938,0,0,0,0,1,0,0,540.0,80.0,1.75,21.0572,11.8384
3939,0,0,0,0,1,0,0,540.0,80.0,2.0,22.5487,10.0084
3940,0,0,0,0,1,0,0,540.0,80.0,2.25,23.6055,8.08813
3941,0,0,0,0,1,0,0,540.0,80.0,2.515,23.9771,5.59503
3942,0,0,0,0,1,0,0,540.0,90.0,0.498,9.40959,24.6053
3943,0,0,0,0,1,0,0,540.0,90.0,0.75,14.2711,23.6414
3944,0,0,0,0,1,0,0,540.0,90.0,1.0,18.3665,22.2534
3945,0,0,0,0,1,0,0,540.0,90.0,1.25,22.0517,20.5389
3946,0,0,0,0,1,0,0,540.0,90.0,1.5,25.1422,18.5393
3947,0,0,0,0,1,0,0,540.0,90.0,1.75,27.6365,16.3338
3948,0,0,0,0,1,0,0,540.0,90.0,2.0,29.5918,14.0843
3949,0,0,0,0,1,0,0,540.0,90.0,2.25,30.528,11.365
3950,0,0,0,0,1,0,0,540.0,90.0,2.515,31.3313,8.45692
3951,0,0,0,0,1,0,0,540.0,100.0,0.498,13.9806,30.441
3952,0,0,0,0,1,0,0,540.0,100.0,0.75,19.3401,29.6826
3953,0,0,0,0,1,0,0,540.0,100.0,1.0,24.1734,28.282
3954,0,0,0,0,1,0,0,540.0,100.0,1.25,28.376,26.3438
3955,0,0,0,0,1,0,0,540.0,100.0,1.5,31.8561,24.0061
3956,0,0,0,0,1,0,0,540.0,100.0,1.75,34.7447,21.3771
3957,0,0,0,0,1,0,0,540.0,100.0,2.0,36.6723,18.2882
3958,0,0,0,0,1,0,0,540.0,100.0,2.25,38.1052,15.107
3959,0,0,0,0,1,0,0,540.0,100.0,2.515,39.2316,11.8333
3960,0,0,0,0,1,0,0,540.0,110.0,0.498,18.7971,36.1033
3961,0,0,0,0,1,0,0,540.0,110.0,0.75,24.6825,35.4967
3962,0,0,0,0,1,0,0,540.0,110.0,1.0,30.0528,34.1801
3963,0,0,0,0,1,0,0,540.0,110.0,1.25,34.5892,32.0758
3964,0,0,0,0,1,0,0,540.0,110.0,1.5,38.429,29.3217
3965,0,0,0,0,1,0,0,540.0,110.0,1.75,41.6847,26.1503
3966,0,0,0,0,1,0,0,540.0,110.0,2.0,44.1627,22.7092
3967,0,0,0,0,1,0,0,540.0,110.0,2.25,45.9005,19.1066
3968,0,0,0,0,1,0,0,540.0,110.0,2.515,47.2658,15.403
3969,0,0,0,0,1,0,0,600.0,30.0,0.498,0,0.0395465
3970,0,0,0,0,1,0,0,600.0,30.0,0.75,0,0
3971,0,0,0,0,1,0,0,600.0,30.0,1.0,0,0
3972,0,0,0,0,1,0,0,600.0,30.0,1.25,0.577671,0
3973,0,0,0,0,1,0,0,600.0,30.0,1.5,1.28611,0
3974,0,0,0,0,1,0,0,600.0,30.0,1.75,1.74999,0
3975,0,0,0,0,1,0,0,600.0,30.0,2.0,1.80094,0
3976,0,0,0,0,1,0,0,600.0,30.0,2.25,1.74009,0
3977,0,0,0,0,1,0,0,600.0,30.0,2.515,1.652,0
3978,0,0,0,0,1,0,0,600.0,40.0,0.498,0,2.20082
3979,0,0,0,0,1,0,0,600.0,40.0,0.75,0.122584,1.75941
3980,0,0,0,0,1,0,0,600.0,40.0,1.0,1.00085,1.09914
3981,0,0,0,0,1,0,0,600.0,40.0,1.25,1.98231,0.636661
3982,0,0,0,0,1,0,0,600.0,40.0,1.5,2.79167,0.467866
3983,0,0,0,0,1,0,0,600.0,40.0,1.75,3.33413,0.382227
3984,0,0,0,0,1,0,0,600.0,40.0,2.0,3.48418,0.222203
3985,0,0,0,0,1,0,0,600.0,40.0,2.25,3.42962,0.0831843
3986,0,0,0,0,1,0,0,600.0,40.0,2.515,3.22796,0
3987,0,0,0,0,1,0,0,600.0,50.0,0.498,0.417218,5.24506
3988,0,0,0,0,1,0,0,600.0,50.0,0.75,1.45352,4.68803
3989,0,0,0,0,1,0,0,600.0,50.0,1.0,2.73329,3.93569
3990,0,0,0,0,1,0,0,600.0,50.0,1.25,4.00815,3.15873
3991,0,0,0,0,1,0,0,600.0,50.0,1.5,4.90183,2.23796
3992,0,0,0,0,1,0,0,600.0,50.0,1.75,5.6495,1.55929
3993,0,0,0,0,1,0,0,600.0,50.0,2.0,5.99548,0.906269
3994,0,0,0,0,1,0,0,600.0,50.0,2.25,5.95686,0.462064
3995,0,0,0,0,1,0,0,600.0,50.0,2.515,6.06637,0.211458
3996,0,0,0,0,1,0,0,600.0,60.0,0.498,1.68147,9.76331
3997,0,0,0,0,1,0,0,600.0,60.0,0.75,3.2907,9.03917
3998,0,0,0,0,1,0,0,600.0,60.0,1.0,5.52916,8.07518
3999,0,0,0,0,1,0,0,600.0,60.0,1.25,7.50513,6.88112
4000,0,0,0,0,1,0,0,600.0,60.0,1.5,9.13339,5.61407
4001,0,0,0,0,1,0,0,600.0,60.0,1.75,10.1595,4.26713
4002,0,0,0,0,1,0,0,600.0,60.0,2.0,10.6172,2.7823
4003,0,0,0,0,1,0,0,600.0,60.0,2.25,10.8415,1.80066
4004,0,0,0,0,1,0,0,600.0,60.0,2.515,10.9134,1.03225
4005,0,0,0,0,1,0,0,600.0,70.0,0.498,2.96332,14.6606
4006,0,0,0,0,1,0,0,600.0,70.0,0.75,6.16051,13.7097
4007,0,0,0,0,1,0,0,600.0,70.0,1.0,9.26003,12.5154
4008,0,0,0,0,1,0,0,600.0,70.0,1.25,11.8797,11.1383
4009,0,0,0,0,1,0,0,600.0,70.0,1.5,13.8251,9.5223
4010,0,0,0,0,1,0,0,600.0,70.0,1.75,15.3213,7.91317
4011,0,0,0,0,1,0,0,600.0,70.0,2.0,16.3159,6.23233
4012,0,0,0,0,1,0,0,600.0,70.0,2.25,17.0171,4.52931
4013,0,0,0,0,1,0,0,600.0,70.0,2.515,17.3112,2.70174
4014,0,0,0,0,1,0,0,600.0,80.0,0.498,6.07222,20.2151
4015,0,0,0,0,1,0,0,600.0,80.0,0.75,10.2103,19.092
4016,0,0,0,0,1,0,0,600.0,80.0,1.0,13.7026,17.5407
4017,0,0,0,0,1,0,0,600.0,80.0,1.25,16.7587,15.8128
4018,0,0,0,0,1,0,0,600.0,80.0,1.5,19.1908,13.9684
4019,0,0,0,0,1,0,0,600.0,80.0,1.75,21.177,12.0763
4020,0,0,0,0,1,0,0,600.0,80.0,2.0,22.6186,9.99385
4021,0,0,0,0,1,0,0,600.0,80.0,2.25,23.4182,7.74884
4022,0,0,0,0,1,0,0,600.0,80.0,2.515,23.8259,5.2039
4023,0,0,0,0,1,0,0,600.0,90.0,0.498,10.3588,26.096
4024,0,0,0,0,1,0,0,600.0,90.0,0.75,14.8341,24.8612
4025,0,0,0,0,1,0,0,600.0,90.0,1.0,18.8426,23.1974
4026,0,0,0,0,1,0,0,600.0,90.0,1.25,22.3362,21.2086
4027,0,0,0,0,1,0,0,600.0,90.0,1.5,25.2413,19.0268
4028,0,0,0,0,1,0,0,600.0,90.0,1.75,27.6333,16.5859
4029,0,0,0,0,1,0,0,600.0,90.0,2.0,29.1328,13.8953
4030,0,0,0,0,1,0,0,600.0,90.0,2.25,30.113,11.0956
4031,0,0,0,0,1,0,0,600.0,90.0,2.515,30.9306,8.07007
4032,0,0,0,0,1,0,0,600.0,100.0,0.498,14.9922,32.0922
4033,0,0,0,0,1,0,0,600.0,100.0,0.75,20.0069,30.9561
4034,0,0,0,0,1,0,0,600.0,100.0,1.0,24.5528,29.2683
4035,0,0,0,0,1,0,0,600.0,100.0,1.25,28.3686,26.9593
4036,0,0,0,0,1,0,0,600.0,100.0,1.5,31.6635,24.3809
4037,0,0,0,0,1,0,0,600.0,100.0,1.75,34.2522,21.4968
4038,0,0,0,0,1,0,0,600.0,100.0,2.0,35.9757,18.1294
4039,0,0,0,0,1,0,0,600.0,100.0,2.25,37.3619,14.7918
4040,0,0,0,0,1,0,0,600.0,100.0,2.515,38.529,11.3864
4041,0,0,0,0,1,0,0,600.0,110.0,0.498,19.6921,37.7474
4042,0,0,0,0,1,0,0,600.0,110.0,0.75,25.328,36.9348
4043,0,0,0,0,1,0,0,600.0,110.0,1.0,30.3239,35.264
4044,0,0,0,0,1,0,0,600.0,110.0,1.25,34.4614,32.7264
4045,0,0,0,0,1,0,0,600.0,110.0,1.5,38.0969,29.8145
4046,0,0,0,0,1,0,0,600.0,110.0,1.75,41.0519,26.33
4047,0,0,0,0,1,0,0,600.0,110.0,2.0,43.4446,22.6479
4048,0,0,0,0,1,0,0,600.0,110.0,2.25,45.1198,18.808
4049,0,0,0,0,1,0,0,600.0,110.0,2.515,46.3359,14.8229
4050,0,0,0,0,0,1,0,60.0,30.0,0.498,0,0
4051,0,0,0,0,0,1,0,60.0,30.0,0.75,0,0
4052,0,0,0,0,0,1,0,60.0,30.0,1.0,0,0
4053,0,0,0,0,0,1,0,60.0,30.0,1.25,0,0
4054,0,0,0,0,0,1,0,60.0,30.0,1.5,0,0
4055,0,0,0,0,0,1,0,60.0,30.0,1.75,0,0
4056,0,0,0,0,0,1,0,60.0,30.0,2.0,0,0
4057,0,0,0,0,0,1,0,60.0,30.0,2.25,0,0
4058,0,0,0,0,0,1,0,60.0,30.0,2.515,0,0
4059,0,0,0,0,0,1,0,60.0,40.0,0.498,0,0
4060,0,0,0,0,0,1,0,60.0,40.0,0.75,0,0
4061,0,0,0,0,0,1,0,60.0,40.0,1.0,0,0
4062,0,0,0,0,0,1,0,60.0,40.0,1.25,0,0
4063,0,0,0,0,0,1,0,60.0,40.0,1.5,0,0
4064,0,0,0,0,0,1,0,60.0,40.0,1.75,0,0
4065,0,0,0,0,0,1,0,60.0,40.0,2.0,0,0
4066,0,0,0,0,0,1,0,60.0,40.0,2.25,0,0
4067,0,0,0,0,0,1,0,60.0,40.0,2.515,0,0
4068,0,0,0,0,0,1,0,60.0,50.0,0.498,0,0
4069,0,0,0,0,0,1,0,60.0,50.0,0.75,0,0
4070,0,0,0,0,0,1,0,60.0,50.0,1.0,0,0
4071,0,0,0,0,0,1,0,60.0,50.0,1.25,0,0
4072,0,0,0,0,0,1,0,60.0,50.0,1.5,0,0
4073,0,0,0,0,0,1,0,60.0,50.0,1.75,0,0
4074,0,0,0,0,0,1,0,60.0,50.0,2.0,0,0
4075,0,0,0,0,0,1,0,60.0,50.0,2.25,0,0
4076,0,0,0,0,0,1,0,60.0,50.0,2.515,0,0
4077,0,0,0,0,0,1,0,60.0,60.0,0.498,0,0
4078,0,0,0,0,0,1,0,60.0,60.0,0.75,0,0
4079,0,0,0,0,0,1,0,60.0,60.0,1.0,0,0
4080,0,0,0,0,0,1,0,60.0,60.0,1.25,0,0
4081,0,0,0,0,0,1,0,60.0,60.0,1.5,0,0
4082,0,0,0,0,0,1,0,60.0,60.0,1.75,0,0
4083,0,0,0,0,0,1,0,60.0,60.0,2.0,0,0
4084,0,0,0,0,0,1,0,60.0,60.0,2.25,0.295398,0
4085,0,0,0,0,0,1,0,60.0,60.0,2.515,0.806005,0.174486
4086,0,0,0,0,0,1,0,60.0,70.0,0.498,0,0
4087,0,0,0,0,0,1,0,60.0,70.0,0.75,0,0
4088,0,0,0,0,0,1,0,60.0,70.0,1.0,0,0
4089,0,0,0,0,0,1,0,60.0,70.0,1.25,0,0
4090,0,0,0,0,0,1,0,60.0,70.0,1.5,0,0
4091,0,0,0,0,0,1,0,60.0,70.0,1.75,0.390415,0
4092,0,0,0,0,0,1,0,60.0,70.0,2.0,1.13529,0.218966
4093,0,0,0,0,0,1,0,60.0,70.0,2.25,1.78161,0.440986
4094,0,0,0,0,0,1,0,60.0,70.0,2.515,2.38149,0.709162
4095,0,0,0,0,0,1,0,60.0,80.0,0.498,0,0
4096,0,0,0,0,0,1,0,60.0,80.0,0.75,0,0
4097,0,0,0,0,0,1,0,60.0,80.0,1.0,0,0
4098,0,0,0,0,0,1,0,60.0,80.0,1.25,0,0
4099,0,0,0,0,0,1,0,60.0,80.0,1.5,0.809361,0.0662811
4100,0,0,0,0,0,1,0,60.0,80.0,1.75,1.84218,0.370991
4101,0,0,0,0,0,1,0,60.0,80.0,2.0,2.7305,0.711683
4102,0,0,0,0,0,1,0,60.0,80.0,2.25,3.79439,1.06979
4103,0,0,0,0,0,1,0,60.0,80.0,2.515,4.83357,1.43343
4104,0,0,0,0,0,1,0,60.0,90.0,0.498,0,0.016982
4105,0,0,0,0,0,1,0,60.0,90.0,0.75,0,0
4106,0,0,0,0,0,1,0,60.0,90.0,1.0,0,0
4107,0,0,0,0,0,1,0,60.0,90.0,1.25,0.912895,0.06474
4108,0,0,0,0,0,1,0,60.0,90.0,1.5,2.68684,0.480904
4109,0,0,0,0,0,1,0,60.0,90.0,1.75,4.66747,1.03607
4110,0,0,0,0,0,1,0,60.0,90.0,2.0,6.84935,1.5473
4111,0,0,0,0,0,1,0,60.0,90.0,2.25,8.85896,2.13186
4112,0,0,0,0,0,1,0,60.0,90.0,2.515,10.7473,2.6629
4113,0,0,0,0,0,1,0,60.0,100.0,0.498,0,0.832513
4114,0,0,0,0,0,1,0,60.0,100.0,0.75,0,0.987986
4115,0,0,0,0,0,1,0,60.0,100.0,1.0,1.03582,1.54823
4116,0,0,0,0,0,1,0,60.0,100.0,1.25,3.78689,2.21543
4117,0,0,0,0,0,1,0,60.0,100.0,1.5,7.02529,2.62902
4118,0,0,0,0,0,1,0,60.0,100.0,1.75,10.5296,3.3392
4119,0,0,0,0,0,1,0,60.0,100.0,2.0,13.5439,4.0977
4120,0,0,0,0,0,1,0,60.0,100.0,2.25,15.9933,4.59812
4121,0,0,0,0,0,1,0,60.0,100.0,2.515,18.2873,4.76187
4122,0,0,0,0,0,1,0,60.0,110.0,0.498,0,2.9865
4123,0,0,0,0,0,1,0,60.0,110.0,0.75,0.161281,3.65349
4124,0,0,0,0,0,1,0,60.0,110.0,1.0,3.21772,4.57323
4125,0,0,0,0,0,1,0,60.0,110.0,1.25,8.0749,5.58742
4126,0,0,0,0,0,1,0,60.0,110.0,1.5,12.8003,6.28363
4127,0,0,0,0,0,1,0,60.0,110.0,1.75,16.9775,6.7817
4128,0,0,0,0,0,1,0,60.0,110.0,2.0,20.4979,7.22399
4129,0,0,0,0,0,1,0,60.0,110.0,2.25,23.5201,7.33924
4130,0,0,0,0,0,1,0,60.0,110.0,2.515,26.0067,7.00527
4131,0,0,0,0,0,1,0,120.0,30.0,0.498,0,0
4132,0,0,0,0,0,1,0,120.0,30.0,0.75,0,0
4133,0,0,0,0,0,1,0,120.0,30.0,1.0,0,0
4134,0,0,0,0,0,1,0,120.0,30.0,1.25,0,0
4135,0,0,0,0,0,1,0,120.0,30.0,1.5,0,0
4136,0,0,0,0,0,1,0,120.0,30.0,1.75,0,0
4137,0,0,0,0,0,1,0,120.0,30.0,2.0,0,0
4138,0,0,0,0,0,1,0,120.0,30.0,2.25,0,0
4139,0,0,0,0,0,1,0,120.0,30.0,2.515,0,0
4140,0,0,0,0,0,1,0,120.0,40.0,0.498,0,0
4141,0,0,0,0,0,1,0,120.0,40.0,0.75,0,0
4142,0,0,0,0,0,1,0,120.0,40.0,1.0,0,0
4143,0,0,0,0,0,1,0,120.0,40.0,1.25,0,0
4144,0,0,0,0,0,1,0,120.0,40.0,1.5,0,0
4145,0,0,0,0,0,1,0,120.0,40.0,1.75,0,0
4146,0,0,0,0,0,1,0,120.0,40.0,2.0,0,0
4147,0,0,0,0,0,1,0,120.0,40.0,2.25,0,0
4148,0,0,0,0,0,1,0,120.0,40.0,2.515,0,0
4149,0,0,0,0,0,1,0,120.0,50.0,0.498,0,0
4150,0,0,0,0,0,1,0,120.0,50.0,0.75,0,0
4151,0,0,0,0,0,1,0,120.0,50.0,1.0,0,0
4152,0,0,0,0,0,1,0,120.0,50.0,1.25,0,0
4153,0,0,0,0,0,1,0,120.0,50.0,1.5,0,0
4154,0,0,0,0,0,1,0,120.0,50.0,1.75,0,0
4155,0,0,0,0,0,1,0,120.0,50.0,2.0,0,0
4156,0,0,0,0,0,1,0,120.0,50.0,2.25,0,0
4157,0,0,0,0,0,1,0,120.0,50.0,2.515,0,0.150571
4158,0,0,0,0,0,1,0,120.0,60.0,0.498,0,0
4159,0,0,0,0,0,1,0,120.0,60.0,0.75,0,0
4160,0,0,0,0,0,1,0,120.0,60.0,1.0,0,0
4161,0,0,0,0,0,1,0,120.0,60.0,1.25,0,0
4162,0,0,0,0,0,1,0,120.0,60.0,1.5,0,0
4163,0,0,0,0,0,1,0,120.0,60.0,1.75,0,0
4164,0,0,0,0,0,1,0,120.0,60.0,2.0,0,0
4165,0,0,0,0,0,1,0,120.0,60.0,2.25,0.479809,0.0805907
4166,0,0,0,0,0,1,0,120.0,60.0,2.515,0.929569,0.45338
4167,0,0,0,0,0,1,0,120.0,70.0,0.498,0,0
4168,0,0,0,0,0,1,0,120.0,70.0,0.75,0,0
4169,0,0,0,0,0,1,0,120.0,70.0,1.0,0,0
4170,0,0,0,0,0,1,0,120.0,70.0,1.25,0,0
4171,0,0,0,0,0,1,0,120.0,70.0,1.5,0,0
4172,0,0,0,0,0,1,0,120.0,70.0,1.75,0.672847,0.173732
4173,0,0,0,0,0,1,0,120.0,70.0,2.0,1.33534,0.371488
4174,0,0,0,0,0,1,0,120.0,70.0,2.25,2.10304,0.64126
4175,0,0,0,0,0,1,0,120.0,70.0,2.515,2.97519,0.969809
4176,0,0,0,0,0,1,0,120.0,80.0,0.498,0,0
4177,0,0,0,0,0,1,0,120.0,80.0,0.75,0,0
4178,0,0,0,0,0,1,0,120.0,80.0,1.0,0,0
4179,0,0,0,0,0,1,0,120.0,80.0,1.25,0,0
4180,0,0,0,0,0,1,0,120.0,80.0,1.5,0.935577,0.260783
4181,0,0,0,0,0,1,0,120.0,80.0,1.75,1.96995,0.559606
4182,0,0,0,0,0,1,0,120.0,80.0,2.0,3.20624,0.876111
4183,0,0,0,0,0,1,0,120.0,80.0,2.25,4.42933,1.24372
4184,0,0,0,0,0,1,0,120.0,80.0,2.515,5.55625,1.55921
4185,0,0,0,0,0,1,0,120.0,90.0,0.498,0,0.443966
4186,0,0,0,0,0,1,0,120.0,90.0,0.75,0,0.222387
4187,0,0,0,0,0,1,0,120.0,90.0,1.0,0,0.520149
4188,0,0,0,0,0,1,0,120.0,90.0,1.25,1.68112,1.06937
4189,0,0,0,0,0,1,0,120.0,90.0,1.5,3.69467,1.51137
4190,0,0,0,0,0,1,0,120.0,90.0,1.75,6.18415,1.86175
4191,0,0,0,0,0,1,0,120.0,90.0,2.0,8.48353,2.40612
4192,0,0,0,0,0,1,0,120.0,90.0,2.25,10.4332,2.96723
4193,0,0,0,0,0,1,0,120.0,90.0,2.515,12.2555,3.08561
4194,0,0,0,0,0,1,0,120.0,100.0,0.498,0,2.01127
4195,0,0,0,0,0,1,0,120.0,100.0,0.75,0,2.64514
4196,0,0,0,0,0,1,0,120.0,100.0,1.0,1.90374,3.29933
4197,0,0,0,0,0,1,0,120.0,100.0,1.25,5.34014,3.74185
4198,0,0,0,0,0,1,0,120.0,100.0,1.5,8.70575,4.20996
4199,0,0,0,0,0,1,0,120.0,100.0,1.75,12.3276,4.79021
4200,0,0,0,0,0,1,0,120.0,100.0,2.0,15.1945,5.17007
4201,0,0,0,0,0,1,0,120.0,100.0,2.25,17.5779,5.47659
4202,0,0,0,0,0,1,0,120.0,100.0,2.515,19.8069,5.26645
4203,0,0,0,0,0,1,0,120.0,110.0,0.498,0,5.6321
4204,0,0,0,0,0,1,0,120.0,110.0,0.75,0.801043,6.21908
4205,0,0,0,0,0,1,0,120.0,110.0,1.0,5.23893,6.92294
4206,0,0,0,0,0,1,0,120.0,110.0,1.25,10.1327,7.67378
4207,0,0,0,0,0,1,0,120.0,110.0,1.5,14.7862,8.17006
4208,0,0,0,0,0,1,0,120.0,110.0,1.75,18.8072,8.3871
4209,0,0,0,0,0,1,0,120.0,110.0,2.0,22.3933,8.58541
4210,0,0,0,0,0,1,0,120.0,110.0,2.25,25.2248,8.29375
4211,0,0,0,0,0,1,0,120.0,110.0,2.515,27.6104,7.72931
4212,0,0,0,0,0,1,0,180.0,30.0,0.498,0,0
4213,0,0,0,0,0,1,0,180.0,30.0,0.75,0,0
4214,0,0,0,0,0,1,0,180.0,30.0,1.0,0,0
4215,0,0,0,0,0,1,0,180.0,30.0,1.25,0,0
4216,0,0,0,0,0,1,0,180.0,30.0,1.5,0,0
4217,0,0,0,0,0,1,0,180.0,30.0,1.75,0,0
4218,0,0,0,0,0,1,0,180.0,30.0,2.0,0,0
4219,0,0,0,0,0,1,0,180.0,30.0,2.25,0,0
4220,0,0,0,0,0,1,0,180.0,30.0,2.515,0,0
4221,0,0,0,0,0,1,0,180.0,40.0,0.498,0,0
4222,0,0,0,0,0,1,0,180.0,40.0,0.75,0,0
4223,0,0,0,0,0,1,0,180.0,40.0,1.0,0,0
4224,0,0,0,0,0,1,0,180.0,40.0,1.25,0,0
4225,0,0,0,0,0,1,0,180.0,40.0,1.5,0,0
4226,0,0,0,0,0,1,0,180.0,40.0,1.75,0,0
4227,0,0,0,0,0,1,0,180.0,40.0,2.0,0,0
4228,0,0,0,0,0,1,0,180.0,40.0,2.25,0,0
4229,0,0,0,0,0,1,0,180.0,40.0,2.515,0,0.11159
4230,0,0,0,0,0,1,0,180.0,50.0,0.498,0,0
4231,0,0,0,0,0,1,0,180.0,50.0,0.75,0,0
4232,0,0,0,0,0,1,0,180.0,50.0,1.0,0,0
4233,0,0,0,0,0,1,0,180.0,50.0,1.25,0,0
4234,0,0,0,0,0,1,0,180.0,50.0,1.5,0,0
4235,0,0,0,0,0,1,0,180.0,50.0,1.75,0,0
4236,0,0,0,0,0,1,0,180.0,50.0,2.0,0,0
4237,0,0,0,0,0,1,0,180.0,50.0,2.25,0,0.0733168
4238,0,0,0,0,0,1,0,180.0,50.0,2.515,0,0.299682
4239,0,0,0,0,0,1,0,180.0,60.0,0.498,0,0
4240,0,0,0,0,0,1,0,180.0,60.0,0.75,0,0
4241,0,0,0,0,0,1,0,180.0,60.0,1.0,0,0
4242,0,0,0,0,0,1,0,180.0,60.0,1.25,0,0
4243,0,0,0,0,0,1,0,180.0,60.0,1.5,0,0
4244,0,0,0,0,0,1,0,180.0,60.0,1.75,0,0
4245,0,0,0,0,0,1,0,180.0,60.0,2.0,0.190234,0.0424869
4246,0,0,0,0,0,1,0,180.0,60.0,2.25,0.599704,0.373415
4247,0,0,0,0,0,1,0,180.0,60.0,2.515,1.04531,0.649074
4248,0,0,0,0,0,1,0,180.0,70.0,0.498,0,0
4249,0,0,0,0,0,1,0,180.0,70.0,0.75,0,0
4250,0,0,0,0,0,1,0,180.0,70.0,1.0,0,0
4251,0,0,0,0,0,1,0,180.0,70.0,1.25,0,0
4252,0,0,0,0,0,1,0,180.0,70.0,1.5,0.185832,0.0655739
4253,0,0,0,0,0,1,0,180.0,70.0,1.75,0.96184,0.36139
4254,0,0,0,0,0,1,0,180.0,70.0,2.0,1.69545,0.509266
4255,0,0,0,0,0,1,0,180.0,70.0,2.25,2.7197,0.947997
4256,0,0,0,0,0,1,0,180.0,70.0,2.515,3.38672,1.16019
4257,0,0,0,0,0,1,0,180.0,80.0,0.498,0,0.0112939
4258,0,0,0,0,0,1,0,180.0,80.0,0.75,0,0.210592
4259,0,0,0,0,0,1,0,180.0,80.0,1.0,0,0.294695
4260,0,0,0,0,0,1,0,180.0,80.0,1.25,0.356994,0.526191
4261,0,0,0,0,0,1,0,180.0,80.0,1.5,1.62171,0.867285
4262,0,0,0,0,0,1,0,180.0,80.0,1.75,3.05187,1.13585
4263,0,0,0,0,0,1,0,180.0,80.0,2.0,4.31245,1.31634
4264,0,0,0,0,0,1,0,180.0,80.0,2.25,5.4231,1.65312
4265,0,0,0,0,0,1,0,180.0,80.0,2.515,6.58651,1.67493
4266,0,0,0,0,0,1,0,180.0,90.0,0.498,0,1.67365
4267,0,0,0,0,0,1,0,180.0,90.0,0.75,0,1.97754
4268,0,0,0,0,0,1,0,180.0,90.0,1.0,0.775955,2.26207
4269,0,0,0,0,0,1,0,180.0,90.0,1.25,2.87406,2.41056
4270,0,0,0,0,0,1,0,180.0,90.0,1.5,5.32281,2.67123
4271,0,0,0,0,0,1,0,180.0,90.0,1.75,7.6033,2.94262
4272,0,0,0,0,0,1,0,180.0,90.0,2.0,9.94387,3.32337
4273,0,0,0,0,0,1,0,180.0,90.0,2.25,11.7956,3.68487
4274,0,0,0,0,0,1,0,180.0,90.0,2.515,13.5804,3.46007
4275,0,0,0,0,0,1,0,180.0,100.0,0.498,0,4.46884
4276,0,0,0,0,0,1,0,180.0,100.0,0.75,0.194406,4.77385
4277,0,0,0,0,0,1,0,180.0,100.0,1.0,3.51688,5.24966
4278,0,0,0,0,0,1,0,180.0,100.0,1.25,6.90179,5.65871
4279,0,0,0,0,0,1,0,180.0,100.0,1.5,10.3162,5.95521
4280,0,0,0,0,0,1,0,180.0,100.0,1.75,13.8456,6.19953
4281,0,0,0,0,0,1,0,180.0,100.0,2.0,16.8252,6.38746
4282,0,0,0,0,0,1,0,180.0,100.0,2.25,19.1505,6.30669
4283,0,0,0,0,0,1,0,180.0,100.0,2.515,21.1879,5.71035
4284,0,0,0,0,0,1,0,180.0,110.0,0.498,0,8.7132
4285,0,0,0,0,0,1,0,180.0,110.0,0.75,2.52663,9.08657
4286,0,0,0,0,0,1,0,180.0,110.0,1.0,7.05062,9.41353
4287,0,0,0,0,0,1,0,180.0,110.0,1.25,12.0485,9.90328
4288,0,0,0,0,0,1,0,180.0,110.0,1.5,16.583,10.1548
4289,0,0,0,0,0,1,0,180.0,110.0,1.75,20.5216,10.0612
4290,0,0,0,0,0,1,0,180.0,110.0,2.0,24.1793,9.88852
4291,0,0,0,0,0,1,0,180.0,110.0,2.25,26.8042,9.26224
4292,0,0,0,0,0,1,0,180.0,110.0,2.515,29.0418,8.40288
4293,0,0,0,0,0,1,0,240.0,30.0,0.498,0,0
4294,0,0,0,0,0,1,0,240.0,30.0,0.75,0,0
4295,0,0,0,0,0,1,0,240.0,30.0,1.0,0,0
4296,0,0,0,0,0,1,0,240.0,30.0,1.25,0,0
4297,0,0,0,0,0,1,0,240.0,30.0,1.5,0,0
4298,0,0,0,0,0,1,0,240.0,30.0,1.75,0,0
4299,0,0,0,0,0,1,0,240.0,30.0,2.0,0,0
4300,0,0,0,0,0,1,0,240.0,30.0,2.25,0,0
4301,0,0,0,0,0,1,0,240.0,30.0,2.515,0,0
4302,0,0,0,0,0,1,0,240.0,40.0,0.498,0,0
4303,0,0,0,0,0,1,0,240.0,40.0,0.75,0,0
4304,0,0,0,0,0,1,0,240.0,40.0,1.0,0,0
4305,0,0,0,0,0,1,0,240.0,40.0,1.25,0,0
4306,0,0,0,0,0,1,0,240.0,40.0,1.5,0,0
4307,0,0,0,0,0,1,0,240.0,40.0,1.75,0,0
4308,0,0,0,0,0,1,0,240.0,40.0,2.0,0,0
4309,0,0,0,0,0,1,0,240.0,40.0,2.25,0,0.00757319
4310,0,0,0,0,0,1,0,240.0,40.0,2.515,0,0.190411
4311,0,0,0,0,0,1,0,240.0,50.0,0.498,0,0
4312,0,0,0,0,0,1,0,240.0,50.0,0.75,0,0
4313,0,0,0,0,0,1,0,240.0,50.0,1.0,0,0
4314,0,0,0,0,0,1,0,240.0,50.0,1.25,0,0
4315,0,0,0,0,0,1,0,240.0,50.0,1.5,0,0
4316,0,0,0,0,0,1,0,240.0,50.0,1.75,0,0
4317,0,0,0,0,0,1,0,240.0,50.0,2.0,0,0
4318,0,0,0,0,0,1,0,240.0,50.0,2.25,0,0.263776
4319,0,0,0,0,0,1,0,240.0,50.0,2.515,0,0.425797
4320,0,0,0,0,0,1,0,240.0,60.0,0.498,0,0
4321,0,0,0,0,0,1,0,240.0,60.0,0.75,0,0
4322,0,0,0,0,0,1,0,240.0,60.0,1.0,0,0
4323,0,0,0,0,0,1,0,240.0,60.0,1.25,0,0
4324,0,0,0,0,0,1,0,240.0,60.0,1.5,0,0
4325,0,0,0,0,0,1,0,240.0,60.0,1.75,0,0
4326,0,0,0,0,0,1,0,240.0,60.0,2.0,0.348637,0.221049
4327,0,0,0,0,0,1,0,240.0,60.0,2.25,0.866179,0.640706
4328,0,0,0,0,0,1,0,240.0,60.0,2.515,1.32751,0.771196
4329,0,0,0,0,0,1,0,240.0,70.0,0.498,0,0.272804
4330,0,0,0,0,0,1,0,240.0,70.0,0.75,0,0.363291
4331,0,0,0,0,0,1,0,240.0,70.0,1.0,0.150428,0.411615
4332,0,0,0,0,0,1,0,240.0,70.0,1.25,0.0854343,0.446902
4333,0,0,0,0,0,1,0,240.0,70.0,1.5,0.426239,0.527266
4334,0,0,0,0,0,1,0,240.0,70.0,1.75,1.33468,0.595962
4335,0,0,0,0,0,1,0,240.0,70.0,2.0,2.41103,0.966745
4336,0,0,0,0,0,1,0,240.0,70.0,2.25,3.07253,1.20033
4337,0,0,0,0,0,1,0,240.0,70.0,2.515,3.64801,1.32681
4338,0,0,0,0,0,1,0,240.0,80.0,0.498,0,1.47646
4339,0,0,0,0,0,1,0,240.0,80.0,0.75,0.255262,1.57896
4340,0,0,0,0,0,1,0,240.0,80.0,1.0,0.717076,1.68131
4341,0,0,0,0,0,1,0,240.0,80.0,1.25,1.70658,1.8789
4342,0,0,0,0,0,1,0,240.0,80.0,1.5,3.27427,2.10055
4343,0,0,0,0,0,1,0,240.0,80.0,1.75,4.75388,2.18842
4344,0,0,0,0,0,1,0,240.0,80.0,2.0,5.66751,2.27833
4345,0,0,0,0,0,1,0,240.0,80.0,2.25,6.55289,2.30824
4346,0,0,0,0,0,1,0,240.0,80.0,2.515,7.82467,1.97208
4347,0,0,0,0,0,1,0,240.0,90.0,0.498,0,3.74993
4348,0,0,0,0,0,1,0,240.0,90.0,0.75,0.583143,4.03261
4349,0,0,0,0,0,1,0,240.0,90.0,1.0,2.06104,4.12108
4350,0,0,0,0,0,1,0,240.0,90.0,1.25,4.59952,4.07187
4351,0,0,0,0,0,1,0,240.0,90.0,1.5,6.89703,4.32759
4352,0,0,0,0,0,1,0,240.0,90.0,1.75,9.21736,4.3487
4353,0,0,0,0,0,1,0,240.0,90.0,2.0,11.333,4.38692
4354,0,0,0,0,0,1,0,240.0,90.0,2.25,13.0501,4.38818
4355,0,0,0,0,0,1,0,240.0,90.0,2.515,14.7925,3.8211
4356,0,0,0,0,0,1,0,240.0,100.0,0.498,0.00983386,7.50461
4357,0,0,0,0,0,1,0,240.0,100.0,0.75,1.50293,7.7611
4358,0,0,0,0,0,1,0,240.0,100.0,1.0,5.26676,7.82765
4359,0,0,0,0,0,1,0,240.0,100.0,1.25,8.4802,7.89504
4360,0,0,0,0,0,1,0,240.0,100.0,1.5,12.0744,7.87166
4361,0,0,0,0,0,1,0,240.0,100.0,1.75,15.492,7.82654
4362,0,0,0,0,0,1,0,240.0,100.0,2.0,18.3397,7.59126
4363,0,0,0,0,0,1,0,240.0,100.0,2.25,20.4702,7.04102
4364,0,0,0,0,0,1,0,240.0,100.0,2.515,22.4762,6.13321
4365,0,0,0,0,0,1,0,240.0,110.0,0.498,0.377076,11.9586
4366,0,0,0,0,0,1,0,240.0,110.0,0.75,4.41552,12.1486
4367,0,0,0,0,0,1,0,240.0,110.0,1.0,9.11056,12.2002
4368,0,0,0,0,0,1,0,240.0,110.0,1.25,13.8403,12.2922
4369,0,0,0,0,0,1,0,240.0,110.0,1.5,18.2763,12.1244
4370,0,0,0,0,0,1,0,240.0,110.0,1.75,22.303,11.7724
4371,0,0,0,0,0,1,0,240.0,110.0,2.0,25.6897,11.1136
4372,0,0,0,0,0,1,0,240.0,110.0,2.25,28.2279,10.186
4373,0,0,0,0,0,1,0,240.0,110.0,2.515,30.4947,8.92466
4374,0,0,0,0,0,1,0,300.0,30.0,0.498,0,0
4375,0,0,0,0,0,1,0,300.0,30.0,0.75,0,0
4376,0,0,0,0,0,1,0,300.0,30.0,1.0,0,0
4377,0,0,0,0,0,1,0,300.0,30.0,1.25,0,0
4378,0,0,0,0,0,1,0,300.0,30.0,1.5,0,0
4379,0,0,0,0,0,1,0,300.0,30.0,1.75,0,0
4380,0,0,0,0,0,1,0,300.0,30.0,2.0,0,0
4381,0,0,0,0,0,1,0,300.0,30.0,2.25,0,0
4382,0,0,0,0,0,1,0,300.0,30.0,2.515,0,0
4383,0,0,0,0,0,1,0,300.0,40.0,0.498,0,0
4384,0,0,0,0,0,1,0,300.0,40.0,0.75,0,0
4385,0,0,0,0,0,1,0,300.0,40.0,1.0,0,0
4386,0,0,0,0,0,1,0,300.0,40.0,1.25,0,0
4387,0,0,0,0,0,1,0,300.0,40.0,1.5,0,0
4388,0,0,0,0,0,1,0,300.0,40.0,1.75,0,0
4389,0,0,0,0,0,1,0,300.0,40.0,2.0,0,0
4390,0,0,0,0,0,1,0,300.0,40.0,2.25,0,0.0575988
4391,0,0,0,0,0,1,0,300.0,40.0,2.515,0,0.248374
4392,0,0,0,0,0,1,0,300.0,50.0,0.498,0,0
4393,0,0,0,0,0,1,0,300.0,50.0,0.75,0,0
4394,0,0,0,0,0,1,0,300.0,50.0,1.0,0,0
4395,0,0,0,0,0,1,0,300.0,50.0,1.25,0,0
4396,0,0,0,0,0,1,0,300.0,50.0,1.5,0,0
4397,0,0,0,0,0,1,0,300.0,50.0,1.75,0,0
4398,0,0,0,0,0,1,0,300.0,50.0,2.0,0,0.0764853
4399,0,0,0,0,0,1,0,300.0,50.0,2.25,0,0.369081
4400,0,0,0,0,0,1,0,300.0,50.0,2.515,0,0.500587
4401,0,0,0,0,0,1,0,300.0,60.0,0.498,0,0.219291
4402,0,0,0,0,0,1,0,300.0,60.0,0.75,0,0.164756
4403,0,0,0,0,0,1,0,300.0,60.0,1.0,0.0200336,0.178159
4404,0,0,0,0,0,1,0,300.0,60.0,1.25,0,0.207365
4405,0,0,0,0,0,1,0,300.0,60.0,1.5,0,0.170495
4406,0,0,0,0,0,1,0,300.0,60.0,1.75,0.229728,0.201264
4407,0,0,0,0,0,1,0,300.0,60.0,2.0,0.874032,0.539417
4408,0,0,0,0,0,1,0,300.0,60.0,2.25,1.36139,0.83505
4409,0,0,0,0,0,1,0,300.0,60.0,2.515,1.58817,0.905358
4410,0,0,0,0,0,1,0,300.0,70.0,0.498,0.148162,1.12317
4411,0,0,0,0,0,1,0,300.0,70.0,0.75,0.556994,1.29775
4412,0,0,0,0,0,1,0,300.0,70.0,1.0,0.758218,1.43438
4413,0,0,0,0,0,1,0,300.0,70.0,1.25,0.932651,1.64833
4414,0,0,0,0,0,1,0,300.0,70.0,1.5,1.61375,1.55291
4415,0,0,0,0,0,1,0,300.0,70.0,1.75,2.493,1.37302
4416,0,0,0,0,0,1,0,300.0,70.0,2.0,2.98895,1.57347
4417,0,0,0,0,0,1,0,300.0,70.0,2.25,3.41102,1.72063
4418,0,0,0,0,0,1,0,300.0,70.0,2.515,3.8492,1.40863
4419,0,0,0,0,0,1,0,300.0,80.0,0.498,0.409169,3.24482
4420,0,0,0,0,0,1,0,300.0,80.0,0.75,1.0497,3.47582
4421,0,0,0,0,0,1,0,300.0,80.0,1.0,1.80332,3.54513
4422,0,0,0,0,0,1,0,300.0,80.0,1.25,3.47369,3.44962
4423,0,0,0,0,0,1,0,300.0,80.0,1.5,4.99125,3.30912
4424,0,0,0,0,0,1,0,300.0,80.0,1.75,6.17875,3.39852
4425,0,0,0,0,0,1,0,300.0,80.0,2.0,6.81873,3.12091
4426,0,0,0,0,0,1,0,300.0,80.0,2.25,7.71645,2.91776
4427,0,0,0,0,0,1,0,300.0,80.0,2.515,8.63772,2.24491
4428,0,0,0,0,0,1,0,300.0,90.0,0.498,0.517742,6.34684
4429,0,0,0,0,0,1,0,300.0,90.0,0.75,1.44704,6.55476
4430,0,0,0,0,0,1,0,300.0,90.0,1.0,3.76568,6.4663
4431,0,0,0,0,0,1,0,300.0,90.0,1.25,6.33656,6.333
4432,0,0,0,0,0,1,0,300.0,90.0,1.5,8.43693,6.1731
4433,0,0,0,0,0,1,0,300.0,90.0,1.75,10.7566,5.93279
4434,0,0,0,0,0,1,0,300.0,90.0,2.0,12.7307,5.62795
4435,0,0,0,0,0,1,0,300.0,90.0,2.25,14.374,5.101
4436,0,0,0,0,0,1,0,300.0,90.0,2.515,15.8149,4.19126
4437,0,0,0,0,0,1,0,300.0,100.0,0.498,0.783407,10.6191
4438,0,0,0,0,0,1,0,300.0,100.0,0.75,3.25631,10.7652
4439,0,0,0,0,0,1,0,300.0,100.0,1.0,6.90571,10.7177
4440,0,0,0,0,0,1,0,300.0,100.0,1.25,10.3566,10.3117
4441,0,0,0,0,0,1,0,300.0,100.0,1.5,13.8983,9.91017
4442,0,0,0,0,0,1,0,300.0,100.0,1.75,17.0749,9.53025
4443,0,0,0,0,0,1,0,300.0,100.0,2.0,19.6568,8.76761
4444,0,0,0,0,0,1,0,300.0,100.0,2.25,21.7324,7.73536
4445,0,0,0,0,0,1,0,300.0,100.0,2.515,23.6393,6.58549
4446,0,0,0,0,0,1,0,300.0,110.0,0.498,2.05118,15.1884
4447,0,0,0,0,0,1,0,300.0,110.0,0.75,6.21619,15.4172
4448,0,0,0,0,0,1,0,300.0,110.0,1.0,11.0682,15.1543
4449,0,0,0,0,0,1,0,300.0,110.0,1.25,15.678,14.8177
4450,0,0,0,0,0,1,0,300.0,110.0,1.5,19.9991,14.2402
4451,0,0,0,0,0,1,0,300.0,110.0,1.75,23.8745,13.385
4452,0,0,0,0,0,1,0,300.0,110.0,2.0,26.9903,12.2891
4453,0,0,0,0,0,1,0,300.0,110.0,2.25,29.5566,11.0545
4454,0,0,0,0,0,1,0,300.0,110.0,2.515,31.6154,9.30682
4455,0,0,0,0,0,1,0,360.0,30.0,0.498,0,0
4456,0,0,0,0,0,1,0,360.0,30.0,0.75,0,0
4457,0,0,0,0,0,1,0,360.0,30.0,1.0,0,0
4458,0,0,0,0,0,1,0,360.0,30.0,1.25,0,0
4459,0,0,0,0,0,1,0,360.0,30.0,1.5,0,0
4460,0,0,0,0,0,1,0,360.0,30.0,1.75,0,0
4461,0,0,0,0,0,1,0,360.0,30.0,2.0,0,0
4462,0,0,0,0,0,1,0,360.0,30.0,2.25,0,0
4463,0,0,0,0,0,1,0,360.0,30.0,2.515,0,0
4464,0,0,0,0,0,1,0,360.0,40.0,0.498,0,0
4465,0,0,0,0,0,1,0,360.0,40.0,0.75,0,0
4466,0,0,0,0,0,1,0,360.0,40.0,1.0,0,0
4467,0,0,0,0,0,1,0,360.0,40.0,1.25,0,0
4468,0,0,0,0,0,1,0,360.0,40.0,1.5,0,0
4469,0,0,0,0,0,1,0,360.0,40.0,1.75,0,0
4470,0,0,0,0,0,1,0,360.0,40.0,2.0,0,0
4471,0,0,0,0,0,1,0,360.0,40.0,2.25,0,0.0465785
4472,0,0,0,0,0,1,0,360.0,40.0,2.515,0,0.222601
4473,0,0,0,0,0,1,0,360.0,50.0,0.498,0,0.0730893
4474,0,0,0,0,0,1,0,360.0,50.0,0.75,0,0
4475,0,0,0,0,0,1,0,360.0,50.0,1.0,0,0
4476,0,0,0,0,0,1,0,360.0,50.0,1.25,0,0
4477,0,0,0,0,0,1,0,360.0,50.0,1.5,0,0.0188525
4478,0,0,0,0,0,1,0,360.0,50.0,1.75,0,0.00156655
4479,0,0,0,0,0,1,0,360.0,50.0,2.0,0,0.152
4480,0,0,0,0,0,1,0,360.0,50.0,2.25,0.019094,0.39215
4481,0,0,0,0,0,1,0,360.0,50.0,2.515,0.0230224,0.512951
4482,0,0,0,0,0,1,0,360.0,60.0,0.498,0.141024,0.789159
4483,0,0,0,0,0,1,0,360.0,60.0,0.75,0.335777,0.962295
4484,0,0,0,0,0,1,0,360.0,60.0,1.0,0.402732,1.02143
4485,0,0,0,0,0,1,0,360.0,60.0,1.25,0.199788,0.888663
4486,0,0,0,0,0,1,0,360.0,60.0,1.5,0.175402,0.636742
4487,0,0,0,0,0,1,0,360.0,60.0,1.75,0.855004,0.652684
4488,0,0,0,0,0,1,0,360.0,60.0,2.0,1.40512,1.08861
4489,0,0,0,0,0,1,0,360.0,60.0,2.25,1.75757,1.20211
4490,0,0,0,0,0,1,0,360.0,60.0,2.515,1.92458,0.92001
4491,0,0,0,0,0,1,0,360.0,70.0,0.498,0.768855,2.65782
4492,0,0,0,0,0,1,0,360.0,70.0,0.75,1.05305,2.5753
4493,0,0,0,0,0,1,0,360.0,70.0,1.0,1.41865,2.73304
4494,0,0,0,0,0,1,0,360.0,70.0,1.25,1.90129,2.68843
4495,0,0,0,0,0,1,0,360.0,70.0,1.5,3.12382,2.49306
4496,0,0,0,0,0,1,0,360.0,70.0,1.75,3.86717,2.37274
4497,0,0,0,0,0,1,0,360.0,70.0,2.0,3.78033,2.07272
4498,0,0,0,0,0,1,0,360.0,70.0,2.25,3.94925,2.03826
4499,0,0,0,0,0,1,0,360.0,70.0,2.515,4.04657,1.50554
4500,0,0,0,0,0,1,0,360.0,80.0,0.498,1.13616,5.34932
4501,0,0,0,0,0,1,0,360.0,80.0,0.75,1.7196,5.50543
4502,0,0,0,0,0,1,0,360.0,80.0,1.0,2.79571,5.32104
4503,0,0,0,0,0,1,0,360.0,80.0,1.25,4.96728,5.17018
4504,0,0,0,0,0,1,0,360.0,80.0,1.5,6.44316,4.96654
4505,0,0,0,0,0,1,0,360.0,80.0,1.75,7.22924,4.50625
4506,0,0,0,0,0,1,0,360.0,80.0,2.0,7.92952,4.02053
4507,0,0,0,0,0,1,0,360.0,80.0,2.25,8.71248,3.41752
4508,0,0,0,0,0,1,0,360.0,80.0,2.515,9.46985,2.44584
4509,0,0,0,0,0,1,0,360.0,90.0,0.498,1.30173,9.33896
4510,0,0,0,0,0,1,0,360.0,90.0,0.75,2.55012,9.40425
4511,0,0,0,0,0,1,0,360.0,90.0,1.0,5.36061,9.16449
4512,0,0,0,0,0,1,0,360.0,90.0,1.25,7.83829,8.62158
4513,0,0,0,0,0,1,0,360.0,90.0,1.5,10.2615,8.03968
4514,0,0,0,0,0,1,0,360.0,90.0,1.75,12.2506,7.4755
4515,0,0,0,0,0,1,0,360.0,90.0,2.0,14.0381,6.7833
4516,0,0,0,0,0,1,0,360.0,90.0,2.25,15.4937,5.73638
4517,0,0,0,0,0,1,0,360.0,90.0,2.515,16.5769,4.36767
4518,0,0,0,0,0,1,0,360.0,100.0,0.498,1.54174,13.7136
4519,0,0,0,0,0,1,0,360.0,100.0,0.75,4.83184,13.7756
4520,0,0,0,0,0,1,0,360.0,100.0,1.0,8.55678,13.4513
4521,0,0,0,0,0,1,0,360.0,100.0,1.25,12.2384,12.8366
4522,0,0,0,0,0,1,0,360.0,100.0,1.5,15.594,12.0725
4523,0,0,0,0,0,1,0,360.0,100.0,1.75,18.644,11.125
4524,0,0,0,0,0,1,0,360.0,100.0,2.0,20.9267,9.92924
4525,0,0,0,0,0,1,0,360.0,100.0,2.25,22.7538,8.47912
4526,0,0,0,0,0,1,0,360.0,100.0,2.515,24.448,6.84479
4527,0,0,0,0,0,1,0,360.0,110.0,0.498,3.50851,18.3188
4528,0,0,0,0,0,1,0,360.0,110.0,0.75,8.16251,18.4681
4529,0,0,0,0,0,1,0,360.0,110.0,1.0,13.0062,18.0507
4530,0,0,0,0,0,1,0,360.0,110.0,1.25,17.4327,17.3477
4531,0,0,0,0,0,1,0,360.0,110.0,1.5,21.5943,16.4436
4532,0,0,0,0,0,1,0,360.0,110.0,1.75,25.2562,15.0211
4533,0,0,0,0,0,1,0,360.0,110.0,2.0,28.2463,13.417
4534,0,0,0,0,0,1,0,360.0,110.0,2.25,30.5337,11.6695
4535,0,0,0,0,0,1,0,360.0,110.0,2.515,32.4493,9.67713
4536,0,0,0,0,0,1,0,420.0,30.0,0.498,0,0
4537,0,0,0,0,0,1,0,420.0,30.0,0.75,0,0
4538,0,0,0,0,0,1,0,420.0,30.0,1.0,0,0
4539,0,0,0,0,0,1,0,420.0,30.0,1.25,0,0
4540,0,0,0,0,0,1,0,420.0,30.0,1.5,0,0
4541,0,0,0,0,0,1,0,420.0,30.0,1.75,0,0
4542,0,0,0,0,0,1,0,420.0,30.0,2.0,0,0
4543,0,0,0,0,0,1,0,420.0,30.0,2.25,0,0
4544,0,0,0,0,0,1,0,420.0,30.0,2.515,0,0
4545,0,0,0,0,0,1,0,420.0,40.0,0.498,0,0
4546,0,0,0,0,0,1,0,420.0,40.0,0.75,0,0
4547,0,0,0,0,0,1,0,420.0,40.0,1.0,0,0
4548,0,0,0,0,0,1,0,420.0,40.0,1.25,0,0
4549,0,0,0,0,0,1,0,420.0,40.0,1.5,0,0
4550,0,0,0,0,0,1,0,420.0,40.0,1.75,0,0
4551,0,0,0,0,0,1,0,420.0,40.0,2.0,0,0
4552,0,0,0,0,0,1,0,420.0,40.0,2.25,0,0
4553,0,0,0,0,0,1,0,420.0,40.0,2.515,0,0.163251
4554,0,0,0,0,0,1,0,420.0,50.0,0.498,0,0.528866
4555,0,0,0,0,0,1,0,420.0,50.0,0.75,0,0.418252
4556,0,0,0,0,0,1,0,420.0,50.0,1.0,0,0.357385
4557,0,0,0,0,0,1,0,420.0,50.0,1.25,0,0.315645
4558,0,0,0,0,0,1,0,420.0,50.0,1.5,0,0.339298
4559,0,0,0,0,0,1,0,420.0,50.0,1.75,0.0145385,0.300896
4560,0,0,0,0,0,1,0,420.0,50.0,2.0,0.168577,0.44643
4561,0,0,0,0,0,1,0,420.0,50.0,2.25,0.217549,0.442159
4562,0,0,0,0,0,1,0,420.0,50.0,2.515,0.264735,0.501557
4563,0,0,0,0,0,1,0,420.0,60.0,0.498,0.528794,1.80797
4564,0,0,0,0,0,1,0,420.0,60.0,0.75,0.627831,1.83573
4565,0,0,0,0,0,1,0,420.0,60.0,1.0,0.633407,1.78307
4566,0,0,0,0,0,1,0,420.0,60.0,1.25,0.763584,1.60473
4567,0,0,0,0,0,1,0,420.0,60.0,1.5,1.19456,1.34109
4568,0,0,0,0,0,1,0,420.0,60.0,1.75,1.87674,1.27036
4569,0,0,0,0,0,1,0,420.0,60.0,2.0,1.98322,1.47733
4570,0,0,0,0,0,1,0,420.0,60.0,2.25,2.12552,1.36658
4571,0,0,0,0,0,1,0,420.0,60.0,2.515,2.31156,0.91896
4572,0,0,0,0,0,1,0,420.0,70.0,0.498,1.20115,4.16722
4573,0,0,0,0,0,1,0,420.0,70.0,0.75,1.44361,4.18922
4574,0,0,0,0,0,1,0,420.0,70.0,1.0,1.97282,4.13835
4575,0,0,0,0,0,1,0,420.0,70.0,1.25,3.21755,3.81654
4576,0,0,0,0,0,1,0,420.0,70.0,1.5,4.50533,3.5669
4577,0,0,0,0,0,1,0,420.0,70.0,1.75,4.86203,3.1973
4578,0,0,0,0,0,1,0,420.0,70.0,2.0,4.69968,2.5951
4579,0,0,0,0,0,1,0,420.0,70.0,2.25,4.4465,2.08715
4580,0,0,0,0,0,1,0,420.0,70.0,2.515,4.42599,1.44151
4581,0,0,0,0,0,1,0,420.0,80.0,0.498,1.70083,7.82508
4582,0,0,0,0,0,1,0,420.0,80.0,0.75,2.44271,7.8073
4583,0,0,0,0,0,1,0,420.0,80.0,1.0,3.94842,7.40423
4584,0,0,0,0,0,1,0,420.0,80.0,1.25,6.1157,6.90807
4585,0,0,0,0,0,1,0,420.0,80.0,1.5,7.47164,6.44958
4586,0,0,0,0,0,1,0,420.0,80.0,1.75,8.47992,5.72305
4587,0,0,0,0,0,1,0,420.0,80.0,2.0,9.1406,4.88723
4588,0,0,0,0,0,1,0,420.0,80.0,2.25,9.71371,3.70962
4589,0,0,0,0,0,1,0,420.0,80.0,2.515,10.2056,2.50916
4590,0,0,0,0,0,1,0,420.0,90.0,0.498,2.01519,12.3122
4591,0,0,0,0,0,1,0,420.0,90.0,0.75,3.93795,12.1101
4592,0,0,0,0,0,1,0,420.0,90.0,1.0,6.58679,11.5981
4593,0,0,0,0,0,1,0,420.0,90.0,1.25,9.32578,10.7538
4594,0,0,0,0,0,1,0,420.0,90.0,1.5,11.6778,9.78293
4595,0,0,0,0,0,1,0,420.0,90.0,1.75,13.6446,8.84822
4596,0,0,0,0,0,1,0,420.0,90.0,2.0,15.2042,7.74434
4597,0,0,0,0,0,1,0,420.0,90.0,2.25,16.3159,6.24421
4598,0,0,0,0,0,1,0,420.0,90.0,2.515,17.2063,4.49222
4599,0,0,0,0,0,1,0,420.0,100.0,0.498,2.94477,16.7606
4600,0,0,0,0,0,1,0,420.0,100.0,0.75,6.10724,16.5922
4601,0,0,0,0,0,1,0,420.0,100.0,1.0,10.1784,15.9941
4602,0,0,0,0,0,1,0,420.0,100.0,1.25,13.9124,15.2098
4603,0,0,0,0,0,1,0,420.0,100.0,1.5,17.093,14.0236
4604,0,0,0,0,0,1,0,420.0,100.0,1.75,20.0038,12.5385
4605,0,0,0,0,0,1,0,420.0,100.0,2.0,21.9923,10.877
4606,0,0,0,0,0,1,0,420.0,100.0,2.25,23.5967,9.06845
4607,0,0,0,0,0,1,0,420.0,100.0,2.515,24.8865,7.01616
4608,0,0,0,0,0,1,0,420.0,110.0,0.498,4.83043,21.4122
4609,0,0,0,0,0,1,0,420.0,110.0,0.75,9.87092,21.2994
4610,0,0,0,0,0,1,0,420.0,110.0,1.0,14.8246,20.7722
4611,0,0,0,0,0,1,0,420.0,110.0,1.25,19.1368,19.8436
4612,0,0,0,0,0,1,0,420.0,110.0,1.5,23.0684,18.5021
4613,0,0,0,0,0,1,0,420.0,110.0,1.75,26.4373,16.6142
4614,0,0,0,0,0,1,0,420.0,110.0,2.0,29.2316,14.3896
4615,0,0,0,0,0,1,0,420.0,110.0,2.25,31.3074,12.2354
4616,0,0,0,0,0,1,0,420.0,110.0,2.515,33.0768,9.94856
4617,0,0,0,0,0,1,0,480.0,30.0,0.498,0,0
4618,0,0,0,0,0,1,0,480.0,30.0,0.75,0,0
4619,0,0,0,0,0,1,0,480.0,30.0,1.0,0,0
4620,0,0,0,0,0,1,0,480.0,30.0,1.25,0,0
4621,0,0,0,0,0,1,0,480.0,30.0,1.5,0,0
4622,0,0,0,0,0,1,0,480.0,30.0,1.75,0,0
4623,0,0,0,0,0,1,0,480.0,30.0,2.0,0,0
4624,0,0,0,0,0,1,0,480.0,30.0,2.25,0,0
4625,0,0,0,0,0,1,0,480.0,30.0,2.515,0,0
4626,0,0,0,0,0,1,0,480.0,40.0,0.498,0,0.0459851
4627,0,0,0,0,0,1,0,480.0,40.0,0.75,0,0
4628,0,0,0,0,0,1,0,480.0,40.0,1.0,0,0
4629,0,0,0,0,0,1,0,480.0,40.0,1.25,0,0.0444933
4630,0,0,0,0,0,1,0,480.0,40.0,1.5,0,0.0474631
4631,0,0,0,0,0,1,0,480.0,40.0,1.75,0,0.0512953
4632,0,0,0,0,0,1,0,480.0,40.0,2.0,0,0
4633,0,0,0,0,0,1,0,480.0,40.0,2.25,0,0
4634,0,0,0,0,0,1,0,480.0,40.0,2.515,0,0.135794
4635,0,0,0,0,0,1,0,480.0,50.0,0.498,0.0543491,1.14976
4636,0,0,0,0,0,1,0,480.0,50.0,0.75,0.0849094,1.09578
4637,0,0,0,0,0,1,0,480.0,50.0,1.0,0,0.973091
4638,0,0,0,0,0,1,0,480.0,50.0,1.25,0,0.708785
4639,0,0,0,0,0,1,0,480.0,50.0,1.5,0.119708,0.599817
4640,0,0,0,0,0,1,0,480.0,50.0,1.75,0.427755,0.527452
4641,0,0,0,0,0,1,0,480.0,50.0,2.0,0.602067,0.64824
4642,0,0,0,0,0,1,0,480.0,50.0,2.25,0.587152,0.533104
4643,0,0,0,0,0,1,0,480.0,50.0,2.515,0.609251,0.483056
4644,0,0,0,0,0,1,0,480.0,60.0,0.498,0.855361,3.09679
4645,0,0,0,0,0,1,0,480.0,60.0,0.75,0.856474,2.80327
4646,0,0,0,0,0,1,0,480.0,60.0,1.0,0.927834,2.50538
4647,0,0,0,0,0,1,0,480.0,60.0,1.25,1.53736,2.34974
4648,0,0,0,0,0,1,0,480.0,60.0,1.5,2.36956,2.07997
4649,0,0,0,0,0,1,0,480.0,60.0,1.75,2.7308,1.83123
4650,0,0,0,0,0,1,0,480.0,60.0,2.0,2.77274,1.7281
4651,0,0,0,0,0,1,0,480.0,60.0,2.25,2.44464,1.34503
4652,0,0,0,0,0,1,0,480.0,60.0,2.515,2.5505,0.790007
4653,0,0,0,0,0,1,0,480.0,70.0,0.498,1.5531,6.0097
4654,0,0,0,0,0,1,0,480.0,70.0,0.75,1.75618,5.77296
4655,0,0,0,0,0,1,0,480.0,70.0,1.0,2.59388,5.33441
4656,0,0,0,0,0,1,0,480.0,70.0,1.25,4.23624,5.08459
4657,0,0,0,0,0,1,0,480.0,70.0,1.5,5.46274,4.75655
4658,0,0,0,0,0,1,0,480.0,70.0,1.75,5.78848,4.06962
4659,0,0,0,0,0,1,0,480.0,70.0,2.0,5.44686,3.13147
4660,0,0,0,0,0,1,0,480.0,70.0,2.25,5.0883,2.05036
4661,0,0,0,0,0,1,0,480.0,70.0,2.515,5.28324,1.29162
4662,0,0,0,0,0,1,0,480.0,80.0,0.498,2.08585,10.3133
4663,0,0,0,0,0,1,0,480.0,80.0,0.75,3.05402,10.0099
4664,0,0,0,0,0,1,0,480.0,80.0,1.0,4.99017,9.43249
4665,0,0,0,0,0,1,0,480.0,80.0,1.25,6.92033,8.48797
4666,0,0,0,0,0,1,0,480.0,80.0,1.5,8.45522,7.73253
4667,0,0,0,0,0,1,0,480.0,80.0,1.75,9.60364,6.83258
4668,0,0,0,0,0,1,0,480.0,80.0,2.0,10.3458,5.58835
4669,0,0,0,0,0,1,0,480.0,80.0,2.25,10.8282,4.08432
4670,0,0,0,0,0,1,0,480.0,80.0,2.515,10.974,2.3511
4671,0,0,0,0,0,1,0,480.0,90.0,0.498,2.64471,14.9799
4672,0,0,0,0,0,1,0,480.0,90.0,0.75,5.02808,14.5104
4673,0,0,0,0,0,1,0,480.0,90.0,1.0,7.5878,13.7466
4674,0,0,0,0,0,1,0,480.0,90.0,1.25,10.341,12.5793
4675,0,0,0,0,0,1,0,480.0,90.0,1.5,12.8907,11.3562
4676,0,0,0,0,0,1,0,480.0,90.0,1.75,14.9537,10.0522
4677,0,0,0,0,0,1,0,480.0,90.0,2.0,16.3479,8.50348
4678,0,0,0,0,0,1,0,480.0,90.0,2.25,17.1454,6.60647
4679,0,0,0,0,0,1,0,480.0,90.0,2.515,17.7096,4.56329
4680,0,0,0,0,0,1,0,480.0,100.0,0.498,4.09877,19.5791
4681,0,0,0,0,0,1,0,480.0,100.0,0.75,7.20181,19.131
4682,0,0,0,0,0,1,0,480.0,100.0,1.0,11.5425,18.3795
4683,0,0,0,0,0,1,0,480.0,100.0,1.25,15.3381,17.3509
4684,0,0,0,0,0,1,0,480.0,100.0,1.5,18.3998,15.7452
4685,0,0,0,0,0,1,0,480.0,100.0,1.75,20.9773,13.8325
4686,0,0,0,0,0,1,0,480.0,100.0,2.0,22.9042,11.7688
4687,0,0,0,0,0,1,0,480.0,100.0,2.25,24.206,9.51325
4688,0,0,0,0,0,1,0,480.0,100.0,2.515,25.0687,7.03547
4689,0,0,0,0,0,1,0,480.0,110.0,0.498,5.93945,24.2085
4690,0,0,0,0,0,1,0,480.0,110.0,0.75,11.319,23.9696
4691,0,0,0,0,0,1,0,480.0,110.0,1.0,16.3562,23.2824
4692,0,0,0,0,0,1,0,480.0,110.0,1.25,20.7494,22.1296
4693,0,0,0,0,0,1,0,480.0,110.0,1.5,24.5049,20.4407
4694,0,0,0,0,0,1,0,480.0,110.0,1.75,27.5462,18.1435
4695,0,0,0,0,0,1,0,480.0,110.0,2.0,29.9331,15.374
4696,0,0,0,0,0,1,0,480.0,110.0,2.25,31.6834,12.7126
4697,0,0,0,0,0,1,0,480.0,110.0,2.515,33.2184,9.98169
4698,0,0,0,0,0,1,0,540.0,30.0,0.498,0,0
4699,0,0,0,0,0,1,0,540.0,30.0,0.75,0,0
4700,0,0,0,0,0,1,0,540.0,30.0,1.0,0,0
4701,0,0,0,0,0,1,0,540.0,30.0,1.25,0,0
4702,0,0,0,0,0,1,0,540.0,30.0,1.5,0,0
4703,0,0,0,0,0,1,0,540.0,30.0,1.75,0,0
4704,0,0,0,0,0,1,0,540.0,30.0,2.0,0,0
4705,0,0,0,0,0,1,0,540.0,30.0,2.25,0,0
4706,0,0,0,0,0,1,0,540.0,30.0,2.515,0,0
4707,0,0,0,0,0,1,0,540.0,40.0,0.498,0,0.388996
4708,0,0,0,0,0,1,0,540.0,40.0,0.75,0,0.25715
4709,0,0,0,0,0,1,0,540.0,40.0,1.0,0,0.228367
4710,0,0,0,0,0,1,0,540.0,40.0,1.25,0,0.252655
4711,0,0,0,0,0,1,0,540.0,40.0,1.5,0,0.226368
4712,0,0,0,0,0,1,0,540.0,40.0,1.75,0,0.201595
4713,0,0,0,0,0,1,0,540.0,40.0,2.0,0,0.119552
4714,0,0,0,0,0,1,0,540.0,40.0,2.25,0,0
4715,0,0,0,0,0,1,0,540.0,40.0,2.515,0,0.0757479
4716,0,0,0,0,0,1,0,540.0,50.0,0.498,0.24285,1.90998
4717,0,0,0,0,0,1,0,540.0,50.0,0.75,0.247457,1.75723
4718,0,0,0,0,0,1,0,540.0,50.0,1.0,0.111103,1.50547
4719,0,0,0,0,0,1,0,540.0,50.0,1.25,0.151728,1.13652
4720,0,0,0,0,0,1,0,540.0,50.0,1.5,0.642547,0.750178
4721,0,0,0,0,0,1,0,540.0,50.0,1.75,1.13551,0.710029
4722,0,0,0,0,0,1,0,540.0,50.0,2.0,1.16224,0.692906
4723,0,0,0,0,0,1,0,540.0,50.0,2.25,0.998691,0.568671
4724,0,0,0,0,0,1,0,540.0,50.0,2.515,0.868781,0.401514
4725,0,0,0,0,0,1,0,540.0,60.0,0.498,1.04178,4.32963
4726,0,0,0,0,0,1,0,540.0,60.0,0.75,1.02806,3.83277
4727,0,0,0,0,0,1,0,540.0,60.0,1.0,1.13194,3.36037
4728,0,0,0,0,0,1,0,540.0,60.0,1.25,2.05287,3.06842
4729,0,0,0,0,0,1,0,540.0,60.0,1.5,3.16698,2.89931
4730,0,0,0,0,0,1,0,540.0,60.0,1.75,3.42456,2.3612
4731,0,0,0,0,0,1,0,540.0,60.0,2.0,3.35741,1.76985
4732,0,0,0,0,0,1,0,540.0,60.0,2.25,2.97829,1.18888
4733,0,0,0,0,0,1,0,540.0,60.0,2.515,2.69703,0.62595
4734,0,0,0,0,0,1,0,540.0,70.0,0.498,1.84986,8.19781
4735,0,0,0,0,0,1,0,540.0,70.0,0.75,2.11884,7.64075
4736,0,0,0,0,0,1,0,540.0,70.0,1.0,3.29181,6.93471
4737,0,0,0,0,0,1,0,540.0,70.0,1.25,4.87328,6.28351
4738,0,0,0,0,0,1,0,540.0,70.0,1.5,6.01016,5.72094
4739,0,0,0,0,0,1,0,540.0,70.0,1.75,6.48613,4.82995
4740,0,0,0,0,0,1,0,540.0,70.0,2.0,6.3088,3.60861
4741,0,0,0,0,0,1,0,540.0,70.0,2.25,6.0799,2.04753
4742,0,0,0,0,0,1,0,540.0,70.0,2.515,6.10488,0.982831
4743,0,0,0,0,0,1,0,540.0,80.0,0.498,2.41268,12.6582
4744,0,0,0,0,0,1,0,540.0,80.0,0.75,3.86976,12.0251
4745,0,0,0,0,0,1,0,540.0,80.0,1.0,5.69893,11.1115
4746,0,0,0,0,0,1,0,540.0,80.0,1.25,7.52679,9.95422
4747,0,0,0,0,0,1,0,540.0,80.0,1.5,9.10333,8.77867
4748,0,0,0,0,0,1,0,540.0,80.0,1.75,10.6532,7.73863
4749,0,0,0,0,0,1,0,540.0,80.0,2.0,11.4785,6.20751
4750,0,0,0,0,0,1,0,540.0,80.0,2.25,11.8186,4.36389
4751,0,0,0,0,0,1,0,540.0,80.0,2.515,11.7155,2.1849
4752,0,0,0,0,0,1,0,540.0,90.0,0.498,3.39117,17.3778
4753,0,0,0,0,0,1,0,540.0,90.0,0.75,5.80294,16.7463
4754,0,0,0,0,0,1,0,540.0,90.0,1.0,8.53306,15.5625
4755,0,0,0,0,0,1,0,540.0,90.0,1.25,11.2657,14.2598
4756,0,0,0,0,0,1,0,540.0,90.0,1.5,13.743,12.7269
4757,0,0,0,0,0,1,0,540.0,90.0,1.75,15.9303,11.0311
4758,0,0,0,0,0,1,0,540.0,90.0,2.0,17.4279,9.20987
4759,0,0,0,0,0,1,0,540.0,90.0,2.25,18.1228,7.017
4760,0,0,0,0,0,1,0,540.0,90.0,2.515,18.1174,4.56326
4761,0,0,0,0,0,1,0,540.0,100.0,0.498,5.01547,22.1299
4762,0,0,0,0,0,1,0,540.0,100.0,0.75,8.48724,21.4678
4763,0,0,0,0,0,1,0,540.0,100.0,1.0,12.6381,20.5039
4764,0,0,0,0,0,1,0,540.0,100.0,1.25,16.3907,19.1673
4765,0,0,0,0,0,1,0,540.0,100.0,1.5,19.4205,17.2937
4766,0,0,0,0,0,1,0,540.0,100.0,1.75,21.7894,15.0225
4767,0,0,0,0,0,1,0,540.0,100.0,2.0,23.5851,12.4578
4768,0,0,0,0,0,1,0,540.0,100.0,2.25,24.5942,9.89048
4769,0,0,0,0,0,1,0,540.0,100.0,2.515,25.2832,7.01937
4770,0,0,0,0,0,1,0,540.0,110.0,0.498,7.30623,26.776
4771,0,0,0,0,0,1,0,540.0,110.0,0.75,12.6284,26.3405
4772,0,0,0,0,0,1,0,540.0,110.0,1.0,17.5627,25.3983
4773,0,0,0,0,0,1,0,540.0,110.0,1.25,21.9329,24.0181
4774,0,0,0,0,0,1,0,540.0,110.0,1.5,25.4263,21.9175
4775,0,0,0,0,0,1,0,540.0,110.0,1.75,28.1652,19.3833
4776,0,0,0,0,0,1,0,540.0,110.0,2.0,30.2514,16.309
4777,0,0,0,0,0,1,0,540.0,110.0,2.25,31.8351,13.1644
4778,0,0,0,0,0,1,0,540.0,110.0,2.515,33.1807,10.0297
4779,0,0,0,0,0,1,0,600.0,30.0,0.498,0,0
4780,0,0,0,0,0,1,0,600.0,30.0,0.75,0,0
4781,0,0,0,0,0,1,0,600.0,30.0,1.0,0,0
4782,0,0,0,0,0,1,0,600.0,30.0,1.25,0,0
4783,0,0,0,0,0,1,0,600.0,30.0,1.5,0,0
4784,0,0,0,0,0,1,0,600.0,30.0,1.75,0,0
4785,0,0,0,0,0,1,0,600.0,30.0,2.0,0,0
4786,0,0,0,0,0,1,0,600.0,30.0,2.25,0,0
4787,0,0,0,0,0,1,0,600.0,30.0,2.515,0,0
4788,0,0,0,0,0,1,0,600.0,40.0,0.498,0,0.977453
4789,0,0,0,0,0,1,0,600.0,40.0,0.75,0,0.778248
4790,0,0,0,0,0,1,0,600.0,40.0,1.0,0,0.449186
4791,0,0,0,0,0,1,0,600.0,40.0,1.25,0,0.370302
4792,0,0,0,0,0,1,0,600.0,40.0,1.5,0,0.346976
4793,0,0,0,0,0,1,0,600.0,40.0,1.75,0,0.288174
4794,0,0,0,0,0,1,0,600.0,40.0,2.0,0,0.159168
4795,0,0,0,0,0,1,0,600.0,40.0,2.25,0.0513534,0
4796,0,0,0,0,0,1,0,600.0,40.0,2.515,0,0
4797,0,0,0,0,0,1,0,600.0,50.0,0.498,0.384096,2.78507
4798,0,0,0,0,0,1,0,600.0,50.0,0.75,0.306177,2.31488
4799,0,0,0,0,0,1,0,600.0,50.0,1.0,0.138232,1.93657
4800,0,0,0,0,0,1,0,600.0,50.0,1.25,0.323991,1.50972
4801,0,0,0,0,0,1,0,600.0,50.0,1.5,0.981227,1.02696
4802,0,0,0,0,0,1,0,600.0,50.0,1.75,1.54981,0.782934
4803,0,0,0,0,0,1,0,600.0,50.0,2.0,1.71274,0.653865
4804,0,0,0,0,0,1,0,600.0,50.0,2.25,1.35599,0.456802
4805,0,0,0,0,0,1,0,600.0,50.0,2.515,0.990412,0.216517
4806,0,0,0,0,0,1,0,600.0,60.0,0.498,1.18171,5.7442
4807,0,0,0,0,0,1,0,600.0,60.0,0.75,1.12632,5.03844
4808,0,0,0,0,0,1,0,600.0,60.0,1.0,1.48678,4.44115
4809,0,0,0,0,0,1,0,600.0,60.0,1.25,2.44531,3.996
4810,0,0,0,0,0,1,0,600.0,60.0,1.5,3.55451,3.49455
4811,0,0,0,0,0,1,0,600.0,60.0,1.75,3.90644,2.75441
4812,0,0,0,0,0,1,0,600.0,60.0,2.0,3.76723,1.6752
4813,0,0,0,0,0,1,0,600.0,60.0,2.25,3.39969,0.943971
4814,0,0,0,0,0,1,0,600.0,60.0,2.515,3.08146,0.414107
4815,0,0,0,0,0,1,0,600.0,70.0,0.498,2.04152,10.0394
4816,0,0,0,0,0,1,0,600.0,70.0,0.75,2.44761,9.21449
4817,0,0,0,0,0,1,0,600.0,70.0,1.0,3.872,8.33678
4818,0,0,0,0,0,1,0,600.0,70.0,1.25,5.23249,7.3971
4819,0,0,0,0,0,1,0,600.0,70.0,1.5,6.37305,6.54068
4820,0,0,0,0,0,1,0,600.0,70.0,1.75,6.89765,5.42401
4821,0,0,0,0,0,1,0,600.0,70.0,2.0,7.23365,3.9946
4822,0,0,0,0,0,1,0,600.0,70.0,2.25,6.99506,2.0939
4823,0,0,0,0,0,1,0,600.0,70.0,2.515,6.83654,0.669536
4824,0,0,0,0,0,1,0,600.0,80.0,0.498,2.81007,14.7208
4825,0,0,0,0,0,1,0,600.0,80.0,0.75,4.45547,13.6776
4826,0,0,0,0,0,1,0,600.0,80.0,1.0,6.20231,12.5646
4827,0,0,0,0,0,1,0,600.0,80.0,1.25,7.91291,11.2403
4828,0,0,0,0,0,1,0,600.0,80.0,1.5,9.70806,9.9359
4829,0,0,0,0,0,1,0,600.0,80.0,1.75,11.3333,8.35788
4830,0,0,0,0,0,1,0,600.0,80.0,2.0,12.4337,6.73039
4831,0,0,0,0,0,1,0,600.0,80.0,2.25,12.6666,4.59507
4832,0,0,0,0,0,1,0,600.0,80.0,2.515,12.3962,2.10338
4833,0,0,0,0,0,1,0,600.0,90.0,0.498,4.07985,19.5554
4834,0,0,0,0,0,1,0,600.0,90.0,0.75,6.25407,18.5802
4835,0,0,0,0,0,1,0,600.0,90.0,1.0,9.30764,17.2481
4836,0,0,0,0,0,1,0,600.0,90.0,1.25,12.1691,15.7868
4837,0,0,0,0,0,1,0,600.0,90.0,1.5,14.5263,14.0149
4838,0,0,0,0,0,1,0,600.0,90.0,1.75,16.6508,12.0087
4839,0,0,0,0,0,1,0,600.0,90.0,2.0,18.1162,9.76367
4840,0,0,0,0,0,1,0,600.0,90.0,2.25,18.7505,7.28469
4841,0,0,0,0,0,1,0,600.0,90.0,2.515,18.6262,4.54794
4842,0,0,0,0,0,1,0,600.0,100.0,0.498,5.69752,24.2975
4843,0,0,0,0,0,1,0,600.0,100.0,0.75,9.60569,23.4393
4844,0,0,0,0,0,1,0,600.0,100.0,1.0,13.5994,22.2633
4845,0,0,0,0,0,1,0,600.0,100.0,1.25,17.0295,20.5885
4846,0,0,0,0,0,1,0,600.0,100.0,1.5,20.0734,18.516
4847,0,0,0,0,0,1,0,600.0,100.0,1.75,22.3984,16.0448
4848,0,0,0,0,0,1,0,600.0,100.0,2.0,23.9075,13.1163
4849,0,0,0,0,0,1,0,600.0,100.0,2.25,24.8647,10.2781
4850,0,0,0,0,0,1,0,600.0,100.0,2.515,25.4187,7.05116
4851,0,0,0,0,0,1,0,600.0,110.0,0.498,8.63721,29.1379
4852,0,0,0,0,0,1,0,600.0,110.0,0.75,13.7862,28.3713
4853,0,0,0,0,0,1,0,600.0,110.0,1.0,18.5384,27.2352
4854,0,0,0,0,0,1,0,600.0,110.0,1.25,22.6327,25.5038
4855,0,0,0,0,0,1,0,600.0,110.0,1.5,25.8479,23.0717
4856,0,0,0,0,0,1,0,600.0,110.0,1.75,28.3596,20.1885
4857,0,0,0,0,0,1,0,600.0,110.0,2.0,30.1692,17.0268
4858,0,0,0,0,0,1,0,600.0,110.0,2.25,31.6605,13.6227
4859,0,0,0,0,0,1,0,600.0,110.0,2.515,32.9726,10.1225
4860,0,0,0,0,0,0,1,60.0,30.0,0.498,0,0
4861,0,0,0,0,0,0,1,60.0,30.0,0.75,0,0
4862,0,0,0,0,0,0,1,60.0,30.0,1.0,0,0
4863,0,0,0,0,0,0,1,60.0,30.0,1.25,0,0
4864,0,0,0,0,0,0,1,60.0,30.0,1.5,0,0
4865,0,0,0,0,0,0,1,60.0,30.0,1.75,0,0
4866,0,0,0,0,0,0,1,60.0,30.0,2.0,0,0
4867,0,0,0,0,0,0,1,60.0,30.0,2.25,0.0329972,0.118553
4868,0,0,0,0,0,0,1,60.0,30.0,2.515,0.289267,0.649101
4869,0,0,0,0,0,0,1,60.0,40.0,0.498,0,0
4870,0,0,0,0,0,0,1,60.0,40.0,0.75,0,0
4871,0,0,0,0,0,0,1,60.0,40.0,1.0,0,0
4872,0,0,0,0,0,0,1,60.0,40.0,1.25,0,0
4873,0,0,0,0,0,0,1,60.0,40.0,1.5,0,0
4874,0,0,0,0,0,0,1,60.0,40.0,1.75,0.404566,0.00615778
4875,0,0,0,0,0,0,1,60.0,40.0,2.0,0.806763,0.285754
4876,0,0,0,0,0,0,1,60.0,40.0,2.25,1.69346,1.15268
4877,0,0,0,0,0,0,1,60.0,40.0,2.515,3.04159,2.04696
4878,0,0,0,0,0,0,1,60.0,50.0,0.498,0,0
4879,0,0,0,0,0,0,1,60.0,50.0,0.75,0,0
4880,0,0,0,0,0,0,1,60.0,50.0,1.0,0,0
4881,0,0,0,0,0,0,1,60.0,50.0,1.25,0.0577233,0
4882,0,0,0,0,0,0,1,60.0,50.0,1.5,0.761486,0.140215
4883,0,0,0,0,0,0,1,60.0,50.0,1.75,2.52402,0.549842
4884,0,0,0,0,0,0,1,60.0,50.0,2.0,4.73819,1.67441
4885,0,0,0,0,0,0,1,60.0,50.0,2.25,6.79482,2.74701
4886,0,0,0,0,0,0,1,60.0,50.0,2.515,8.80244,3.51765
4887,0,0,0,0,0,0,1,60.0,60.0,0.498,0,0
4888,0,0,0,0,0,0,1,60.0,60.0,0.75,0,0
4889,0,0,0,0,0,0,1,60.0,60.0,1.0,0.0180718,0
4890,0,0,0,0,0,0,1,60.0,60.0,1.25,2.05473,0.0852029
4891,0,0,0,0,0,0,1,60.0,60.0,1.5,5.88691,1.23535
4892,0,0,0,0,0,0,1,60.0,60.0,1.75,9.32342,3.01723
4893,0,0,0,0,0,0,1,60.0,60.0,2.0,12.2824,4.57388
4894,0,0,0,0,0,0,1,60.0,60.0,2.25,14.9443,5.80109
4895,0,0,0,0,0,0,1,60.0,60.0,2.515,17.2241,6.63731
4896,0,0,0,0,0,0,1,60.0,70.0,0.498,0,0
4897,0,0,0,0,0,0,1,60.0,70.0,0.75,0,0.140535
4898,0,0,0,0,0,0,1,60.0,70.0,1.0,2.71106,0.77638
4899,0,0,0,0,0,0,1,60.0,70.0,1.25,7.8259,2.42877
4900,0,0,0,0,0,0,1,60.0,70.0,1.5,12.7547,4.72065
4901,0,0,0,0,0,0,1,60.0,70.0,1.75,17.1425,6.95505
4902,0,0,0,0,0,0,1,60.0,70.0,2.0,20.9906,8.60084
4903,0,0,0,0,0,0,1,60.0,70.0,2.25,24.1417,9.67649
4904,0,0,0,0,0,0,1,60.0,70.0,2.515,27.1476,10.5469
4905,0,0,0,0,0,0,1,60.0,80.0,0.498,0,0.66096
4906,0,0,0,0,0,0,1,60.0,80.0,0.75,1.91033,1.81145
4907,0,0,0,0,0,0,1,60.0,80.0,1.0,7.9528,3.83968
4908,0,0,0,0,0,0,1,60.0,80.0,1.25,14.449,6.42199
4909,0,0,0,0,0,0,1,60.0,80.0,1.5,20.703,8.99594
4910,0,0,0,0,0,0,1,60.0,80.0,1.75,26.0789,11.2234
4911,0,0,0,0,0,0,1,60.0,80.0,2.0,30.6915,12.9709
4912,0,0,0,0,0,0,1,60.0,80.0,2.25,35.0771,14.4418
4913,0,0,0,0,0,0,1,60.0,80.0,2.515,39.0795,15.402
4914,0,0,0,0,0,0,1,60.0,90.0,0.498,0.977363,3.63096
4915,0,0,0,0,0,0,1,60.0,90.0,0.75,6.20442,5.60471
4916,0,0,0,0,0,0,1,60.0,90.0,1.0,13.9669,8.15571
4917,0,0,0,0,0,0,1,60.0,90.0,1.25,21.8989,11.0045
4918,0,0,0,0,0,0,1,60.0,90.0,1.5,29.3006,13.7662
4919,0,0,0,0,0,0,1,60.0,90.0,1.75,36.0417,16.0746
4920,0,0,0,0,0,0,1,60.0,90.0,2.0,42.0212,18.0536
4921,0,0,0,0,0,0,1,60.0,90.0,2.25,47.3282,19.6568
4922,0,0,0,0,0,0,1,60.0,90.0,2.515,51.5467,20.5338
4923,0,0,0,0,0,0,1,60.0,100.0,0.498,3.75858,8.28461
4924,0,0,0,0,0,0,1,60.0,100.0,0.75,11.6611,10.3844
4925,0,0,0,0,0,0,1,60.0,100.0,1.0,20.6312,12.9085
4926,0,0,0,0,0,0,1,60.0,100.0,1.25,29.5838,15.754
4927,0,0,0,0,0,0,1,60.0,100.0,1.5,38.2752,18.6583
4928,0,0,0,0,0,0,1,60.0,100.0,1.75,46.5165,21.3168
4929,0,0,0,0,0,0,1,60.0,100.0,2.0,53.6818,23.5027
4930,0,0,0,0,0,0,1,60.0,100.0,2.25,59.5669,24.9108
4931,0,0,0,0,0,0,1,60.0,100.0,2.515,63.9154,25.5278
4932,0,0,0,0,0,0,1,60.0,110.0,0.498,8.52075,13.4455
4933,0,0,0,0,0,0,1,60.0,110.0,0.75,18.2641,15.7446
4934,0,0,0,0,0,0,1,60.0,110.0,1.0,28.0939,18.3105
4935,0,0,0,0,0,0,1,60.0,110.0,1.25,37.6287,20.9546
4936,0,0,0,0,0,0,1,60.0,110.0,1.5,47.0621,23.6413
4937,0,0,0,0,0,0,1,60.0,110.0,1.75,56.1702,26.2199
4938,0,0,0,0,0,0,1,60.0,110.0,2.0,64.1019,28.3195
4939,0,0,0,0,0,0,1,60.0,110.0,2.25,70.5186,29.6929
4940,0,0,0,0,0,0,1,60.0,110.0,2.515,75.1469,29.9437
4941,0,0,0,0,0,0,1,120.0,30.0,0.498,0,0
4942,0,0,0,0,0,0,1,120.0,30.0,0.75,0,0
4943,0,0,0,0,0,0,1,120.0,30.0,1.0,0,0
4944,0,0,0,0,0,0,1,120.0,30.0,1.25,0,0
4945,0,0,0,0,0,0,1,120.0,30.0,1.5,0,0
4946,0,0,0,0,0,0,1,120.0,30.0,1.75,0,0
4947,0,0,0,0,0,0,1,120.0,30.0,2.0,0.0904992,0
4948,0,0,0,0,0,0,1,120.0,30.0,2.25,0.326968,0.376361
4949,0,0,0,0,0,0,1,120.0,30.0,2.515,0.547266,0.910353
4950,0,0,0,0,0,0,1,120.0,40.0,0.498,0,0
4951,0,0,0,0,0,0,1,120.0,40.0,0.75,0,0
4952,0,0,0,0,0,0,1,120.0,40.0,1.0,0,0
4953,0,0,0,0,0,0,1,120.0,40.0,1.25,0,0
4954,0,0,0,0,0,0,1,120.0,40.0,1.5,0.336002,0
4955,0,0,0,0,0,0,1,120.0,40.0,1.75,0.73185,0.156027
4956,0,0,0,0,0,0,1,120.0,40.0,2.0,1.48099,0.622412
4957,0,0,0,0,0,0,1,120.0,40.0,2.25,2.61327,1.5456
4958,0,0,0,0,0,0,1,120.0,40.0,2.515,3.85717,2.39704
4959,0,0,0,0,0,0,1,120.0,50.0,0.498,0,0
4960,0,0,0,0,0,0,1,120.0,50.0,0.75,0,0
4961,0,0,0,0,0,0,1,120.0,50.0,1.0,0,0
4962,0,0,0,0,0,0,1,120.0,50.0,1.25,0.553632,0
4963,0,0,0,0,0,0,1,120.0,50.0,1.5,1.64687,0.333185
4964,0,0,0,0,0,0,1,120.0,50.0,1.75,4.39543,0.974728
4965,0,0,0,0,0,0,1,120.0,50.0,2.0,6.51178,2.17787
4966,0,0,0,0,0,0,1,120.0,50.0,2.25,8.25527,3.25399
4967,0,0,0,0,0,0,1,120.0,50.0,2.515,10.1525,4.08865
4968,0,0,0,0,0,0,1,120.0,60.0,0.498,0,0
4969,0,0,0,0,0,0,1,120.0,60.0,0.75,0,0
4970,0,0,0,0,0,0,1,120.0,60.0,1.0,0.775252,0
4971,0,0,0,0,0,0,1,120.0,60.0,1.25,3.94175,0.710351
4972,0,0,0,0,0,0,1,120.0,60.0,1.5,7.97259,2.25668
4973,0,0,0,0,0,0,1,120.0,60.0,1.75,11.1809,4.09487
4974,0,0,0,0,0,0,1,120.0,60.0,2.0,13.9781,5.57142
4975,0,0,0,0,0,0,1,120.0,60.0,2.25,16.3535,6.6008
4976,0,0,0,0,0,0,1,120.0,60.0,2.515,18.7741,7.41109
4977,0,0,0,0,0,0,1,120.0,70.0,0.498,0,0.0764395
4978,0,0,0,0,0,0,1,120.0,70.0,0.75,0.610984,0.501219
4979,0,0,0,0,0,0,1,120.0,70.0,1.0,4.79274,1.82185
4980,0,0,0,0,0,0,1,120.0,70.0,1.25,10.0507,3.93664
4981,0,0,0,0,0,0,1,120.0,70.0,1.5,14.9744,6.24206
4982,0,0,0,0,0,0,1,120.0,70.0,1.75,19.1725,8.23814
4983,0,0,0,0,0,0,1,120.0,70.0,2.0,22.8284,9.62899
4984,0,0,0,0,0,0,1,120.0,70.0,2.25,25.8351,10.6131
4985,0,0,0,0,0,0,1,120.0,70.0,2.515,28.8688,11.4023
4986,0,0,0,0,0,0,1,120.0,80.0,0.498,0.189225,1.73543
4987,0,0,0,0,0,0,1,120.0,80.0,0.75,3.81822,3.48607
4988,0,0,0,0,0,0,1,120.0,80.0,1.0,10.3273,5.76307
4989,0,0,0,0,0,0,1,120.0,80.0,1.25,16.7544,8.28853
4990,0,0,0,0,0,0,1,120.0,80.0,1.5,22.9594,10.7175
4991,0,0,0,0,0,0,1,120.0,80.0,1.75,28.2998,12.8034
4992,0,0,0,0,0,0,1,120.0,80.0,2.0,33.0234,14.3275
4993,0,0,0,0,0,0,1,120.0,80.0,2.25,37.0897,15.4557
4994,0,0,0,0,0,0,1,120.0,80.0,2.515,40.7641,16.2024
4995,0,0,0,0,0,0,1,120.0,90.0,0.498,1.68806,6.08111
4996,0,0,0,0,0,0,1,120.0,90.0,0.75,8.6046,8.08938
4997,0,0,0,0,0,0,1,120.0,90.0,1.0,16.442,10.4444
4998,0,0,0,0,0,0,1,120.0,90.0,1.25,24.283,13.1053
4999,0,0,0,0,0,0,1,120.0,90.0,1.5,31.7706,15.7847
5000,0,0,0,0,0,0,1,120.0,90.0,1.75,38.5763,18.0079
5001,0,0,0,0,0,0,1,120.0,90.0,2.0,44.5162,19.7302
5002,0,0,0,0,0,0,1,120.0,90.0,2.25,49.5237,20.8977
5003,0,0,0,0,0,0,1,120.0,90.0,2.515,53.3937,21.3566
5004,0,0,0,0,0,0,1,120.0,100.0,0.498,5.36852,11.0184
5005,0,0,0,0,0,0,1,120.0,100.0,0.75,13.9256,13.0725
5006,0,0,0,0,0,0,1,120.0,100.0,1.0,22.9975,15.466
5007,0,0,0,0,0,0,1,120.0,100.0,1.25,32.3058,18.2477
5008,0,0,0,0,0,0,1,120.0,100.0,1.5,41.1471,21.0474
5009,0,0,0,0,0,0,1,120.0,100.0,1.75,49.3306,23.5598
5010,0,0,0,0,0,0,1,120.0,100.0,2.0,56.3429,25.399
5011,0,0,0,0,0,0,1,120.0,100.0,2.25,61.7627,26.2635
5012,0,0,0,0,0,0,1,120.0,100.0,2.515,65.7426,26.4374
5013,0,0,0,0,0,0,1,120.0,110.0,0.498,10.8434,16.4994
5014,0,0,0,0,0,0,1,120.0,110.0,0.75,20.5421,18.6709
5015,0,0,0,0,0,0,1,120.0,110.0,1.0,30.5325,21.1153
5016,0,0,0,0,0,0,1,120.0,110.0,1.25,40.4166,23.672
5017,0,0,0,0,0,0,1,120.0,110.0,1.5,50.0267,26.266
5018,0,0,0,0,0,0,1,120.0,110.0,1.75,59.1368,28.5933
5019,0,0,0,0,0,0,1,120.0,110.0,2.0,66.8968,30.3428
5020,0,0,0,0,0,0,1,120.0,110.0,2.25,72.7573,31.1599
5021,0,0,0,0,0,0,1,120.0,110.0,2.515,76.6579,30.7664
5022,0,0,0,0,0,0,1,180.0,30.0,0.498,0,0
5023,0,0,0,0,0,0,1,180.0,30.0,0.75,0,0
5024,0,0,0,0,0,0,1,180.0,30.0,1.0,0,0
5025,0,0,0,0,0,0,1,180.0,30.0,1.25,0,0
5026,0,0,0,0,0,0,1,180.0,30.0,1.5,0,0
5027,0,0,0,0,0,0,1,180.0,30.0,1.75,0.140429,0
5028,0,0,0,0,0,0,1,180.0,30.0,2.0,0.340098,0.0824876
5029,0,0,0,0,0,0,1,180.0,30.0,2.25,0.652741,0.5578
5030,0,0,0,0,0,0,1,180.0,30.0,2.515,1.16804,1.2337
5031,0,0,0,0,0,0,1,180.0,40.0,0.498,0,0
5032,0,0,0,0,0,0,1,180.0,40.0,0.75,0,0
5033,0,0,0,0,0,0,1,180.0,40.0,1.0,0,0
5034,0,0,0,0,0,0,1,180.0,40.0,1.25,0.280956,0
5035,0,0,0,0,0,0,1,180.0,40.0,1.5,0.701326,0.0215272
5036,0,0,0,0,0,0,1,180.0,40.0,1.75,1.36138,0.281484
5037,0,0,0,0,0,0,1,180.0,40.0,2.0,2.32015,0.944664
5038,0,0,0,0,0,0,1,180.0,40.0,2.25,3.49858,1.92432
5039,0,0,0,0,0,0,1,180.0,40.0,2.515,4.7063,2.71686
5040,0,0,0,0,0,0,1,180.0,50.0,0.498,0,0
5041,0,0,0,0,0,0,1,180.0,50.0,0.75,0,0
5042,0,0,0,0,0,0,1,180.0,50.0,1.0,0.424417,0
5043,0,0,0,0,0,0,1,180.0,50.0,1.25,1.22213,0.216561
5044,0,0,0,0,0,0,1,180.0,50.0,1.5,3.49574,0.457231
5045,0,0,0,0,0,0,1,180.0,50.0,1.75,5.99367,1.52656
5046,0,0,0,0,0,0,1,180.0,50.0,2.0,8.08817,2.94026
5047,0,0,0,0,0,0,1,180.0,50.0,2.25,9.71681,3.91458
5048,0,0,0,0,0,0,1,180.0,50.0,2.515,11.499,4.6946
5049,0,0,0,0,0,0,1,180.0,60.0,0.498,0,0
5050,0,0,0,0,0,0,1,180.0,60.0,0.75,0.18652,0
5051,0,0,0,0,0,0,1,180.0,60.0,1.0,2.25237,0.444021
5052,0,0,0,0,0,0,1,180.0,60.0,1.25,6.04736,1.72816
5053,0,0,0,0,0,0,1,180.0,60.0,1.5,9.77502,3.49319
5054,0,0,0,0,0,0,1,180.0,60.0,1.75,12.9762,5.11
5055,0,0,0,0,0,0,1,180.0,60.0,2.0,15.6312,6.46779
5056,0,0,0,0,0,0,1,180.0,60.0,2.25,17.8422,7.37779
5057,0,0,0,0,0,0,1,180.0,60.0,2.515,20.336,8.22723
5058,0,0,0,0,0,0,1,180.0,70.0,0.498,0,0.516868
5059,0,0,0,0,0,0,1,180.0,70.0,0.75,2.08719,1.61515
5060,0,0,0,0,0,0,1,180.0,70.0,1.0,6.99298,3.37242
5061,0,0,0,0,0,0,1,180.0,70.0,1.25,12.003,5.55542
5062,0,0,0,0,0,0,1,180.0,70.0,1.5,16.8133,7.63121
5063,0,0,0,0,0,0,1,180.0,70.0,1.75,21.0559,9.36922
5064,0,0,0,0,0,0,1,180.0,70.0,2.0,24.5821,10.6094
5065,0,0,0,0,0,0,1,180.0,70.0,2.25,27.5285,11.509
5066,0,0,0,0,0,0,1,180.0,70.0,2.515,30.5204,12.191
5067,0,0,0,0,0,0,1,180.0,80.0,0.498,0.707293,4.01994
5068,0,0,0,0,0,0,1,180.0,80.0,0.75,6.18625,5.72062
5069,0,0,0,0,0,0,1,180.0,80.0,1.0,12.5912,7.80803
5070,0,0,0,0,0,0,1,180.0,80.0,1.25,18.9866,10.1296
5071,0,0,0,0,0,0,1,180.0,80.0,1.5,25.0118,12.408
5072,0,0,0,0,0,0,1,180.0,80.0,1.75,30.337,14.2808
5073,0,0,0,0,0,0,1,180.0,80.0,2.0,35.0586,15.5798
5074,0,0,0,0,0,0,1,180.0,80.0,2.25,38.8702,16.3954
5075,0,0,0,0,0,0,1,180.0,80.0,2.515,42.1389,16.7749
5076,0,0,0,0,0,0,1,180.0,90.0,0.498,3.46567,8.76162
5077,0,0,0,0,0,0,1,180.0,90.0,0.75,11.0502,10.6337
5078,0,0,0,0,0,0,1,180.0,90.0,1.0,18.8241,12.8669
5079,0,0,0,0,0,0,1,180.0,90.0,1.25,26.5295,15.1953
5080,0,0,0,0,0,0,1,180.0,90.0,1.5,33.8491,17.6088
5081,0,0,0,0,0,0,1,180.0,90.0,1.75,40.8109,19.7817
5082,0,0,0,0,0,0,1,180.0,90.0,2.0,46.6194,21.2757
5083,0,0,0,0,0,0,1,180.0,90.0,2.25,51.211,21.9087
5084,0,0,0,0,0,0,1,180.0,90.0,2.515,54.7174,21.8641
5085,0,0,0,0,0,0,1,180.0,100.0,0.498,7.67412,13.9378
5086,0,0,0,0,0,0,1,180.0,100.0,0.75,16.3201,15.9453
5087,0,0,0,0,0,0,1,180.0,100.0,1.0,25.3636,18.1967
5088,0,0,0,0,0,0,1,180.0,100.0,1.25,34.7456,20.7092
5089,0,0,0,0,0,0,1,180.0,100.0,1.5,43.5661,23.2021
5090,0,0,0,0,0,0,1,180.0,100.0,1.75,51.6679,25.5052
5091,0,0,0,0,0,0,1,180.0,100.0,2.0,58.3861,26.9692
5092,0,0,0,0,0,0,1,180.0,100.0,2.25,63.3111,27.3507
5093,0,0,0,0,0,0,1,180.0,100.0,2.515,66.852,26.8487
5094,0,0,0,0,0,0,1,180.0,110.0,0.498,13.2455,19.6687
5095,0,0,0,0,0,0,1,180.0,110.0,0.75,22.8221,21.7636
5096,0,0,0,0,0,0,1,180.0,110.0,1.0,32.8448,24.0415
5097,0,0,0,0,0,0,1,180.0,110.0,1.25,42.8287,26.4031
5098,0,0,0,0,0,0,1,180.0,110.0,1.5,52.5777,28.7128
5099,0,0,0,0,0,0,1,180.0,110.0,1.75,61.4599,30.5866
5100,0,0,0,0,0,0,1,180.0,110.0,2.0,68.8724,31.9129
5101,0,0,0,0,0,0,1,180.0,110.0,2.25,74.1667,32.1703
5102,0,0,0,0,0,0,1,180.0,110.0,2.515,77.4809,31.2015
5103,0,0,0,0,0,0,1,240.0,30.0,0.498,0,0
5104,0,0,0,0,0,0,1,240.0,30.0,0.75,0,0
5105,0,0,0,0,0,0,1,240.0,30.0,1.0,0,0
5106,0,0,0,0,0,0,1,240.0,30.0,1.25,0,0
5107,0,0,0,0,0,0,1,240.0,30.0,1.5,0.23707,0
5108,0,0,0,0,0,0,1,240.0,30.0,1.75,0.427618,0
5109,0,0,0,0,0,0,1,240.0,30.0,2.0,0.753278,0.198087
5110,0,0,0,0,0,0,1,240.0,30.0,2.25,1.29543,0.71924
5111,0,0,0,0,0,0,1,240.0,30.0,2.515,1.80395,1.41687
5112,0,0,0,0,0,0,1,240.0,40.0,0.498,0,0
5113,0,0,0,0,0,0,1,240.0,40.0,0.75,0,0
5114,0,0,0,0,0,0,1,240.0,40.0,1.0,0.158721,0
5115,0,0,0,0,0,0,1,240.0,40.0,1.25,0.683521,0
5116,0,0,0,0,0,0,1,240.0,40.0,1.5,1.25667,0.163127
5117,0,0,0,0,0,0,1,240.0,40.0,1.75,2.10508,0.433505
5118,0,0,0,0,0,0,1,240.0,40.0,2.0,3.44138,1.27059
5119,0,0,0,0,0,0,1,240.0,40.0,2.25,4.68636,2.17241
5120,0,0,0,0,0,0,1,240.0,40.0,2.515,6.01082,2.9295
5121,0,0,0,0,0,0,1,240.0,50.0,0.498,0,0
5122,0,0,0,0,0,0,1,240.0,50.0,0.75,0.102058,0
5123,0,0,0,0,0,0,1,240.0,50.0,1.0,0.892808,0.0770997
5124,0,0,0,0,0,0,1,240.0,50.0,1.25,2.80242,0.376009
5125,0,0,0,0,0,0,1,240.0,50.0,1.5,5.32102,0.867021
5126,0,0,0,0,0,0,1,240.0,50.0,1.75,7.63806,2.33159
5127,0,0,0,0,0,0,1,240.0,50.0,2.0,9.38598,3.50397
5128,0,0,0,0,0,0,1,240.0,50.0,2.25,11.0879,4.44758
5129,0,0,0,0,0,0,1,240.0,50.0,2.515,12.9065,5.21444
5130,0,0,0,0,0,0,1,240.0,60.0,0.498,0,0
5131,0,0,0,0,0,0,1,240.0,60.0,0.75,0.938679,0.277888
5132,0,0,0,0,0,0,1,240.0,60.0,1.0,4.35656,1.44898
5133,0,0,0,0,0,0,1,240.0,60.0,1.25,8.17646,3.04074
5134,0,0,0,0,0,0,1,240.0,60.0,1.5,11.5417,4.62562
5135,0,0,0,0,0,0,1,240.0,60.0,1.75,14.5353,5.97111
5136,0,0,0,0,0,0,1,240.0,60.0,2.0,17.109,7.13648
5137,0,0,0,0,0,0,1,240.0,60.0,2.25,19.3484,8.06689
5138,0,0,0,0,0,0,1,240.0,60.0,2.515,21.8658,8.89073
5139,0,0,0,0,0,0,1,240.0,70.0,0.498,0.156008,1.943
5140,0,0,0,0,0,0,1,240.0,70.0,0.75,4.00624,3.47434
5141,0,0,0,0,0,0,1,240.0,70.0,1.0,9.18085,5.2506
5142,0,0,0,0,0,0,1,240.0,70.0,1.25,14.0926,7.1823
5143,0,0,0,0,0,0,1,240.0,70.0,1.5,18.5111,8.91813
5144,0,0,0,0,0,0,1,240.0,70.0,1.75,22.6594,10.3985
5145,0,0,0,0,0,0,1,240.0,70.0,2.0,26.2396,11.5096
5146,0,0,0,0,0,0,1,240.0,70.0,2.25,29.0453,12.2983
5147,0,0,0,0,0,0,1,240.0,70.0,2.515,31.9906,12.8815
5148,0,0,0,0,0,0,1,240.0,80.0,0.498,2.07318,6.60986
5149,0,0,0,0,0,0,1,240.0,80.0,0.75,8.55823,8.08911
5150,0,0,0,0,0,0,1,240.0,80.0,1.0,14.8459,9.99616
5151,0,0,0,0,0,0,1,240.0,80.0,1.25,20.9762,11.9175
5152,0,0,0,0,0,0,1,240.0,80.0,1.5,26.8479,13.9347
5153,0,0,0,0,0,0,1,240.0,80.0,1.75,32.2228,15.7748
5154,0,0,0,0,0,0,1,240.0,80.0,2.0,36.7684,16.7483
5155,0,0,0,0,0,0,1,240.0,80.0,2.25,40.2831,17.1827
5156,0,0,0,0,0,0,1,240.0,80.0,2.515,43.3201,17.2454
5157,0,0,0,0,0,0,1,240.0,90.0,0.498,5.82395,11.6351
5158,0,0,0,0,0,0,1,240.0,90.0,0.75,13.4396,13.3639
5159,0,0,0,0,0,0,1,240.0,90.0,1.0,21.0214,15.2445
5160,0,0,0,0,0,0,1,240.0,90.0,1.25,28.5378,17.2831
5161,0,0,0,0,0,0,1,240.0,90.0,1.5,35.9696,19.4687
5162,0,0,0,0,0,0,1,240.0,90.0,1.75,42.7283,21.2954
5163,0,0,0,0,0,0,1,240.0,90.0,2.0,48.1761,22.4199
5164,0,0,0,0,0,0,1,240.0,90.0,2.25,52.2446,22.5831
5165,0,0,0,0,0,0,1,240.0,90.0,2.515,55.5734,22.0351
5166,0,0,0,0,0,0,1,240.0,100.0,0.498,10.2755,17.1291
5167,0,0,0,0,0,0,1,240.0,100.0,0.75,18.6783,18.9423
5168,0,0,0,0,0,0,1,240.0,100.0,1.0,27.67,21.0106
5169,0,0,0,0,0,0,1,240.0,100.0,1.25,36.8102,23.197
5170,0,0,0,0,0,0,1,240.0,100.0,1.5,45.6086,25.2083
5171,0,0,0,0,0,0,1,240.0,100.0,1.75,53.4041,27.0521
5172,0,0,0,0,0,0,1,240.0,100.0,2.0,59.641,28.0016
5173,0,0,0,0,0,0,1,240.0,100.0,2.25,64.2209,27.9696
5174,0,0,0,0,0,0,1,240.0,100.0,2.515,67.3288,26.9409
5175,0,0,0,0,0,0,1,240.0,110.0,0.498,15.6316,23.0072
5176,0,0,0,0,0,0,1,240.0,110.0,0.75,25.1508,24.8826
5177,0,0,0,0,0,0,1,240.0,110.0,1.0,35.0753,27.0872
5178,0,0,0,0,0,0,1,240.0,110.0,1.25,45.0653,29.1446
5179,0,0,0,0,0,0,1,240.0,110.0,1.5,54.5143,30.9698
5180,0,0,0,0,0,0,1,240.0,110.0,1.75,62.9326,32.1798
5181,0,0,0,0,0,0,1,240.0,110.0,2.0,70.0448,32.9489
5182,0,0,0,0,0,0,1,240.0,110.0,2.25,74.8939,32.7004
5183,0,0,0,0,0,0,1,240.0,110.0,2.515,77.782,31.3005
5184,0,0,0,0,0,0,1,300.0,30.0,0.498,0,0
5185,0,0,0,0,0,0,1,300.0,30.0,0.75,0,0
5186,0,0,0,0,0,0,1,300.0,30.0,1.0,0,0
5187,0,0,0,0,0,0,1,300.0,30.0,1.25,0.209627,0
5188,0,0,0,0,0,0,1,300.0,30.0,1.5,0.504896,0
5189,0,0,0,0,0,0,1,300.0,30.0,1.75,0.737099,0.0479676
5190,0,0,0,0,0,0,1,300.0,30.0,2.0,1.3519,0.329902
5191,0,0,0,0,0,0,1,300.0,30.0,2.25,1.9143,0.853899
5192,0,0,0,0,0,0,1,300.0,30.0,2.515,2.48322,1.48085
5193,0,0,0,0,0,0,1,300.0,40.0,0.498,0,0
5194,0,0,0,0,0,0,1,300.0,40.0,0.75,0,0
5195,0,0,0,0,0,0,1,300.0,40.0,1.0,0.48202,0
5196,0,0,0,0,0,0,1,300.0,40.0,1.25,1.08468,0
5197,0,0,0,0,0,0,1,300.0,40.0,1.5,2.34972,0.271862
5198,0,0,0,0,0,0,1,300.0,40.0,1.75,3.63907,0.671008
5199,0,0,0,0,0,0,1,300.0,40.0,2.0,4.8699,1.56192
5200,0,0,0,0,0,0,1,300.0,40.0,2.25,5.97291,2.3234
5201,0,0,0,0,0,0,1,300.0,40.0,2.515,7.21526,2.98911
5202,0,0,0,0,0,0,1,300.0,50.0,0.498,0,0
5203,0,0,0,0,0,0,1,300.0,50.0,0.75,0.429127,0
5204,0,0,0,0,0,0,1,300.0,50.0,1.0,1.99489,0.177737
5205,0,0,0,0,0,0,1,300.0,50.0,1.25,4.73566,0.668091
5206,0,0,0,0,0,0,1,300.0,50.0,1.5,7.16723,1.84674
5207,0,0,0,0,0,0,1,300.0,50.0,1.75,9.0902,2.99421
5208,0,0,0,0,0,0,1,300.0,50.0,2.0,10.7157,3.9457
5209,0,0,0,0,0,0,1,300.0,50.0,2.25,12.3517,4.85711
5210,0,0,0,0,0,0,1,300.0,50.0,2.515,14.2996,5.57828
5211,0,0,0,0,0,0,1,300.0,60.0,0.498,0,0.663146
5212,0,0,0,0,0,0,1,300.0,60.0,0.75,2.11373,1.46806
5213,0,0,0,0,0,0,1,300.0,60.0,1.0,6.44423,3.0026
5214,0,0,0,0,0,0,1,300.0,60.0,1.25,10.2151,4.47635
5215,0,0,0,0,0,0,1,300.0,60.0,1.5,13.2383,5.64928
5216,0,0,0,0,0,0,1,300.0,60.0,1.75,15.8731,6.65486
5217,0,0,0,0,0,0,1,300.0,60.0,2.0,18.4471,7.64782
5218,0,0,0,0,0,0,1,300.0,60.0,2.25,20.8889,8.68968
5219,0,0,0,0,0,0,1,300.0,60.0,2.515,23.2273,9.31289
5220,0,0,0,0,0,0,1,300.0,70.0,0.498,1.05285,4.30876
5221,0,0,0,0,0,0,1,300.0,70.0,0.75,5.99269,5.61104
5222,0,0,0,0,0,0,1,300.0,70.0,1.0,11.3024,7.14395
5223,0,0,0,0,0,0,1,300.0,70.0,1.25,16.1466,8.73952
5224,0,0,0,0,0,0,1,300.0,70.0,1.5,20.3304,10.1622
5225,0,0,0,0,0,0,1,300.0,70.0,1.75,24.0655,11.3551
5226,0,0,0,0,0,0,1,300.0,70.0,2.0,27.6665,12.2781
5227,0,0,0,0,0,0,1,300.0,70.0,2.25,30.5457,12.9152
5228,0,0,0,0,0,0,1,300.0,70.0,2.515,33.2941,13.3896
5229,0,0,0,0,0,0,1,300.0,80.0,0.498,4.17921,9.31152
5230,0,0,0,0,0,0,1,300.0,80.0,0.75,10.5777,10.6032
5231,0,0,0,0,0,0,1,300.0,80.0,1.0,16.8554,12.0557
5232,0,0,0,0,0,0,1,300.0,80.0,1.25,22.8498,13.7014
5233,0,0,0,0,0,0,1,300.0,80.0,1.5,28.5347,15.3622
5234,0,0,0,0,0,0,1,300.0,80.0,1.75,33.7537,16.9129
5235,0,0,0,0,0,0,1,300.0,80.0,2.0,37.9923,17.6534
5236,0,0,0,0,0,0,1,300.0,80.0,2.25,41.4151,17.8158
5237,0,0,0,0,0,0,1,300.0,80.0,2.515,44.3148,17.5114
5238,0,0,0,0,0,0,1,300.0,90.0,0.498,8.20341,14.6425
5239,0,0,0,0,0,0,1,300.0,90.0,0.75,15.5495,16.1525
5240,0,0,0,0,0,0,1,300.0,90.0,1.0,22.9085,17.6571
5241,0,0,0,0,0,0,1,300.0,90.0,1.25,30.409,19.3225
5242,0,0,0,0,0,0,1,300.0,90.0,1.5,37.7951,21.1976
5243,0,0,0,0,0,0,1,300.0,90.0,1.75,44.1867,22.5259
5244,0,0,0,0,0,0,1,300.0,90.0,2.0,49.1812,23.1913
5245,0,0,0,0,0,0,1,300.0,90.0,2.25,52.9927,22.9321
5246,0,0,0,0,0,0,1,300.0,90.0,2.515,55.9901,22.006
5247,0,0,0,0,0,0,1,300.0,100.0,0.498,12.6957,20.2899
5248,0,0,0,0,0,0,1,300.0,100.0,0.75,21.0501,22.0567
5249,0,0,0,0,0,0,1,300.0,100.0,1.0,29.7282,23.8247
5250,0,0,0,0,0,0,1,300.0,100.0,1.25,38.7703,25.5927
5251,0,0,0,0,0,0,1,300.0,100.0,1.5,47.2219,27.0892
5252,0,0,0,0,0,0,1,300.0,100.0,1.75,54.4472,28.2475
5253,0,0,0,0,0,0,1,300.0,100.0,2.0,60.2386,28.5584
5254,0,0,0,0,0,0,1,300.0,100.0,2.25,64.4537,27.9927
5255,0,0,0,0,0,0,1,300.0,100.0,2.515,67.164,26.5693
5256,0,0,0,0,0,0,1,300.0,110.0,0.498,18.1135,26.4347
5257,0,0,0,0,0,0,1,300.0,110.0,0.75,27.5215,28.1916
5258,0,0,0,0,0,0,1,300.0,110.0,1.0,37.1881,30.0176
5259,0,0,0,0,0,0,1,300.0,110.0,1.25,46.8594,31.7193
5260,0,0,0,0,0,0,1,300.0,110.0,1.5,55.9132,32.9123
5261,0,0,0,0,0,0,1,300.0,110.0,1.75,63.8677,33.5583
5262,0,0,0,0,0,0,1,300.0,110.0,2.0,70.4571,33.6886
5263,0,0,0,0,0,0,1,300.0,110.0,2.25,74.8446,32.7925
5264,0,0,0,0,0,0,1,300.0,110.0,2.515,77.476,30.9384
5265,0,0,0,0,0,0,1,360.0,30.0,0.498,0,0
5266,0,0,0,0,0,0,1,360.0,30.0,0.75,0,0
5267,0,0,0,0,0,0,1,360.0,30.0,1.0,0.0468133,0
5268,0,0,0,0,0,0,1,360.0,30.0,1.25,0.413434,0
5269,0,0,0,0,0,0,1,360.0,30.0,1.5,0.743572,0
5270,0,0,0,0,0,0,1,360.0,30.0,1.75,1.57835,0.105448
5271,0,0,0,0,0,0,1,360.0,30.0,2.0,2.21523,0.417393
5272,0,0,0,0,0,0,1,360.0,30.0,2.25,2.73695,0.831049
5273,0,0,0,0,0,0,1,360.0,30.0,2.515,3.34041,1.38507
5274,0,0,0,0,0,0,1,360.0,40.0,0.498,0,0
5275,0,0,0,0,0,0,1,360.0,40.0,0.75,0.143111,0
5276,0,0,0,0,0,0,1,360.0,40.0,1.0,0.732101,0
5277,0,0,0,0,0,0,1,360.0,40.0,1.25,1.93095,0
5278,0,0,0,0,0,0,1,360.0,40.0,1.5,3.64922,0.313959
5279,0,0,0,0,0,0,1,360.0,40.0,1.75,5.1101,0.981208
5280,0,0,0,0,0,0,1,360.0,40.0,2.0,6.23733,1.77816
5281,0,0,0,0,0,0,1,360.0,40.0,2.25,7.15256,2.39022
5282,0,0,0,0,0,0,1,360.0,40.0,2.515,8.2815,3.00027
5283,0,0,0,0,0,0,1,360.0,50.0,0.498,0,0.0340993
5284,0,0,0,0,0,0,1,360.0,50.0,0.75,0.903086,0.245384
5285,0,0,0,0,0,0,1,360.0,50.0,1.0,3.60162,0.818281
5286,0,0,0,0,0,0,1,360.0,50.0,1.25,6.47381,1.72796
5287,0,0,0,0,0,0,1,360.0,50.0,1.5,8.83877,2.72009
5288,0,0,0,0,0,0,1,360.0,50.0,1.75,10.5376,3.49629
5289,0,0,0,0,0,0,1,360.0,50.0,2.0,11.9636,4.22557
5290,0,0,0,0,0,0,1,360.0,50.0,2.25,13.7041,5.07246
5291,0,0,0,0,0,0,1,360.0,50.0,2.515,15.5356,5.74177
5292,0,0,0,0,0,0,1,360.0,60.0,0.498,0.70868,2.24561
5293,0,0,0,0,0,0,1,360.0,60.0,0.75,3.88822,3.36522
5294,0,0,0,0,0,0,1,360.0,60.0,1.0,8.27484,4.61836
5295,0,0,0,0,0,0,1,360.0,60.0,1.25,12.0116,5.84726
5296,0,0,0,0,0,0,1,360.0,60.0,1.5,14.8853,6.66844
5297,0,0,0,0,0,0,1,360.0,60.0,1.75,17.2418,7.31442
5298,0,0,0,0,0,0,1,360.0,60.0,2.0,19.6206,8.16955
5299,0,0,0,0,0,0,1,360.0,60.0,2.25,22.1985,8.94533
5300,0,0,0,0,0,0,1,360.0,60.0,2.515,24.5741,9.59694
5301,0,0,0,0,0,0,1,360.0,70.0,0.498,2.38906,6.79369
5302,0,0,0,0,0,0,1,360.0,70.0,0.75,7.84764,7.82167
5303,0,0,0,0,0,0,1,360.0,70.0,1.0,13.2255,9.09035
5304,0,0,0,0,0,0,1,360.0,70.0,1.25,17.9477,10.2752
5305,0,0,0,0,0,0,1,360.0,70.0,1.5,21.9279,11.3503
5306,0,0,0,0,0,0,1,360.0,70.0,1.75,25.3277,12.1524
5307,0,0,0,0,0,0,1,360.0,70.0,2.0,28.8031,12.8544
5308,0,0,0,0,0,0,1,360.0,70.0,2.25,31.8182,13.4212
5309,0,0,0,0,0,0,1,360.0,70.0,2.515,34.4702,13.4575
5310,0,0,0,0,0,0,1,360.0,80.0,0.498,6.20505,12.0303
5311,0,0,0,0,0,0,1,360.0,80.0,0.75,12.5053,13.1132
5312,0,0,0,0,0,0,1,360.0,80.0,1.0,18.6077,14.2061
5313,0,0,0,0,0,0,1,360.0,80.0,1.25,24.3795,15.3964
5314,0,0,0,0,0,0,1,360.0,80.0,1.5,29.8484,16.6631
5315,0,0,0,0,0,0,1,360.0,80.0,1.75,34.9775,17.6936
5316,0,0,0,0,0,0,1,360.0,80.0,2.0,39.0801,18.264
5317,0,0,0,0,0,0,1,360.0,80.0,2.25,42.3966,18.1613
5318,0,0,0,0,0,0,1,360.0,80.0,2.515,45.0816,17.5643
5319,0,0,0,0,0,0,1,360.0,90.0,0.498,10.4323,17.6978
5320,0,0,0,0,0,0,1,360.0,90.0,0.75,17.5023,18.9068
5321,0,0,0,0,0,0,1,360.0,90.0,1.0,24.7178,20.1424
5322,0,0,0,0,0,0,1,360.0,90.0,1.25,31.9767,21.3016
5323,0,0,0,0,0,0,1,360.0,90.0,1.5,39.0359,22.5507
5324,0,0,0,0,0,0,1,360.0,90.0,1.75,45.061,23.396
5325,0,0,0,0,0,0,1,360.0,90.0,2.0,49.7512,23.5294
5326,0,0,0,0,0,0,1,360.0,90.0,2.25,53.3114,23.0041
5327,0,0,0,0,0,0,1,360.0,90.0,2.515,55.9575,21.6755
5328,0,0,0,0,0,0,1,360.0,100.0,0.498,15.09,23.5723
5329,0,0,0,0,0,0,1,360.0,100.0,0.75,23.2153,25.1224
5330,0,0,0,0,0,0,1,360.0,100.0,1.0,31.5612,26.5871
5331,0,0,0,0,0,0,1,360.0,100.0,1.25,40.2186,27.7688
5332,0,0,0,0,0,0,1,360.0,100.0,1.5,48.2467,28.6464
5333,0,0,0,0,0,0,1,360.0,100.0,1.75,54.9506,29.0555
5334,0,0,0,0,0,0,1,360.0,100.0,2.0,60.3261,28.8199
5335,0,0,0,0,0,0,1,360.0,100.0,2.25,64.0906,27.6936
5336,0,0,0,0,0,0,1,360.0,100.0,2.515,66.5964,25.916
5337,0,0,0,0,0,0,1,360.0,110.0,0.498,20.5333,29.7509
5338,0,0,0,0,0,0,1,360.0,110.0,0.75,29.6064,31.4607
5339,0,0,0,0,0,0,1,360.0,110.0,1.0,38.9916,32.8854
5340,0,0,0,0,0,0,1,360.0,110.0,1.25,48.4,34.1474
5341,0,0,0,0,0,0,1,360.0,110.0,1.5,56.922,34.623
5342,0,0,0,0,0,0,1,360.0,110.0,1.75,64.3278,34.5922
5343,0,0,0,0,0,0,1,360.0,110.0,2.0,70.1755,33.9863
5344,0,0,0,0,0,0,1,360.0,110.0,2.25,74.1414,32.4558
5345,0,0,0,0,0,0,1,360.0,110.0,2.515,76.8036,30.25
5346,0,0,0,0,0,0,1,420.0,30.0,0.498,0,0
5347,0,0,0,0,0,0,1,420.0,30.0,0.75,0,0
5348,0,0,0,0,0,0,1,420.0,30.0,1.0,0.177158,0
5349,0,0,0,0,0,0,1,420.0,30.0,1.25,0.567848,0
5350,0,0,0,0,0,0,1,420.0,30.0,1.5,1.55898,0
5351,0,0,0,0,0,0,1,420.0,30.0,1.75,2.56166,0.112988
5352,0,0,0,0,0,0,1,420.0,30.0,2.0,3.21808,0.43684
5353,0,0,0,0,0,0,1,420.0,30.0,2.25,3.72788,0.750812
5354,0,0,0,0,0,0,1,420.0,30.0,2.515,4.4491,1.21783
5355,0,0,0,0,0,0,1,420.0,40.0,0.498,0,0
5356,0,0,0,0,0,0,1,420.0,40.0,0.75,0.350063,0
5357,0,0,0,0,0,0,1,420.0,40.0,1.0,1.17488,0
5358,0,0,0,0,0,0,1,420.0,40.0,1.25,2.97795,0.0413552
5359,0,0,0,0,0,0,1,420.0,40.0,1.5,4.83602,0.522889
5360,0,0,0,0,0,0,1,420.0,40.0,1.75,6.34034,1.3451
5361,0,0,0,0,0,0,1,420.0,40.0,2.0,7.44834,1.94774
5362,0,0,0,0,0,0,1,420.0,40.0,2.25,8.2913,2.44623
5363,0,0,0,0,0,0,1,420.0,40.0,2.515,9.31708,3.02205
5364,0,0,0,0,0,0,1,420.0,50.0,0.498,0.160552,0.890156
5365,0,0,0,0,0,0,1,420.0,50.0,0.75,1.92713,1.31097
5366,0,0,0,0,0,0,1,420.0,50.0,1.0,5.07519,1.96309
5367,0,0,0,0,0,0,1,420.0,50.0,1.25,7.9881,2.79192
5368,0,0,0,0,0,0,1,420.0,50.0,1.5,10.2602,3.51943
5369,0,0,0,0,0,0,1,420.0,50.0,1.75,11.8896,3.99628
5370,0,0,0,0,0,0,1,420.0,50.0,2.0,13.227,4.4424
5371,0,0,0,0,0,0,1,420.0,50.0,2.25,14.8817,5.12799
5372,0,0,0,0,0,0,1,420.0,50.0,2.515,16.6652,5.7067
5373,0,0,0,0,0,0,1,420.0,60.0,0.498,1.37489,4.33105
5374,0,0,0,0,0,0,1,420.0,60.0,0.75,5.47788,5.26927
5375,0,0,0,0,0,0,1,420.0,60.0,1.0,9.8794,6.26539
5376,0,0,0,0,0,0,1,420.0,60.0,1.25,13.405,7.03034
5377,0,0,0,0,0,0,1,420.0,60.0,1.5,16.2975,7.60233
5378,0,0,0,0,0,0,1,420.0,60.0,1.75,18.4923,8.02508
5379,0,0,0,0,0,0,1,420.0,60.0,2.0,20.6865,8.54029
5380,0,0,0,0,0,0,1,420.0,60.0,2.25,23.3,9.15798
5381,0,0,0,0,0,0,1,420.0,60.0,2.515,25.7066,9.53411
5382,0,0,0,0,0,0,1,420.0,70.0,0.498,4.11237,9.21169
5383,0,0,0,0,0,0,1,420.0,70.0,0.75,9.57194,9.98739
5384,0,0,0,0,0,0,1,420.0,70.0,1.0,14.7515,10.8865
5385,0,0,0,0,0,0,1,420.0,70.0,1.25,19.2809,11.7068
5386,0,0,0,0,0,0,1,420.0,70.0,1.5,23.0786,12.3551
5387,0,0,0,0,0,0,1,420.0,70.0,1.75,26.5223,12.8898
5388,0,0,0,0,0,0,1,420.0,70.0,2.0,29.7803,13.3169
5389,0,0,0,0,0,0,1,420.0,70.0,2.25,32.7096,13.5335
5390,0,0,0,0,0,0,1,420.0,70.0,2.515,35.4395,13.4288
5391,0,0,0,0,0,0,1,420.0,80.0,0.498,8.07677,14.7533
5392,0,0,0,0,0,0,1,420.0,80.0,0.75,14.3813,15.594
5393,0,0,0,0,0,0,1,420.0,80.0,1.0,20.2013,16.2924
5394,0,0,0,0,0,0,1,420.0,80.0,1.25,25.6513,17.0178
5395,0,0,0,0,0,0,1,420.0,80.0,1.5,30.9468,17.7215
5396,0,0,0,0,0,0,1,420.0,80.0,1.75,35.8931,18.3534
5397,0,0,0,0,0,0,1,420.0,80.0,2.0,39.8018,18.4105
5398,0,0,0,0,0,0,1,420.0,80.0,2.25,42.9711,18.1815
5399,0,0,0,0,0,0,1,420.0,80.0,2.515,45.4849,17.3766
5400,0,0,0,0,0,0,1,420.0,90.0,0.498,12.416,20.6282
5401,0,0,0,0,0,0,1,420.0,90.0,0.75,19.3839,21.6102
5402,0,0,0,0,0,0,1,420.0,90.0,1.0,26.3363,22.4936
5403,0,0,0,0,0,0,1,420.0,90.0,1.25,33.2394,23.1751
5404,0,0,0,0,0,0,1,420.0,90.0,1.5,39.7018,23.6708
5405,0,0,0,0,0,0,1,420.0,90.0,1.75,45.3488,23.8916
5406,0,0,0,0,0,0,1,420.0,90.0,2.0,49.9773,23.64
5407,0,0,0,0,0,0,1,420.0,90.0,2.25,53.232,22.7891
5408,0,0,0,0,0,0,1,420.0,90.0,2.515,55.6046,21.2615
5409,0,0,0,0,0,0,1,420.0,100.0,0.498,17.1912,26.7167
5410,0,0,0,0,0,0,1,420.0,100.0,0.75,24.9928,27.9719
5411,0,0,0,0,0,0,1,420.0,100.0,1.0,33.1333,29.049
5412,0,0,0,0,0,0,1,420.0,100.0,1.25,41.3402,29.771
5413,0,0,0,0,0,0,1,420.0,100.0,1.5,48.7533,29.9127
5414,0,0,0,0,0,0,1,420.0,100.0,1.75,54.9791,29.5271
5415,0,0,0,0,0,0,1,420.0,100.0,2.0,59.9306,28.7496
5416,0,0,0,0,0,0,1,420.0,100.0,2.25,63.4398,27.3307
5417,0,0,0,0,0,0,1,420.0,100.0,2.515,65.7879,25.3203
5418,0,0,0,0,0,0,1,420.0,110.0,0.498,22.6692,32.9996
5419,0,0,0,0,0,0,1,420.0,110.0,0.75,31.4385,34.428
5420,0,0,0,0,0,0,1,420.0,110.0,1.0,40.5702,35.6769
5421,0,0,0,0,0,0,1,420.0,110.0,1.25,49.516,36.1863
5422,0,0,0,0,0,0,1,420.0,110.0,1.5,57.5003,36.0055
5423,0,0,0,0,0,0,1,420.0,110.0,1.75,64.2962,35.2456
5424,0,0,0,0,0,0,1,420.0,110.0,2.0,69.4744,33.9463
5425,0,0,0,0,0,0,1,420.0,110.0,2.25,73.209,32.0321
5426,0,0,0,0,0,0,1,420.0,110.0,2.515,75.6829,29.4904
5427,0,0,0,0,0,0,1,480.0,30.0,0.498,0,0
5428,0,0,0,0,0,0,1,480.0,30.0,0.75,0,0
5429,0,0,0,0,0,0,1,480.0,30.0,1.0,0.279781,0
5430,0,0,0,0,0,0,1,480.0,30.0,1.25,1.03238,0
5431,0,0,0,0,0,0,1,480.0,30.0,1.5,2.38197,0
5432,0,0,0,0,0,0,1,480.0,30.0,1.75,3.36729,0.0676408
5433,0,0,0,0,0,0,1,480.0,30.0,2.0,4.21115,0.375766
5434,0,0,0,0,0,0,1,480.0,30.0,2.25,4.81371,0.677514
5435,0,0,0,0,0,0,1,480.0,30.0,2.515,5.4062,1.0111
5436,0,0,0,0,0,0,1,480.0,40.0,0.498,0,0.0147095
5437,0,0,0,0,0,0,1,480.0,40.0,0.75,0.449849,0
5438,0,0,0,0,0,0,1,480.0,40.0,1.0,1.81947,0
5439,0,0,0,0,0,0,1,480.0,40.0,1.25,4.11374,0.314608
5440,0,0,0,0,0,0,1,480.0,40.0,1.5,5.93192,0.917434
5441,0,0,0,0,0,0,1,480.0,40.0,1.75,7.33576,1.6193
5442,0,0,0,0,0,0,1,480.0,40.0,2.0,8.36943,2.04258
5443,0,0,0,0,0,0,1,480.0,40.0,2.25,9.38437,2.51023
5444,0,0,0,0,0,0,1,480.0,40.0,2.515,10.3575,2.93738
5445,0,0,0,0,0,0,1,480.0,50.0,0.498,0.585172,2.189
5446,0,0,0,0,0,0,1,480.0,50.0,0.75,2.90195,2.6292
5447,0,0,0,0,0,0,1,480.0,50.0,1.0,6.25586,3.21008
5448,0,0,0,0,0,0,1,480.0,50.0,1.25,9.13782,3.73168
5449,0,0,0,0,0,0,1,480.0,50.0,1.5,11.4249,4.17204
5450,0,0,0,0,0,0,1,480.0,50.0,1.75,13.0359,4.53383
5451,0,0,0,0,0,0,1,480.0,50.0,2.0,14.4176,4.74042
5452,0,0,0,0,0,0,1,480.0,50.0,2.25,15.9724,5.1121
5453,0,0,0,0,0,0,1,480.0,50.0,2.515,17.787,5.56986
5454,0,0,0,0,0,0,1,480.0,60.0,0.498,2.44948,6.33825
5455,0,0,0,0,0,0,1,480.0,60.0,0.75,6.84494,7.05876
5456,0,0,0,0,0,0,1,480.0,60.0,1.0,10.9755,7.6807
5457,0,0,0,0,0,0,1,480.0,60.0,1.25,14.4905,8.20472
5458,0,0,0,0,0,0,1,480.0,60.0,1.5,17.3582,8.46539
5459,0,0,0,0,0,0,1,480.0,60.0,1.75,19.6108,8.71415
5460,0,0,0,0,0,0,1,480.0,60.0,2.0,21.7881,8.90485
5461,0,0,0,0,0,0,1,480.0,60.0,2.25,24.1336,9.15063
5462,0,0,0,0,0,0,1,480.0,60.0,2.515,26.5439,9.21227
5463,0,0,0,0,0,0,1,480.0,70.0,0.498,5.77746,11.5813
5464,0,0,0,0,0,0,1,480.0,70.0,0.75,11.0325,11.9734
5465,0,0,0,0,0,0,1,480.0,70.0,1.0,15.8572,12.5538
5466,0,0,0,0,0,0,1,480.0,70.0,1.25,20.2173,12.9912
5467,0,0,0,0,0,0,1,480.0,70.0,1.5,23.9966,13.3335
5468,0,0,0,0,0,0,1,480.0,70.0,1.75,27.5165,13.5315
5469,0,0,0,0,0,0,1,480.0,70.0,2.0,30.5516,13.5505
5470,0,0,0,0,0,0,1,480.0,70.0,2.25,33.3611,13.4421
5471,0,0,0,0,0,0,1,480.0,70.0,2.515,35.9031,13.1101
5472,0,0,0,0,0,0,1,480.0,80.0,0.498,9.96685,17.4653
5473,0,0,0,0,0,0,1,480.0,80.0,0.75,15.9634,17.9172
5474,0,0,0,0,0,0,1,480.0,80.0,1.0,21.4808,18.1772
5475,0,0,0,0,0,0,1,480.0,80.0,1.25,26.5925,18.4752
5476,0,0,0,0,0,0,1,480.0,80.0,1.5,31.738,18.7091
5477,0,0,0,0,0,0,1,480.0,80.0,1.75,36.3482,18.7731
5478,0,0,0,0,0,0,1,480.0,80.0,2.0,40.0975,18.4438
5479,0,0,0,0,0,0,1,480.0,80.0,2.25,43.0927,17.8762
5480,0,0,0,0,0,0,1,480.0,80.0,2.515,45.5276,17.0097
5481,0,0,0,0,0,0,1,480.0,90.0,0.498,14.2147,23.4113
5482,0,0,0,0,0,0,1,480.0,90.0,0.75,20.945,24.1413
5483,0,0,0,0,0,0,1,480.0,90.0,1.0,27.6665,24.6066
5484,0,0,0,0,0,0,1,480.0,90.0,1.25,34.1525,24.7748
5485,0,0,0,0,0,0,1,480.0,90.0,1.5,40.1426,24.6422
5486,0,0,0,0,0,0,1,480.0,90.0,1.75,45.3796,24.2799
5487,0,0,0,0,0,0,1,480.0,90.0,2.0,49.6732,23.5097
5488,0,0,0,0,0,0,1,480.0,90.0,2.25,52.8688,22.4512
5489,0,0,0,0,0,0,1,480.0,90.0,2.515,55.0648,20.7592
5490,0,0,0,0,0,0,1,480.0,100.0,0.498,18.9393,29.6249
5491,0,0,0,0,0,0,1,480.0,100.0,0.75,26.5481,30.5916
5492,0,0,0,0,0,0,1,480.0,100.0,1.0,34.4697,31.2544
5493,0,0,0,0,0,0,1,480.0,100.0,1.25,42.1452,31.4481
5494,0,0,0,0,0,0,1,480.0,100.0,1.5,48.8627,30.8888
5495,0,0,0,0,0,0,1,480.0,100.0,1.75,54.6475,29.8568
5496,0,0,0,0,0,0,1,480.0,100.0,2.0,59.1679,28.5782
5497,0,0,0,0,0,0,1,480.0,100.0,2.25,62.5508,26.9481
5498,0,0,0,0,0,0,1,480.0,100.0,2.515,64.7456,24.5695
5499,0,0,0,0,0,0,1,480.0,110.0,0.498,24.5851,36.0255
5500,0,0,0,0,0,0,1,480.0,110.0,0.75,33.1595,37.2206
5501,0,0,0,0,0,0,1,480.0,110.0,1.0,41.9291,37.9708
5502,0,0,0,0,0,0,1,480.0,110.0,1.25,50.2045,37.7895
5503,0,0,0,0,0,0,1,480.0,110.0,1.5,57.5546,36.9948
5504,0,0,0,0,0,0,1,480.0,110.0,1.75,63.735,35.6607
5505,0,0,0,0,0,0,1,480.0,110.0,2.0,68.4436,33.7125
5506,0,0,0,0,0,0,1,480.0,110.0,2.25,71.9745,31.486
5507,0,0,0,0,0,0,1,480.0,110.0,2.515,74.4023,28.6825
5508,0,0,0,0,0,0,1,540.0,30.0,0.498,0,0
5509,0,0,0,0,0,0,1,540.0,30.0,0.75,0,0
5510,0,0,0,0,0,0,1,540.0,30.0,1.0,0.29797,0
5511,0,0,0,0,0,0,1,540.0,30.0,1.25,1.72594,0
5512,0,0,0,0,0,0,1,540.0,30.0,1.5,3.099,0
5513,0,0,0,0,0,0,1,540.0,30.0,1.75,4.19881,0.0723026
5514,0,0,0,0,0,0,1,540.0,30.0,2.0,5.08851,0.335242
5515,0,0,0,0,0,0,1,540.0,30.0,2.25,5.76195,0.564798
5516,0,0,0,0,0,0,1,540.0,30.0,2.515,6.40242,0.791866
5517,0,0,0,0,0,0,1,540.0,40.0,0.498,0,0.6193
5518,0,0,0,0,0,0,1,540.0,40.0,0.75,0.446191,0.536202
5519,0,0,0,0,0,0,1,540.0,40.0,1.0,2.76051,0.543909
5520,0,0,0,0,0,0,1,540.0,40.0,1.25,5.15724,0.795174
5521,0,0,0,0,0,0,1,540.0,40.0,1.5,7.04722,1.34447
5522,0,0,0,0,0,0,1,540.0,40.0,1.75,8.25357,1.85773
5523,0,0,0,0,0,0,1,540.0,40.0,2.0,9.30433,2.1427
5524,0,0,0,0,0,0,1,540.0,40.0,2.25,10.2379,2.38596
5525,0,0,0,0,0,0,1,540.0,40.0,2.515,11.4079,2.77275
5526,0,0,0,0,0,0,1,540.0,50.0,0.498,0.968019,3.7776
5527,0,0,0,0,0,0,1,540.0,50.0,0.75,3.91484,4.08137
5528,0,0,0,0,0,0,1,540.0,50.0,1.0,7.25687,4.34606
5529,0,0,0,0,0,0,1,540.0,50.0,1.25,10.0531,4.54474
5530,0,0,0,0,0,0,1,540.0,50.0,1.5,12.3935,4.88875
5531,0,0,0,0,0,0,1,540.0,50.0,1.75,13.9368,5.0364
5532,0,0,0,0,0,0,1,540.0,50.0,2.0,15.4188,5.01692
5533,0,0,0,0,0,0,1,540.0,50.0,2.25,16.9503,5.07355
5534,0,0,0,0,0,0,1,540.0,50.0,2.515,18.7446,5.337
5535,0,0,0,0,0,0,1,540.0,60.0,0.498,3.48323,8.41783
5536,0,0,0,0,0,0,1,540.0,60.0,0.75,7.92421,8.71227
5537,0,0,0,0,0,0,1,540.0,60.0,1.0,11.8021,8.94805
5538,0,0,0,0,0,0,1,540.0,60.0,1.25,15.2586,9.17827
5539,0,0,0,0,0,0,1,540.0,60.0,1.5,18.1893,9.2585
5540,0,0,0,0,0,0,1,540.0,60.0,1.75,20.5574,9.2688
5541,0,0,0,0,0,0,1,540.0,60.0,2.0,22.6037,9.14909
5542,0,0,0,0,0,0,1,540.0,60.0,2.25,24.8205,9.01695
5543,0,0,0,0,0,0,1,540.0,60.0,2.515,27.2611,8.88932
5544,0,0,0,0,0,0,1,540.0,70.0,0.498,7.24125,13.8229
5545,0,0,0,0,0,0,1,540.0,70.0,0.75,12.2937,13.9268
5546,0,0,0,0,0,0,1,540.0,70.0,1.0,16.7916,14.082
5547,0,0,0,0,0,0,1,540.0,70.0,1.25,20.8883,14.1912
5548,0,0,0,0,0,0,1,540.0,70.0,1.5,24.8441,14.2311
5549,0,0,0,0,0,0,1,540.0,70.0,1.75,28.0839,13.9644
5550,0,0,0,0,0,0,1,540.0,70.0,2.0,30.944,13.6027
5551,0,0,0,0,0,0,1,540.0,70.0,2.25,33.7206,13.2438
5552,0,0,0,0,0,0,1,540.0,70.0,2.515,36.0833,12.5557
5553,0,0,0,0,0,0,1,540.0,80.0,0.498,11.5748,19.9065
5554,0,0,0,0,0,0,1,540.0,80.0,0.75,17.275,20.0498
5555,0,0,0,0,0,0,1,540.0,80.0,1.0,22.4677,19.9738
5556,0,0,0,0,0,0,1,540.0,80.0,1.25,27.4046,19.7778
5557,0,0,0,0,0,0,1,540.0,80.0,1.5,32.0942,19.5444
5558,0,0,0,0,0,0,1,540.0,80.0,1.75,36.3959,19.0577
5559,0,0,0,0,0,0,1,540.0,80.0,2.0,39.9505,18.3423
5560,0,0,0,0,0,0,1,540.0,80.0,2.25,42.9709,17.5641
5561,0,0,0,0,0,0,1,540.0,80.0,2.515,45.1941,16.4227
5562,0,0,0,0,0,0,1,540.0,90.0,0.498,15.8827,26.1166
5563,0,0,0,0,0,0,1,540.0,90.0,0.75,22.3142,26.3997
5564,0,0,0,0,0,0,1,540.0,90.0,1.0,28.6378,26.4068
5565,0,0,0,0,0,0,1,540.0,90.0,1.25,34.7473,26.0625
5566,0,0,0,0,0,0,1,540.0,90.0,1.5,40.3572,25.4386
5567,0,0,0,0,0,0,1,540.0,90.0,1.75,45.1126,24.4663
5568,0,0,0,0,0,0,1,540.0,90.0,2.0,49.0418,23.2804
5569,0,0,0,0,0,0,1,540.0,90.0,2.25,52.0076,21.8981
5570,0,0,0,0,0,0,1,540.0,90.0,2.515,54.4089,20.1377
5571,0,0,0,0,0,0,1,540.0,100.0,0.498,20.5732,32.3177
5572,0,0,0,0,0,0,1,540.0,100.0,0.75,28.0865,32.9364
5573,0,0,0,0,0,0,1,540.0,100.0,1.0,35.5708,33.1098
5574,0,0,0,0,0,0,1,540.0,100.0,1.25,42.5408,32.6543
5575,0,0,0,0,0,0,1,540.0,100.0,1.5,48.6964,31.5654
5576,0,0,0,0,0,0,1,540.0,100.0,1.75,53.885,29.9926
5577,0,0,0,0,0,0,1,540.0,100.0,2.0,58.1528,28.3085
5578,0,0,0,0,0,0,1,540.0,100.0,2.25,61.2706,26.3117
5579,0,0,0,0,0,0,1,540.0,100.0,2.515,63.6259,23.8041
5580,0,0,0,0,0,0,1,540.0,110.0,0.498,26.4542,38.7804
5581,0,0,0,0,0,0,1,540.0,110.0,0.75,34.8215,39.6522
5582,0,0,0,0,0,0,1,540.0,110.0,1.0,42.9665,39.8079
5583,0,0,0,0,0,0,1,540.0,110.0,1.25,50.5623,39.0831
5584,0,0,0,0,0,0,1,540.0,110.0,1.5,57.1287,37.6611
5585,0,0,0,0,0,0,1,540.0,110.0,1.75,62.6376,35.7058
5586,0,0,0,0,0,0,1,540.0,110.0,2.0,67.1519,33.3132
5587,0,0,0,0,0,0,1,540.0,110.0,2.25,70.4339,30.8547
5588,0,0,0,0,0,0,1,540.0,110.0,2.515,73.0561,27.9437
5589,0,0,0,0,0,0,1,600.0,30.0,0.498,0,0
5590,0,0,0,0,0,0,1,600.0,30.0,0.75,0,0
5591,0,0,0,0,0,0,1,600.0,30.0,1.0,0.568136,0
5592,0,0,0,0,0,0,1,600.0,30.0,1.25,2.21273,0
5593,0,0,0,0,0,0,1,600.0,30.0,1.5,3.68992,0
5594,0,0,0,0,0,0,1,600.0,30.0,1.75,4.85383,0.130043
5595,0,0,0,0,0,0,1,600.0,30.0,2.0,5.75237,0.260175
5596,0,0,0,0,0,0,1,600.0,30.0,2.25,6.58112,0.43223
5597,0,0,0,0,0,0,1,600.0,30.0,2.515,7.35406,0.648798
5598,0,0,0,0,0,0,1,600.0,40.0,0.498,0,1.637
5599,0,0,0,0,0,0,1,600.0,40.0,0.75,0.861379,1.47612
5600,0,0,0,0,0,0,1,600.0,40.0,1.0,3.73187,1.34595
5601,0,0,0,0,0,0,1,600.0,40.0,1.25,5.97297,1.42725
5602,0,0,0,0,0,0,1,600.0,40.0,1.5,7.86607,1.73966
5603,0,0,0,0,0,0,1,600.0,40.0,1.75,9.08011,2.10121
5604,0,0,0,0,0,0,1,600.0,40.0,2.0,10.046,2.20006
5605,0,0,0,0,0,0,1,600.0,40.0,2.25,11.0884,2.27677
5606,0,0,0,0,0,0,1,600.0,40.0,2.515,12.3636,2.60859
5607,0,0,0,0,0,0,1,600.0,50.0,0.498,1.31618,5.44269
5608,0,0,0,0,0,0,1,600.0,50.0,0.75,4.69657,5.45955
5609,0,0,0,0,0,0,1,600.0,50.0,1.0,7.93502,5.41662
5610,0,0,0,0,0,0,1,600.0,50.0,1.25,10.7105,5.40654
5611,0,0,0,0,0,0,1,600.0,50.0,1.5,13.0372,5.52432
5612,0,0,0,0,0,0,1,600.0,50.0,1.75,14.5944,5.41592
5613,0,0,0,0,0,0,1,600.0,50.0,2.0,16.2364,5.21232
5614,0,0,0,0,0,0,1,600.0,50.0,2.25,17.7631,5.03598
5615,0,0,0,0,0,0,1,600.0,50.0,2.515,19.3754,4.93007
5616,0,0,0,0,0,0,1,600.0,60.0,0.498,4.58903,10.4382
5617,0,0,0,0,0,0,1,600.0,60.0,0.75,8.79297,10.3539
5618,0,0,0,0,0,0,1,600.0,60.0,1.0,12.4483,10.2173
5619,0,0,0,0,0,0,1,600.0,60.0,1.25,15.7654,10.0845
5620,0,0,0,0,0,0,1,600.0,60.0,1.5,18.6917,9.92166
5621,0,0,0,0,0,0,1,600.0,60.0,1.75,21.1804,9.64518
5622,0,0,0,0,0,0,1,600.0,60.0,2.0,23.1583,9.20152
5623,0,0,0,0,0,0,1,600.0,60.0,2.25,25.2497,8.81581
5624,0,0,0,0,0,0,1,600.0,60.0,2.515,27.5507,8.35385
5625,0,0,0,0,0,0,1,600.0,70.0,0.498,8.41452,15.8572
5626,0,0,0,0,0,0,1,600.0,70.0,0.75,13.2557,15.8348
5627,0,0,0,0,0,0,1,600.0,70.0,1.0,17.5593,15.6644
5628,0,0,0,0,0,0,1,600.0,70.0,1.25,21.5031,15.363
5629,0,0,0,0,0,0,1,600.0,70.0,1.5,25.1899,14.9465
5630,0,0,0,0,0,0,1,600.0,70.0,1.75,28.1706,14.1516
5631,0,0,0,0,0,0,1,600.0,70.0,2.0,31.0827,13.5666
5632,0,0,0,0,0,0,1,600.0,70.0,2.25,33.7048,12.8675
5633,0,0,0,0,0,0,1,600.0,70.0,2.515,36.0293,11.9591
5634,0,0,0,0,0,0,1,600.0,80.0,0.498,12.9611,22.1214
5635,0,0,0,0,0,0,1,600.0,80.0,0.75,18.234,21.9496
5636,0,0,0,0,0,0,1,600.0,80.0,1.0,23.1411,21.5313
5637,0,0,0,0,0,0,1,600.0,80.0,1.25,27.928,20.9692
5638,0,0,0,0,0,0,1,600.0,80.0,1.5,32.3061,20.2445
5639,0,0,0,0,0,0,1,600.0,80.0,1.75,36.2491,19.2619
5640,0,0,0,0,0,0,1,600.0,80.0,2.0,39.575,18.1812
5641,0,0,0,0,0,0,1,600.0,80.0,2.25,42.4596,17.1493
5642,0,0,0,0,0,0,1,600.0,80.0,2.515,44.6353,15.6995
5643,0,0,0,0,0,0,1,600.0,90.0,0.498,17.3242,28.4106
5644,0,0,0,0,0,0,1,600.0,90.0,0.75,23.5278,28.3836
5645,0,0,0,0,0,0,1,600.0,90.0,1.0,29.4835,28.0268
5646,0,0,0,0,0,0,1,600.0,90.0,1.25,34.9592,27.088
5647,0,0,0,0,0,0,1,600.0,90.0,1.5,40.1594,25.9744
5648,0,0,0,0,0,0,1,600.0,90.0,1.75,44.608,24.5632
5649,0,0,0,0,0,0,1,600.0,90.0,2.0,48.1715,22.968
5650,0,0,0,0,0,0,1,600.0,90.0,2.25,50.9209,21.2087
5651,0,0,0,0,0,0,1,600.0,90.0,2.515,53.3268,19.2716
5652,0,0,0,0,0,0,1,600.0,100.0,0.498,22.2467,34.7737
5653,0,0,0,0,0,0,1,600.0,100.0,0.75,29.46,35.0265
5654,0,0,0,0,0,0,1,600.0,100.0,1.0,36.3051,34.6378
5655,0,0,0,0,0,0,1,600.0,100.0,1.25,42.621,33.6095
5656,0,0,0,0,0,0,1,600.0,100.0,1.5,48.1137,32.0251
5657,0,0,0,0,0,0,1,600.0,100.0,1.75,52.9729,30.0404
5658,0,0,0,0,0,0,1,600.0,100.0,2.0,56.8377,27.8367
5659,0,0,0,0,0,0,1,600.0,100.0,2.25,59.6819,25.4636
5660,0,0,0,0,0,0,1,600.0,100.0,2.515,62.2806,22.9522
5661,0,0,0,0,0,0,1,600.0,110.0,0.498,28.1739,41.2396
5662,0,0,0,0,0,0,1,600.0,110.0,0.75,36.0181,41.5896
5663,0,0,0,0,0,0,1,600.0,110.0,1.0,43.5384,41.2142
5664,0,0,0,0,0,0,1,600.0,110.0,1.25,50.3803,40.0045
5665,0,0,0,0,0,0,1,600.0,110.0,1.5,56.2842,38.1388
5666,0,0,0,0,0,0,1,600.0,110.0,1.75,61.3029,35.5956
5667,0,0,0,0,0,0,1,600.0,110.0,2.0,65.5276,32.8627
5668,0,0,0,0,0,0,1,600.0,110.0,2.25,68.7608,30.0929
5669,0,0,0,0,0,0,1,600.0,110.0,2.515,71.4296,27.1224
