,L0,L1,L2,L3,L4,L5,L6,res_time,temperature,catalyst_loading,yield,turnover
0,1,0,0,0,0,0,0,60.0,30.0,0.498,3.37918,2.72498
1,1,0,0,0,0,0,0,60.0,30.0,0.75,4.58056,3.28243
2,1,0,0,0,0,0,0,60.0,30.0,1.0,5.46126,3.68859
3,1,0,0,0,0,0,0,60.0,30.0,1.25,5.977,3.90064
4,1,0,0,0,0,0,0,60.0,30.0,1.5,6.04694,3.87947
5,1,0,0,0,0,0,0,60.0,30.0,1.75,5.85668,3.65067
6,1,0,0,0,0,0,0,60.0,30.0,2.0,5.33796,3.21689
7,1,0,0,0,0,0,0,60.0,30.0,2.25,4.60767,2.61078
8,1,0,0,0,0,0,0,60.0,30.0,2.515,3.75112,1.80365
9,1,0,0,0,0,0,0,60.0,40.0,0.498,3.87123,3.30334
10,1,0,0,0,0,0,0,60.0,40.0,0.75,5.20207,3.89081
11,1,0,0,0,0,0,0,60.0,40.0,1.0,6.27662,4.36731
12,1,0,0,0,0,0,0,60.0,40.0,1.25,6.98554,4.65425
13,1,0,0,0,0,0,0,60.0,40.0,1.5,7.25634,4.6986
14,1,0,0,0,0,0,0,60.0,40.0,1.75,7.17248,4.47243
15,1,0,0,0,0,0,0,60.0,40.0,2.0,6.73461,3.99118
16,1,0,0,0,0,0,0,60.0,40.0,2.25,6.09603,3.3122
17,1,0,0,0,0,0,0,60.0,40.0,2.515,5.31571,2.49379
18,1,0,0,0,0,0,0,60.0,50.0,0.498,4.18711,3.83856
19,1,0,0,0,0,0,0,60.0,50.0,0.75,5.65881,4.47454
20,1,0,0,0,0,0,0,60.0,50.0,1.0,6.84525,4.95387
21,1,0,0,0,0,0,0,60.0,50.0,1.25,7.74939,5.30835
22,1,0,0,0,0,0,0,60.0,50.0,1.5,8.20269,5.39654
23,1,0,0,0,0,0,0,60.0,50.0,1.75,8.21222,5.16059
24,1,0,0,0,0,0,0,60.0,50.0,2.0,7.9075,4.63222
25,1,0,0,0,0,0,0,60.0,50.0,2.25,7.45126,3.96151
26,1,0,0,0,0,0,0,60.0,50.0,2.515,6.84787,3.12373
27,1,0,0,0,0,0,0,60.0,60.0,0.498,4.33649,4.34033
28,1,0,0,0,0,0,0,60.0,60.0,0.75,5.87649,4.9955
29,1,0,0,0,0,0,0,60.0,60.0,1.0,7.19019,5.50615
30,1,0,0,0,0,0,0,60.0,60.0,1.25,8.20668,5.84422
31,1,0,0,0,0,0,0,60.0,60.0,1.5,8.86532,5.97897
32,1,0,0,0,0,0,0,60.0,60.0,1.75,9.05646,5.72461
33,1,0,0,0,0,0,0,60.0,60.0,2.0,8.98181,5.22526
34,1,0,0,0,0,0,0,60.0,60.0,2.25,8.658,4.54057
35,1,0,0,0,0,0,0,60.0,60.0,2.515,8.17632,3.64351
36,1,0,0,0,0,0,0,60.0,70.0,0.498,4.41505,4.81643
37,1,0,0,0,0,0,0,60.0,70.0,0.75,6.04632,5.5183
38,1,0,0,0,0,0,0,60.0,70.0,1.0,7.46025,6.04079
39,1,0,0,0,0,0,0,60.0,70.0,1.25,8.55764,6.34315
40,1,0,0,0,0,0,0,60.0,70.0,1.5,9.26467,6.38105
41,1,0,0,0,0,0,0,60.0,70.0,1.75,9.79729,6.20602
42,1,0,0,0,0,0,0,60.0,70.0,2.0,9.99139,5.7607
43,1,0,0,0,0,0,0,60.0,70.0,2.25,9.91024,5.08981
44,1,0,0,0,0,0,0,60.0,70.0,2.515,9.52364,4.16926
45,1,0,0,0,0,0,0,60.0,80.0,0.498,4.45702,5.2791
46,1,0,0,0,0,0,0,60.0,80.0,0.75,6.12062,5.98136
47,1,0,0,0,0,0,0,60.0,80.0,1.0,7.52467,6.464
48,1,0,0,0,0,0,0,60.0,80.0,1.25,8.66331,6.68886
49,1,0,0,0,0,0,0,60.0,80.0,1.5,9.51336,6.69548
50,1,0,0,0,0,0,0,60.0,80.0,1.75,10.2718,6.50921
51,1,0,0,0,0,0,0,60.0,80.0,2.0,10.7695,6.14185
52,1,0,0,0,0,0,0,60.0,80.0,2.25,10.9036,5.49337
53,1,0,0,0,0,0,0,60.0,80.0,2.515,10.6752,4.59319
54,1,0,0,0,0,0,0,60.0,90.0,0.498,4.43766,5.6885
55,1,0,0,0,0,0,0,60.0,90.0,0.75,6.14639,6.38572
56,1,0,0,0,0,0,0,60.0,90.0,1.0,7.46878,6.78317
57,1,0,0,0,0,0,0,60.0,90.0,1.25,8.66763,6.97541
58,1,0,0,0,0,0,0,60.0,90.0,1.5,9.7359,6.95471
59,1,0,0,0,0,0,0,60.0,90.0,1.75,10.6067,6.74587
60,1,0,0,0,0,0,0,60.0,90.0,2.0,11.3847,6.39271
61,1,0,0,0,0,0,0,60.0,90.0,2.25,11.7464,5.79893
62,1,0,0,0,0,0,0,60.0,90.0,2.515,11.781,4.99108
63,1,0,0,0,0,0,0,60.0,100.0,0.498,4.32129,6.03681
64,1,0,0,0,0,0,0,60.0,100.0,0.75,5.96186,6.65161
65,1,0,0,0,0,0,0,60.0,100.0,1.0,7.34425,7.03052
66,1,0,0,0,0,0,0,60.0,100.0,1.25,8.59811,7.17391
67,1,0,0,0,0,0,0,60.0,100.0,1.5,9.7651,7.14004
68,1,0,0,0,0,0,0,60.0,100.0,1.75,10.8884,6.93857
69,1,0,0,0,0,0,0,60.0,100.0,2.0,11.854,6.5681
70,1,0,0,0,0,0,0,60.0,100.0,2.25,12.492,6.04815
71,1,0,0,0,0,0,0,60.0,100.0,2.515,12.9056,5.31824
72,1,0,0,0,0,0,0,60.0,110.0,0.498,4.16801,6.30772
73,1,0,0,0,0,0,0,60.0,110.0,0.75,5.73783,6.86815
74,1,0,0,0,0,0,0,60.0,110.0,1.0,7.21249,7.20782
75,1,0,0,0,0,0,0,60.0,110.0,1.25,8.57757,7.35538
76,1,0,0,0,0,0,0,60.0,110.0,1.5,9.89948,7.31844
77,1,0,0,0,0,0,0,60.0,110.0,1.75,11.2438,7.12705
78,1,0,0,0,0,0,0,60.0,110.0,2.0,12.3846,6.78497
79,1,0,0,0,0,0,0,60.0,110.0,2.25,13.3376,6.31501
80,1,0,0,0,0,0,0,60.0,110.0,2.515,13.9964,5.61363
81,1,0,0,0,0,0,0,120.0,30.0,0.498,3.59053,2.81199
82,1,0,0,0,0,0,0,120.0,30.0,0.75,4.91021,3.4014
83,1,0,0,0,0,0,0,120.0,30.0,1.0,5.97665,3.86448
84,1,0,0,0,0,0,0,120.0,30.0,1.25,6.55528,4.0728
85,1,0,0,0,0,0,0,120.0,30.0,1.5,6.72172,4.07067
86,1,0,0,0,0,0,0,120.0,30.0,1.75,6.53198,3.87278
87,1,0,0,0,0,0,0,120.0,30.0,2.0,6.03652,3.45479
88,1,0,0,0,0,0,0,120.0,30.0,2.25,5.39424,2.89958
89,1,0,0,0,0,0,0,120.0,30.0,2.515,4.63042,2.16829
90,1,0,0,0,0,0,0,120.0,40.0,0.498,4.12772,3.41637
91,1,0,0,0,0,0,0,120.0,40.0,0.75,5.58395,4.06028
92,1,0,0,0,0,0,0,120.0,40.0,1.0,6.75972,4.56002
93,1,0,0,0,0,0,0,120.0,40.0,1.25,7.63558,4.88982
94,1,0,0,0,0,0,0,120.0,40.0,1.5,8.00749,4.94884
95,1,0,0,0,0,0,0,120.0,40.0,1.75,7.953,4.74556
96,1,0,0,0,0,0,0,120.0,40.0,2.0,7.58117,4.32814
97,1,0,0,0,0,0,0,120.0,40.0,2.25,7.0032,3.71081
98,1,0,0,0,0,0,0,120.0,40.0,2.515,6.25432,2.86006
99,1,0,0,0,0,0,0,120.0,50.0,0.498,4.45482,3.99328
100,1,0,0,0,0,0,0,120.0,50.0,0.75,6.0305,4.65779
101,1,0,0,0,0,0,0,120.0,50.0,1.0,7.37481,5.21194
102,1,0,0,0,0,0,0,120.0,50.0,1.25,8.41193,5.58835
103,1,0,0,0,0,0,0,120.0,50.0,1.5,9.04522,5.74299
104,1,0,0,0,0,0,0,120.0,50.0,1.75,9.12831,5.54863
105,1,0,0,0,0,0,0,120.0,50.0,2.0,8.91035,5.08498
106,1,0,0,0,0,0,0,120.0,50.0,2.25,8.50116,4.42607
107,1,0,0,0,0,0,0,120.0,50.0,2.515,7.90354,3.54684
108,1,0,0,0,0,0,0,120.0,60.0,0.498,4.61817,4.51874
109,1,0,0,0,0,0,0,120.0,60.0,0.75,6.28769,5.22828
110,1,0,0,0,0,0,0,120.0,60.0,1.0,7.731,5.79702
111,1,0,0,0,0,0,0,120.0,60.0,1.25,8.93012,6.20789
112,1,0,0,0,0,0,0,120.0,60.0,1.5,9.69851,6.38091
113,1,0,0,0,0,0,0,120.0,60.0,1.75,10.0993,6.23605
114,1,0,0,0,0,0,0,120.0,60.0,2.0,10.0723,5.74966
115,1,0,0,0,0,0,0,120.0,60.0,2.25,9.84463,5.05942
116,1,0,0,0,0,0,0,120.0,60.0,2.515,9.40939,4.14695
117,1,0,0,0,0,0,0,120.0,70.0,0.498,4.75945,5.03917
118,1,0,0,0,0,0,0,120.0,70.0,0.75,6.44571,5.77133
119,1,0,0,0,0,0,0,120.0,70.0,1.0,7.97109,6.37163
120,1,0,0,0,0,0,0,120.0,70.0,1.25,9.28428,6.78489
121,1,0,0,0,0,0,0,120.0,70.0,1.5,10.2118,6.91912
122,1,0,0,0,0,0,0,120.0,70.0,1.75,10.8679,6.79341
123,1,0,0,0,0,0,0,120.0,70.0,2.0,11.1751,6.35955
124,1,0,0,0,0,0,0,120.0,70.0,2.25,11.1976,5.67097
125,1,0,0,0,0,0,0,120.0,70.0,2.515,10.9298,4.72892
126,1,0,0,0,0,0,0,120.0,80.0,0.498,4.80915,5.5443
127,1,0,0,0,0,0,0,120.0,80.0,0.75,6.57421,6.33181
128,1,0,0,0,0,0,0,120.0,80.0,1.0,8.16049,6.92145
129,1,0,0,0,0,0,0,120.0,80.0,1.25,9.52877,7.28898
130,1,0,0,0,0,0,0,120.0,80.0,1.5,10.5546,7.37423
131,1,0,0,0,0,0,0,120.0,80.0,1.75,11.4,7.2019
132,1,0,0,0,0,0,0,120.0,80.0,2.0,12.1391,6.85956
133,1,0,0,0,0,0,0,120.0,80.0,2.25,12.3562,6.17358
134,1,0,0,0,0,0,0,120.0,80.0,2.515,12.2409,5.21888
135,1,0,0,0,0,0,0,120.0,90.0,0.498,4.8184,6.0302
136,1,0,0,0,0,0,0,120.0,90.0,0.75,6.67614,6.83113
137,1,0,0,0,0,0,0,120.0,90.0,1.0,8.23564,7.37396
138,1,0,0,0,0,0,0,120.0,90.0,1.25,9.51386,7.6263
139,1,0,0,0,0,0,0,120.0,90.0,1.5,10.7964,7.68533
140,1,0,0,0,0,0,0,120.0,90.0,1.75,11.8996,7.54656
141,1,0,0,0,0,0,0,120.0,90.0,2.0,12.7482,7.14564
142,1,0,0,0,0,0,0,120.0,90.0,2.25,13.3253,6.55814
143,1,0,0,0,0,0,0,120.0,90.0,2.515,13.5403,5.70037
144,1,0,0,0,0,0,0,120.0,100.0,0.498,4.79226,6.4364
145,1,0,0,0,0,0,0,120.0,100.0,0.75,6.61576,7.19538
146,1,0,0,0,0,0,0,120.0,100.0,1.0,8.18162,7.69682
147,1,0,0,0,0,0,0,120.0,100.0,1.25,9.59209,7.91371
148,1,0,0,0,0,0,0,120.0,100.0,1.5,10.949,7.94029
149,1,0,0,0,0,0,0,120.0,100.0,1.75,12.2624,7.79543
150,1,0,0,0,0,0,0,120.0,100.0,2.0,13.3094,7.39913
151,1,0,0,0,0,0,0,120.0,100.0,2.25,14.2042,6.87542
152,1,0,0,0,0,0,0,120.0,100.0,2.515,14.8639,6.10999
153,1,0,0,0,0,0,0,120.0,110.0,0.498,4.75548,6.79456
154,1,0,0,0,0,0,0,120.0,110.0,0.75,6.4537,7.45768
155,1,0,0,0,0,0,0,120.0,110.0,1.0,8.06913,7.92354
156,1,0,0,0,0,0,0,120.0,110.0,1.25,9.64604,8.13835
157,1,0,0,0,0,0,0,120.0,110.0,1.5,11.142,8.17235
158,1,0,0,0,0,0,0,120.0,110.0,1.75,12.5924,7.99481
159,1,0,0,0,0,0,0,120.0,110.0,2.0,13.9167,7.64357
160,1,0,0,0,0,0,0,120.0,110.0,2.25,15.1851,7.20091
161,1,0,0,0,0,0,0,120.0,110.0,2.515,16.1047,6.50629
162,1,0,0,0,0,0,0,180.0,30.0,0.498,3.64996,2.82087
163,1,0,0,0,0,0,0,180.0,30.0,0.75,5.06646,3.44043
164,1,0,0,0,0,0,0,180.0,30.0,1.0,6.22866,3.89765
165,1,0,0,0,0,0,0,180.0,30.0,1.25,6.97012,4.16284
166,1,0,0,0,0,0,0,180.0,30.0,1.5,7.25457,4.21285
167,1,0,0,0,0,0,0,180.0,30.0,1.75,7.13952,4.05021
168,1,0,0,0,0,0,0,180.0,30.0,2.0,6.70727,3.6702
169,1,0,0,0,0,0,0,180.0,30.0,2.25,6.19831,3.15366
170,1,0,0,0,0,0,0,180.0,30.0,2.515,5.54965,2.51761
171,1,0,0,0,0,0,0,180.0,40.0,0.498,4.2626,3.48243
172,1,0,0,0,0,0,0,180.0,40.0,0.75,5.75569,4.14132
173,1,0,0,0,0,0,0,180.0,40.0,1.0,7.11171,4.68588
174,1,0,0,0,0,0,0,180.0,40.0,1.25,8.10056,5.03258
175,1,0,0,0,0,0,0,180.0,40.0,1.5,8.59639,5.12976
176,1,0,0,0,0,0,0,180.0,40.0,1.75,8.63116,4.97017
177,1,0,0,0,0,0,0,180.0,40.0,2.0,8.33713,4.58542
178,1,0,0,0,0,0,0,180.0,40.0,2.25,7.86906,4.02703
179,1,0,0,0,0,0,0,180.0,40.0,2.515,7.29502,3.27388
180,1,0,0,0,0,0,0,180.0,50.0,0.498,4.55278,4.0545
181,1,0,0,0,0,0,0,180.0,50.0,0.75,6.25674,4.7826
182,1,0,0,0,0,0,0,180.0,50.0,1.0,7.71441,5.37789
183,1,0,0,0,0,0,0,180.0,50.0,1.25,8.9236,5.7971
184,1,0,0,0,0,0,0,180.0,50.0,1.5,9.70052,5.98946
185,1,0,0,0,0,0,0,180.0,50.0,1.75,9.94903,5.85111
186,1,0,0,0,0,0,0,180.0,50.0,2.0,9.85286,5.47186
187,1,0,0,0,0,0,0,180.0,50.0,2.25,9.53145,4.84901
188,1,0,0,0,0,0,0,180.0,50.0,2.515,9.02727,3.99606
189,1,0,0,0,0,0,0,180.0,60.0,0.498,4.80209,4.63019
190,1,0,0,0,0,0,0,180.0,60.0,0.75,6.5611,5.39645
191,1,0,0,0,0,0,0,180.0,60.0,1.0,8.09816,6.01503
192,1,0,0,0,0,0,0,180.0,60.0,1.25,9.43896,6.47671
193,1,0,0,0,0,0,0,180.0,60.0,1.5,10.4187,6.70787
194,1,0,0,0,0,0,0,180.0,60.0,1.75,10.9992,6.64464
195,1,0,0,0,0,0,0,180.0,60.0,2.0,11.1218,6.22345
196,1,0,0,0,0,0,0,180.0,60.0,2.25,10.9955,5.54026
197,1,0,0,0,0,0,0,180.0,60.0,2.515,10.6963,4.65151
198,1,0,0,0,0,0,0,180.0,70.0,0.498,4.96588,5.19336
199,1,0,0,0,0,0,0,180.0,70.0,0.75,6.78349,6.00372
200,1,0,0,0,0,0,0,180.0,70.0,1.0,8.39752,6.65176
201,1,0,0,0,0,0,0,180.0,70.0,1.25,9.86766,7.14924
202,1,0,0,0,0,0,0,180.0,70.0,1.5,11.0218,7.37193
203,1,0,0,0,0,0,0,180.0,70.0,1.75,11.8043,7.29675
204,1,0,0,0,0,0,0,180.0,70.0,2.0,12.3726,6.93697
205,1,0,0,0,0,0,0,180.0,70.0,2.25,12.5082,6.2352
206,1,0,0,0,0,0,0,180.0,70.0,2.515,12.2877,5.2712
207,1,0,0,0,0,0,0,180.0,80.0,0.498,5.12274,5.77156
208,1,0,0,0,0,0,0,180.0,80.0,0.75,6.95327,6.6043
209,1,0,0,0,0,0,0,180.0,80.0,1.0,8.63908,7.27437
210,1,0,0,0,0,0,0,180.0,80.0,1.25,10.1923,7.7628
211,1,0,0,0,0,0,0,180.0,80.0,1.5,11.5045,7.97125
212,1,0,0,0,0,0,0,180.0,80.0,1.75,12.548,7.8718
213,1,0,0,0,0,0,0,180.0,80.0,2.0,13.3743,7.49498
214,1,0,0,0,0,0,0,180.0,80.0,2.25,13.7964,6.80925
215,1,0,0,0,0,0,0,180.0,80.0,2.515,13.7852,5.81141
216,1,0,0,0,0,0,0,180.0,90.0,0.498,5.20289,6.30799
217,1,0,0,0,0,0,0,180.0,90.0,0.75,7.1042,7.18014
218,1,0,0,0,0,0,0,180.0,90.0,1.0,8.90587,7.87933
219,1,0,0,0,0,0,0,180.0,90.0,1.25,10.405,8.26841
220,1,0,0,0,0,0,0,180.0,90.0,1.5,11.8361,8.41059
221,1,0,0,0,0,0,0,180.0,90.0,1.75,13.1325,8.32504
222,1,0,0,0,0,0,0,180.0,90.0,2.0,14.1131,7.91606
223,1,0,0,0,0,0,0,180.0,90.0,2.25,14.8788,7.28205
224,1,0,0,0,0,0,0,180.0,90.0,2.515,15.2652,6.37037
225,1,0,0,0,0,0,0,180.0,100.0,0.498,5.21416,6.76724
226,1,0,0,0,0,0,0,180.0,100.0,0.75,7.15276,7.65855
227,1,0,0,0,0,0,0,180.0,100.0,1.0,8.95501,8.3145
228,1,0,0,0,0,0,0,180.0,100.0,1.25,10.5759,8.64819
229,1,0,0,0,0,0,0,180.0,100.0,1.5,12.0933,8.74645
230,1,0,0,0,0,0,0,180.0,100.0,1.75,13.5807,8.6418
231,1,0,0,0,0,0,0,180.0,100.0,2.0,14.7898,8.25439
232,1,0,0,0,0,0,0,180.0,100.0,2.25,15.9654,7.71616
233,1,0,0,0,0,0,0,180.0,100.0,2.515,16.8118,6.91161
234,1,0,0,0,0,0,0,180.0,110.0,0.498,5.32486,7.22085
235,1,0,0,0,0,0,0,180.0,110.0,0.75,7.20983,8.0415
236,1,0,0,0,0,0,0,180.0,110.0,1.0,8.96365,8.60233
237,1,0,0,0,0,0,0,180.0,110.0,1.25,10.6979,8.92792
238,1,0,0,0,0,0,0,180.0,110.0,1.5,12.3319,9.01094
239,1,0,0,0,0,0,0,180.0,110.0,1.75,13.8813,8.85304
240,1,0,0,0,0,0,0,180.0,110.0,2.0,15.4966,8.52886
241,1,0,0,0,0,0,0,180.0,110.0,2.25,17.0001,8.08935
242,1,0,0,0,0,0,0,180.0,110.0,2.515,18.1104,7.37111
243,1,0,0,0,0,0,0,240.0,30.0,0.498,3.65488,2.78883
244,1,0,0,0,0,0,0,240.0,30.0,0.75,5.06916,3.38409
245,1,0,0,0,0,0,0,240.0,30.0,1.0,6.33741,3.87494
246,1,0,0,0,0,0,0,240.0,30.0,1.25,7.18573,4.17664
247,1,0,0,0,0,0,0,240.0,30.0,1.5,7.61102,4.29018
248,1,0,0,0,0,0,0,240.0,30.0,1.75,7.65904,4.18016
249,1,0,0,0,0,0,0,240.0,30.0,2.0,7.33471,3.83633
250,1,0,0,0,0,0,0,240.0,30.0,2.25,6.93069,3.39124
251,1,0,0,0,0,0,0,240.0,30.0,2.515,6.50057,2.88531
252,1,0,0,0,0,0,0,240.0,40.0,0.498,4.22567,3.47861
253,1,0,0,0,0,0,0,240.0,40.0,0.75,5.79088,4.1376
254,1,0,0,0,0,0,0,240.0,40.0,1.0,7.21781,4.70362
255,1,0,0,0,0,0,0,240.0,40.0,1.25,8.35672,5.07658
256,1,0,0,0,0,0,0,240.0,40.0,1.5,9.02798,5.25084
257,1,0,0,0,0,0,0,240.0,40.0,1.75,9.21721,5.15764
258,1,0,0,0,0,0,0,240.0,40.0,2.0,9.00094,4.80071
259,1,0,0,0,0,0,0,240.0,40.0,2.25,8.73994,4.31713
260,1,0,0,0,0,0,0,240.0,40.0,2.515,8.39588,3.71355
261,1,0,0,0,0,0,0,240.0,50.0,0.498,4.57655,4.07819
262,1,0,0,0,0,0,0,240.0,50.0,0.75,6.33027,4.8358
263,1,0,0,0,0,0,0,240.0,50.0,1.0,7.88696,5.45926
264,1,0,0,0,0,0,0,240.0,50.0,1.25,9.26066,5.92828
265,1,0,0,0,0,0,0,240.0,50.0,1.5,10.1681,6.13542
266,1,0,0,0,0,0,0,240.0,50.0,1.75,10.5926,6.09202
267,1,0,0,0,0,0,0,240.0,50.0,2.0,10.6882,5.75485
268,1,0,0,0,0,0,0,240.0,50.0,2.25,10.5596,5.22461
269,1,0,0,0,0,0,0,240.0,50.0,2.515,10.2268,4.46088
270,1,0,0,0,0,0,0,240.0,60.0,0.498,4.89126,4.70673
271,1,0,0,0,0,0,0,240.0,60.0,0.75,6.6825,5.49635
272,1,0,0,0,0,0,0,240.0,60.0,1.0,8.38744,6.18985
273,1,0,0,0,0,0,0,240.0,60.0,1.25,9.86106,6.69363
274,1,0,0,0,0,0,0,240.0,60.0,1.5,11.0339,6.97669
275,1,0,0,0,0,0,0,240.0,60.0,1.75,11.7999,6.96795
276,1,0,0,0,0,0,0,240.0,60.0,2.0,12.2112,6.65756
277,1,0,0,0,0,0,0,240.0,60.0,2.25,12.1961,6.02385
278,1,0,0,0,0,0,0,240.0,60.0,2.515,11.9617,5.12957
279,1,0,0,0,0,0,0,240.0,70.0,0.498,5.13772,5.33556
280,1,0,0,0,0,0,0,240.0,70.0,0.75,7.02828,6.18514
281,1,0,0,0,0,0,0,240.0,70.0,1.0,8.79334,6.90628
282,1,0,0,0,0,0,0,240.0,70.0,1.25,10.3223,7.44505
283,1,0,0,0,0,0,0,240.0,70.0,1.5,11.6966,7.73826
284,1,0,0,0,0,0,0,240.0,70.0,1.75,12.7862,7.78405
285,1,0,0,0,0,0,0,240.0,70.0,2.0,13.5431,7.4679
286,1,0,0,0,0,0,0,240.0,70.0,2.25,13.8852,6.80868
287,1,0,0,0,0,0,0,240.0,70.0,2.515,13.6957,5.80095
288,1,0,0,0,0,0,0,240.0,80.0,0.498,5.38527,5.95199
289,1,0,0,0,0,0,0,240.0,80.0,0.75,7.29735,6.84389
290,1,0,0,0,0,0,0,240.0,80.0,1.0,9.09833,7.58703
291,1,0,0,0,0,0,0,240.0,80.0,1.25,10.8322,8.18492
292,1,0,0,0,0,0,0,240.0,80.0,1.5,12.295,8.47068
293,1,0,0,0,0,0,0,240.0,80.0,1.75,13.5495,8.45151
294,1,0,0,0,0,0,0,240.0,80.0,2.0,14.624,8.12137
295,1,0,0,0,0,0,0,240.0,80.0,2.25,15.2204,7.41857
296,1,0,0,0,0,0,0,240.0,80.0,2.515,15.331,6.39021
297,1,0,0,0,0,0,0,240.0,90.0,0.498,5.52301,6.51772
298,1,0,0,0,0,0,0,240.0,90.0,0.75,7.5087,7.45025
299,1,0,0,0,0,0,0,240.0,90.0,1.0,9.39638,8.25492
300,1,0,0,0,0,0,0,240.0,90.0,1.25,11.2087,8.81597
301,1,0,0,0,0,0,0,240.0,90.0,1.5,12.7774,9.05652
302,1,0,0,0,0,0,0,240.0,90.0,1.75,14.267,9.02846
303,1,0,0,0,0,0,0,240.0,90.0,2.0,15.4516,8.63987
304,1,0,0,0,0,0,0,240.0,90.0,2.25,16.4028,7.97743
305,1,0,0,0,0,0,0,240.0,90.0,2.515,16.9087,6.98059
306,1,0,0,0,0,0,0,240.0,100.0,0.498,5.65863,7.05655
307,1,0,0,0,0,0,0,240.0,100.0,0.75,7.70731,8.02633
308,1,0,0,0,0,0,0,240.0,100.0,1.0,9.66157,8.83349
309,1,0,0,0,0,0,0,240.0,100.0,1.25,11.5173,9.33159
310,1,0,0,0,0,0,0,240.0,100.0,1.5,13.1825,9.51791
311,1,0,0,0,0,0,0,240.0,100.0,1.75,14.7856,9.42836
312,1,0,0,0,0,0,0,240.0,100.0,2.0,16.2778,9.08318
313,1,0,0,0,0,0,0,240.0,100.0,2.25,17.6218,8.50872
314,1,0,0,0,0,0,0,240.0,100.0,2.515,18.5302,7.59733
315,1,0,0,0,0,0,0,240.0,110.0,0.498,5.90209,7.58092
316,1,0,0,0,0,0,0,240.0,110.0,0.75,7.91255,8.52033
317,1,0,0,0,0,0,0,240.0,110.0,1.0,9.82961,9.21864
318,1,0,0,0,0,0,0,240.0,110.0,1.25,11.7718,9.67662
319,1,0,0,0,0,0,0,240.0,110.0,1.5,13.5127,9.82582
320,1,0,0,0,0,0,0,240.0,110.0,1.75,15.2419,9.68855
321,1,0,0,0,0,0,0,240.0,110.0,2.0,16.999,9.38683
322,1,0,0,0,0,0,0,240.0,110.0,2.25,18.6463,8.90631
323,1,0,0,0,0,0,0,240.0,110.0,2.515,19.8661,8.13742
324,1,0,0,0,0,0,0,300.0,30.0,0.498,3.56059,2.69261
325,1,0,0,0,0,0,0,300.0,30.0,0.75,5.0233,3.29207
326,1,0,0,0,0,0,0,300.0,30.0,1.0,6.28557,3.7731
327,1,0,0,0,0,0,0,300.0,30.0,1.25,7.26322,4.12422
328,1,0,0,0,0,0,0,300.0,30.0,1.5,7.81593,4.28018
329,1,0,0,0,0,0,0,300.0,30.0,1.75,8.06777,4.25797
330,1,0,0,0,0,0,0,300.0,30.0,2.0,7.94829,3.98727
331,1,0,0,0,0,0,0,300.0,30.0,2.25,7.67234,3.6525
332,1,0,0,0,0,0,0,300.0,30.0,2.515,7.40178,3.22265
333,1,0,0,0,0,0,0,300.0,40.0,0.498,4.1387,3.41771
334,1,0,0,0,0,0,0,300.0,40.0,0.75,5.75249,4.08137
335,1,0,0,0,0,0,0,300.0,40.0,1.0,7.19415,4.64065
336,1,0,0,0,0,0,0,300.0,40.0,1.25,8.43555,5.0587
337,1,0,0,0,0,0,0,300.0,40.0,1.5,9.27197,5.28604
338,1,0,0,0,0,0,0,300.0,40.0,1.75,9.66989,5.27752
339,1,0,0,0,0,0,0,300.0,40.0,2.0,9.66249,4.98882
340,1,0,0,0,0,0,0,300.0,40.0,2.25,9.63781,4.61814
341,1,0,0,0,0,0,0,300.0,40.0,2.515,9.4106,4.09381
342,1,0,0,0,0,0,0,300.0,50.0,0.498,4.5967,4.11544
343,1,0,0,0,0,0,0,300.0,50.0,0.75,6.36317,4.84585
344,1,0,0,0,0,0,0,300.0,50.0,1.0,7.94626,5.46172
345,1,0,0,0,0,0,0,300.0,50.0,1.25,9.36258,5.95136
346,1,0,0,0,0,0,0,300.0,50.0,1.5,10.5118,6.24961
347,1,0,0,0,0,0,0,300.0,50.0,1.75,11.1083,6.25312
348,1,0,0,0,0,0,0,300.0,50.0,2.0,11.436,6.0088
349,1,0,0,0,0,0,0,300.0,50.0,2.25,11.5529,5.56103
350,1,0,0,0,0,0,0,300.0,50.0,2.515,11.4064,4.8998
351,1,0,0,0,0,0,0,300.0,60.0,0.498,4.97615,4.78258
352,1,0,0,0,0,0,0,300.0,60.0,0.75,6.84848,5.60922
353,1,0,0,0,0,0,0,300.0,60.0,1.0,8.56424,6.28504
354,1,0,0,0,0,0,0,300.0,60.0,1.25,10.0848,6.80508
355,1,0,0,0,0,0,0,300.0,60.0,1.5,11.4512,7.15555
356,1,0,0,0,0,0,0,300.0,60.0,1.75,12.5139,7.25164
357,1,0,0,0,0,0,0,300.0,60.0,2.0,13.1941,7.01843
358,1,0,0,0,0,0,0,300.0,60.0,2.25,13.4463,6.47812
359,1,0,0,0,0,0,0,300.0,60.0,2.515,13.2973,5.62414
360,1,0,0,0,0,0,0,300.0,70.0,0.498,5.31542,5.46961
361,1,0,0,0,0,0,0,300.0,70.0,0.75,7.23756,6.33065
362,1,0,0,0,0,0,0,300.0,70.0,1.0,9.09528,7.095
363,1,0,0,0,0,0,0,300.0,70.0,1.25,10.7745,7.68687
364,1,0,0,0,0,0,0,300.0,70.0,1.5,12.2428,8.04669
365,1,0,0,0,0,0,0,300.0,70.0,1.75,13.6768,8.18257
366,1,0,0,0,0,0,0,300.0,70.0,2.0,14.7245,7.94766
367,1,0,0,0,0,0,0,300.0,70.0,2.25,15.2108,7.33906
368,1,0,0,0,0,0,0,300.0,70.0,2.515,15.0926,6.31789
369,1,0,0,0,0,0,0,300.0,80.0,0.498,5.62062,6.11908
370,1,0,0,0,0,0,0,300.0,80.0,0.75,7.60691,7.03529
371,1,0,0,0,0,0,0,300.0,80.0,1.0,9.53392,7.85935
372,1,0,0,0,0,0,0,300.0,80.0,1.25,11.3901,8.524
373,1,0,0,0,0,0,0,300.0,80.0,1.5,13.0469,8.90771
374,1,0,0,0,0,0,0,300.0,80.0,1.75,14.5156,8.96654
375,1,0,0,0,0,0,0,300.0,80.0,2.0,15.9042,8.70691
376,1,0,0,0,0,0,0,300.0,80.0,2.25,16.6296,8.01865
377,1,0,0,0,0,0,0,300.0,80.0,2.515,16.768,6.94346
378,1,0,0,0,0,0,0,300.0,90.0,0.498,5.81569,6.70689
379,1,0,0,0,0,0,0,300.0,90.0,0.75,7.89855,7.67767
380,1,0,0,0,0,0,0,300.0,90.0,1.0,9.91435,8.57744
381,1,0,0,0,0,0,0,300.0,90.0,1.25,11.8549,9.26227
382,1,0,0,0,0,0,0,300.0,90.0,1.5,13.676,9.63185
383,1,0,0,0,0,0,0,300.0,90.0,1.75,15.2864,9.62974
384,1,0,0,0,0,0,0,300.0,90.0,2.0,16.7674,9.29737
385,1,0,0,0,0,0,0,300.0,90.0,2.25,17.8003,8.59125
386,1,0,0,0,0,0,0,300.0,90.0,2.515,18.3915,7.54641
387,1,0,0,0,0,0,0,300.0,100.0,0.498,6.10711,7.30007
388,1,0,0,0,0,0,0,300.0,100.0,0.75,8.2555,8.33791
389,1,0,0,0,0,0,0,300.0,100.0,1.0,10.3149,9.24212
390,1,0,0,0,0,0,0,300.0,100.0,1.25,12.3394,9.88561
391,1,0,0,0,0,0,0,300.0,100.0,1.5,14.2518,10.1897
392,1,0,0,0,0,0,0,300.0,100.0,1.75,15.9226,10.1257
393,1,0,0,0,0,0,0,300.0,100.0,2.0,17.5297,9.74728
394,1,0,0,0,0,0,0,300.0,100.0,2.25,18.9987,9.13831
395,1,0,0,0,0,0,0,300.0,100.0,2.515,19.8783,8.13529
396,1,0,0,0,0,0,0,300.0,110.0,0.498,6.42742,7.86645
397,1,0,0,0,0,0,0,300.0,110.0,0.75,8.55297,8.88176
398,1,0,0,0,0,0,0,300.0,110.0,1.0,10.6856,9.75259
399,1,0,0,0,0,0,0,300.0,110.0,1.25,12.7718,10.3157
400,1,0,0,0,0,0,0,300.0,110.0,1.5,14.6876,10.5393
401,1,0,0,0,0,0,0,300.0,110.0,1.75,16.5405,10.4465
402,1,0,0,0,0,0,0,300.0,110.0,2.0,18.3162,10.1136
403,1,0,0,0,0,0,0,300.0,110.0,2.25,19.9559,9.56932
404,1,0,0,0,0,0,0,300.0,110.0,2.515,21.0471,8.65689
405,1,0,0,0,0,0,0,360.0,30.0,0.498,3.42979,2.57049
406,1,0,0,0,0,0,0,360.0,30.0,0.75,4.91356,3.16413
407,1,0,0,0,0,0,0,360.0,30.0,1.0,6.1891,3.65174
408,1,0,0,0,0,0,0,360.0,30.0,1.25,7.15776,3.99878
409,1,0,0,0,0,0,0,360.0,30.0,1.5,7.87132,4.19945
410,1,0,0,0,0,0,0,360.0,30.0,1.75,8.33953,4.28763
411,1,0,0,0,0,0,0,360.0,30.0,2.0,8.42017,4.12688
412,1,0,0,0,0,0,0,360.0,30.0,2.25,8.43953,3.9105
413,1,0,0,0,0,0,0,360.0,30.0,2.515,8.26639,3.5348
414,1,0,0,0,0,0,0,360.0,40.0,0.498,4.02676,3.32981
415,1,0,0,0,0,0,0,360.0,40.0,0.75,5.65339,3.99422
416,1,0,0,0,0,0,0,360.0,40.0,1.0,7.12712,4.54913
417,1,0,0,0,0,0,0,360.0,40.0,1.25,8.35195,4.97272
418,1,0,0,0,0,0,0,360.0,40.0,1.5,9.34426,5.24374
419,1,0,0,0,0,0,0,360.0,40.0,1.75,9.96564,5.31482
420,1,0,0,0,0,0,0,360.0,40.0,2.0,10.3686,5.19774
421,1,0,0,0,0,0,0,360.0,40.0,2.25,10.4964,4.90819
422,1,0,0,0,0,0,0,360.0,40.0,2.515,10.4025,4.4277
423,1,0,0,0,0,0,0,360.0,50.0,0.498,4.58582,4.11807
424,1,0,0,0,0,0,0,360.0,50.0,0.75,6.36564,4.84127
425,1,0,0,0,0,0,0,360.0,50.0,1.0,7.96025,5.44653
426,1,0,0,0,0,0,0,360.0,50.0,1.25,9.39918,5.94622
427,1,0,0,0,0,0,0,360.0,50.0,1.5,10.6978,6.28478
428,1,0,0,0,0,0,0,360.0,50.0,1.75,11.557,6.36262
429,1,0,0,0,0,0,0,360.0,50.0,2.0,12.2158,6.24747
430,1,0,0,0,0,0,0,360.0,50.0,2.25,12.5423,5.89287
431,1,0,0,0,0,0,0,360.0,50.0,2.515,12.6037,5.30979
432,1,0,0,0,0,0,0,360.0,60.0,0.498,5.04494,4.86526
433,1,0,0,0,0,0,0,360.0,60.0,0.75,6.98793,5.67776
434,1,0,0,0,0,0,0,360.0,60.0,1.0,8.66426,6.33229
435,1,0,0,0,0,0,0,360.0,60.0,1.25,10.2538,6.87863
436,1,0,0,0,0,0,0,360.0,60.0,1.5,11.7632,7.27034
437,1,0,0,0,0,0,0,360.0,60.0,1.75,13.0452,7.43665
438,1,0,0,0,0,0,0,360.0,60.0,2.0,14.0271,7.3118
439,1,0,0,0,0,0,0,360.0,60.0,2.25,14.5645,6.86411
440,1,0,0,0,0,0,0,360.0,60.0,2.515,14.6432,6.0942
441,1,0,0,0,0,0,0,360.0,70.0,0.498,5.47283,5.5769
442,1,0,0,0,0,0,0,360.0,70.0,0.75,7.48785,6.47288
443,1,0,0,0,0,0,0,360.0,70.0,1.0,9.35874,7.22534
444,1,0,0,0,0,0,0,360.0,70.0,1.25,11.1577,7.8659
445,1,0,0,0,0,0,0,360.0,70.0,1.5,12.7388,8.25355
446,1,0,0,0,0,0,0,360.0,70.0,1.75,14.3956,8.49149
447,1,0,0,0,0,0,0,360.0,70.0,2.0,15.7319,8.33889
448,1,0,0,0,0,0,0,360.0,70.0,2.25,16.4123,7.79573
449,1,0,0,0,0,0,0,360.0,70.0,2.515,16.3983,6.78821
450,1,0,0,0,0,0,0,360.0,80.0,0.498,5.78133,6.24563
451,1,0,0,0,0,0,0,360.0,80.0,0.75,7.88302,7.20628
452,1,0,0,0,0,0,0,360.0,80.0,1.0,9.96399,8.09271
453,1,0,0,0,0,0,0,360.0,80.0,1.25,11.8889,8.79798
454,1,0,0,0,0,0,0,360.0,80.0,1.5,13.7098,9.25409
455,1,0,0,0,0,0,0,360.0,80.0,1.75,15.4523,9.39841
456,1,0,0,0,0,0,0,360.0,80.0,2.0,17.0725,9.2011
457,1,0,0,0,0,0,0,360.0,80.0,2.25,17.8783,8.51934
458,1,0,0,0,0,0,0,360.0,80.0,2.515,18.0133,7.41521
459,1,0,0,0,0,0,0,360.0,90.0,0.498,6.08611,6.87971
460,1,0,0,0,0,0,0,360.0,90.0,0.75,8.31268,7.91354
461,1,0,0,0,0,0,0,360.0,90.0,1.0,10.4194,8.84388
462,1,0,0,0,0,0,0,360.0,90.0,1.25,12.529,9.63059
463,1,0,0,0,0,0,0,360.0,90.0,1.5,14.5413,10.0952
464,1,0,0,0,0,0,0,360.0,90.0,1.75,16.3176,10.146
465,1,0,0,0,0,0,0,360.0,90.0,2.0,17.9167,9.8444
466,1,0,0,0,0,0,0,360.0,90.0,2.25,19.031,9.09853
467,1,0,0,0,0,0,0,360.0,90.0,2.515,19.5884,8.00968
468,1,0,0,0,0,0,0,360.0,100.0,0.498,6.51264,7.51182
469,1,0,0,0,0,0,0,360.0,100.0,0.75,8.7669,8.59136
470,1,0,0,0,0,0,0,360.0,100.0,1.0,10.9886,9.58105
471,1,0,0,0,0,0,0,360.0,100.0,1.25,13.1919,10.3459
472,1,0,0,0,0,0,0,360.0,100.0,1.5,15.2694,10.735
473,1,0,0,0,0,0,0,360.0,100.0,1.75,17.0452,10.7084
474,1,0,0,0,0,0,0,360.0,100.0,2.0,18.6317,10.2937
475,1,0,0,0,0,0,0,360.0,100.0,2.25,20.0344,9.61525
476,1,0,0,0,0,0,0,360.0,100.0,2.515,20.9351,8.56224
477,1,0,0,0,0,0,0,360.0,110.0,0.498,6.88145,8.11018
478,1,0,0,0,0,0,0,360.0,110.0,0.75,9.17114,9.19661
479,1,0,0,0,0,0,0,360.0,110.0,1.0,11.5041,10.1684
480,1,0,0,0,0,0,0,360.0,110.0,1.25,13.7315,10.8375
481,1,0,0,0,0,0,0,360.0,110.0,1.5,15.7603,11.1302
482,1,0,0,0,0,0,0,360.0,110.0,1.75,17.692,11.0905
483,1,0,0,0,0,0,0,360.0,110.0,2.0,19.4267,10.7075
484,1,0,0,0,0,0,0,360.0,110.0,2.25,20.8321,10.0092
485,1,0,0,0,0,0,0,360.0,110.0,2.515,21.8753,8.99973
486,1,0,0,0,0,0,0,420.0,30.0,0.498,3.21626,2.40864
487,1,0,0,0,0,0,0,420.0,30.0,0.75,4.71247,3.00259
488,1,0,0,0,0,0,0,420.0,30.0,1.0,5.96803,3.49096
489,1,0,0,0,0,0,0,420.0,30.0,1.25,7.03137,3.87143
490,1,0,0,0,0,0,0,420.0,30.0,1.5,7.82961,4.10408
491,1,0,0,0,0,0,0,420.0,30.0,1.75,8.43208,4.24278
492,1,0,0,0,0,0,0,420.0,30.0,2.0,8.82952,4.22844
493,1,0,0,0,0,0,0,420.0,30.0,2.25,9.05502,4.10232
494,1,0,0,0,0,0,0,420.0,30.0,2.515,9.0979,3.81581
495,1,0,0,0,0,0,0,420.0,40.0,0.498,3.89858,3.25236
496,1,0,0,0,0,0,0,420.0,40.0,0.75,5.53582,3.89517
497,1,0,0,0,0,0,0,420.0,40.0,1.0,6.98007,4.44126
498,1,0,0,0,0,0,0,420.0,40.0,1.25,8.27364,4.88679
499,1,0,0,0,0,0,0,420.0,40.0,1.5,9.37856,5.18441
500,1,0,0,0,0,0,0,420.0,40.0,1.75,10.2142,5.33947
501,1,0,0,0,0,0,0,420.0,40.0,2.0,10.9126,5.33661
502,1,0,0,0,0,0,0,420.0,40.0,2.25,11.3059,5.16435
503,1,0,0,0,0,0,0,420.0,40.0,2.515,11.4392,4.77478
504,1,0,0,0,0,0,0,420.0,50.0,0.498,4.4792,4.07094
505,1,0,0,0,0,0,0,420.0,50.0,0.75,6.24344,4.78081
506,1,0,0,0,0,0,0,420.0,50.0,1.0,7.90411,5.39964
507,1,0,0,0,0,0,0,420.0,50.0,1.25,9.40764,5.90942
508,1,0,0,0,0,0,0,420.0,50.0,1.5,10.7596,6.24464
509,1,0,0,0,0,0,0,420.0,50.0,1.75,11.9772,6.46739
510,1,0,0,0,0,0,0,420.0,50.0,2.0,12.8805,6.42438
511,1,0,0,0,0,0,0,420.0,50.0,2.25,13.4531,6.17352
512,1,0,0,0,0,0,0,420.0,50.0,2.515,13.8092,5.71944
513,1,0,0,0,0,0,0,420.0,60.0,0.498,5.09273,4.89308
514,1,0,0,0,0,0,0,420.0,60.0,0.75,7.01313,5.69778
515,1,0,0,0,0,0,0,420.0,60.0,1.0,8.73933,6.36581
516,1,0,0,0,0,0,0,420.0,60.0,1.25,10.4198,6.92475
517,1,0,0,0,0,0,0,420.0,60.0,1.5,12.0087,7.3253
518,1,0,0,0,0,0,0,420.0,60.0,1.75,13.5062,7.55255
519,1,0,0,0,0,0,0,420.0,60.0,2.0,14.7734,7.55379
520,1,0,0,0,0,0,0,420.0,60.0,2.25,15.6145,7.2301
521,1,0,0,0,0,0,0,420.0,60.0,2.515,15.8415,6.52473
522,1,0,0,0,0,0,0,420.0,70.0,0.498,5.55842,5.6502
523,1,0,0,0,0,0,0,420.0,70.0,0.75,7.65418,6.56306
524,1,0,0,0,0,0,0,420.0,70.0,1.0,9.58882,7.33969
525,1,0,0,0,0,0,0,420.0,70.0,1.25,11.3866,7.96748
526,1,0,0,0,0,0,0,420.0,70.0,1.5,13.1507,8.41387
527,1,0,0,0,0,0,0,420.0,70.0,1.75,14.9944,8.69755
528,1,0,0,0,0,0,0,420.0,70.0,2.0,16.5552,8.64133
529,1,0,0,0,0,0,0,420.0,70.0,2.25,17.4433,8.15844
530,1,0,0,0,0,0,0,420.0,70.0,2.515,17.5991,7.21943
531,1,0,0,0,0,0,0,420.0,80.0,0.498,5.94102,6.35136
532,1,0,0,0,0,0,0,420.0,80.0,0.75,8.13144,7.34294
533,1,0,0,0,0,0,0,420.0,80.0,1.0,10.3062,8.2496
534,1,0,0,0,0,0,0,420.0,80.0,1.25,12.3398,9.00534
535,1,0,0,0,0,0,0,420.0,80.0,1.5,14.3129,9.5096
536,1,0,0,0,0,0,0,420.0,80.0,1.75,16.2727,9.74308
537,1,0,0,0,0,0,0,420.0,80.0,2.0,17.9426,9.55139
538,1,0,0,0,0,0,0,420.0,80.0,2.25,18.9146,8.89573
539,1,0,0,0,0,0,0,420.0,80.0,2.515,19.1017,7.81107
540,1,0,0,0,0,0,0,420.0,90.0,0.498,6.38297,7.03671
541,1,0,0,0,0,0,0,420.0,90.0,0.75,8.70359,8.10952
542,1,0,0,0,0,0,0,420.0,90.0,1.0,11.0121,9.09902
543,1,0,0,0,0,0,0,420.0,90.0,1.25,13.211,9.9097
544,1,0,0,0,0,0,0,420.0,90.0,1.5,15.4184,10.4544
545,1,0,0,0,0,0,0,420.0,90.0,1.75,17.2585,10.5641
546,1,0,0,0,0,0,0,420.0,90.0,2.0,18.8341,10.2455
547,1,0,0,0,0,0,0,420.0,90.0,2.25,19.8892,9.43655
548,1,0,0,0,0,0,0,420.0,90.0,2.515,20.4521,8.3321
549,1,0,0,0,0,0,0,420.0,100.0,0.498,6.84351,7.69207
550,1,0,0,0,0,0,0,420.0,100.0,0.75,9.19156,8.79113
551,1,0,0,0,0,0,0,420.0,100.0,1.0,11.6148,9.84872
552,1,0,0,0,0,0,0,420.0,100.0,1.25,14.0446,10.6965
553,1,0,0,0,0,0,0,420.0,100.0,1.5,16.214,11.1708
554,1,0,0,0,0,0,0,420.0,100.0,1.75,18.0145,11.171
555,1,0,0,0,0,0,0,420.0,100.0,2.0,19.5258,10.7178
556,1,0,0,0,0,0,0,420.0,100.0,2.25,20.7449,9.92962
557,1,0,0,0,0,0,0,420.0,100.0,2.515,21.5661,8.80684
558,1,0,0,0,0,0,0,420.0,110.0,0.498,7.27212,8.30984
559,1,0,0,0,0,0,0,420.0,110.0,0.75,9.73006,9.44263
560,1,0,0,0,0,0,0,420.0,110.0,1.0,12.2527,10.4803
561,1,0,0,0,0,0,0,420.0,110.0,1.25,14.6509,11.2435
562,1,0,0,0,0,0,0,420.0,110.0,1.5,16.8217,11.6609
563,1,0,0,0,0,0,0,420.0,110.0,1.75,18.6747,11.6068
564,1,0,0,0,0,0,0,420.0,110.0,2.0,20.2142,11.1042
565,1,0,0,0,0,0,0,420.0,110.0,2.25,21.4822,10.3176
566,1,0,0,0,0,0,0,420.0,110.0,2.515,22.4576,9.23039
567,1,0,0,0,0,0,0,480.0,30.0,0.498,2.87042,2.22543
568,1,0,0,0,0,0,0,480.0,30.0,0.75,4.34529,2.80863
569,1,0,0,0,0,0,0,480.0,30.0,1.0,5.65107,3.31633
570,1,0,0,0,0,0,0,480.0,30.0,1.25,6.81188,3.72596
571,1,0,0,0,0,0,0,480.0,30.0,1.5,7.74751,4.0087
572,1,0,0,0,0,0,0,480.0,30.0,1.75,8.51333,4.18915
573,1,0,0,0,0,0,0,480.0,30.0,2.0,9.13477,4.27258
574,1,0,0,0,0,0,0,480.0,30.0,2.25,9.64669,4.27364
575,1,0,0,0,0,0,0,480.0,30.0,2.515,9.84716,4.02411
576,1,0,0,0,0,0,0,480.0,40.0,0.498,3.66094,3.11901
577,1,0,0,0,0,0,0,480.0,40.0,0.75,5.28229,3.76054
578,1,0,0,0,0,0,0,480.0,40.0,1.0,6.77236,4.32374
579,1,0,0,0,0,0,0,480.0,40.0,1.25,8.10723,4.77835
580,1,0,0,0,0,0,0,480.0,40.0,1.5,9.324,5.10731
581,1,0,0,0,0,0,0,480.0,40.0,1.75,10.3896,5.33283
582,1,0,0,0,0,0,0,480.0,40.0,2.0,11.3421,5.43641
583,1,0,0,0,0,0,0,480.0,40.0,2.25,12.024,5.37614
584,1,0,0,0,0,0,0,480.0,40.0,2.515,12.3853,5.07298
585,1,0,0,0,0,0,0,480.0,50.0,0.498,4.33971,3.99945
586,1,0,0,0,0,0,0,480.0,50.0,0.75,6.10966,4.70858
587,1,0,0,0,0,0,0,480.0,50.0,1.0,7.77816,5.31846
588,1,0,0,0,0,0,0,480.0,50.0,1.25,9.37481,5.8377
589,1,0,0,0,0,0,0,480.0,50.0,1.5,10.7942,6.21145
590,1,0,0,0,0,0,0,480.0,50.0,1.75,12.2554,6.50797
591,1,0,0,0,0,0,0,480.0,50.0,2.0,13.4309,6.58142
592,1,0,0,0,0,0,0,480.0,50.0,2.25,14.3893,6.48812
593,1,0,0,0,0,0,0,480.0,50.0,2.515,14.7854,6.03496
594,1,0,0,0,0,0,0,480.0,60.0,0.498,5.02622,4.86237
595,1,0,0,0,0,0,0,480.0,60.0,0.75,6.94546,5.67243
596,1,0,0,0,0,0,0,480.0,60.0,1.0,8.74445,6.35714
597,1,0,0,0,0,0,0,480.0,60.0,1.25,10.4289,6.89821
598,1,0,0,0,0,0,0,480.0,60.0,1.5,12.1763,7.35716
599,1,0,0,0,0,0,0,480.0,60.0,1.75,13.8404,7.62447
600,1,0,0,0,0,0,0,480.0,60.0,2.0,15.3954,7.74714
601,1,0,0,0,0,0,0,480.0,60.0,2.25,16.5019,7.54088
602,1,0,0,0,0,0,0,480.0,60.0,2.515,16.8701,6.85967
603,1,0,0,0,0,0,0,480.0,70.0,0.498,5.58339,5.67341
604,1,0,0,0,0,0,0,480.0,70.0,0.75,7.71508,6.59513
605,1,0,0,0,0,0,0,480.0,70.0,1.0,9.68711,7.39163
606,1,0,0,0,0,0,0,480.0,70.0,1.25,11.5473,8.02675
607,1,0,0,0,0,0,0,480.0,70.0,1.5,13.4895,8.5245
608,1,0,0,0,0,0,0,480.0,70.0,1.75,15.4512,8.81782
609,1,0,0,0,0,0,0,480.0,70.0,2.0,17.14,8.85431
610,1,0,0,0,0,0,0,480.0,70.0,2.25,18.2879,8.45041
611,1,0,0,0,0,0,0,480.0,70.0,2.515,18.5527,7.5303
612,1,0,0,0,0,0,0,480.0,80.0,0.498,6.16484,6.45988
613,1,0,0,0,0,0,0,480.0,80.0,0.75,8.42649,7.47374
614,1,0,0,0,0,0,0,480.0,80.0,1.0,10.5843,8.37133
615,1,0,0,0,0,0,0,480.0,80.0,1.25,12.6821,9.10526
616,1,0,0,0,0,0,0,480.0,80.0,1.5,14.7958,9.65755
617,1,0,0,0,0,0,0,480.0,80.0,1.75,16.828,9.92802
618,1,0,0,0,0,0,0,480.0,80.0,2.0,18.4954,9.75837
619,1,0,0,0,0,0,0,480.0,80.0,2.25,19.5439,9.1148
620,1,0,0,0,0,0,0,480.0,80.0,2.515,19.8905,8.06031
621,1,0,0,0,0,0,0,480.0,90.0,0.498,6.67694,7.17912
622,1,0,0,0,0,0,0,480.0,90.0,0.75,9.06835,8.26463
623,1,0,0,0,0,0,0,480.0,90.0,1.0,11.4997,9.28356
624,1,0,0,0,0,0,0,480.0,90.0,1.25,13.8679,10.1323
625,1,0,0,0,0,0,0,480.0,90.0,1.5,16.0283,10.6643
626,1,0,0,0,0,0,0,480.0,90.0,1.75,17.9794,10.8335
627,1,0,0,0,0,0,0,480.0,90.0,2.0,19.4944,10.4722
628,1,0,0,0,0,0,0,480.0,90.0,2.25,20.4597,9.63114
629,1,0,0,0,0,0,0,480.0,90.0,2.515,20.9677,8.53155
630,1,0,0,0,0,0,0,480.0,100.0,0.498,7.17808,7.85948
631,1,0,0,0,0,0,0,480.0,100.0,0.75,9.67502,8.98269
632,1,0,0,0,0,0,0,480.0,100.0,1.0,12.2453,10.0738
633,1,0,0,0,0,0,0,480.0,100.0,1.25,14.8221,10.9684
634,1,0,0,0,0,0,0,480.0,100.0,1.5,17.0194,11.4705
635,1,0,0,0,0,0,0,480.0,100.0,1.75,18.8361,11.5034
636,1,0,0,0,0,0,0,480.0,100.0,2.0,20.2162,11.0199
637,1,0,0,0,0,0,0,480.0,100.0,2.25,21.1905,10.1017
638,1,0,0,0,0,0,0,480.0,100.0,2.515,21.9054,8.92284
639,1,0,0,0,0,0,0,480.0,110.0,0.498,7.73486,8.51696
640,1,0,0,0,0,0,0,480.0,110.0,0.75,10.3276,9.67259
641,1,0,0,0,0,0,0,480.0,110.0,1.0,12.917,10.7149
642,1,0,0,0,0,0,0,480.0,110.0,1.25,15.5326,11.5866
643,1,0,0,0,0,0,0,480.0,110.0,1.5,17.7244,12.0156
644,1,0,0,0,0,0,0,480.0,110.0,1.75,19.4949,11.966
645,1,0,0,0,0,0,0,480.0,110.0,2.0,20.8599,11.4059
646,1,0,0,0,0,0,0,480.0,110.0,2.25,21.9642,10.5196
647,1,0,0,0,0,0,0,480.0,110.0,2.515,22.8564,9.36058
648,1,0,0,0,0,0,0,540.0,30.0,0.498,2.4633,2.0307
649,1,0,0,0,0,0,0,540.0,30.0,0.75,3.94361,2.63028
650,1,0,0,0,0,0,0,540.0,30.0,1.0,5.35668,3.1576
651,1,0,0,0,0,0,0,540.0,30.0,1.25,6.5449,3.57665
652,1,0,0,0,0,0,0,540.0,30.0,1.5,7.56422,3.89322
653,1,0,0,0,0,0,0,540.0,30.0,1.75,8.51545,4.12618
654,1,0,0,0,0,0,0,540.0,30.0,2.0,9.34288,4.297
655,1,0,0,0,0,0,0,540.0,30.0,2.25,10.0367,4.33199
656,1,0,0,0,0,0,0,540.0,30.0,2.515,10.4059,4.13348
657,1,0,0,0,0,0,0,540.0,40.0,0.498,3.33331,2.95734
658,1,0,0,0,0,0,0,540.0,40.0,0.75,4.92243,3.58813
659,1,0,0,0,0,0,0,540.0,40.0,1.0,6.52704,4.19188
660,1,0,0,0,0,0,0,540.0,40.0,1.25,7.95909,4.65641
661,1,0,0,0,0,0,0,540.0,40.0,1.5,9.22408,5.01415
662,1,0,0,0,0,0,0,540.0,40.0,1.75,10.4849,5.29805
663,1,0,0,0,0,0,0,540.0,40.0,2.0,11.6055,5.46927
664,1,0,0,0,0,0,0,540.0,40.0,2.25,12.6206,5.54221
665,1,0,0,0,0,0,0,540.0,40.0,2.515,13.1473,5.29364
666,1,0,0,0,0,0,0,540.0,50.0,0.498,4.1362,3.8967
667,1,0,0,0,0,0,0,540.0,50.0,0.75,5.88073,4.58273
668,1,0,0,0,0,0,0,540.0,50.0,1.0,7.56292,5.20317
669,1,0,0,0,0,0,0,540.0,50.0,1.25,9.19314,5.73517
670,1,0,0,0,0,0,0,540.0,50.0,1.5,10.8225,6.16166
671,1,0,0,0,0,0,0,540.0,50.0,1.75,12.3959,6.49649
672,1,0,0,0,0,0,0,540.0,50.0,2.0,13.853,6.67374
673,1,0,0,0,0,0,0,540.0,50.0,2.25,15.0398,6.69693
674,1,0,0,0,0,0,0,540.0,50.0,2.515,15.6599,6.34544
675,1,0,0,0,0,0,0,540.0,60.0,0.498,4.89563,4.80299
676,1,0,0,0,0,0,0,540.0,60.0,0.75,6.80524,5.60244
677,1,0,0,0,0,0,0,540.0,60.0,1.0,8.56336,6.24819
678,1,0,0,0,0,0,0,540.0,60.0,1.25,10.3428,6.82432
679,1,0,0,0,0,0,0,540.0,60.0,1.5,12.2601,7.31795
680,1,0,0,0,0,0,0,540.0,60.0,1.75,14.1636,7.68008
681,1,0,0,0,0,0,0,540.0,60.0,2.0,15.8836,7.87256
682,1,0,0,0,0,0,0,540.0,60.0,2.25,17.1877,7.74445
683,1,0,0,0,0,0,0,540.0,60.0,2.515,17.6528,7.12326
684,1,0,0,0,0,0,0,540.0,70.0,0.498,5.60943,5.67968
685,1,0,0,0,0,0,0,540.0,70.0,0.75,7.70236,6.58235
686,1,0,0,0,0,0,0,540.0,70.0,1.0,9.64375,7.34886
687,1,0,0,0,0,0,0,540.0,70.0,1.25,11.6126,7.99553
688,1,0,0,0,0,0,0,540.0,70.0,1.5,13.7215,8.53691
689,1,0,0,0,0,0,0,540.0,70.0,1.75,15.7049,8.85081
690,1,0,0,0,0,0,0,540.0,70.0,2.0,17.4952,8.92277
691,1,0,0,0,0,0,0,540.0,70.0,2.25,18.7232,8.56196
692,1,0,0,0,0,0,0,540.0,70.0,2.515,19.1561,7.71026
693,1,0,0,0,0,0,0,540.0,80.0,0.498,6.35323,6.55022
694,1,0,0,0,0,0,0,540.0,80.0,0.75,8.63179,7.5484
695,1,0,0,0,0,0,0,540.0,80.0,1.0,10.865,8.45778
696,1,0,0,0,0,0,0,540.0,80.0,1.25,13.0126,9.18562
697,1,0,0,0,0,0,0,540.0,80.0,1.5,15.1611,9.6983
698,1,0,0,0,0,0,0,540.0,80.0,1.75,17.1613,9.94127
699,1,0,0,0,0,0,0,540.0,80.0,2.0,18.8143,9.81298
700,1,0,0,0,0,0,0,540.0,80.0,2.25,19.888,9.22783
701,1,0,0,0,0,0,0,540.0,80.0,2.515,20.4112,8.2297
702,1,0,0,0,0,0,0,540.0,90.0,0.498,6.98213,7.31128
703,1,0,0,0,0,0,0,540.0,90.0,0.75,9.45878,8.41987
704,1,0,0,0,0,0,0,540.0,90.0,1.0,11.964,9.43991
705,1,0,0,0,0,0,0,540.0,90.0,1.25,14.3326,10.2469
706,1,0,0,0,0,0,0,540.0,90.0,1.5,16.5169,10.7675
707,1,0,0,0,0,0,0,540.0,90.0,1.75,18.3955,10.8839
708,1,0,0,0,0,0,0,540.0,90.0,2.0,19.8896,10.5407
709,1,0,0,0,0,0,0,540.0,90.0,2.25,20.7815,9.74142
710,1,0,0,0,0,0,0,540.0,90.0,2.515,21.3065,8.65179
711,1,0,0,0,0,0,0,540.0,100.0,0.498,7.59539,8.04364
712,1,0,0,0,0,0,0,540.0,100.0,0.75,10.206,9.18401
713,1,0,0,0,0,0,0,540.0,100.0,1.0,12.8301,10.2608
714,1,0,0,0,0,0,0,540.0,100.0,1.25,15.3995,11.1349
715,1,0,0,0,0,0,0,540.0,100.0,1.5,17.6137,11.6226
716,1,0,0,0,0,0,0,540.0,100.0,1.75,19.4404,11.6523
717,1,0,0,0,0,0,0,540.0,100.0,2.0,20.711,11.128
718,1,0,0,0,0,0,0,540.0,100.0,2.25,21.5156,10.1892
719,1,0,0,0,0,0,0,540.0,100.0,2.515,22.0997,9.01298
720,1,0,0,0,0,0,0,540.0,110.0,0.498,8.20871,8.72973
721,1,0,0,0,0,0,0,540.0,110.0,0.75,10.8941,9.88024
722,1,0,0,0,0,0,0,540.0,110.0,1.0,13.6183,10.9432
723,1,0,0,0,0,0,0,540.0,110.0,1.25,16.2786,11.7988
724,1,0,0,0,0,0,0,540.0,110.0,1.5,18.5011,12.2567
725,1,0,0,0,0,0,0,540.0,110.0,1.75,20.2222,12.2072
726,1,0,0,0,0,0,0,540.0,110.0,2.0,21.4832,11.623
727,1,0,0,0,0,0,0,540.0,110.0,2.25,22.3412,10.644
728,1,0,0,0,0,0,0,540.0,110.0,2.515,23.148,9.48065
729,1,0,0,0,0,0,0,600.0,30.0,0.498,1.99293,1.82537
730,1,0,0,0,0,0,0,600.0,30.0,0.75,3.60577,2.47493
731,1,0,0,0,0,0,0,600.0,30.0,1.0,5.09923,3.01246
732,1,0,0,0,0,0,0,600.0,30.0,1.25,6.29629,3.43664
733,1,0,0,0,0,0,0,600.0,30.0,1.5,7.42387,3.78379
734,1,0,0,0,0,0,0,600.0,30.0,1.75,8.5339,4.07131
735,1,0,0,0,0,0,0,600.0,30.0,2.0,9.47602,4.28889
736,1,0,0,0,0,0,0,600.0,30.0,2.25,10.3262,4.35152
737,1,0,0,0,0,0,0,600.0,30.0,2.515,10.7636,4.18055
738,1,0,0,0,0,0,0,600.0,40.0,0.498,2.96546,2.79573
739,1,0,0,0,0,0,0,600.0,40.0,0.75,4.60866,3.44276
740,1,0,0,0,0,0,0,600.0,40.0,1.0,6.2085,4.03843
741,1,0,0,0,0,0,0,600.0,40.0,1.25,7.7341,4.52357
742,1,0,0,0,0,0,0,600.0,40.0,1.5,9.10487,4.92285
743,1,0,0,0,0,0,0,600.0,40.0,1.75,10.5159,5.24999
744,1,0,0,0,0,0,0,600.0,40.0,2.0,11.8244,5.48889
745,1,0,0,0,0,0,0,600.0,40.0,2.25,12.9467,5.59069
746,1,0,0,0,0,0,0,600.0,40.0,2.515,13.6775,5.45329
747,1,0,0,0,0,0,0,600.0,50.0,0.498,3.87513,3.77177
748,1,0,0,0,0,0,0,600.0,50.0,0.75,5.56793,4.43807
749,1,0,0,0,0,0,0,600.0,50.0,1.0,7.23006,5.03723
750,1,0,0,0,0,0,0,600.0,50.0,1.25,8.93976,5.60122
751,1,0,0,0,0,0,0,600.0,50.0,1.5,10.7548,6.09329
752,1,0,0,0,0,0,0,600.0,50.0,1.75,12.4878,6.47089
753,1,0,0,0,0,0,0,600.0,50.0,2.0,14.0493,6.68936
754,1,0,0,0,0,0,0,600.0,50.0,2.25,15.3938,6.75176
755,1,0,0,0,0,0,0,600.0,50.0,2.515,16.2905,6.56435
756,1,0,0,0,0,0,0,600.0,60.0,0.498,4.70183,4.71173
757,1,0,0,0,0,0,0,600.0,60.0,0.75,6.56763,5.46981
758,1,0,0,0,0,0,0,600.0,60.0,1.0,8.33277,6.1061
759,1,0,0,0,0,0,0,600.0,60.0,1.25,10.2411,6.72788
760,1,0,0,0,0,0,0,600.0,60.0,1.5,12.296,7.28168
761,1,0,0,0,0,0,0,600.0,60.0,1.75,14.3347,7.69552
762,1,0,0,0,0,0,0,600.0,60.0,2.0,16.0495,7.85107
763,1,0,0,0,0,0,0,600.0,60.0,2.25,17.3683,7.72905
764,1,0,0,0,0,0,0,600.0,60.0,2.515,17.9792,7.22041
765,1,0,0,0,0,0,0,600.0,70.0,0.498,5.59756,5.65999
766,1,0,0,0,0,0,0,600.0,70.0,0.75,7.66627,6.53242
767,1,0,0,0,0,0,0,600.0,70.0,1.0,9.66495,7.29086
768,1,0,0,0,0,0,0,600.0,70.0,1.25,11.7112,7.93503
769,1,0,0,0,0,0,0,600.0,70.0,1.5,13.8924,8.48723
770,1,0,0,0,0,0,0,600.0,70.0,1.75,15.8773,8.81291
771,1,0,0,0,0,0,0,600.0,70.0,2.0,17.6219,8.85146
772,1,0,0,0,0,0,0,600.0,70.0,2.25,18.8431,8.52782
773,1,0,0,0,0,0,0,600.0,70.0,2.515,19.4305,7.8009
774,1,0,0,0,0,0,0,600.0,80.0,0.498,6.48228,6.58843
775,1,0,0,0,0,0,0,600.0,80.0,0.75,8.80112,7.5782
776,1,0,0,0,0,0,0,600.0,80.0,1.0,11.1037,8.4748
777,1,0,0,0,0,0,0,600.0,80.0,1.25,13.2688,9.17296
778,1,0,0,0,0,0,0,600.0,80.0,1.5,15.3944,9.64985
779,1,0,0,0,0,0,0,600.0,80.0,1.75,17.3271,9.83832
780,1,0,0,0,0,0,0,600.0,80.0,2.0,18.9486,9.7297
781,1,0,0,0,0,0,0,600.0,80.0,2.25,20.0913,9.23797
782,1,0,0,0,0,0,0,600.0,80.0,2.515,20.629,8.31344
783,1,0,0,0,0,0,0,600.0,90.0,0.498,7.3541,7.4634
784,1,0,0,0,0,0,0,600.0,90.0,0.75,9.8911,8.56314
785,1,0,0,0,0,0,0,600.0,90.0,1.0,12.346,9.51657
786,1,0,0,0,0,0,0,600.0,90.0,1.25,14.6623,10.2738
787,1,0,0,0,0,0,0,600.0,90.0,1.5,16.7775,10.6982
788,1,0,0,0,0,0,0,600.0,90.0,1.75,18.6741,10.7871
789,1,0,0,0,0,0,0,600.0,90.0,2.0,20.1207,10.4862
790,1,0,0,0,0,0,0,600.0,90.0,2.25,21.0249,9.78017
791,1,0,0,0,0,0,0,600.0,90.0,2.515,21.5525,8.73328
792,1,0,0,0,0,0,0,600.0,100.0,0.498,8.01103,8.21141
793,1,0,0,0,0,0,0,600.0,100.0,0.75,10.6864,9.34878
794,1,0,0,0,0,0,0,600.0,100.0,1.0,13.2877,10.3679
795,1,0,0,0,0,0,0,600.0,100.0,1.25,15.7863,11.1655
796,1,0,0,0,0,0,0,600.0,100.0,1.5,18.0397,11.6416
797,1,0,0,0,0,0,0,600.0,100.0,1.75,19.858,11.6458
798,1,0,0,0,0,0,0,600.0,100.0,2.0,21.1256,11.1329
799,1,0,0,0,0,0,0,600.0,100.0,2.25,21.8479,10.2595
800,1,0,0,0,0,0,0,600.0,100.0,2.515,22.392,9.12646
801,1,0,0,0,0,0,0,600.0,110.0,0.498,8.71624,8.927
802,1,0,0,0,0,0,0,600.0,110.0,0.75,11.4374,10.0498
803,1,0,0,0,0,0,0,600.0,110.0,1.0,14.1807,11.086
804,1,0,0,0,0,0,0,600.0,110.0,1.25,16.834,11.9041
805,1,0,0,0,0,0,0,600.0,110.0,1.5,19.1026,12.371
806,1,0,0,0,0,0,0,600.0,110.0,1.75,20.8515,12.2938
807,1,0,0,0,0,0,0,600.0,110.0,2.0,22.006,11.7106
808,1,0,0,0,0,0,0,600.0,110.0,2.25,22.757,10.7645
809,1,0,0,0,0,0,0,600.0,110.0,2.515,23.3668,9.56824
810,0,1,0,0,0,0,0,60.0,30.0,0.498,1.83564,1.68058
811,0,1,0,0,0,0,0,60.0,30.0,0.75,2.66249,2.08157
812,0,1,0,0,0,0,0,60.0,30.0,1.0,3.15646,2.40657
813,0,1,0,0,0,0,0,60.0,30.0,1.25,3.28789,2.50922
814,0,1,0,0,0,0,0,60.0,30.0,1.5,3.10437,2.47692
815,0,1,0,0,0,0,0,60.0,30.0,1.75,2.66431,2.31067
816,0,1,0,0,0,0,0,60.0,30.0,2.0,2.02251,1.93188
817,0,1,0,0,0,0,0,60.0,30.0,2.25,1.32641,1.37036
818,0,1,0,0,0,0,0,60.0,30.0,2.515,1.00043,0.88169
819,0,1,0,0,0,0,0,60.0,40.0,0.498,2.52817,2.1734
820,0,1,0,0,0,0,0,60.0,40.0,0.75,3.62831,2.80308
821,0,1,0,0,0,0,0,60.0,40.0,1.0,4.28287,3.18022
822,0,1,0,0,0,0,0,60.0,40.0,1.25,4.62539,3.36533
823,0,1,0,0,0,0,0,60.0,40.0,1.5,4.58621,3.33565
824,0,1,0,0,0,0,0,60.0,40.0,1.75,4.21173,3.14403
825,0,1,0,0,0,0,0,60.0,40.0,2.0,3.53375,2.71196
826,0,1,0,0,0,0,0,60.0,40.0,2.25,2.71494,2.10129
827,0,1,0,0,0,0,0,60.0,40.0,2.515,1.87911,1.30231
828,0,1,0,0,0,0,0,60.0,50.0,0.498,2.90483,2.61442
829,0,1,0,0,0,0,0,60.0,50.0,0.75,4.25502,3.35306
830,0,1,0,0,0,0,0,60.0,50.0,1.0,5.18583,3.8484
831,0,1,0,0,0,0,0,60.0,50.0,1.25,5.70719,4.09145
832,0,1,0,0,0,0,0,60.0,50.0,1.5,5.77729,4.08461
833,0,1,0,0,0,0,0,60.0,50.0,1.75,5.51992,3.87608
834,0,1,0,0,0,0,0,60.0,50.0,2.0,4.92882,3.41138
835,0,1,0,0,0,0,0,60.0,50.0,2.25,4.09138,2.71734
836,0,1,0,0,0,0,0,60.0,50.0,2.515,3.18934,1.87661
837,0,1,0,0,0,0,0,60.0,60.0,0.498,3.04792,2.98633
838,0,1,0,0,0,0,0,60.0,60.0,0.75,4.61171,3.77816
839,0,1,0,0,0,0,0,60.0,60.0,1.0,5.75171,4.35264
840,0,1,0,0,0,0,0,60.0,60.0,1.25,6.46281,4.65609
841,0,1,0,0,0,0,0,60.0,60.0,1.5,6.66266,4.69369
842,0,1,0,0,0,0,0,60.0,60.0,1.75,6.53432,4.46905
843,0,1,0,0,0,0,0,60.0,60.0,2.0,6.10538,3.99307
844,0,1,0,0,0,0,0,60.0,60.0,2.25,5.43711,3.28729
845,0,1,0,0,0,0,0,60.0,60.0,2.515,4.52236,2.40295
846,0,1,0,0,0,0,0,60.0,70.0,0.498,3.05585,3.29321
847,0,1,0,0,0,0,0,60.0,70.0,0.75,4.71725,4.09517
848,0,1,0,0,0,0,0,60.0,70.0,1.0,6.02971,4.72275
849,0,1,0,0,0,0,0,60.0,70.0,1.25,6.9318,5.08173
850,0,1,0,0,0,0,0,60.0,70.0,1.5,7.37118,5.15008
851,0,1,0,0,0,0,0,60.0,70.0,1.75,7.3571,4.92836
852,0,1,0,0,0,0,0,60.0,70.0,2.0,7.12154,4.44464
853,0,1,0,0,0,0,0,60.0,70.0,2.25,6.61899,3.76136
854,0,1,0,0,0,0,0,60.0,70.0,2.515,5.93908,2.88919
855,0,1,0,0,0,0,0,60.0,80.0,0.498,3.04242,3.56972
856,0,1,0,0,0,0,0,60.0,80.0,0.75,4.74169,4.36081
857,0,1,0,0,0,0,0,60.0,80.0,1.0,6.17754,4.98395
858,0,1,0,0,0,0,0,60.0,80.0,1.25,7.25048,5.36411
859,0,1,0,0,0,0,0,60.0,80.0,1.5,7.90693,5.47521
860,0,1,0,0,0,0,0,60.0,80.0,1.75,8.07785,5.24356
861,0,1,0,0,0,0,0,60.0,80.0,2.0,8.03441,4.78807
862,0,1,0,0,0,0,0,60.0,80.0,2.25,7.85994,4.20307
863,0,1,0,0,0,0,0,60.0,80.0,2.515,7.36089,3.36207
864,0,1,0,0,0,0,0,60.0,90.0,0.498,2.97977,3.82196
865,0,1,0,0,0,0,0,60.0,90.0,0.75,4.71067,4.58584
866,0,1,0,0,0,0,0,60.0,90.0,1.0,6.17956,5.1588
867,0,1,0,0,0,0,0,60.0,90.0,1.25,7.42463,5.5524
868,0,1,0,0,0,0,0,60.0,90.0,1.5,8.20347,5.64177
869,0,1,0,0,0,0,0,60.0,90.0,1.75,8.7007,5.47832
870,0,1,0,0,0,0,0,60.0,90.0,2.0,8.93279,5.0927
871,0,1,0,0,0,0,0,60.0,90.0,2.25,8.90503,4.53396
872,0,1,0,0,0,0,0,60.0,90.0,2.515,8.65707,3.73459
873,0,1,0,0,0,0,0,60.0,100.0,0.498,2.86428,4.01049
874,0,1,0,0,0,0,0,60.0,100.0,0.75,4.57964,4.72335
875,0,1,0,0,0,0,0,60.0,100.0,1.0,6.05665,5.27606
876,0,1,0,0,0,0,0,60.0,100.0,1.25,7.32148,5.63144
877,0,1,0,0,0,0,0,60.0,100.0,1.5,8.28491,5.70723
878,0,1,0,0,0,0,0,60.0,100.0,1.75,9.09835,5.59854
879,0,1,0,0,0,0,0,60.0,100.0,2.0,9.63688,5.30644
880,0,1,0,0,0,0,0,60.0,100.0,2.25,9.79772,4.73703
881,0,1,0,0,0,0,0,60.0,100.0,2.515,9.72878,3.95588
882,0,1,0,0,0,0,0,60.0,110.0,0.498,2.80544,4.20605
883,0,1,0,0,0,0,0,60.0,110.0,0.75,4.44893,4.85314
884,0,1,0,0,0,0,0,60.0,110.0,1.0,5.85916,5.32289
885,0,1,0,0,0,0,0,60.0,110.0,1.25,7.09951,5.60981
886,0,1,0,0,0,0,0,60.0,110.0,1.5,8.27838,5.70044
887,0,1,0,0,0,0,0,60.0,110.0,1.75,9.34083,5.67004
888,0,1,0,0,0,0,0,60.0,110.0,2.0,10.1234,5.38429
889,0,1,0,0,0,0,0,60.0,110.0,2.25,10.5809,4.86874
890,0,1,0,0,0,0,0,60.0,110.0,2.515,10.8352,4.1606
891,0,1,0,0,0,0,0,120.0,30.0,0.498,2.04875,1.68891
892,0,1,0,0,0,0,0,120.0,30.0,0.75,2.95599,2.14487
893,0,1,0,0,0,0,0,120.0,30.0,1.0,3.51391,2.52131
894,0,1,0,0,0,0,0,120.0,30.0,1.25,3.65058,2.64252
895,0,1,0,0,0,0,0,120.0,30.0,1.5,3.48742,2.61949
896,0,1,0,0,0,0,0,120.0,30.0,1.75,3.05712,2.45145
897,0,1,0,0,0,0,0,120.0,30.0,2.0,2.48631,2.1296
898,0,1,0,0,0,0,0,120.0,30.0,2.25,1.68489,1.58886
899,0,1,0,0,0,0,0,120.0,30.0,2.515,1.23874,1.04152
900,0,1,0,0,0,0,0,120.0,40.0,0.498,2.792,2.23692
901,0,1,0,0,0,0,0,120.0,40.0,0.75,3.99915,2.90985
902,0,1,0,0,0,0,0,120.0,40.0,1.0,4.71042,3.33447
903,0,1,0,0,0,0,0,120.0,40.0,1.25,5.10349,3.54683
904,0,1,0,0,0,0,0,120.0,40.0,1.5,5.05168,3.52524
905,0,1,0,0,0,0,0,120.0,40.0,1.75,4.68765,3.36346
906,0,1,0,0,0,0,0,120.0,40.0,2.0,4.07819,2.96603
907,0,1,0,0,0,0,0,120.0,40.0,2.25,3.26972,2.35626
908,0,1,0,0,0,0,0,120.0,40.0,2.515,2.29095,1.5754
909,0,1,0,0,0,0,0,120.0,50.0,0.498,3.14693,2.72404
910,0,1,0,0,0,0,0,120.0,50.0,0.75,4.67767,3.53237
911,0,1,0,0,0,0,0,120.0,50.0,1.0,5.74898,4.09993
912,0,1,0,0,0,0,0,120.0,50.0,1.25,6.29911,4.36609
913,0,1,0,0,0,0,0,120.0,50.0,1.5,6.44596,4.39242
914,0,1,0,0,0,0,0,120.0,50.0,1.75,6.14127,4.19415
915,0,1,0,0,0,0,0,120.0,50.0,2.0,5.55724,3.72533
916,0,1,0,0,0,0,0,120.0,50.0,2.25,4.82501,3.07296
917,0,1,0,0,0,0,0,120.0,50.0,2.515,3.90468,2.22329
918,0,1,0,0,0,0,0,120.0,60.0,0.498,3.22079,3.08855
919,0,1,0,0,0,0,0,120.0,60.0,0.75,4.96525,3.98157
920,0,1,0,0,0,0,0,120.0,60.0,1.0,6.32289,4.66149
921,0,1,0,0,0,0,0,120.0,60.0,1.25,7.21629,5.05246
922,0,1,0,0,0,0,0,120.0,60.0,1.5,7.50606,5.11565
923,0,1,0,0,0,0,0,120.0,60.0,1.75,7.32188,4.89081
924,0,1,0,0,0,0,0,120.0,60.0,2.0,6.87372,4.39946
925,0,1,0,0,0,0,0,120.0,60.0,2.25,6.25576,3.67647
926,0,1,0,0,0,0,0,120.0,60.0,2.515,5.36056,2.77997
927,0,1,0,0,0,0,0,120.0,70.0,0.498,3.2018,3.40918
928,0,1,0,0,0,0,0,120.0,70.0,0.75,4.99857,4.30801
929,0,1,0,0,0,0,0,120.0,70.0,1.0,6.54958,5.03384
930,0,1,0,0,0,0,0,120.0,70.0,1.25,7.68642,5.5318
931,0,1,0,0,0,0,0,120.0,70.0,1.5,8.26857,5.66851
932,0,1,0,0,0,0,0,120.0,70.0,1.75,8.30495,5.4592
933,0,1,0,0,0,0,0,120.0,70.0,2.0,8.03983,4.95091
934,0,1,0,0,0,0,0,120.0,70.0,2.25,7.58953,4.2063
935,0,1,0,0,0,0,0,120.0,70.0,2.515,6.91493,3.32783
936,0,1,0,0,0,0,0,120.0,80.0,0.498,3.16099,3.71152
937,0,1,0,0,0,0,0,120.0,80.0,0.75,5.00367,4.59453
938,0,1,0,0,0,0,0,120.0,80.0,1.0,6.60545,5.33059
939,0,1,0,0,0,0,0,120.0,80.0,1.25,7.92254,5.82391
940,0,1,0,0,0,0,0,120.0,80.0,1.5,8.788,6.04605
941,0,1,0,0,0,0,0,120.0,80.0,1.75,9.08238,5.84999
942,0,1,0,0,0,0,0,120.0,80.0,2.0,9.15273,5.38922
943,0,1,0,0,0,0,0,120.0,80.0,2.25,8.91076,4.72109
944,0,1,0,0,0,0,0,120.0,80.0,2.515,8.4805,3.84187
945,0,1,0,0,0,0,0,120.0,90.0,0.498,3.15676,4.01189
946,0,1,0,0,0,0,0,120.0,90.0,0.75,4.97145,4.86507
947,0,1,0,0,0,0,0,120.0,90.0,1.0,6.59854,5.54693
948,0,1,0,0,0,0,0,120.0,90.0,1.25,8.0127,6.03047
949,0,1,0,0,0,0,0,120.0,90.0,1.5,9.05429,6.25203
950,0,1,0,0,0,0,0,120.0,90.0,1.75,9.77558,6.13773
951,0,1,0,0,0,0,0,120.0,90.0,2.0,10.1058,5.73638
952,0,1,0,0,0,0,0,120.0,90.0,2.25,10.1713,5.1551
953,0,1,0,0,0,0,0,120.0,90.0,2.515,9.92427,4.26633
954,0,1,0,0,0,0,0,120.0,100.0,0.498,3.14803,4.28301
955,0,1,0,0,0,0,0,120.0,100.0,0.75,4.92118,5.06569
956,0,1,0,0,0,0,0,120.0,100.0,1.0,6.53169,5.67877
957,0,1,0,0,0,0,0,120.0,100.0,1.25,7.94179,6.13035
958,0,1,0,0,0,0,0,120.0,100.0,1.5,9.16256,6.32981
959,0,1,0,0,0,0,0,120.0,100.0,1.75,10.1495,6.2555
960,0,1,0,0,0,0,0,120.0,100.0,2.0,10.8296,5.95448
961,0,1,0,0,0,0,0,120.0,100.0,2.25,11.1785,5.38403
962,0,1,0,0,0,0,0,120.0,100.0,2.515,11.2643,4.60475
963,0,1,0,0,0,0,0,120.0,110.0,0.498,3.21362,4.55213
964,0,1,0,0,0,0,0,120.0,110.0,0.75,4.9415,5.26499
965,0,1,0,0,0,0,0,120.0,110.0,1.0,6.4881,5.80184
966,0,1,0,0,0,0,0,120.0,110.0,1.25,7.87852,6.16453
967,0,1,0,0,0,0,0,120.0,110.0,1.5,9.23934,6.33018
968,0,1,0,0,0,0,0,120.0,110.0,1.75,10.4342,6.31691
969,0,1,0,0,0,0,0,120.0,110.0,2.0,11.3782,6.05572
970,0,1,0,0,0,0,0,120.0,110.0,2.25,12.0154,5.54847
971,0,1,0,0,0,0,0,120.0,110.0,2.515,12.3571,4.80932
972,0,1,0,0,0,0,0,180.0,30.0,0.498,2.08502,1.64637
973,0,1,0,0,0,0,0,180.0,30.0,0.75,3.09898,2.13766
974,0,1,0,0,0,0,0,180.0,30.0,1.0,3.65129,2.53014
975,0,1,0,0,0,0,0,180.0,30.0,1.25,3.79037,2.69454
976,0,1,0,0,0,0,0,180.0,30.0,1.5,3.71307,2.68246
977,0,1,0,0,0,0,0,180.0,30.0,1.75,3.37962,2.5415
978,0,1,0,0,0,0,0,180.0,30.0,2.0,2.78828,2.23676
979,0,1,0,0,0,0,0,180.0,30.0,2.25,1.99413,1.74287
980,0,1,0,0,0,0,0,180.0,30.0,2.515,1.40724,1.16376
981,0,1,0,0,0,0,0,180.0,40.0,0.498,2.8363,2.22674
982,0,1,0,0,0,0,0,180.0,40.0,0.75,4.14289,2.9077
983,0,1,0,0,0,0,0,180.0,40.0,1.0,4.99864,3.40258
984,0,1,0,0,0,0,0,180.0,40.0,1.25,5.36721,3.6556
985,0,1,0,0,0,0,0,180.0,40.0,1.5,5.38114,3.66752
986,0,1,0,0,0,0,0,180.0,40.0,1.75,5.08248,3.50634
987,0,1,0,0,0,0,0,180.0,40.0,2.0,4.45808,3.13813
988,0,1,0,0,0,0,0,180.0,40.0,2.25,3.68681,2.55993
989,0,1,0,0,0,0,0,180.0,40.0,2.515,2.74855,1.82722
990,0,1,0,0,0,0,0,180.0,50.0,0.498,3.19716,2.73649
991,0,1,0,0,0,0,0,180.0,50.0,0.75,4.82732,3.57699
992,0,1,0,0,0,0,0,180.0,50.0,1.0,6.06654,4.22296
993,0,1,0,0,0,0,0,180.0,50.0,1.25,6.69065,4.54503
994,0,1,0,0,0,0,0,180.0,50.0,1.5,6.83803,4.58547
995,0,1,0,0,0,0,0,180.0,50.0,1.75,6.60796,4.41638
996,0,1,0,0,0,0,0,180.0,50.0,2.0,6.06253,3.98281
997,0,1,0,0,0,0,0,180.0,50.0,2.25,5.33327,3.34286
998,0,1,0,0,0,0,0,180.0,50.0,2.515,4.47492,2.5032
999,0,1,0,0,0,0,0,180.0,60.0,0.498,3.2529,3.11048
1000,0,1,0,0,0,0,0,180.0,60.0,0.75,5.08296,4.05182
1001,0,1,0,0,0,0,0,180.0,60.0,1.0,6.64515,4.84326
1002,0,1,0,0,0,0,0,180.0,60.0,1.25,7.71722,5.31345
1003,0,1,0,0,0,0,0,180.0,60.0,1.5,8.09242,5.42724
1004,0,1,0,0,0,0,0,180.0,60.0,1.75,7.94742,5.21634
1005,0,1,0,0,0,0,0,180.0,60.0,2.0,7.53119,4.7387
1006,0,1,0,0,0,0,0,180.0,60.0,2.25,6.90345,4.03366
1007,0,1,0,0,0,0,0,180.0,60.0,2.515,6.1722,3.14461
1008,0,1,0,0,0,0,0,180.0,70.0,0.498,3.21775,3.46689
1009,0,1,0,0,0,0,0,180.0,70.0,0.75,5.1131,4.41438
1010,0,1,0,0,0,0,0,180.0,70.0,1.0,6.81432,5.23622
1011,0,1,0,0,0,0,0,180.0,70.0,1.25,8.20275,5.84065
1012,0,1,0,0,0,0,0,180.0,70.0,1.5,8.97674,6.08594
1013,0,1,0,0,0,0,0,180.0,70.0,1.75,9.07175,5.87117
1014,0,1,0,0,0,0,0,180.0,70.0,2.0,8.79557,5.36128
1015,0,1,0,0,0,0,0,180.0,70.0,2.25,8.4106,4.63683
1016,0,1,0,0,0,0,0,180.0,70.0,2.515,7.84428,3.74219
1017,0,1,0,0,0,0,0,180.0,80.0,0.498,3.18171,3.78934
1018,0,1,0,0,0,0,0,180.0,80.0,0.75,5.07469,4.72806
1019,0,1,0,0,0,0,0,180.0,80.0,1.0,6.87773,5.56291
1020,0,1,0,0,0,0,0,180.0,80.0,1.25,8.35421,6.17695
1021,0,1,0,0,0,0,0,180.0,80.0,1.5,9.42004,6.47486
1022,0,1,0,0,0,0,0,180.0,80.0,1.75,9.93043,6.35627
1023,0,1,0,0,0,0,0,180.0,80.0,2.0,10.0343,5.88144
1024,0,1,0,0,0,0,0,180.0,80.0,2.25,9.87809,5.20988
1025,0,1,0,0,0,0,0,180.0,80.0,2.515,9.55763,4.29658
1026,0,1,0,0,0,0,0,180.0,90.0,0.498,3.28697,4.15735
1027,0,1,0,0,0,0,0,180.0,90.0,0.75,5.12494,5.04124
1028,0,1,0,0,0,0,0,180.0,90.0,1.0,6.90571,5.84665
1029,0,1,0,0,0,0,0,180.0,90.0,1.25,8.43642,6.40805
1030,0,1,0,0,0,0,0,180.0,90.0,1.5,9.65816,6.71181
1031,0,1,0,0,0,0,0,180.0,90.0,1.75,10.672,6.71283
1032,0,1,0,0,0,0,0,180.0,90.0,2.0,11.1571,6.32842
1033,0,1,0,0,0,0,0,180.0,90.0,2.25,11.3081,5.71386
1034,0,1,0,0,0,0,0,180.0,90.0,2.515,11.2375,4.79674
1035,0,1,0,0,0,0,0,180.0,100.0,0.498,3.41685,4.51924
1036,0,1,0,0,0,0,0,180.0,100.0,0.75,5.22597,5.36281
1037,0,1,0,0,0,0,0,180.0,100.0,1.0,6.944,6.06198
1038,0,1,0,0,0,0,0,180.0,100.0,1.25,8.4672,6.55893
1039,0,1,0,0,0,0,0,180.0,100.0,1.5,9.87333,6.8499
1040,0,1,0,0,0,0,0,180.0,100.0,1.75,11.1455,6.87959
1041,0,1,0,0,0,0,0,180.0,100.0,2.0,11.955,6.58521
1042,0,1,0,0,0,0,0,180.0,100.0,2.25,12.4698,6.02492
1043,0,1,0,0,0,0,0,180.0,100.0,2.515,12.6652,5.18977
1044,0,1,0,0,0,0,0,180.0,110.0,0.498,3.5119,4.82014
1045,0,1,0,0,0,0,0,180.0,110.0,0.75,5.33156,5.60197
1046,0,1,0,0,0,0,0,180.0,110.0,1.0,7.03497,6.23148
1047,0,1,0,0,0,0,0,180.0,110.0,1.25,8.62145,6.69165
1048,0,1,0,0,0,0,0,180.0,110.0,1.5,10.1266,6.92348
1049,0,1,0,0,0,0,0,180.0,110.0,1.75,11.4304,6.91936
1050,0,1,0,0,0,0,0,180.0,110.0,2.0,12.5797,6.70985
1051,0,1,0,0,0,0,0,180.0,110.0,2.25,13.3826,6.20003
1052,0,1,0,0,0,0,0,180.0,110.0,2.515,13.8156,5.43862
1053,0,1,0,0,0,0,0,240.0,30.0,0.498,1.96287,1.55137
1054,0,1,0,0,0,0,0,240.0,30.0,0.75,3.04675,2.07404
1055,0,1,0,0,0,0,0,240.0,30.0,1.0,3.59996,2.44851
1056,0,1,0,0,0,0,0,240.0,30.0,1.25,3.77329,2.645
1057,0,1,0,0,0,0,0,240.0,30.0,1.5,3.7966,2.6894
1058,0,1,0,0,0,0,0,240.0,30.0,1.75,3.50251,2.56157
1059,0,1,0,0,0,0,0,240.0,30.0,2.0,3.03509,2.3006
1060,0,1,0,0,0,0,0,240.0,30.0,2.25,2.20594,1.83646
1061,0,1,0,0,0,0,0,240.0,30.0,2.515,1.58441,1.27871
1062,0,1,0,0,0,0,0,240.0,40.0,0.498,2.67231,2.1343
1063,0,1,0,0,0,0,0,240.0,40.0,0.75,4.08014,2.84144
1064,0,1,0,0,0,0,0,240.0,40.0,1.0,5.06034,3.3776
1065,0,1,0,0,0,0,0,240.0,40.0,1.25,5.42953,3.66246
1066,0,1,0,0,0,0,0,240.0,40.0,1.5,5.51407,3.71877
1067,0,1,0,0,0,0,0,240.0,40.0,1.75,5.29822,3.57254
1068,0,1,0,0,0,0,0,240.0,40.0,2.0,4.72694,3.22345
1069,0,1,0,0,0,0,0,240.0,40.0,2.25,3.98261,2.7017
1070,0,1,0,0,0,0,0,240.0,40.0,2.515,3.18462,1.99896
1071,0,1,0,0,0,0,0,240.0,50.0,0.498,3.11199,2.67964
1072,0,1,0,0,0,0,0,240.0,50.0,0.75,4.75155,3.50982
1073,0,1,0,0,0,0,0,240.0,50.0,1.0,6.08941,4.18108
1074,0,1,0,0,0,0,0,240.0,50.0,1.25,6.88374,4.62164
1075,0,1,0,0,0,0,0,240.0,50.0,1.5,7.0815,4.70745
1076,0,1,0,0,0,0,0,240.0,50.0,1.75,6.95389,4.55301
1077,0,1,0,0,0,0,0,240.0,50.0,2.0,6.42478,4.14661
1078,0,1,0,0,0,0,0,240.0,50.0,2.25,5.72823,3.53458
1079,0,1,0,0,0,0,0,240.0,50.0,2.515,5.02111,2.72613
1080,0,1,0,0,0,0,0,240.0,60.0,0.498,3.22547,3.09946
1081,0,1,0,0,0,0,0,240.0,60.0,0.75,5.06585,4.03218
1082,0,1,0,0,0,0,0,240.0,60.0,1.0,6.66355,4.83276
1083,0,1,0,0,0,0,0,240.0,60.0,1.25,7.88714,5.40437
1084,0,1,0,0,0,0,0,240.0,60.0,1.5,8.45936,5.61552
1085,0,1,0,0,0,0,0,240.0,60.0,1.75,8.40516,5.45671
1086,0,1,0,0,0,0,0,240.0,60.0,2.0,7.99195,4.97804
1087,0,1,0,0,0,0,0,240.0,60.0,2.25,7.45568,4.30772
1088,0,1,0,0,0,0,0,240.0,60.0,2.515,6.7981,3.41299
1089,0,1,0,0,0,0,0,240.0,70.0,0.498,3.21154,3.47673
1090,0,1,0,0,0,0,0,240.0,70.0,0.75,5.1137,4.45054
1091,0,1,0,0,0,0,0,240.0,70.0,1.0,6.90819,5.32346
1092,0,1,0,0,0,0,0,240.0,70.0,1.25,8.42613,6.00978
1093,0,1,0,0,0,0,0,240.0,70.0,1.5,9.38867,6.33146
1094,0,1,0,0,0,0,0,240.0,70.0,1.75,9.62125,6.18031
1095,0,1,0,0,0,0,0,240.0,70.0,2.0,9.45949,5.6843
1096,0,1,0,0,0,0,0,240.0,70.0,2.25,9.14661,5.0148
1097,0,1,0,0,0,0,0,240.0,70.0,2.515,8.70256,4.12061
1098,0,1,0,0,0,0,0,240.0,80.0,0.498,3.2111,3.86036
1099,0,1,0,0,0,0,0,240.0,80.0,0.75,5.12967,4.82164
1100,0,1,0,0,0,0,0,240.0,80.0,1.0,6.95682,5.69479
1101,0,1,0,0,0,0,0,240.0,80.0,1.25,8.57883,6.39701
1102,0,1,0,0,0,0,0,240.0,80.0,1.5,9.8253,6.77363
1103,0,1,0,0,0,0,0,240.0,80.0,1.75,10.5962,6.75035
1104,0,1,0,0,0,0,0,240.0,80.0,2.0,10.8067,6.29184
1105,0,1,0,0,0,0,0,240.0,80.0,2.25,10.7487,5.64139
1106,0,1,0,0,0,0,0,240.0,80.0,2.515,10.5536,4.72708
1107,0,1,0,0,0,0,0,240.0,90.0,0.498,3.41243,4.28776
1108,0,1,0,0,0,0,0,240.0,90.0,0.75,5.28822,5.21494
1109,0,1,0,0,0,0,0,240.0,90.0,1.0,7.06131,6.0285
1110,0,1,0,0,0,0,0,240.0,90.0,1.25,8.69851,6.68051
1111,0,1,0,0,0,0,0,240.0,90.0,1.5,10.1518,7.06904
1112,0,1,0,0,0,0,0,240.0,90.0,1.75,11.2932,7.1334
1113,0,1,0,0,0,0,0,240.0,90.0,2.0,11.9786,6.79992
1114,0,1,0,0,0,0,0,240.0,90.0,2.25,12.296,6.20884
1115,0,1,0,0,0,0,0,240.0,90.0,2.515,12.3976,5.27922
1116,0,1,0,0,0,0,0,240.0,100.0,0.498,3.61798,4.69955
1117,0,1,0,0,0,0,0,240.0,100.0,0.75,5.48151,5.58205
1118,0,1,0,0,0,0,0,240.0,100.0,1.0,7.28919,6.35725
1119,0,1,0,0,0,0,0,240.0,100.0,1.25,8.97155,6.93351
1120,0,1,0,0,0,0,0,240.0,100.0,1.5,10.5337,7.31069
1121,0,1,0,0,0,0,0,240.0,100.0,1.75,11.9576,7.39501
1122,0,1,0,0,0,0,0,240.0,100.0,2.0,12.933,7.13888
1123,0,1,0,0,0,0,0,240.0,100.0,2.25,13.5939,6.59868
1124,0,1,0,0,0,0,0,240.0,100.0,2.515,13.8938,5.70393
1125,0,1,0,0,0,0,0,240.0,110.0,0.498,3.70646,5.01428
1126,0,1,0,0,0,0,0,240.0,110.0,0.75,5.6553,5.88063
1127,0,1,0,0,0,0,0,240.0,110.0,1.0,7.5306,6.62102
1128,0,1,0,0,0,0,0,240.0,110.0,1.25,9.26056,7.15759
1129,0,1,0,0,0,0,0,240.0,110.0,1.5,10.8934,7.45736
1130,0,1,0,0,0,0,0,240.0,110.0,1.75,12.4277,7.5239
1131,0,1,0,0,0,0,0,240.0,110.0,2.0,13.6682,7.31814
1132,0,1,0,0,0,0,0,240.0,110.0,2.25,14.6262,6.81723
1133,0,1,0,0,0,0,0,240.0,110.0,2.515,15.1652,6.01672
1134,0,1,0,0,0,0,0,300.0,30.0,0.498,1.73452,1.40262
1135,0,1,0,0,0,0,0,300.0,30.0,0.75,2.78994,1.94051
1136,0,1,0,0,0,0,0,300.0,30.0,1.0,3.47537,2.3413
1137,0,1,0,0,0,0,0,300.0,30.0,1.25,3.70144,2.56541
1138,0,1,0,0,0,0,0,300.0,30.0,1.5,3.66323,2.60123
1139,0,1,0,0,0,0,0,300.0,30.0,1.75,3.51061,2.54331
1140,0,1,0,0,0,0,0,300.0,30.0,2.0,3.17031,2.33287
1141,0,1,0,0,0,0,0,300.0,30.0,2.25,2.46409,1.89561
1142,0,1,0,0,0,0,0,300.0,30.0,2.515,1.71552,1.35671
1143,0,1,0,0,0,0,0,300.0,40.0,0.498,2.35524,1.97213
1144,0,1,0,0,0,0,0,300.0,40.0,0.75,3.79453,2.7061
1145,0,1,0,0,0,0,0,300.0,40.0,1.0,4.8622,3.26354
1146,0,1,0,0,0,0,0,300.0,40.0,1.25,5.38846,3.59369
1147,0,1,0,0,0,0,0,300.0,40.0,1.5,5.52447,3.68383
1148,0,1,0,0,0,0,0,300.0,40.0,1.75,5.36297,3.57872
1149,0,1,0,0,0,0,0,300.0,40.0,2.0,4.95077,3.26566
1150,0,1,0,0,0,0,0,300.0,40.0,2.25,4.26304,2.78059
1151,0,1,0,0,0,0,0,300.0,40.0,2.515,3.52662,2.10669
1152,0,1,0,0,0,0,0,300.0,50.0,0.498,2.9,2.55842
1153,0,1,0,0,0,0,0,300.0,50.0,0.75,4.51172,3.36634
1154,0,1,0,0,0,0,0,300.0,50.0,1.0,5.89564,4.06129
1155,0,1,0,0,0,0,0,300.0,50.0,1.25,6.84094,4.5561
1156,0,1,0,0,0,0,0,300.0,50.0,1.5,7.19846,4.73177
1157,0,1,0,0,0,0,0,300.0,50.0,1.75,7.14694,4.60825
1158,0,1,0,0,0,0,0,300.0,50.0,2.0,6.68575,4.22481
1159,0,1,0,0,0,0,0,300.0,50.0,2.25,6.07875,3.64569
1160,0,1,0,0,0,0,0,300.0,50.0,2.515,5.41274,2.86517
1161,0,1,0,0,0,0,0,300.0,60.0,0.498,3.14173,3.03389
1162,0,1,0,0,0,0,0,300.0,60.0,0.75,4.94131,3.95101
1163,0,1,0,0,0,0,0,300.0,60.0,1.0,6.52775,4.71994
1164,0,1,0,0,0,0,0,300.0,60.0,1.25,7.78758,5.35338
1165,0,1,0,0,0,0,0,300.0,60.0,1.5,8.52747,5.64051
1166,0,1,0,0,0,0,0,300.0,60.0,1.75,8.67536,5.55346
1167,0,1,0,0,0,0,0,300.0,60.0,2.0,8.37552,5.13746
1168,0,1,0,0,0,0,0,300.0,60.0,2.25,7.91488,4.47934
1169,0,1,0,0,0,0,0,300.0,60.0,2.515,7.32799,3.61615
1170,0,1,0,0,0,0,0,300.0,70.0,0.498,3.18876,3.46686
1171,0,1,0,0,0,0,0,300.0,70.0,0.75,5.08485,4.43223
1172,0,1,0,0,0,0,0,300.0,70.0,1.0,6.8215,5.29229
1173,0,1,0,0,0,0,0,300.0,70.0,1.25,8.33082,5.98026
1174,0,1,0,0,0,0,0,300.0,70.0,1.5,9.43724,6.37387
1175,0,1,0,0,0,0,0,300.0,70.0,1.75,9.9193,6.34135
1176,0,1,0,0,0,0,0,300.0,70.0,2.0,9.94225,5.91224
1177,0,1,0,0,0,0,0,300.0,70.0,2.25,9.79941,5.2867
1178,0,1,0,0,0,0,0,300.0,70.0,2.515,9.39395,4.39215
1179,0,1,0,0,0,0,0,300.0,80.0,0.498,3.302,3.92004
1180,0,1,0,0,0,0,0,300.0,80.0,0.75,5.19882,4.90059
1181,0,1,0,0,0,0,0,300.0,80.0,1.0,6.99722,5.77205
1182,0,1,0,0,0,0,0,300.0,80.0,1.25,8.662,6.4936
1183,0,1,0,0,0,0,0,300.0,80.0,1.5,10.0031,6.9238
1184,0,1,0,0,0,0,0,300.0,80.0,1.75,10.9843,6.96114
1185,0,1,0,0,0,0,0,300.0,80.0,2.0,11.4181,6.60984
1186,0,1,0,0,0,0,0,300.0,80.0,2.25,11.4963,5.98637
1187,0,1,0,0,0,0,0,300.0,80.0,2.515,11.3646,5.0673
1188,0,1,0,0,0,0,0,300.0,90.0,0.498,3.48114,4.38402
1189,0,1,0,0,0,0,0,300.0,90.0,0.75,5.41047,5.35314
1190,0,1,0,0,0,0,0,300.0,90.0,1.0,7.23148,6.20135
1191,0,1,0,0,0,0,0,300.0,90.0,1.25,8.94901,6.87951
1192,0,1,0,0,0,0,0,300.0,90.0,1.5,10.5243,7.34297
1193,0,1,0,0,0,0,0,300.0,90.0,1.75,11.798,7.45251
1194,0,1,0,0,0,0,0,300.0,90.0,2.0,12.6937,7.19871
1195,0,1,0,0,0,0,0,300.0,90.0,2.25,13.0601,6.58856
1196,0,1,0,0,0,0,0,300.0,90.0,2.515,13.1805,5.60536
1197,0,1,0,0,0,0,0,300.0,100.0,0.498,3.69331,4.79914
1198,0,1,0,0,0,0,0,300.0,100.0,0.75,5.64508,5.75183
1199,0,1,0,0,0,0,0,300.0,100.0,1.0,7.51952,6.56903
1200,0,1,0,0,0,0,0,300.0,100.0,1.25,9.34682,7.23424
1201,0,1,0,0,0,0,0,300.0,100.0,1.5,11.0906,7.67976
1202,0,1,0,0,0,0,0,300.0,100.0,1.75,12.607,7.82767
1203,0,1,0,0,0,0,0,300.0,100.0,2.0,13.7599,7.59087
1204,0,1,0,0,0,0,0,300.0,100.0,2.25,14.5523,7.06113
1205,0,1,0,0,0,0,0,300.0,100.0,2.515,14.8512,6.08294
1206,0,1,0,0,0,0,0,300.0,110.0,0.498,3.84266,5.16769
1207,0,1,0,0,0,0,0,300.0,110.0,0.75,5.85781,6.0841
1208,0,1,0,0,0,0,0,300.0,110.0,1.0,7.95249,6.925
1209,0,1,0,0,0,0,0,300.0,110.0,1.25,9.82249,7.53031
1210,0,1,0,0,0,0,0,300.0,110.0,1.5,11.6659,7.95576
1211,0,1,0,0,0,0,0,300.0,110.0,1.75,13.2226,8.04874
1212,0,1,0,0,0,0,0,300.0,110.0,2.0,14.6294,7.87391
1213,0,1,0,0,0,0,0,300.0,110.0,2.25,15.676,7.36055
1214,0,1,0,0,0,0,0,300.0,110.0,2.515,16.3368,6.53546
1215,0,1,0,0,0,0,0,360.0,30.0,0.498,1.29719,1.17303
1216,0,1,0,0,0,0,0,360.0,30.0,0.75,2.41066,1.73203
1217,0,1,0,0,0,0,0,360.0,30.0,1.0,3.20576,2.19229
1218,0,1,0,0,0,0,0,360.0,30.0,1.25,3.53013,2.43484
1219,0,1,0,0,0,0,0,360.0,30.0,1.5,3.54169,2.48709
1220,0,1,0,0,0,0,0,360.0,30.0,1.75,3.44845,2.47091
1221,0,1,0,0,0,0,0,360.0,30.0,2.0,3.12671,2.29744
1222,0,1,0,0,0,0,0,360.0,30.0,2.25,2.60566,1.90271
1223,0,1,0,0,0,0,0,360.0,30.0,2.515,1.86008,1.38432
1224,0,1,0,0,0,0,0,360.0,40.0,0.498,1.96225,1.76758
1225,0,1,0,0,0,0,0,360.0,40.0,0.75,3.36441,2.50439
1226,0,1,0,0,0,0,0,360.0,40.0,1.0,4.53493,3.09037
1227,0,1,0,0,0,0,0,360.0,40.0,1.25,5.21688,3.47793
1228,0,1,0,0,0,0,0,360.0,40.0,1.5,5.43474,3.58744
1229,0,1,0,0,0,0,0,360.0,40.0,1.75,5.35403,3.52698
1230,0,1,0,0,0,0,0,360.0,40.0,2.0,5.03219,3.26815
1231,0,1,0,0,0,0,0,360.0,40.0,2.25,4.49209,2.81971
1232,0,1,0,0,0,0,0,360.0,40.0,2.515,3.76361,2.16437
1233,0,1,0,0,0,0,0,360.0,50.0,0.498,2.60168,2.38796
1234,0,1,0,0,0,0,0,360.0,50.0,0.75,4.16828,3.19709
1235,0,1,0,0,0,0,0,360.0,50.0,1.0,5.53543,3.87336
1236,0,1,0,0,0,0,0,360.0,50.0,1.25,6.58135,4.38983
1237,0,1,0,0,0,0,0,360.0,50.0,1.5,7.15452,4.64797
1238,0,1,0,0,0,0,0,360.0,50.0,1.75,7.17817,4.55886
1239,0,1,0,0,0,0,0,360.0,50.0,2.0,6.90729,4.259
1240,0,1,0,0,0,0,0,360.0,50.0,2.25,6.34659,3.69543
1241,0,1,0,0,0,0,0,360.0,50.0,2.515,5.71657,2.94747
1242,0,1,0,0,0,0,0,360.0,60.0,0.498,2.93683,2.92144
1243,0,1,0,0,0,0,0,360.0,60.0,0.75,4.71433,3.81137
1244,0,1,0,0,0,0,0,360.0,60.0,1.0,6.27468,4.57152
1245,0,1,0,0,0,0,0,360.0,60.0,1.25,7.53079,5.18721
1246,0,1,0,0,0,0,0,360.0,60.0,1.5,8.40351,5.52134
1247,0,1,0,0,0,0,0,360.0,60.0,1.75,8.73829,5.49764
1248,0,1,0,0,0,0,0,360.0,60.0,2.0,8.66444,5.1946
1249,0,1,0,0,0,0,0,360.0,60.0,2.25,8.28006,4.58179
1250,0,1,0,0,0,0,0,360.0,60.0,2.515,7.82632,3.78409
1251,0,1,0,0,0,0,0,360.0,70.0,0.498,3.13986,3.44118
1252,0,1,0,0,0,0,0,360.0,70.0,0.75,5.00213,4.36346
1253,0,1,0,0,0,0,0,360.0,70.0,1.0,6.66685,5.18739
1254,0,1,0,0,0,0,0,360.0,70.0,1.25,8.10747,5.86115
1255,0,1,0,0,0,0,0,360.0,70.0,1.5,9.32517,6.28498
1256,0,1,0,0,0,0,0,360.0,70.0,1.75,10.0753,6.34925
1257,0,1,0,0,0,0,0,360.0,70.0,2.0,10.2915,6.02228
1258,0,1,0,0,0,0,0,360.0,70.0,2.25,10.2052,5.43611
1259,0,1,0,0,0,0,0,360.0,70.0,2.515,9.98127,4.57853
1260,0,1,0,0,0,0,0,360.0,80.0,0.498,3.31995,3.94556
1261,0,1,0,0,0,0,0,360.0,80.0,0.75,5.21454,4.91135
1262,0,1,0,0,0,0,0,360.0,80.0,1.0,6.99621,5.78814
1263,0,1,0,0,0,0,0,360.0,80.0,1.25,8.6516,6.50054
1264,0,1,0,0,0,0,0,360.0,80.0,1.5,10.0664,6.94067
1265,0,1,0,0,0,0,0,360.0,80.0,1.75,11.1905,7.06465
1266,0,1,0,0,0,0,0,360.0,80.0,2.0,11.8562,6.79809
1267,0,1,0,0,0,0,0,360.0,80.0,2.25,12.0213,6.20326
1268,0,1,0,0,0,0,0,360.0,80.0,2.515,12.0204,5.29532
1269,0,1,0,0,0,0,0,360.0,90.0,0.498,3.49491,4.42912
1270,0,1,0,0,0,0,0,360.0,90.0,0.75,5.45181,5.41612
1271,0,1,0,0,0,0,0,360.0,90.0,1.0,7.33582,6.31029
1272,0,1,0,0,0,0,0,360.0,90.0,1.25,9.23092,7.06384
1273,0,1,0,0,0,0,0,360.0,90.0,1.5,10.8299,7.52131
1274,0,1,0,0,0,0,0,360.0,90.0,1.75,12.2357,7.66834
1275,0,1,0,0,0,0,0,360.0,90.0,2.0,13.2787,7.46319
1276,0,1,0,0,0,0,0,360.0,90.0,2.25,13.7405,6.85801
1277,0,1,0,0,0,0,0,360.0,90.0,2.515,13.8254,5.86529
1278,0,1,0,0,0,0,0,360.0,100.0,0.498,3.73947,4.87634
1279,0,1,0,0,0,0,0,360.0,100.0,0.75,5.73348,5.86696
1280,0,1,0,0,0,0,0,360.0,100.0,1.0,7.74714,6.74619
1281,0,1,0,0,0,0,0,360.0,100.0,1.25,9.75018,7.49744
1282,0,1,0,0,0,0,0,360.0,100.0,1.5,11.5845,7.97763
1283,0,1,0,0,0,0,0,360.0,100.0,1.75,13.0867,8.11658
1284,0,1,0,0,0,0,0,360.0,100.0,2.0,14.3708,7.9314
1285,0,1,0,0,0,0,0,360.0,100.0,2.25,15.2938,7.41278
1286,0,1,0,0,0,0,0,360.0,100.0,2.515,15.6278,6.41876
1287,0,1,0,0,0,0,0,360.0,110.0,0.498,3.9573,5.2978
1288,0,1,0,0,0,0,0,360.0,110.0,0.75,6.11577,6.26973
1289,0,1,0,0,0,0,0,360.0,110.0,1.0,8.25162,7.14262
1290,0,1,0,0,0,0,0,360.0,110.0,1.25,10.3028,7.83843
1291,0,1,0,0,0,0,0,360.0,110.0,1.5,12.2264,8.29864
1292,0,1,0,0,0,0,0,360.0,110.0,1.75,13.8971,8.46326
1293,0,1,0,0,0,0,0,360.0,110.0,2.0,15.3118,8.26365
1294,0,1,0,0,0,0,0,360.0,110.0,2.25,16.546,7.79606
1295,0,1,0,0,0,0,0,360.0,110.0,2.515,17.2225,6.94807
1296,0,1,0,0,0,0,0,420.0,30.0,0.498,0.855095,0.932305
1297,0,1,0,0,0,0,0,420.0,30.0,0.75,1.90419,1.4759
1298,0,1,0,0,0,0,0,420.0,30.0,1.0,2.82105,1.98178
1299,0,1,0,0,0,0,0,420.0,30.0,1.25,3.27831,2.25421
1300,0,1,0,0,0,0,0,420.0,30.0,1.5,3.42161,2.35648
1301,0,1,0,0,0,0,0,420.0,30.0,1.75,3.33932,2.36496
1302,0,1,0,0,0,0,0,420.0,30.0,2.0,3.04452,2.20693
1303,0,1,0,0,0,0,0,420.0,30.0,2.25,2.62727,1.88018
1304,0,1,0,0,0,0,0,420.0,30.0,2.515,1.99378,1.37519
1305,0,1,0,0,0,0,0,420.0,40.0,0.498,1.56677,1.547
1306,0,1,0,0,0,0,0,420.0,40.0,0.75,2.92837,2.26643
1307,0,1,0,0,0,0,0,420.0,40.0,1.0,4.07448,2.8655
1308,0,1,0,0,0,0,0,420.0,40.0,1.25,4.87159,3.26753
1309,0,1,0,0,0,0,0,420.0,40.0,1.5,5.23654,3.42945
1310,0,1,0,0,0,0,0,420.0,40.0,1.75,5.25718,3.4041
1311,0,1,0,0,0,0,0,420.0,40.0,2.0,5.01817,3.20423
1312,0,1,0,0,0,0,0,420.0,40.0,2.25,4.56073,2.80312
1313,0,1,0,0,0,0,0,420.0,40.0,2.515,3.95665,2.17565
1314,0,1,0,0,0,0,0,420.0,50.0,0.498,2.23945,2.20457
1315,0,1,0,0,0,0,0,420.0,50.0,0.75,3.80444,3.01127
1316,0,1,0,0,0,0,0,420.0,50.0,1.0,5.11534,3.66208
1317,0,1,0,0,0,0,0,420.0,50.0,1.25,6.18349,4.17551
1318,0,1,0,0,0,0,0,420.0,50.0,1.5,6.85193,4.43193
1319,0,1,0,0,0,0,0,420.0,50.0,1.75,7.05468,4.40759
1320,0,1,0,0,0,0,0,420.0,50.0,2.0,6.90363,4.18726
1321,0,1,0,0,0,0,0,420.0,50.0,2.25,6.51597,3.69383
1322,0,1,0,0,0,0,0,420.0,50.0,2.515,6.02742,2.99404
1323,0,1,0,0,0,0,0,420.0,60.0,0.498,2.72591,2.8186
1324,0,1,0,0,0,0,0,420.0,60.0,0.75,4.43086,3.66748
1325,0,1,0,0,0,0,0,420.0,60.0,1.0,5.93982,4.39483
1326,0,1,0,0,0,0,0,420.0,60.0,1.25,7.19008,4.96824
1327,0,1,0,0,0,0,0,420.0,60.0,1.5,8.14001,5.33343
1328,0,1,0,0,0,0,0,420.0,60.0,1.75,8.67506,5.36745
1329,0,1,0,0,0,0,0,420.0,60.0,2.0,8.74311,5.14592
1330,0,1,0,0,0,0,0,420.0,60.0,2.25,8.47925,4.59329
1331,0,1,0,0,0,0,0,420.0,60.0,2.515,8.22103,3.86387
1332,0,1,0,0,0,0,0,420.0,70.0,0.498,3.03529,3.38643
1333,0,1,0,0,0,0,0,420.0,70.0,0.75,4.86872,4.29003
1334,0,1,0,0,0,0,0,420.0,70.0,1.0,6.50036,5.07874
1335,0,1,0,0,0,0,0,420.0,70.0,1.25,7.90919,5.71495
1336,0,1,0,0,0,0,0,420.0,70.0,1.5,9.20143,6.15402
1337,0,1,0,0,0,0,0,420.0,70.0,1.75,10.032,6.23295
1338,0,1,0,0,0,0,0,420.0,70.0,2.0,10.402,5.99543
1339,0,1,0,0,0,0,0,420.0,70.0,2.25,10.5145,5.50613
1340,0,1,0,0,0,0,0,420.0,70.0,2.515,10.5285,4.74309
1341,0,1,0,0,0,0,0,420.0,80.0,0.498,3.23526,3.9227
1342,0,1,0,0,0,0,0,420.0,80.0,0.75,5.1649,4.88332
1343,0,1,0,0,0,0,0,420.0,80.0,1.0,6.9626,5.74828
1344,0,1,0,0,0,0,0,420.0,80.0,1.25,8.63782,6.44024
1345,0,1,0,0,0,0,0,420.0,80.0,1.5,10.1315,6.90308
1346,0,1,0,0,0,0,0,420.0,80.0,1.75,11.3256,7.06981
1347,0,1,0,0,0,0,0,420.0,80.0,2.0,12.0877,6.84524
1348,0,1,0,0,0,0,0,420.0,80.0,2.25,12.4737,6.32636
1349,0,1,0,0,0,0,0,420.0,80.0,2.515,12.495,5.44128
1350,0,1,0,0,0,0,0,420.0,90.0,0.498,3.54732,4.4595
1351,0,1,0,0,0,0,0,420.0,90.0,0.75,5.51043,5.45362
1352,0,1,0,0,0,0,0,420.0,90.0,1.0,7.46545,6.36547
1353,0,1,0,0,0,0,0,420.0,90.0,1.25,9.38393,7.12022
1354,0,1,0,0,0,0,0,420.0,90.0,1.5,11.1048,7.61294
1355,0,1,0,0,0,0,0,420.0,90.0,1.75,12.5583,7.76314
1356,0,1,0,0,0,0,0,420.0,90.0,2.0,13.5893,7.56922
1357,0,1,0,0,0,0,0,420.0,90.0,2.25,14.2877,7.04604
1358,0,1,0,0,0,0,0,420.0,90.0,2.515,14.4148,6.09039
1359,0,1,0,0,0,0,0,420.0,100.0,0.498,3.81863,4.94027
1360,0,1,0,0,0,0,0,420.0,100.0,0.75,5.90663,5.96693
1361,0,1,0,0,0,0,0,420.0,100.0,1.0,8.05233,6.92882
1362,0,1,0,0,0,0,0,420.0,100.0,1.25,10.0711,7.66028
1363,0,1,0,0,0,0,0,420.0,100.0,1.5,11.9524,8.13029
1364,0,1,0,0,0,0,0,420.0,100.0,1.75,13.4809,8.28536
1365,0,1,0,0,0,0,0,420.0,100.0,2.0,14.8124,8.12372
1366,0,1,0,0,0,0,0,420.0,100.0,2.25,15.8179,7.65248
1367,0,1,0,0,0,0,0,420.0,100.0,2.515,16.2836,6.71576
1368,0,1,0,0,0,0,0,420.0,110.0,0.498,4.1749,5.45144
1369,0,1,0,0,0,0,0,420.0,110.0,0.75,6.38562,6.45608
1370,0,1,0,0,0,0,0,420.0,110.0,1.0,8.60471,7.34379
1371,0,1,0,0,0,0,0,420.0,110.0,1.25,10.6858,8.06255
1372,0,1,0,0,0,0,0,420.0,110.0,1.5,12.6618,8.53834
1373,0,1,0,0,0,0,0,420.0,110.0,1.75,14.427,8.71547
1374,0,1,0,0,0,0,0,420.0,110.0,2.0,15.9259,8.57505
1375,0,1,0,0,0,0,0,420.0,110.0,2.25,17.1834,8.1242
1376,0,1,0,0,0,0,0,420.0,110.0,2.515,18.0194,7.31995
1377,0,1,0,0,0,0,0,480.0,30.0,0.498,0.457474,0.69405
1378,0,1,0,0,0,0,0,480.0,30.0,0.75,1.37993,1.2
1379,0,1,0,0,0,0,0,480.0,30.0,1.0,2.30161,1.68356
1380,0,1,0,0,0,0,0,480.0,30.0,1.25,2.94436,2.0099
1381,0,1,0,0,0,0,0,480.0,30.0,1.5,3.17157,2.16404
1382,0,1,0,0,0,0,0,480.0,30.0,1.75,3.15013,2.1823
1383,0,1,0,0,0,0,0,480.0,30.0,2.0,2.93726,2.06635
1384,0,1,0,0,0,0,0,480.0,30.0,2.25,2.58007,1.81637
1385,0,1,0,0,0,0,0,480.0,30.0,2.515,2.10507,1.3541
1386,0,1,0,0,0,0,0,480.0,40.0,0.498,1.13815,1.32497
1387,0,1,0,0,0,0,0,480.0,40.0,0.75,2.47857,2.02333
1388,0,1,0,0,0,0,0,480.0,40.0,1.0,3.59579,2.61093
1389,0,1,0,0,0,0,0,480.0,40.0,1.25,4.42725,2.97856
1390,0,1,0,0,0,0,0,480.0,40.0,1.5,4.89934,3.17826
1391,0,1,0,0,0,0,0,480.0,40.0,1.75,4.99914,3.20475
1392,0,1,0,0,0,0,0,480.0,40.0,2.0,4.85536,3.052
1393,0,1,0,0,0,0,0,480.0,40.0,2.25,4.53263,2.72026
1394,0,1,0,0,0,0,0,480.0,40.0,2.515,4.09243,2.16274
1395,0,1,0,0,0,0,0,480.0,50.0,0.498,1.85953,2.02999
1396,0,1,0,0,0,0,0,480.0,50.0,0.75,3.39323,2.79933
1397,0,1,0,0,0,0,0,480.0,50.0,1.0,4.6998,3.44361
1398,0,1,0,0,0,0,0,480.0,50.0,1.25,5.74166,3.91701
1399,0,1,0,0,0,0,0,480.0,50.0,1.5,6.40542,4.13081
1400,0,1,0,0,0,0,0,480.0,50.0,1.75,6.78513,4.20813
1401,0,1,0,0,0,0,0,480.0,50.0,2.0,6.82709,4.05037
1402,0,1,0,0,0,0,0,480.0,50.0,2.25,6.59922,3.63335
1403,0,1,0,0,0,0,0,480.0,50.0,2.515,6.24739,2.97458
1404,0,1,0,0,0,0,0,480.0,60.0,0.498,2.44071,2.68971
1405,0,1,0,0,0,0,0,480.0,60.0,0.75,4.13082,3.51545
1406,0,1,0,0,0,0,0,480.0,60.0,1.0,5.62354,4.22512
1407,0,1,0,0,0,0,0,480.0,60.0,1.25,6.85176,4.75803
1408,0,1,0,0,0,0,0,480.0,60.0,1.5,7.7784,5.07855
1409,0,1,0,0,0,0,0,480.0,60.0,1.75,8.39699,5.15928
1410,0,1,0,0,0,0,0,480.0,60.0,2.0,8.6118,4.98683
1411,0,1,0,0,0,0,0,480.0,60.0,2.25,8.59223,4.51821
1412,0,1,0,0,0,0,0,480.0,60.0,2.515,8.59878,3.90324
1413,0,1,0,0,0,0,0,480.0,70.0,0.498,2.8215,3.30521
1414,0,1,0,0,0,0,0,480.0,70.0,0.75,4.69388,4.19552
1415,0,1,0,0,0,0,0,480.0,70.0,1.0,6.33173,4.95623
1416,0,1,0,0,0,0,0,480.0,70.0,1.25,7.80962,5.56564
1417,0,1,0,0,0,0,0,480.0,70.0,1.5,9.0234,5.97967
1418,0,1,0,0,0,0,0,480.0,70.0,1.75,9.88851,6.05952
1419,0,1,0,0,0,0,0,480.0,70.0,2.0,10.3799,5.87927
1420,0,1,0,0,0,0,0,480.0,70.0,2.25,10.7727,5.50505
1421,0,1,0,0,0,0,0,480.0,70.0,2.515,10.8244,4.77525
1422,0,1,0,0,0,0,0,480.0,80.0,0.498,3.15376,3.89355
1423,0,1,0,0,0,0,0,480.0,80.0,0.75,5.08695,4.82419
1424,0,1,0,0,0,0,0,480.0,80.0,1.0,6.92744,5.65757
1425,0,1,0,0,0,0,0,480.0,80.0,1.25,8.69798,6.35382
1426,0,1,0,0,0,0,0,480.0,80.0,1.5,10.2141,6.8106
1427,0,1,0,0,0,0,0,480.0,80.0,1.75,11.3464,6.93474
1428,0,1,0,0,0,0,0,480.0,80.0,2.0,12.2011,6.80598
1429,0,1,0,0,0,0,0,480.0,80.0,2.25,12.7713,6.37006
1430,0,1,0,0,0,0,0,480.0,80.0,2.515,12.8972,5.5495
1431,0,1,0,0,0,0,0,480.0,90.0,0.498,3.53784,4.46747
1432,0,1,0,0,0,0,0,480.0,90.0,0.75,5.5604,5.45816
1433,0,1,0,0,0,0,0,480.0,90.0,1.0,7.62473,6.36322
1434,0,1,0,0,0,0,0,480.0,90.0,1.25,9.5706,7.09834
1435,0,1,0,0,0,0,0,480.0,90.0,1.5,11.2907,7.55678
1436,0,1,0,0,0,0,0,480.0,90.0,1.75,12.656,7.7063
1437,0,1,0,0,0,0,0,480.0,90.0,2.0,13.8394,7.58451
1438,0,1,0,0,0,0,0,480.0,90.0,2.25,14.6636,7.15024
1439,0,1,0,0,0,0,0,480.0,90.0,2.515,14.9561,6.29324
1440,0,1,0,0,0,0,0,480.0,100.0,0.498,3.96758,5.02732
1441,0,1,0,0,0,0,0,480.0,100.0,0.75,6.12322,6.05333
1442,0,1,0,0,0,0,0,480.0,100.0,1.0,8.29593,6.9906
1443,0,1,0,0,0,0,0,480.0,100.0,1.25,10.3617,7.71698
1444,0,1,0,0,0,0,0,480.0,100.0,1.5,12.2092,8.18116
1445,0,1,0,0,0,0,0,480.0,100.0,1.75,13.8327,8.35042
1446,0,1,0,0,0,0,0,480.0,100.0,2.0,15.155,8.21504
1447,0,1,0,0,0,0,0,480.0,100.0,2.25,16.2596,7.79855
1448,0,1,0,0,0,0,0,480.0,100.0,2.515,16.8005,6.95652
1449,0,1,0,0,0,0,0,480.0,110.0,0.498,4.3824,5.55507
1450,0,1,0,0,0,0,0,480.0,110.0,0.75,6.68588,6.5999
1451,0,1,0,0,0,0,0,480.0,110.0,1.0,8.96173,7.51012
1452,0,1,0,0,0,0,0,480.0,110.0,1.25,11.0714,8.19179
1453,0,1,0,0,0,0,0,480.0,110.0,1.5,13.0469,8.67784
1454,0,1,0,0,0,0,0,480.0,110.0,1.75,14.8861,8.884
1455,0,1,0,0,0,0,0,480.0,110.0,2.0,16.5051,8.79197
1456,0,1,0,0,0,0,0,480.0,110.0,2.25,17.7523,8.36584
1457,0,1,0,0,0,0,0,480.0,110.0,2.515,18.6559,7.57922
1458,0,1,0,0,0,0,0,540.0,30.0,0.498,0.267627,0.47339
1459,0,1,0,0,0,0,0,540.0,30.0,0.75,0.83866,0.925931
1460,0,1,0,0,0,0,0,540.0,30.0,1.0,1.77789,1.38142
1461,0,1,0,0,0,0,0,540.0,30.0,1.25,2.46099,1.69035
1462,0,1,0,0,0,0,0,540.0,30.0,1.5,2.78405,1.89728
1463,0,1,0,0,0,0,0,540.0,30.0,1.75,2.87919,1.95558
1464,0,1,0,0,0,0,0,540.0,30.0,2.0,2.69561,1.87032
1465,0,1,0,0,0,0,0,540.0,30.0,2.25,2.39636,1.65571
1466,0,1,0,0,0,0,0,540.0,30.0,2.515,2.05003,1.24476
1467,0,1,0,0,0,0,0,540.0,40.0,0.498,0.741739,1.12993
1468,0,1,0,0,0,0,0,540.0,40.0,0.75,1.99077,1.76822
1469,0,1,0,0,0,0,0,540.0,40.0,1.0,3.10522,2.32126
1470,0,1,0,0,0,0,0,540.0,40.0,1.25,3.90587,2.6614
1471,0,1,0,0,0,0,0,540.0,40.0,1.5,4.41513,2.86308
1472,0,1,0,0,0,0,0,540.0,40.0,1.75,4.6546,2.95332
1473,0,1,0,0,0,0,0,540.0,40.0,2.0,4.64477,2.84578
1474,0,1,0,0,0,0,0,540.0,40.0,2.25,4.42734,2.57632
1475,0,1,0,0,0,0,0,540.0,40.0,2.515,4.12333,2.07057
1476,0,1,0,0,0,0,0,540.0,50.0,0.498,1.52587,1.86059
1477,0,1,0,0,0,0,0,540.0,50.0,0.75,3.04244,2.6006
1478,0,1,0,0,0,0,0,540.0,50.0,1.0,4.25292,3.19635
1479,0,1,0,0,0,0,0,540.0,50.0,1.25,5.25597,3.60665
1480,0,1,0,0,0,0,0,540.0,50.0,1.5,5.95413,3.85113
1481,0,1,0,0,0,0,0,540.0,50.0,1.75,6.37061,3.94357
1482,0,1,0,0,0,0,0,540.0,50.0,2.0,6.57507,3.83794
1483,0,1,0,0,0,0,0,540.0,50.0,2.25,6.55277,3.50274
1484,0,1,0,0,0,0,0,540.0,50.0,2.515,6.43327,2.94247
1485,0,1,0,0,0,0,0,540.0,60.0,0.498,2.11924,2.55085
1486,0,1,0,0,0,0,0,540.0,60.0,0.75,3.83103,3.36337
1487,0,1,0,0,0,0,0,540.0,60.0,1.0,5.31814,4.0337
1488,0,1,0,0,0,0,0,540.0,60.0,1.25,6.53842,4.54556
1489,0,1,0,0,0,0,0,540.0,60.0,1.5,7.45402,4.84143
1490,0,1,0,0,0,0,0,540.0,60.0,1.75,8.05744,4.93409
1491,0,1,0,0,0,0,0,540.0,60.0,2.0,8.46924,4.7859
1492,0,1,0,0,0,0,0,540.0,60.0,2.25,8.74732,4.44512
1493,0,1,0,0,0,0,0,540.0,60.0,2.515,8.81402,3.86575
1494,0,1,0,0,0,0,0,540.0,70.0,0.498,2.59357,3.19872
1495,0,1,0,0,0,0,0,540.0,70.0,0.75,4.44369,4.06283
1496,0,1,0,0,0,0,0,540.0,70.0,1.0,6.1233,4.78906
1497,0,1,0,0,0,0,0,540.0,70.0,1.25,7.6195,5.37637
1498,0,1,0,0,0,0,0,540.0,70.0,1.5,8.86402,5.78854
1499,0,1,0,0,0,0,0,540.0,70.0,1.75,9.81358,5.91509
1500,0,1,0,0,0,0,0,540.0,70.0,2.0,10.3638,5.7594
1501,0,1,0,0,0,0,0,540.0,70.0,2.25,10.8656,5.38265
1502,0,1,0,0,0,0,0,540.0,70.0,2.515,10.9405,4.70492
1503,0,1,0,0,0,0,0,540.0,80.0,0.498,3.00024,3.81417
1504,0,1,0,0,0,0,0,540.0,80.0,0.75,4.99331,4.73878
1505,0,1,0,0,0,0,0,540.0,80.0,1.0,6.90607,5.55039
1506,0,1,0,0,0,0,0,540.0,80.0,1.25,8.68568,6.20855
1507,0,1,0,0,0,0,0,540.0,80.0,1.5,10.103,6.61348
1508,0,1,0,0,0,0,0,540.0,80.0,1.75,11.2758,6.78692
1509,0,1,0,0,0,0,0,540.0,80.0,2.0,12.2494,6.69694
1510,0,1,0,0,0,0,0,540.0,80.0,2.25,12.9122,6.31807
1511,0,1,0,0,0,0,0,540.0,80.0,2.515,13.1739,5.58162
1512,0,1,0,0,0,0,0,540.0,90.0,0.498,3.47365,4.44646
1513,0,1,0,0,0,0,0,540.0,90.0,0.75,5.55563,5.39964
1514,0,1,0,0,0,0,0,540.0,90.0,1.0,7.67157,6.28634
1515,0,1,0,0,0,0,0,540.0,90.0,1.25,9.65308,6.9867
1516,0,1,0,0,0,0,0,540.0,90.0,1.5,11.2797,7.40246
1517,0,1,0,0,0,0,0,540.0,90.0,1.75,12.6894,7.58399
1518,0,1,0,0,0,0,0,540.0,90.0,2.0,13.9721,7.53354
1519,0,1,0,0,0,0,0,540.0,90.0,2.25,14.8313,7.14892
1520,0,1,0,0,0,0,0,540.0,90.0,2.515,15.3915,6.44612
1521,0,1,0,0,0,0,0,540.0,100.0,0.498,4.06878,5.07592
1522,0,1,0,0,0,0,0,540.0,100.0,0.75,6.27582,6.07595
1523,0,1,0,0,0,0,0,540.0,100.0,1.0,8.47004,6.96293
1524,0,1,0,0,0,0,0,540.0,100.0,1.25,10.5197,7.65441
1525,0,1,0,0,0,0,0,540.0,100.0,1.5,12.392,8.13227
1526,0,1,0,0,0,0,0,540.0,100.0,1.75,14.0814,8.35862
1527,0,1,0,0,0,0,0,540.0,100.0,2.0,15.4919,8.24312
1528,0,1,0,0,0,0,0,540.0,100.0,2.25,16.6803,7.89319
1529,0,1,0,0,0,0,0,540.0,100.0,2.515,17.3642,7.16738
1530,0,1,0,0,0,0,0,540.0,110.0,0.498,4.66315,5.65891
1531,0,1,0,0,0,0,0,540.0,110.0,0.75,6.96852,6.68101
1532,0,1,0,0,0,0,0,540.0,110.0,1.0,9.23511,7.56559
1533,0,1,0,0,0,0,0,540.0,110.0,1.25,11.4201,8.25484
1534,0,1,0,0,0,0,0,540.0,110.0,1.5,13.462,8.75362
1535,0,1,0,0,0,0,0,540.0,110.0,1.75,15.3334,8.96373
1536,0,1,0,0,0,0,0,540.0,110.0,2.0,16.9462,8.87271
1537,0,1,0,0,0,0,0,540.0,110.0,2.25,18.3261,8.55439
1538,0,1,0,0,0,0,0,540.0,110.0,2.515,19.2506,7.78112
1539,0,1,0,0,0,0,0,600.0,30.0,0.498,0.236665,0.385812
1540,0,1,0,0,0,0,0,600.0,30.0,0.75,0.401326,0.671564
1541,0,1,0,0,0,0,0,600.0,30.0,1.0,1.16384,1.03951
1542,0,1,0,0,0,0,0,600.0,30.0,1.25,1.82268,1.3226
1543,0,1,0,0,0,0,0,600.0,30.0,1.5,2.29393,1.57494
1544,0,1,0,0,0,0,0,600.0,30.0,1.75,2.5571,1.71315
1545,0,1,0,0,0,0,0,600.0,30.0,2.0,2.42304,1.65762
1546,0,1,0,0,0,0,0,600.0,30.0,2.25,2.20193,1.45494
1547,0,1,0,0,0,0,0,600.0,30.0,2.515,1.9682,1.07328
1548,0,1,0,0,0,0,0,600.0,40.0,0.498,0.490248,0.965187
1549,0,1,0,0,0,0,0,600.0,40.0,0.75,1.51321,1.50862
1550,0,1,0,0,0,0,0,600.0,40.0,1.0,2.51391,1.98126
1551,0,1,0,0,0,0,0,600.0,40.0,1.25,3.32716,2.30618
1552,0,1,0,0,0,0,0,600.0,40.0,1.5,3.90978,2.55461
1553,0,1,0,0,0,0,0,600.0,40.0,1.75,4.23974,2.65444
1554,0,1,0,0,0,0,0,600.0,40.0,2.0,4.38171,2.62887
1555,0,1,0,0,0,0,0,600.0,40.0,2.25,4.33174,2.40647
1556,0,1,0,0,0,0,0,600.0,40.0,2.515,4.17016,1.96397
1557,0,1,0,0,0,0,0,600.0,50.0,0.498,1.1643,1.66864
1558,0,1,0,0,0,0,0,600.0,50.0,0.75,2.60989,2.36514
1559,0,1,0,0,0,0,0,600.0,50.0,1.0,3.78554,2.90321
1560,0,1,0,0,0,0,0,600.0,50.0,1.25,4.7873,3.31193
1561,0,1,0,0,0,0,0,600.0,50.0,1.5,5.50915,3.5662
1562,0,1,0,0,0,0,0,600.0,50.0,1.75,6.03036,3.67452
1563,0,1,0,0,0,0,0,600.0,50.0,2.0,6.32785,3.60086
1564,0,1,0,0,0,0,0,600.0,50.0,2.25,6.50529,3.35168
1565,0,1,0,0,0,0,0,600.0,50.0,2.515,6.57686,2.88225
1566,0,1,0,0,0,0,0,600.0,60.0,0.498,1.79867,2.39005
1567,0,1,0,0,0,0,0,600.0,60.0,0.75,3.51316,3.16184
1568,0,1,0,0,0,0,0,600.0,60.0,1.0,4.94064,3.78505
1569,0,1,0,0,0,0,0,600.0,60.0,1.25,6.16583,4.28824
1570,0,1,0,0,0,0,0,600.0,60.0,1.5,7.15879,4.60843
1571,0,1,0,0,0,0,0,600.0,60.0,1.75,7.89451,4.74614
1572,0,1,0,0,0,0,0,600.0,60.0,2.0,8.37564,4.62111
1573,0,1,0,0,0,0,0,600.0,60.0,2.25,8.71888,4.29071
1574,0,1,0,0,0,0,0,600.0,60.0,2.515,8.83901,3.76039
1575,0,1,0,0,0,0,0,600.0,70.0,0.498,2.29078,3.05669
1576,0,1,0,0,0,0,0,600.0,70.0,0.75,4.13583,3.86283
1577,0,1,0,0,0,0,0,600.0,70.0,1.0,5.89516,4.59312
1578,0,1,0,0,0,0,0,600.0,70.0,1.25,7.37427,5.16313
1579,0,1,0,0,0,0,0,600.0,70.0,1.5,8.66088,5.57815
1580,0,1,0,0,0,0,0,600.0,70.0,1.75,9.64754,5.73447
1581,0,1,0,0,0,0,0,600.0,70.0,2.0,10.3572,5.62204
1582,0,1,0,0,0,0,0,600.0,70.0,2.25,10.8014,5.20382
1583,0,1,0,0,0,0,0,600.0,70.0,2.515,11.0483,4.62057
1584,0,1,0,0,0,0,0,600.0,80.0,0.498,2.81732,3.71497
1585,0,1,0,0,0,0,0,600.0,80.0,0.75,4.8063,4.59994
1586,0,1,0,0,0,0,0,600.0,80.0,1.0,6.79448,5.39187
1587,0,1,0,0,0,0,0,600.0,80.0,1.25,8.49234,6.0077
1588,0,1,0,0,0,0,0,600.0,80.0,1.5,9.90884,6.38971
1589,0,1,0,0,0,0,0,600.0,80.0,1.75,11.1816,6.61391
1590,0,1,0,0,0,0,0,600.0,80.0,2.0,12.2107,6.55963
1591,0,1,0,0,0,0,0,600.0,80.0,2.25,12.8184,6.14233
1592,0,1,0,0,0,0,0,600.0,80.0,2.515,13.3161,5.51878
1593,0,1,0,0,0,0,0,600.0,90.0,0.498,3.42787,4.39741
1594,0,1,0,0,0,0,0,600.0,90.0,0.75,5.56199,5.3342
1595,0,1,0,0,0,0,0,600.0,90.0,1.0,7.68312,6.17362
1596,0,1,0,0,0,0,0,600.0,90.0,1.25,9.57566,6.82097
1597,0,1,0,0,0,0,0,600.0,90.0,1.5,11.1414,7.2099
1598,0,1,0,0,0,0,0,600.0,90.0,1.75,12.7093,7.4377
1599,0,1,0,0,0,0,0,600.0,90.0,2.0,14.046,7.42274
1600,0,1,0,0,0,0,0,600.0,90.0,2.25,14.949,7.09019
1601,0,1,0,0,0,0,0,600.0,90.0,2.515,15.6509,6.45746
1602,0,1,0,0,0,0,0,600.0,100.0,0.498,4.1755,5.09402
1603,0,1,0,0,0,0,0,600.0,100.0,0.75,6.33368,6.02409
1604,0,1,0,0,0,0,0,600.0,100.0,1.0,8.53823,6.87192
1605,0,1,0,0,0,0,0,600.0,100.0,1.25,10.5787,7.55526
1606,0,1,0,0,0,0,0,600.0,100.0,1.5,12.5505,8.04809
1607,0,1,0,0,0,0,0,600.0,100.0,1.75,14.2548,8.25225
1608,0,1,0,0,0,0,0,600.0,100.0,2.0,15.799,8.22724
1609,0,1,0,0,0,0,0,600.0,100.0,2.25,16.9965,7.90929
1610,0,1,0,0,0,0,0,600.0,100.0,2.515,17.8149,7.26783
1611,0,1,0,0,0,0,0,600.0,110.0,0.498,4.86119,5.71379
1612,0,1,0,0,0,0,0,600.0,110.0,0.75,7.1497,6.68672
1613,0,1,0,0,0,0,0,600.0,110.0,1.0,9.42897,7.54635
1614,0,1,0,0,0,0,0,600.0,110.0,1.25,11.6749,8.2383
1615,0,1,0,0,0,0,0,600.0,110.0,1.5,13.826,8.74961
1616,0,1,0,0,0,0,0,600.0,110.0,1.75,15.7019,8.98646
1617,0,1,0,0,0,0,0,600.0,110.0,2.0,17.3611,8.91394
1618,0,1,0,0,0,0,0,600.0,110.0,2.25,18.774,8.61861
1619,0,1,0,0,0,0,0,600.0,110.0,2.515,19.7391,7.94345
1620,0,0,1,0,0,0,0,60.0,30.0,0.498,0.506843,0.00455371
1621,0,0,1,0,0,0,0,60.0,30.0,0.75,1.41748,0.175271
1622,0,0,1,0,0,0,0,60.0,30.0,1.0,2.13535,0.648282
1623,0,0,1,0,0,0,0,60.0,30.0,1.25,2.56435,0.984566
1624,0,0,1,0,0,0,0,60.0,30.0,1.5,2.75577,1.21338
1625,0,0,1,0,0,0,0,60.0,30.0,1.75,2.68496,1.36344
1626,0,0,1,0,0,0,0,60.0,30.0,2.0,2.3288,1.28746
1627,0,0,1,0,0,0,0,60.0,30.0,2.25,1.784,1.00675
1628,0,0,1,0,0,0,0,60.0,30.0,2.515,1.23618,0.63332
1629,0,0,1,0,0,0,0,60.0,40.0,0.498,0.946324,0.111558
1630,0,0,1,0,0,0,0,60.0,40.0,0.75,2.00911,0.599965
1631,0,0,1,0,0,0,0,60.0,40.0,1.0,2.9882,1.11823
1632,0,0,1,0,0,0,0,60.0,40.0,1.25,3.77177,1.58031
1633,0,0,1,0,0,0,0,60.0,40.0,1.5,4.23263,1.97323
1634,0,0,1,0,0,0,0,60.0,40.0,1.75,4.40708,2.18103
1635,0,0,1,0,0,0,0,60.0,40.0,2.0,4.2563,2.15568
1636,0,0,1,0,0,0,0,60.0,40.0,2.25,3.77497,1.89475
1637,0,0,1,0,0,0,0,60.0,40.0,2.515,3.28513,1.49517
1638,0,0,1,0,0,0,0,60.0,50.0,0.498,1.36104,0.332476
1639,0,0,1,0,0,0,0,60.0,50.0,0.75,2.76155,1.01599
1640,0,0,1,0,0,0,0,60.0,50.0,1.0,4.01295,1.62914
1641,0,0,1,0,0,0,0,60.0,50.0,1.25,4.93103,2.24676
1642,0,0,1,0,0,0,0,60.0,50.0,1.5,5.5742,2.67506
1643,0,0,1,0,0,0,0,60.0,50.0,1.75,5.97668,2.914
1644,0,0,1,0,0,0,0,60.0,50.0,2.0,5.99733,2.91713
1645,0,0,1,0,0,0,0,60.0,50.0,2.25,5.73898,2.70404
1646,0,0,1,0,0,0,0,60.0,50.0,2.515,5.33603,2.35053
1647,0,0,1,0,0,0,0,60.0,60.0,0.498,1.69539,0.631307
1648,0,0,1,0,0,0,0,60.0,60.0,0.75,3.41439,1.43319
1649,0,0,1,0,0,0,0,60.0,60.0,1.0,4.82279,2.21686
1650,0,0,1,0,0,0,0,60.0,60.0,1.25,5.90397,2.84187
1651,0,0,1,0,0,0,0,60.0,60.0,1.5,6.74541,3.30485
1652,0,0,1,0,0,0,0,60.0,60.0,1.75,7.33501,3.57224
1653,0,0,1,0,0,0,0,60.0,60.0,2.0,7.60452,3.59834
1654,0,0,1,0,0,0,0,60.0,60.0,2.25,7.53729,3.4085
1655,0,0,1,0,0,0,0,60.0,60.0,2.515,7.38602,3.14902
1656,0,0,1,0,0,0,0,60.0,70.0,0.498,1.95472,0.908976
1657,0,0,1,0,0,0,0,60.0,70.0,0.75,3.79755,1.86554
1658,0,0,1,0,0,0,0,60.0,70.0,1.0,5.42677,2.71482
1659,0,0,1,0,0,0,0,60.0,70.0,1.25,6.6996,3.37882
1660,0,0,1,0,0,0,0,60.0,70.0,1.5,7.7019,3.86261
1661,0,0,1,0,0,0,0,60.0,70.0,1.75,8.44762,4.12617
1662,0,0,1,0,0,0,0,60.0,70.0,2.0,8.88115,4.14684
1663,0,0,1,0,0,0,0,60.0,70.0,2.25,9.17226,4.07087
1664,0,0,1,0,0,0,0,60.0,70.0,2.515,9.16926,3.79183
1665,0,0,1,0,0,0,0,60.0,80.0,0.498,2.05611,1.258
1666,0,0,1,0,0,0,0,60.0,80.0,0.75,3.97559,2.21604
1667,0,0,1,0,0,0,0,60.0,80.0,1.0,5.76828,3.10732
1668,0,0,1,0,0,0,0,60.0,80.0,1.25,7.27191,3.81886
1669,0,0,1,0,0,0,0,60.0,80.0,1.5,8.48265,4.33435
1670,0,0,1,0,0,0,0,60.0,80.0,1.75,9.40046,4.59533
1671,0,0,1,0,0,0,0,60.0,80.0,2.0,10.018,4.66483
1672,0,0,1,0,0,0,0,60.0,80.0,2.25,10.4939,4.59992
1673,0,0,1,0,0,0,0,60.0,80.0,2.515,10.6861,4.29265
1674,0,0,1,0,0,0,0,60.0,90.0,0.498,2.05104,1.55032
1675,0,0,1,0,0,0,0,60.0,90.0,0.75,4.02926,2.5042
1676,0,0,1,0,0,0,0,60.0,90.0,1.0,5.88534,3.37011
1677,0,0,1,0,0,0,0,60.0,90.0,1.25,7.64791,4.13546
1678,0,0,1,0,0,0,0,60.0,90.0,1.5,9.08415,4.68164
1679,0,0,1,0,0,0,0,60.0,90.0,1.75,10.162,4.9916
1680,0,0,1,0,0,0,0,60.0,90.0,2.0,11.0195,5.07876
1681,0,0,1,0,0,0,0,60.0,90.0,2.25,11.6657,5.02697
1682,0,0,1,0,0,0,0,60.0,90.0,2.515,12.0446,4.7246
1683,0,0,1,0,0,0,0,60.0,100.0,0.498,2.04848,1.83388
1684,0,0,1,0,0,0,0,60.0,100.0,0.75,4.07092,2.78456
1685,0,0,1,0,0,0,0,60.0,100.0,1.0,5.98603,3.60368
1686,0,0,1,0,0,0,0,60.0,100.0,1.25,7.82196,4.34917
1687,0,0,1,0,0,0,0,60.0,100.0,1.5,9.42239,4.90745
1688,0,0,1,0,0,0,0,60.0,100.0,1.75,10.7692,5.2707
1689,0,0,1,0,0,0,0,60.0,100.0,2.0,11.909,5.41347
1690,0,0,1,0,0,0,0,60.0,100.0,2.25,12.7709,5.38976
1691,0,0,1,0,0,0,0,60.0,100.0,2.515,13.3251,5.09941
1692,0,0,1,0,0,0,0,60.0,110.0,0.498,2.10937,2.12558
1693,0,0,1,0,0,0,0,60.0,110.0,0.75,4.14507,3.02269
1694,0,0,1,0,0,0,0,60.0,110.0,1.0,6.06264,3.82543
1695,0,0,1,0,0,0,0,60.0,110.0,1.25,7.93325,4.53206
1696,0,0,1,0,0,0,0,60.0,110.0,1.5,9.63566,5.04462
1697,0,0,1,0,0,0,0,60.0,110.0,1.75,11.2068,5.4188
1698,0,0,1,0,0,0,0,60.0,110.0,2.0,12.6617,5.65876
1699,0,0,1,0,0,0,0,60.0,110.0,2.25,13.7673,5.66445
1700,0,0,1,0,0,0,0,60.0,110.0,2.515,14.417,5.37345
1701,0,0,1,0,0,0,0,120.0,30.0,0.498,0.59171,0.0414568
1702,0,0,1,0,0,0,0,120.0,30.0,0.75,1.52229,0.181949
1703,0,0,1,0,0,0,0,120.0,30.0,1.0,2.31268,0.685954
1704,0,0,1,0,0,0,0,120.0,30.0,1.25,2.86423,1.08243
1705,0,0,1,0,0,0,0,120.0,30.0,1.5,3.15537,1.33906
1706,0,0,1,0,0,0,0,120.0,30.0,1.75,3.08392,1.51863
1707,0,0,1,0,0,0,0,120.0,30.0,2.0,2.70809,1.44907
1708,0,0,1,0,0,0,0,120.0,30.0,2.25,2.17987,1.20349
1709,0,0,1,0,0,0,0,120.0,30.0,2.515,1.62864,0.848758
1710,0,0,1,0,0,0,0,120.0,40.0,0.498,0.992918,0.155857
1711,0,0,1,0,0,0,0,120.0,40.0,0.75,2.12761,0.606203
1712,0,0,1,0,0,0,0,120.0,40.0,1.0,3.24888,1.16492
1713,0,0,1,0,0,0,0,120.0,40.0,1.25,4.14614,1.68605
1714,0,0,1,0,0,0,0,120.0,40.0,1.5,4.73313,2.16003
1715,0,0,1,0,0,0,0,120.0,40.0,1.75,4.92686,2.43208
1716,0,0,1,0,0,0,0,120.0,40.0,2.0,4.71422,2.40909
1717,0,0,1,0,0,0,0,120.0,40.0,2.25,4.24933,2.14558
1718,0,0,1,0,0,0,0,120.0,40.0,2.515,3.79469,1.75337
1719,0,0,1,0,0,0,0,120.0,50.0,0.498,1.34526,0.292771
1720,0,0,1,0,0,0,0,120.0,50.0,0.75,2.95071,1.01349
1721,0,0,1,0,0,0,0,120.0,50.0,1.0,4.26796,1.70351
1722,0,0,1,0,0,0,0,120.0,50.0,1.25,5.31676,2.3707
1723,0,0,1,0,0,0,0,120.0,50.0,1.5,6.11298,2.90303
1724,0,0,1,0,0,0,0,120.0,50.0,1.75,6.59185,3.22924
1725,0,0,1,0,0,0,0,120.0,50.0,2.0,6.62362,3.27004
1726,0,0,1,0,0,0,0,120.0,50.0,2.25,6.33689,3.05001
1727,0,0,1,0,0,0,0,120.0,50.0,2.515,6.07379,2.70229
1728,0,0,1,0,0,0,0,120.0,60.0,0.498,1.76936,0.616828
1729,0,0,1,0,0,0,0,120.0,60.0,0.75,3.61942,1.50373
1730,0,0,1,0,0,0,0,120.0,60.0,1.0,5.16266,2.34199
1731,0,0,1,0,0,0,0,120.0,60.0,1.25,6.34669,3.02293
1732,0,0,1,0,0,0,0,120.0,60.0,1.5,7.31083,3.56631
1733,0,0,1,0,0,0,0,120.0,60.0,1.75,8.0189,3.93769
1734,0,0,1,0,0,0,0,120.0,60.0,2.0,8.28794,3.99909
1735,0,0,1,0,0,0,0,120.0,60.0,2.25,8.42431,3.89349
1736,0,0,1,0,0,0,0,120.0,60.0,2.515,8.25817,3.57858
1737,0,0,1,0,0,0,0,120.0,70.0,0.498,2.06596,0.986924
1738,0,0,1,0,0,0,0,120.0,70.0,0.75,3.99354,1.96726
1739,0,0,1,0,0,0,0,120.0,70.0,1.0,5.7422,2.88079
1740,0,0,1,0,0,0,0,120.0,70.0,1.25,7.23618,3.63447
1741,0,0,1,0,0,0,0,120.0,70.0,1.5,8.35153,4.18877
1742,0,0,1,0,0,0,0,120.0,70.0,1.75,9.22718,4.55515
1743,0,0,1,0,0,0,0,120.0,70.0,2.0,9.85698,4.66844
1744,0,0,1,0,0,0,0,120.0,70.0,2.25,10.2241,4.6268
1745,0,0,1,0,0,0,0,120.0,70.0,2.515,10.3046,4.33722
1746,0,0,1,0,0,0,0,120.0,80.0,0.498,2.16109,1.35363
1747,0,0,1,0,0,0,0,120.0,80.0,0.75,4.12637,2.34219
1748,0,0,1,0,0,0,0,120.0,80.0,1.0,6.02197,3.27349
1749,0,0,1,0,0,0,0,120.0,80.0,1.25,7.77948,4.12261
1750,0,0,1,0,0,0,0,120.0,80.0,1.5,9.21373,4.74552
1751,0,0,1,0,0,0,0,120.0,80.0,1.75,10.3256,5.1127
1752,0,0,1,0,0,0,0,120.0,80.0,2.0,11.0973,5.22995
1753,0,0,1,0,0,0,0,120.0,80.0,2.25,11.7504,5.22376
1754,0,0,1,0,0,0,0,120.0,80.0,2.515,12.026,4.93359
1755,0,0,1,0,0,0,0,120.0,90.0,0.498,2.15779,1.68785
1756,0,0,1,0,0,0,0,120.0,90.0,0.75,4.20725,2.68193
1757,0,0,1,0,0,0,0,120.0,90.0,1.0,6.23357,3.63259
1758,0,0,1,0,0,0,0,120.0,90.0,1.25,8.16133,4.48564
1759,0,0,1,0,0,0,0,120.0,90.0,1.5,9.84119,5.17153
1760,0,0,1,0,0,0,0,120.0,90.0,1.75,11.1705,5.56995
1761,0,0,1,0,0,0,0,120.0,90.0,2.0,12.25,5.75167
1762,0,0,1,0,0,0,0,120.0,90.0,2.25,13.1057,5.73804
1763,0,0,1,0,0,0,0,120.0,90.0,2.515,13.572,5.4278
1764,0,0,1,0,0,0,0,120.0,100.0,0.498,2.22753,2.01803
1765,0,0,1,0,0,0,0,120.0,100.0,0.75,4.36779,3.02307
1766,0,0,1,0,0,0,0,120.0,100.0,1.0,6.43397,3.9448
1767,0,0,1,0,0,0,0,120.0,100.0,1.25,8.34292,4.74879
1768,0,0,1,0,0,0,0,120.0,100.0,1.5,10.2243,5.42248
1769,0,0,1,0,0,0,0,120.0,100.0,1.75,11.8315,5.89878
1770,0,0,1,0,0,0,0,120.0,100.0,2.0,13.2178,6.13871
1771,0,0,1,0,0,0,0,120.0,100.0,2.25,14.2559,6.12227
1772,0,0,1,0,0,0,0,120.0,100.0,2.515,14.918,5.81424
1773,0,0,1,0,0,0,0,120.0,110.0,0.498,2.36621,2.37803
1774,0,0,1,0,0,0,0,120.0,110.0,0.75,4.55345,3.34469
1775,0,0,1,0,0,0,0,120.0,110.0,1.0,6.6404,4.22925
1776,0,0,1,0,0,0,0,120.0,110.0,1.25,8.6085,5.00182
1777,0,0,1,0,0,0,0,120.0,110.0,1.5,10.4867,5.60805
1778,0,0,1,0,0,0,0,120.0,110.0,1.75,12.2956,6.07447
1779,0,0,1,0,0,0,0,120.0,110.0,2.0,14.0294,6.40709
1780,0,0,1,0,0,0,0,120.0,110.0,2.25,15.3479,6.40936
1781,0,0,1,0,0,0,0,120.0,110.0,2.515,16.0543,6.11374
1782,0,0,1,0,0,0,0,180.0,30.0,0.498,0.632234,0.0702989
1783,0,0,1,0,0,0,0,180.0,30.0,0.75,1.56174,0.213522
1784,0,0,1,0,0,0,0,180.0,30.0,1.0,2.39505,0.67904
1785,0,0,1,0,0,0,0,180.0,30.0,1.25,3.06719,1.1095
1786,0,0,1,0,0,0,0,180.0,30.0,1.5,3.40804,1.39685
1787,0,0,1,0,0,0,0,180.0,30.0,1.75,3.38292,1.57471
1788,0,0,1,0,0,0,0,180.0,30.0,2.0,3.01952,1.54033
1789,0,0,1,0,0,0,0,180.0,30.0,2.25,2.51112,1.34562
1790,0,0,1,0,0,0,0,180.0,30.0,2.515,2.00691,1.04817
1791,0,0,1,0,0,0,0,180.0,40.0,0.498,0.969709,0.189262
1792,0,0,1,0,0,0,0,180.0,40.0,0.75,2.1939,0.573602
1793,0,0,1,0,0,0,0,180.0,40.0,1.0,3.43763,1.16099
1794,0,0,1,0,0,0,0,180.0,40.0,1.25,4.37662,1.74834
1795,0,0,1,0,0,0,0,180.0,40.0,1.5,5.03362,2.25089
1796,0,0,1,0,0,0,0,180.0,40.0,1.75,5.2732,2.54337
1797,0,0,1,0,0,0,0,180.0,40.0,2.0,5.08315,2.55698
1798,0,0,1,0,0,0,0,180.0,40.0,2.25,4.67101,2.32377
1799,0,0,1,0,0,0,0,180.0,40.0,2.515,4.24798,1.98327
1800,0,0,1,0,0,0,0,180.0,50.0,0.498,1.28529,0.297454
1801,0,0,1,0,0,0,0,180.0,50.0,0.75,2.98967,0.973658
1802,0,0,1,0,0,0,0,180.0,50.0,1.0,4.43606,1.73567
1803,0,0,1,0,0,0,0,180.0,50.0,1.25,5.59599,2.45069
1804,0,0,1,0,0,0,0,180.0,50.0,1.5,6.47741,3.0256
1805,0,0,1,0,0,0,0,180.0,50.0,1.75,7.02569,3.43809
1806,0,0,1,0,0,0,0,180.0,50.0,2.0,7.05089,3.50194
1807,0,0,1,0,0,0,0,180.0,50.0,2.25,6.8635,3.31947
1808,0,0,1,0,0,0,0,180.0,50.0,2.515,6.64429,2.96078
1809,0,0,1,0,0,0,0,180.0,60.0,0.498,1.72447,0.564615
1810,0,0,1,0,0,0,0,180.0,60.0,0.75,3.61976,1.49786
1811,0,0,1,0,0,0,0,180.0,60.0,1.0,5.32148,2.39152
1812,0,0,1,0,0,0,0,180.0,60.0,1.25,6.67396,3.1259
1813,0,0,1,0,0,0,0,180.0,60.0,1.5,7.73501,3.74953
1814,0,0,1,0,0,0,0,180.0,60.0,1.75,8.53454,4.19763
1815,0,0,1,0,0,0,0,180.0,60.0,2.0,8.88484,4.33215
1816,0,0,1,0,0,0,0,180.0,60.0,2.25,9.07271,4.25452
1817,0,0,1,0,0,0,0,180.0,60.0,2.515,9.01102,3.90823
1818,0,0,1,0,0,0,0,180.0,70.0,0.498,2.04479,1.00072
1819,0,0,1,0,0,0,0,180.0,70.0,0.75,3.99284,1.99829
1820,0,0,1,0,0,0,0,180.0,70.0,1.0,5.88283,2.95155
1821,0,0,1,0,0,0,0,180.0,70.0,1.25,7.51322,3.78542
1822,0,0,1,0,0,0,0,180.0,70.0,1.5,8.86054,4.44233
1823,0,0,1,0,0,0,0,180.0,70.0,1.75,9.83738,4.88579
1824,0,0,1,0,0,0,0,180.0,70.0,2.0,10.6121,5.10431
1825,0,0,1,0,0,0,0,180.0,70.0,2.25,11.0881,5.08863
1826,0,0,1,0,0,0,0,180.0,70.0,2.515,11.2263,4.77301
1827,0,0,1,0,0,0,0,180.0,80.0,0.498,2.13249,1.38513
1828,0,0,1,0,0,0,0,180.0,80.0,0.75,4.22497,2.44366
1829,0,0,1,0,0,0,0,180.0,80.0,1.0,6.16995,3.40652
1830,0,0,1,0,0,0,0,180.0,80.0,1.25,8.03411,4.29319
1831,0,0,1,0,0,0,0,180.0,80.0,1.5,9.76892,5.06583
1832,0,0,1,0,0,0,0,180.0,80.0,1.75,11.097,5.55046
1833,0,0,1,0,0,0,0,180.0,80.0,2.0,12.0759,5.75752
1834,0,0,1,0,0,0,0,180.0,80.0,2.25,12.8363,5.77011
1835,0,0,1,0,0,0,0,180.0,80.0,2.515,13.2465,5.50359
1836,0,0,1,0,0,0,0,180.0,90.0,0.498,2.20902,1.7589
1837,0,0,1,0,0,0,0,180.0,90.0,0.75,4.35154,2.81324
1838,0,0,1,0,0,0,0,180.0,90.0,1.0,6.42792,3.8052
1839,0,0,1,0,0,0,0,180.0,90.0,1.25,8.49466,4.73853
1840,0,0,1,0,0,0,0,180.0,90.0,1.5,10.4308,5.55283
1841,0,0,1,0,0,0,0,180.0,90.0,1.75,12.1056,6.09158
1842,0,0,1,0,0,0,0,180.0,90.0,2.0,13.3718,6.35644
1843,0,0,1,0,0,0,0,180.0,90.0,2.25,14.4065,6.37717
1844,0,0,1,0,0,0,0,180.0,90.0,2.515,14.9543,6.06807
1845,0,0,1,0,0,0,0,180.0,100.0,0.498,2.35379,2.1669
1846,0,0,1,0,0,0,0,180.0,100.0,0.75,4.56435,3.22241
1847,0,0,1,0,0,0,0,180.0,100.0,1.0,6.8098,4.23032
1848,0,0,1,0,0,0,0,180.0,100.0,1.25,8.85362,5.11144
1849,0,0,1,0,0,0,0,180.0,100.0,1.5,10.8649,5.87338
1850,0,0,1,0,0,0,0,180.0,100.0,1.75,12.7926,6.45889
1851,0,0,1,0,0,0,0,180.0,100.0,2.0,14.4187,6.79623
1852,0,0,1,0,0,0,0,180.0,100.0,2.25,15.7026,6.81937
1853,0,0,1,0,0,0,0,180.0,100.0,2.515,16.4242,6.50231
1854,0,0,1,0,0,0,0,180.0,110.0,0.498,2.55604,2.59337
1855,0,0,1,0,0,0,0,180.0,110.0,0.75,4.86868,3.63696
1856,0,0,1,0,0,0,0,180.0,110.0,1.0,7.11247,4.59296
1857,0,0,1,0,0,0,0,180.0,110.0,1.25,9.24509,5.43934
1858,0,0,1,0,0,0,0,180.0,110.0,1.5,11.3563,6.16184
1859,0,0,1,0,0,0,0,180.0,110.0,1.75,13.3528,6.69999
1860,0,0,1,0,0,0,0,180.0,110.0,2.0,15.2702,7.08728
1861,0,0,1,0,0,0,0,180.0,110.0,2.25,16.808,7.13249
1862,0,0,1,0,0,0,0,180.0,110.0,2.515,17.6769,6.83456
1863,0,0,1,0,0,0,0,240.0,30.0,0.498,0.578156,0.0868713
1864,0,0,1,0,0,0,0,240.0,30.0,0.75,1.53021,0.23118
1865,0,0,1,0,0,0,0,240.0,30.0,1.0,2.34328,0.619854
1866,0,0,1,0,0,0,0,240.0,30.0,1.25,3.10269,1.03488
1867,0,0,1,0,0,0,0,240.0,30.0,1.5,3.49346,1.3662
1868,0,0,1,0,0,0,0,240.0,30.0,1.75,3.49842,1.52961
1869,0,0,1,0,0,0,0,240.0,30.0,2.0,3.25514,1.57267
1870,0,0,1,0,0,0,0,240.0,30.0,2.25,2.75153,1.4481
1871,0,0,1,0,0,0,0,240.0,30.0,2.515,2.29761,1.17124
1872,0,0,1,0,0,0,0,240.0,40.0,0.498,0.864789,0.220839
1873,0,0,1,0,0,0,0,240.0,40.0,0.75,2.19194,0.566586
1874,0,0,1,0,0,0,0,240.0,40.0,1.0,3.44749,1.12647
1875,0,0,1,0,0,0,0,240.0,40.0,1.25,4.47645,1.73627
1876,0,0,1,0,0,0,0,240.0,40.0,1.5,5.12103,2.24187
1877,0,0,1,0,0,0,0,240.0,40.0,1.75,5.41332,2.5411
1878,0,0,1,0,0,0,0,240.0,40.0,2.0,5.31428,2.61682
1879,0,0,1,0,0,0,0,240.0,40.0,2.25,5.02025,2.4706
1880,0,0,1,0,0,0,0,240.0,40.0,2.515,4.64951,2.17091
1881,0,0,1,0,0,0,0,240.0,50.0,0.498,1.13008,0.312349
1882,0,0,1,0,0,0,0,240.0,50.0,0.75,2.94397,0.921027
1883,0,0,1,0,0,0,0,240.0,50.0,1.0,4.47275,1.73605
1884,0,0,1,0,0,0,0,240.0,50.0,1.25,5.72187,2.47375
1885,0,0,1,0,0,0,0,240.0,50.0,1.5,6.67164,3.07156
1886,0,0,1,0,0,0,0,240.0,50.0,1.75,7.21312,3.49256
1887,0,0,1,0,0,0,0,240.0,50.0,2.0,7.36962,3.64827
1888,0,0,1,0,0,0,0,240.0,50.0,2.25,7.28261,3.48657
1889,0,0,1,0,0,0,0,240.0,50.0,2.515,7.05987,3.15633
1890,0,0,1,0,0,0,0,240.0,60.0,0.498,1.58695,0.502583
1891,0,0,1,0,0,0,0,240.0,60.0,0.75,3.49112,1.45239
1892,0,0,1,0,0,0,0,240.0,60.0,1.0,5.27905,2.37079
1893,0,0,1,0,0,0,0,240.0,60.0,1.25,6.80135,3.1768
1894,0,0,1,0,0,0,0,240.0,60.0,1.5,8.03544,3.85905
1895,0,0,1,0,0,0,0,240.0,60.0,1.75,8.90185,4.37439
1896,0,0,1,0,0,0,0,240.0,60.0,2.0,9.32822,4.56726
1897,0,0,1,0,0,0,0,240.0,60.0,2.25,9.56876,4.50793
1898,0,0,1,0,0,0,0,240.0,60.0,2.515,9.55398,4.13536
1899,0,0,1,0,0,0,0,240.0,70.0,0.498,1.92505,0.947683
1900,0,0,1,0,0,0,0,240.0,70.0,0.75,3.91456,1.99225
1901,0,0,1,0,0,0,0,240.0,70.0,1.0,5.83682,2.9531
1902,0,0,1,0,0,0,0,240.0,70.0,1.25,7.66709,3.84589
1903,0,0,1,0,0,0,0,240.0,70.0,1.5,9.1638,4.59637
1904,0,0,1,0,0,0,0,240.0,70.0,1.75,10.3482,5.13934
1905,0,0,1,0,0,0,0,240.0,70.0,2.0,11.1995,5.43596
1906,0,0,1,0,0,0,0,240.0,70.0,2.25,11.7999,5.43816
1907,0,0,1,0,0,0,0,240.0,70.0,2.515,11.9635,5.08624
1908,0,0,1,0,0,0,0,240.0,80.0,0.498,2.13211,1.40239
1909,0,0,1,0,0,0,0,240.0,80.0,0.75,4.19172,2.45152
1910,0,0,1,0,0,0,0,240.0,80.0,1.0,6.225,3.47171
1911,0,0,1,0,0,0,0,240.0,80.0,1.25,8.1794,4.40818
1912,0,0,1,0,0,0,0,240.0,80.0,1.5,10.1244,5.25961
1913,0,0,1,0,0,0,0,240.0,80.0,1.75,11.7293,5.89912
1914,0,0,1,0,0,0,0,240.0,80.0,2.0,12.9412,6.2212
1915,0,0,1,0,0,0,0,240.0,80.0,2.25,13.8011,6.24191
1916,0,0,1,0,0,0,0,240.0,80.0,2.515,14.2007,5.93268
1917,0,0,1,0,0,0,0,240.0,90.0,0.498,2.21562,1.80694
1918,0,0,1,0,0,0,0,240.0,90.0,0.75,4.40758,2.89712
1919,0,0,1,0,0,0,0,240.0,90.0,1.0,6.55435,3.93328
1920,0,0,1,0,0,0,0,240.0,90.0,1.25,8.73892,4.93444
1921,0,0,1,0,0,0,0,240.0,90.0,1.5,10.8869,5.82129
1922,0,0,1,0,0,0,0,240.0,90.0,1.75,12.7906,6.49839
1923,0,0,1,0,0,0,0,240.0,90.0,2.0,14.3611,6.86853
1924,0,0,1,0,0,0,0,240.0,90.0,2.25,15.5254,6.90667
1925,0,0,1,0,0,0,0,240.0,90.0,2.515,16.0525,6.5834
1926,0,0,1,0,0,0,0,240.0,100.0,0.498,2.39831,2.2648
1927,0,0,1,0,0,0,0,240.0,100.0,0.75,4.6505,3.3572
1928,0,0,1,0,0,0,0,240.0,100.0,1.0,7.00692,4.43399
1929,0,0,1,0,0,0,0,240.0,100.0,1.25,9.3237,5.42973
1930,0,0,1,0,0,0,0,240.0,100.0,1.5,11.5083,6.28306
1931,0,0,1,0,0,0,0,240.0,100.0,1.75,13.5713,6.9363
1932,0,0,1,0,0,0,0,240.0,100.0,2.0,15.4974,7.3514
1933,0,0,1,0,0,0,0,240.0,100.0,2.25,17.0224,7.46315
1934,0,0,1,0,0,0,0,240.0,100.0,2.515,17.7053,7.10055
1935,0,0,1,0,0,0,0,240.0,110.0,0.498,2.70124,2.75206
1936,0,0,1,0,0,0,0,240.0,110.0,0.75,5.04123,3.84961
1937,0,0,1,0,0,0,0,240.0,110.0,1.0,7.45589,4.90362
1938,0,0,1,0,0,0,0,240.0,110.0,1.25,9.84006,5.85075
1939,0,0,1,0,0,0,0,240.0,110.0,1.5,12.1266,6.66106
1940,0,0,1,0,0,0,0,240.0,110.0,1.75,14.3237,7.26647
1941,0,0,1,0,0,0,0,240.0,110.0,2.0,16.4374,7.68928
1942,0,0,1,0,0,0,0,240.0,110.0,2.25,18.1552,7.81815
1943,0,0,1,0,0,0,0,240.0,110.0,2.515,19.1725,7.50721
1944,0,0,1,0,0,0,0,300.0,30.0,0.498,0.433321,0.0951091
1945,0,0,1,0,0,0,0,300.0,30.0,0.75,1.33931,0.21777
1946,0,0,1,0,0,0,0,300.0,30.0,1.0,2.16262,0.518126
1947,0,0,1,0,0,0,0,300.0,30.0,1.25,2.97443,0.914399
1948,0,0,1,0,0,0,0,300.0,30.0,1.5,3.38905,1.22711
1949,0,0,1,0,0,0,0,300.0,30.0,1.75,3.50424,1.45186
1950,0,0,1,0,0,0,0,300.0,30.0,2.0,3.35591,1.54539
1951,0,0,1,0,0,0,0,300.0,30.0,2.25,2.94312,1.49092
1952,0,0,1,0,0,0,0,300.0,30.0,2.515,2.46268,1.22852
1953,0,0,1,0,0,0,0,300.0,40.0,0.498,0.719946,0.23288
1954,0,0,1,0,0,0,0,300.0,40.0,0.75,2.04873,0.548657
1955,0,0,1,0,0,0,0,300.0,40.0,1.0,3.34542,1.05798
1956,0,0,1,0,0,0,0,300.0,40.0,1.25,4.37724,1.64894
1957,0,0,1,0,0,0,0,300.0,40.0,1.5,5.08249,2.16757
1958,0,0,1,0,0,0,0,300.0,40.0,1.75,5.38061,2.45426
1959,0,0,1,0,0,0,0,300.0,40.0,2.0,5.42766,2.58518
1960,0,0,1,0,0,0,0,300.0,40.0,2.25,5.23723,2.55332
1961,0,0,1,0,0,0,0,300.0,40.0,2.515,4.91284,2.27632
1962,0,0,1,0,0,0,0,300.0,50.0,0.498,0.963733,0.348607
1963,0,0,1,0,0,0,0,300.0,50.0,0.75,2.75744,0.844134
1964,0,0,1,0,0,0,0,300.0,50.0,1.0,4.34049,1.7019
1965,0,0,1,0,0,0,0,300.0,50.0,1.25,5.65829,2.4395
1966,0,0,1,0,0,0,0,300.0,50.0,1.5,6.66924,3.0476
1967,0,0,1,0,0,0,0,300.0,50.0,1.75,7.26997,3.48264
1968,0,0,1,0,0,0,0,300.0,50.0,2.0,7.54915,3.6716
1969,0,0,1,0,0,0,0,300.0,50.0,2.25,7.57624,3.59588
1970,0,0,1,0,0,0,0,300.0,50.0,2.515,7.37567,3.27948
1971,0,0,1,0,0,0,0,300.0,60.0,0.498,1.34584,0.476458
1972,0,0,1,0,0,0,0,300.0,60.0,0.75,3.28082,1.37062
1973,0,0,1,0,0,0,0,300.0,60.0,1.0,5.09082,2.30568
1974,0,0,1,0,0,0,0,300.0,60.0,1.25,6.7109,3.17658
1975,0,0,1,0,0,0,0,300.0,60.0,1.5,8.02051,3.85969
1976,0,0,1,0,0,0,0,300.0,60.0,1.75,9.05286,4.43997
1977,0,0,1,0,0,0,0,300.0,60.0,2.0,9.60451,4.698
1978,0,0,1,0,0,0,0,300.0,60.0,2.25,9.91226,4.6546
1979,0,0,1,0,0,0,0,300.0,60.0,2.515,9.87063,4.27514
1980,0,0,1,0,0,0,0,300.0,70.0,0.498,1.74363,0.868513
1981,0,0,1,0,0,0,0,300.0,70.0,0.75,3.7148,1.88914
1982,0,0,1,0,0,0,0,300.0,70.0,1.0,5.66688,2.90189
1983,0,0,1,0,0,0,0,300.0,70.0,1.25,7.59773,3.85005
1984,0,0,1,0,0,0,0,300.0,70.0,1.5,9.31603,4.68599
1985,0,0,1,0,0,0,0,300.0,70.0,1.75,10.7212,5.34472
1986,0,0,1,0,0,0,0,300.0,70.0,2.0,11.6645,5.6777
1987,0,0,1,0,0,0,0,300.0,70.0,2.25,12.2547,5.66852
1988,0,0,1,0,0,0,0,300.0,70.0,2.515,12.4263,5.25345
1989,0,0,1,0,0,0,0,300.0,80.0,0.498,2.07173,1.37512
1990,0,0,1,0,0,0,0,300.0,80.0,0.75,4.10969,2.42309
1991,0,0,1,0,0,0,0,300.0,80.0,1.0,6.17122,3.46057
1992,0,0,1,0,0,0,0,300.0,80.0,1.25,8.27183,4.45554
1993,0,0,1,0,0,0,0,300.0,80.0,1.5,10.3522,5.39726
1994,0,0,1,0,0,0,0,300.0,80.0,1.75,12.2295,6.15364
1995,0,0,1,0,0,0,0,300.0,80.0,2.0,13.5795,6.57173
1996,0,0,1,0,0,0,0,300.0,80.0,2.25,14.4398,6.55687
1997,0,0,1,0,0,0,0,300.0,80.0,2.515,14.7961,6.16755
1998,0,0,1,0,0,0,0,300.0,90.0,0.498,2.20197,1.83363
1999,0,0,1,0,0,0,0,300.0,90.0,0.75,4.41641,2.94921
2000,0,0,1,0,0,0,0,300.0,90.0,1.0,6.6188,4.01852
2001,0,0,1,0,0,0,0,300.0,90.0,1.25,8.94032,5.07613
2002,0,0,1,0,0,0,0,300.0,90.0,1.5,11.2794,6.03993
2003,0,0,1,0,0,0,0,300.0,90.0,1.75,13.3473,6.82402
2004,0,0,1,0,0,0,0,300.0,90.0,2.0,15.1441,7.27088
2005,0,0,1,0,0,0,0,300.0,90.0,2.25,16.3215,7.30927
2006,0,0,1,0,0,0,0,300.0,90.0,2.515,16.8969,6.95913
2007,0,0,1,0,0,0,0,300.0,100.0,0.498,2.43482,2.32277
2008,0,0,1,0,0,0,0,300.0,100.0,0.75,4.71561,3.45127
2009,0,0,1,0,0,0,0,300.0,100.0,1.0,7.06997,4.55849
2010,0,0,1,0,0,0,0,300.0,100.0,1.25,9.61637,5.66394
2011,0,0,1,0,0,0,0,300.0,100.0,1.5,12.1208,6.62817
2012,0,0,1,0,0,0,0,300.0,100.0,1.75,14.319,7.34358
2013,0,0,1,0,0,0,0,300.0,100.0,2.0,16.4356,7.80795
2014,0,0,1,0,0,0,0,300.0,100.0,2.25,18.0196,7.94829
2015,0,0,1,0,0,0,0,300.0,100.0,2.515,18.8056,7.60372
2016,0,0,1,0,0,0,0,300.0,110.0,0.498,2.78961,2.88225
2017,0,0,1,0,0,0,0,300.0,110.0,0.75,5.16822,3.99375
2018,0,0,1,0,0,0,0,300.0,110.0,1.0,7.73712,5.14029
2019,0,0,1,0,0,0,0,300.0,110.0,1.25,10.2993,6.19147
2020,0,0,1,0,0,0,0,300.0,110.0,1.5,12.8143,7.10739
2021,0,0,1,0,0,0,0,300.0,110.0,1.75,15.2128,7.77676
2022,0,0,1,0,0,0,0,300.0,110.0,2.0,17.4907,8.22394
2023,0,0,1,0,0,0,0,300.0,110.0,2.25,19.289,8.37826
2024,0,0,1,0,0,0,0,300.0,110.0,2.515,20.4189,8.06051
2025,0,0,1,0,0,0,0,360.0,30.0,0.498,0.313466,0.0887434
2026,0,0,1,0,0,0,0,360.0,30.0,0.75,1.04463,0.190532
2027,0,0,1,0,0,0,0,360.0,30.0,1.0,1.94324,0.417531
2028,0,0,1,0,0,0,0,360.0,30.0,1.25,2.72786,0.754274
2029,0,0,1,0,0,0,0,360.0,30.0,1.5,3.14782,1.0305
2030,0,0,1,0,0,0,0,360.0,30.0,1.75,3.34057,1.28625
2031,0,0,1,0,0,0,0,360.0,30.0,2.0,3.29998,1.46436
2032,0,0,1,0,0,0,0,360.0,30.0,2.25,3.13896,1.50396
2033,0,0,1,0,0,0,0,360.0,30.0,2.515,2.63466,1.27591
2034,0,0,1,0,0,0,0,360.0,40.0,0.498,0.661153,0.240176
2035,0,0,1,0,0,0,0,360.0,40.0,0.75,1.71727,0.490731
2036,0,0,1,0,0,0,0,360.0,40.0,1.0,3.07585,0.925575
2037,0,0,1,0,0,0,0,360.0,40.0,1.25,4.17651,1.52446
2038,0,0,1,0,0,0,0,360.0,40.0,1.5,4.90333,2.01373
2039,0,0,1,0,0,0,0,360.0,40.0,1.75,5.2627,2.32585
2040,0,0,1,0,0,0,0,360.0,40.0,2.0,5.44379,2.53709
2041,0,0,1,0,0,0,0,360.0,40.0,2.25,5.36639,2.53983
2042,0,0,1,0,0,0,0,360.0,40.0,2.515,5.01675,2.2954
2043,0,0,1,0,0,0,0,360.0,50.0,0.498,0.892909,0.370039
2044,0,0,1,0,0,0,0,360.0,50.0,0.75,2.45148,0.797913
2045,0,0,1,0,0,0,0,360.0,50.0,1.0,4.05969,1.58531
2046,0,0,1,0,0,0,0,360.0,50.0,1.25,5.38522,2.32814
2047,0,0,1,0,0,0,0,360.0,50.0,1.5,6.46953,2.93679
2048,0,0,1,0,0,0,0,360.0,50.0,1.75,7.15613,3.35777
2049,0,0,1,0,0,0,0,360.0,50.0,2.0,7.54119,3.61622
2050,0,0,1,0,0,0,0,360.0,50.0,2.25,7.66524,3.60588
2051,0,0,1,0,0,0,0,360.0,50.0,2.515,7.56113,3.33322
2052,0,0,1,0,0,0,0,360.0,60.0,0.498,1.17773,0.497088
2053,0,0,1,0,0,0,0,360.0,60.0,0.75,2.96639,1.23617
2054,0,0,1,0,0,0,0,360.0,60.0,1.0,4.83374,2.22306
2055,0,0,1,0,0,0,0,360.0,60.0,1.25,6.4896,3.0953
2056,0,0,1,0,0,0,0,360.0,60.0,1.5,7.89441,3.80955
2057,0,0,1,0,0,0,0,360.0,60.0,1.75,9.03404,4.41104
2058,0,0,1,0,0,0,0,360.0,60.0,2.0,9.72947,4.72881
2059,0,0,1,0,0,0,0,360.0,60.0,2.25,10.0859,4.6953
2060,0,0,1,0,0,0,0,360.0,60.0,2.515,10.1013,4.32559
2061,0,0,1,0,0,0,0,360.0,70.0,0.498,1.54787,0.777103
2062,0,0,1,0,0,0,0,360.0,70.0,0.75,3.51833,1.8005
2063,0,0,1,0,0,0,0,360.0,70.0,1.0,5.45838,2.81348
2064,0,0,1,0,0,0,0,360.0,70.0,1.25,7.37395,3.77637
2065,0,0,1,0,0,0,0,360.0,70.0,1.5,9.24317,4.67223
2066,0,0,1,0,0,0,0,360.0,70.0,1.75,10.8757,5.43223
2067,0,0,1,0,0,0,0,360.0,70.0,2.0,11.9822,5.83915
2068,0,0,1,0,0,0,0,360.0,70.0,2.25,12.5033,5.76291
2069,0,0,1,0,0,0,0,360.0,70.0,2.515,12.6674,5.34257
2070,0,0,1,0,0,0,0,360.0,80.0,0.498,1.90952,1.31393
2071,0,0,1,0,0,0,0,360.0,80.0,0.75,3.99138,2.36656
2072,0,0,1,0,0,0,0,360.0,80.0,1.0,6.08975,3.41747
2073,0,0,1,0,0,0,0,360.0,80.0,1.25,8.24353,4.44744
2074,0,0,1,0,0,0,0,360.0,80.0,1.5,10.4658,5.47991
2075,0,0,1,0,0,0,0,360.0,80.0,1.75,12.4783,6.30838
2076,0,0,1,0,0,0,0,360.0,80.0,2.0,13.9376,6.76945
2077,0,0,1,0,0,0,0,360.0,80.0,2.25,14.7972,6.73277
2078,0,0,1,0,0,0,0,360.0,80.0,2.515,15.1307,6.30315
2079,0,0,1,0,0,0,0,360.0,90.0,0.498,2.24606,1.87596
2080,0,0,1,0,0,0,0,360.0,90.0,0.75,4.42517,2.97314
2081,0,0,1,0,0,0,0,360.0,90.0,1.0,6.63957,4.0427
2082,0,0,1,0,0,0,0,360.0,90.0,1.25,9.04428,5.13294
2083,0,0,1,0,0,0,0,360.0,90.0,1.5,11.5603,6.1939
2084,0,0,1,0,0,0,0,360.0,90.0,1.75,13.8257,7.05989
2085,0,0,1,0,0,0,0,360.0,90.0,2.0,15.6812,7.53414
2086,0,0,1,0,0,0,0,360.0,90.0,2.25,16.93,7.59896
2087,0,0,1,0,0,0,0,360.0,90.0,2.515,17.5155,7.19607
2088,0,0,1,0,0,0,0,360.0,100.0,0.498,2.51674,2.40258
2089,0,0,1,0,0,0,0,360.0,100.0,0.75,4.78266,3.51959
2090,0,0,1,0,0,0,0,360.0,100.0,1.0,7.1987,4.65682
2091,0,0,1,0,0,0,0,360.0,100.0,1.25,9.80317,5.79188
2092,0,0,1,0,0,0,0,360.0,100.0,1.5,12.5124,6.84456
2093,0,0,1,0,0,0,0,360.0,100.0,1.75,14.9943,7.69548
2094,0,0,1,0,0,0,0,360.0,100.0,2.0,17.1487,8.16185
2095,0,0,1,0,0,0,0,360.0,100.0,2.25,18.769,8.29724
2096,0,0,1,0,0,0,0,360.0,100.0,2.515,19.6126,7.9338
2097,0,0,1,0,0,0,0,360.0,110.0,0.498,2.91911,3.00691
2098,0,0,1,0,0,0,0,360.0,110.0,0.75,5.3844,4.14706
2099,0,0,1,0,0,0,0,360.0,110.0,1.0,8.004,5.30671
2100,0,0,1,0,0,0,0,360.0,110.0,1.25,10.7336,6.45873
2101,0,0,1,0,0,0,0,360.0,110.0,1.5,13.4653,7.46535
2102,0,0,1,0,0,0,0,360.0,110.0,1.75,16.0724,8.21777
2103,0,0,1,0,0,0,0,360.0,110.0,2.0,18.3359,8.65187
2104,0,0,1,0,0,0,0,360.0,110.0,2.25,20.1958,8.79492
2105,0,0,1,0,0,0,0,360.0,110.0,2.515,21.2819,8.4726
2106,0,0,1,0,0,0,0,420.0,30.0,0.498,0.270172,0.0808498
2107,0,0,1,0,0,0,0,420.0,30.0,0.75,0.719007,0.177391
2108,0,0,1,0,0,0,0,420.0,30.0,1.0,1.6163,0.321278
2109,0,0,1,0,0,0,0,420.0,30.0,1.25,2.33405,0.550242
2110,0,0,1,0,0,0,0,420.0,30.0,1.5,2.81905,0.822964
2111,0,0,1,0,0,0,0,420.0,30.0,1.75,3.00705,1.09467
2112,0,0,1,0,0,0,0,420.0,30.0,2.0,3.08291,1.30325
2113,0,0,1,0,0,0,0,420.0,30.0,2.25,3.05144,1.3963
2114,0,0,1,0,0,0,0,420.0,30.0,2.515,2.74638,1.2737
2115,0,0,1,0,0,0,0,420.0,40.0,0.498,0.574393,0.242922
2116,0,0,1,0,0,0,0,420.0,40.0,0.75,1.41123,0.445447
2117,0,0,1,0,0,0,0,420.0,40.0,1.0,2.66783,0.79353
2118,0,0,1,0,0,0,0,420.0,40.0,1.25,3.74517,1.3248
2119,0,0,1,0,0,0,0,420.0,40.0,1.5,4.53471,1.81152
2120,0,0,1,0,0,0,0,420.0,40.0,1.75,4.98141,2.14392
2121,0,0,1,0,0,0,0,420.0,40.0,2.0,5.27491,2.40814
2122,0,0,1,0,0,0,0,420.0,40.0,2.25,5.34408,2.47772
2123,0,0,1,0,0,0,0,420.0,40.0,2.515,5.09917,2.2837
2124,0,0,1,0,0,0,0,420.0,50.0,0.498,0.889317,0.390234
2125,0,0,1,0,0,0,0,420.0,50.0,0.75,2.09051,0.717962
2126,0,0,1,0,0,0,0,420.0,50.0,1.0,3.72801,1.45134
2127,0,0,1,0,0,0,0,420.0,50.0,1.25,5.00065,2.16107
2128,0,0,1,0,0,0,0,420.0,50.0,1.5,6.08313,2.74028
2129,0,0,1,0,0,0,0,420.0,50.0,1.75,6.90649,3.20599
2130,0,0,1,0,0,0,0,420.0,50.0,2.0,7.41281,3.49956
2131,0,0,1,0,0,0,0,420.0,50.0,2.25,7.62726,3.54602
2132,0,0,1,0,0,0,0,420.0,50.0,2.515,7.63375,3.31611
2133,0,0,1,0,0,0,0,420.0,60.0,0.498,1.10454,0.522391
2134,0,0,1,0,0,0,0,420.0,60.0,0.75,2.70476,1.14405
2135,0,0,1,0,0,0,0,420.0,60.0,1.0,4.51347,2.08287
2136,0,0,1,0,0,0,0,420.0,60.0,1.25,6.14765,2.95064
2137,0,0,1,0,0,0,0,420.0,60.0,1.5,7.55037,3.66521
2138,0,0,1,0,0,0,0,420.0,60.0,1.75,8.82326,4.27509
2139,0,0,1,0,0,0,0,420.0,60.0,2.0,9.71285,4.66947
2140,0,0,1,0,0,0,0,420.0,60.0,2.25,10.1138,4.67266
2141,0,0,1,0,0,0,0,420.0,60.0,2.515,10.2351,4.35468
2142,0,0,1,0,0,0,0,420.0,70.0,0.498,1.43986,0.786311
2143,0,0,1,0,0,0,0,420.0,70.0,0.75,3.31934,1.70877
2144,0,0,1,0,0,0,0,420.0,70.0,1.0,5.25894,2.72478
2145,0,0,1,0,0,0,0,420.0,70.0,1.25,7.16436,3.69254
2146,0,0,1,0,0,0,0,420.0,70.0,1.5,9.03701,4.60481
2147,0,0,1,0,0,0,0,420.0,70.0,1.75,10.717,5.34023
2148,0,0,1,0,0,0,0,420.0,70.0,2.0,12.0638,5.83086
2149,0,0,1,0,0,0,0,420.0,70.0,2.25,12.6026,5.7689
2150,0,0,1,0,0,0,0,420.0,70.0,2.515,12.7757,5.36628
2151,0,0,1,0,0,0,0,420.0,80.0,0.498,1.82899,1.25337
2152,0,0,1,0,0,0,0,420.0,80.0,0.75,3.79301,2.2955
2153,0,0,1,0,0,0,0,420.0,80.0,1.0,5.89863,3.34647
2154,0,0,1,0,0,0,0,420.0,80.0,1.25,8.13642,4.42454
2155,0,0,1,0,0,0,0,420.0,80.0,1.5,10.4526,5.49339
2156,0,0,1,0,0,0,0,420.0,80.0,1.75,12.5311,6.34071
2157,0,0,1,0,0,0,0,420.0,80.0,2.0,14.0766,6.81591
2158,0,0,1,0,0,0,0,420.0,80.0,2.25,15.0407,6.82639
2159,0,0,1,0,0,0,0,420.0,80.0,2.515,15.3963,6.41674
2160,0,0,1,0,0,0,0,420.0,90.0,0.498,2.17979,1.85201
2161,0,0,1,0,0,0,0,420.0,90.0,0.75,4.34383,2.94055
2162,0,0,1,0,0,0,0,420.0,90.0,1.0,6.61676,4.02727
2163,0,0,1,0,0,0,0,420.0,90.0,1.25,9.14786,5.185
2164,0,0,1,0,0,0,0,420.0,90.0,1.5,11.6917,6.2786
2165,0,0,1,0,0,0,0,420.0,90.0,1.75,14.0843,7.18834
2166,0,0,1,0,0,0,0,420.0,90.0,2.0,15.9685,7.69018
2167,0,0,1,0,0,0,0,420.0,90.0,2.25,17.3069,7.76131
2168,0,0,1,0,0,0,0,420.0,90.0,2.515,17.9796,7.37801
2169,0,0,1,0,0,0,0,420.0,100.0,0.498,2.6047,2.47524
2170,0,0,1,0,0,0,0,420.0,100.0,0.75,4.91404,3.58583
2171,0,0,1,0,0,0,0,420.0,100.0,1.0,7.4343,4.74243
2172,0,0,1,0,0,0,0,420.0,100.0,1.25,10.0843,5.9172
2173,0,0,1,0,0,0,0,420.0,100.0,1.5,12.8344,7.01731
2174,0,0,1,0,0,0,0,420.0,100.0,1.75,15.5013,7.92902
2175,0,0,1,0,0,0,0,420.0,100.0,2.0,17.6569,8.42755
2176,0,0,1,0,0,0,0,420.0,100.0,2.25,19.1816,8.50486
2177,0,0,1,0,0,0,0,420.0,100.0,2.515,20.1614,8.15504
2178,0,0,1,0,0,0,0,420.0,110.0,0.498,3.11503,3.11883
2179,0,0,1,0,0,0,0,420.0,110.0,0.75,5.67294,4.29786
2180,0,0,1,0,0,0,0,420.0,110.0,1.0,8.36949,5.4898
2181,0,0,1,0,0,0,0,420.0,110.0,1.25,11.1589,6.67021
2182,0,0,1,0,0,0,0,420.0,110.0,1.5,14.0676,7.77277
2183,0,0,1,0,0,0,0,420.0,110.0,1.75,16.7469,8.57134
2184,0,0,1,0,0,0,0,420.0,110.0,2.0,19.0736,9.01918
2185,0,0,1,0,0,0,0,420.0,110.0,2.25,20.8972,9.11459
2186,0,0,1,0,0,0,0,420.0,110.0,2.515,21.9788,8.7834
2187,0,0,1,0,0,0,0,480.0,30.0,0.498,0.220704,0.066701
2188,0,0,1,0,0,0,0,480.0,30.0,0.75,0.557313,0.160436
2189,0,0,1,0,0,0,0,480.0,30.0,1.0,1.14114,0.256859
2190,0,0,1,0,0,0,0,480.0,30.0,1.25,1.77208,0.363205
2191,0,0,1,0,0,0,0,480.0,30.0,1.5,2.29329,0.626415
2192,0,0,1,0,0,0,0,480.0,30.0,1.75,2.55255,0.87101
2193,0,0,1,0,0,0,0,480.0,30.0,2.0,2.73319,1.09806
2194,0,0,1,0,0,0,0,480.0,30.0,2.25,2.80965,1.23754
2195,0,0,1,0,0,0,0,480.0,30.0,2.515,2.71571,1.19707
2196,0,0,1,0,0,0,0,480.0,40.0,0.498,0.47307,0.235295
2197,0,0,1,0,0,0,0,480.0,40.0,0.75,1.04944,0.390096
2198,0,0,1,0,0,0,0,480.0,40.0,1.0,2.1819,0.671654
2199,0,0,1,0,0,0,0,480.0,40.0,1.25,3.17796,1.08002
2200,0,0,1,0,0,0,0,480.0,40.0,1.5,3.99669,1.55725
2201,0,0,1,0,0,0,0,480.0,40.0,1.75,4.55667,1.9378
2202,0,0,1,0,0,0,0,480.0,40.0,2.0,4.85669,2.18963
2203,0,0,1,0,0,0,0,480.0,40.0,2.25,5.04674,2.3179
2204,0,0,1,0,0,0,0,480.0,40.0,2.515,5.10194,2.2218
2205,0,0,1,0,0,0,0,480.0,50.0,0.498,0.816284,0.398106
2206,0,0,1,0,0,0,0,480.0,50.0,0.75,1.76568,0.654707
2207,0,0,1,0,0,0,0,480.0,50.0,1.0,3.31746,1.2572
2208,0,0,1,0,0,0,0,480.0,50.0,1.25,4.58323,1.97356
2209,0,0,1,0,0,0,0,480.0,50.0,1.5,5.60442,2.53026
2210,0,0,1,0,0,0,0,480.0,50.0,1.75,6.51074,3.01767
2211,0,0,1,0,0,0,0,480.0,50.0,2.0,7.11922,3.33041
2212,0,0,1,0,0,0,0,480.0,50.0,2.25,7.43293,3.4303
2213,0,0,1,0,0,0,0,480.0,50.0,2.515,7.6758,3.29201
2214,0,0,1,0,0,0,0,480.0,60.0,0.498,1.11848,0.551691
2215,0,0,1,0,0,0,0,480.0,60.0,0.75,2.46074,1.06569
2216,0,0,1,0,0,0,0,480.0,60.0,1.0,4.27013,1.9596
2217,0,0,1,0,0,0,0,480.0,60.0,1.25,5.80295,2.79221
2218,0,0,1,0,0,0,0,480.0,60.0,1.5,7.15322,3.49811
2219,0,0,1,0,0,0,0,480.0,60.0,1.75,8.45516,4.10811
2220,0,0,1,0,0,0,0,480.0,60.0,2.0,9.46852,4.51638
2221,0,0,1,0,0,0,0,480.0,60.0,2.25,10.025,4.61549
2222,0,0,1,0,0,0,0,480.0,60.0,2.515,10.2426,4.3388
2223,0,0,1,0,0,0,0,480.0,70.0,0.498,1.3849,0.806381
2224,0,0,1,0,0,0,0,480.0,70.0,0.75,3.07247,1.60459
2225,0,0,1,0,0,0,0,480.0,70.0,1.0,5.05583,2.61511
2226,0,0,1,0,0,0,0,480.0,70.0,1.25,6.95524,3.59622
2227,0,0,1,0,0,0,0,480.0,70.0,1.5,8.75215,4.49241
2228,0,0,1,0,0,0,0,480.0,70.0,1.75,10.4708,5.22038
2229,0,0,1,0,0,0,0,480.0,70.0,2.0,11.8113,5.68998
2230,0,0,1,0,0,0,0,480.0,70.0,2.25,12.597,5.7338
2231,0,0,1,0,0,0,0,480.0,70.0,2.515,12.8981,5.4089
2232,0,0,1,0,0,0,0,480.0,80.0,0.498,1.73228,1.20965
2233,0,0,1,0,0,0,0,480.0,80.0,0.75,3.62534,2.22227
2234,0,0,1,0,0,0,0,480.0,80.0,1.0,5.75435,3.28204
2235,0,0,1,0,0,0,0,480.0,80.0,1.25,8.0564,4.39499
2236,0,0,1,0,0,0,0,480.0,80.0,1.5,10.3773,5.45497
2237,0,0,1,0,0,0,0,480.0,80.0,1.75,12.3973,6.27091
2238,0,0,1,0,0,0,0,480.0,80.0,2.0,14.0114,6.75134
2239,0,0,1,0,0,0,0,480.0,80.0,2.25,15.1283,6.80832
2240,0,0,1,0,0,0,0,480.0,80.0,2.515,15.6102,6.49296
2241,0,0,1,0,0,0,0,480.0,90.0,0.498,2.113,1.79601
2242,0,0,1,0,0,0,0,480.0,90.0,0.75,4.2681,2.89049
2243,0,0,1,0,0,0,0,480.0,90.0,1.0,6.65611,4.02632
2244,0,0,1,0,0,0,0,480.0,90.0,1.25,9.21889,5.21833
2245,0,0,1,0,0,0,0,480.0,90.0,1.5,11.7981,6.32228
2246,0,0,1,0,0,0,0,480.0,90.0,1.75,14.1953,7.23421
2247,0,0,1,0,0,0,0,480.0,90.0,2.0,16.1007,7.74486
2248,0,0,1,0,0,0,0,480.0,90.0,2.25,17.5353,7.84019
2249,0,0,1,0,0,0,0,480.0,90.0,2.515,18.255,7.49077
2250,0,0,1,0,0,0,0,480.0,100.0,0.498,2.61657,2.47806
2251,0,0,1,0,0,0,0,480.0,100.0,0.75,4.99706,3.60895
2252,0,0,1,0,0,0,0,480.0,100.0,1.0,7.60098,4.80377
2253,0,0,1,0,0,0,0,480.0,100.0,1.25,10.2875,6.00532
2254,0,0,1,0,0,0,0,480.0,100.0,1.5,13.1228,7.15762
2255,0,0,1,0,0,0,0,480.0,100.0,1.75,15.8011,8.07636
2256,0,0,1,0,0,0,0,480.0,100.0,2.0,17.9655,8.57207
2257,0,0,1,0,0,0,0,480.0,100.0,2.25,19.4829,8.64133
2258,0,0,1,0,0,0,0,480.0,100.0,2.515,20.551,8.2966
2259,0,0,1,0,0,0,0,480.0,110.0,0.498,3.37514,3.23283
2260,0,0,1,0,0,0,0,480.0,110.0,0.75,5.93916,4.41464
2261,0,0,1,0,0,0,0,480.0,110.0,1.0,8.66948,5.63454
2262,0,0,1,0,0,0,0,480.0,110.0,1.25,11.4961,6.84109
2263,0,0,1,0,0,0,0,480.0,110.0,1.5,14.4971,7.97261
2264,0,0,1,0,0,0,0,480.0,110.0,1.75,17.265,8.80359
2265,0,0,1,0,0,0,0,480.0,110.0,2.0,19.5526,9.24556
2266,0,0,1,0,0,0,0,480.0,110.0,2.25,21.301,9.304
2267,0,0,1,0,0,0,0,480.0,110.0,2.515,22.4564,8.94845
2268,0,0,1,0,0,0,0,540.0,30.0,0.498,0.166666,0.0524964
2269,0,0,1,0,0,0,0,540.0,30.0,0.75,0.443332,0.137141
2270,0,0,1,0,0,0,0,540.0,30.0,1.0,0.730293,0.182799
2271,0,0,1,0,0,0,0,540.0,30.0,1.25,1.21212,0.288996
2272,0,0,1,0,0,0,0,540.0,30.0,1.5,1.69119,0.427198
2273,0,0,1,0,0,0,0,540.0,30.0,1.75,2.01597,0.660909
2274,0,0,1,0,0,0,0,540.0,30.0,2.0,2.23537,0.867566
2275,0,0,1,0,0,0,0,540.0,30.0,2.25,2.43592,1.04995
2276,0,0,1,0,0,0,0,540.0,30.0,2.515,2.58893,1.09038
2277,0,0,1,0,0,0,0,540.0,40.0,0.498,0.394778,0.223379
2278,0,0,1,0,0,0,0,540.0,40.0,0.75,0.963074,0.348062
2279,0,0,1,0,0,0,0,540.0,40.0,1.0,1.64672,0.548873
2280,0,0,1,0,0,0,0,540.0,40.0,1.25,2.58381,0.812423
2281,0,0,1,0,0,0,0,540.0,40.0,1.5,3.3772,1.29753
2282,0,0,1,0,0,0,0,540.0,40.0,1.75,4.02499,1.6943
2283,0,0,1,0,0,0,0,540.0,40.0,2.0,4.43004,1.98073
2284,0,0,1,0,0,0,0,540.0,40.0,2.25,4.7652,2.16117
2285,0,0,1,0,0,0,0,540.0,40.0,2.515,5.0588,2.14279
2286,0,0,1,0,0,0,0,540.0,50.0,0.498,0.741194,0.394339
2287,0,0,1,0,0,0,0,540.0,50.0,0.75,1.47079,0.624205
2288,0,0,1,0,0,0,0,540.0,50.0,1.0,2.89332,1.08203
2289,0,0,1,0,0,0,0,540.0,50.0,1.25,4.08388,1.74301
2290,0,0,1,0,0,0,0,540.0,50.0,1.5,5.11356,2.31085
2291,0,0,1,0,0,0,0,540.0,50.0,1.75,6.03432,2.81169
2292,0,0,1,0,0,0,0,540.0,50.0,2.0,6.75634,3.16395
2293,0,0,1,0,0,0,0,540.0,50.0,2.25,7.23358,3.3037
2294,0,0,1,0,0,0,0,540.0,50.0,2.515,7.6241,3.23448
2295,0,0,1,0,0,0,0,540.0,60.0,0.498,1.10287,0.574931
2296,0,0,1,0,0,0,0,540.0,60.0,0.75,2.20724,0.989259
2297,0,0,1,0,0,0,0,540.0,60.0,1.0,3.95414,1.8011
2298,0,0,1,0,0,0,0,540.0,60.0,1.25,5.43565,2.6155
2299,0,0,1,0,0,0,0,540.0,60.0,1.5,6.77898,3.33638
2300,0,0,1,0,0,0,0,540.0,60.0,1.75,8.07686,3.93679
2301,0,0,1,0,0,0,0,540.0,60.0,2.0,9.13435,4.35687
2302,0,0,1,0,0,0,0,540.0,60.0,2.25,9.87832,4.49459
2303,0,0,1,0,0,0,0,540.0,60.0,2.515,10.2237,4.31722
2304,0,0,1,0,0,0,0,540.0,70.0,0.498,1.34616,0.796363
2305,0,0,1,0,0,0,0,540.0,70.0,0.75,2.82653,1.5048
2306,0,0,1,0,0,0,0,540.0,70.0,1.0,4.79488,2.48292
2307,0,0,1,0,0,0,0,540.0,70.0,1.25,6.75056,3.47749
2308,0,0,1,0,0,0,0,540.0,70.0,1.5,8.50345,4.35461
2309,0,0,1,0,0,0,0,540.0,70.0,1.75,10.103,5.06378
2310,0,0,1,0,0,0,0,540.0,70.0,2.0,11.5326,5.52345
2311,0,0,1,0,0,0,0,540.0,70.0,2.25,12.4628,5.64247
2312,0,0,1,0,0,0,0,540.0,70.0,2.515,12.9405,5.3949
2313,0,0,1,0,0,0,0,540.0,80.0,0.498,1.65716,1.19909
2314,0,0,1,0,0,0,0,540.0,80.0,0.75,3.48728,2.15912
2315,0,0,1,0,0,0,0,540.0,80.0,1.0,5.74304,3.2579
2316,0,0,1,0,0,0,0,540.0,80.0,1.25,8.03024,4.34577
2317,0,0,1,0,0,0,0,540.0,80.0,1.5,10.2555,5.3688
2318,0,0,1,0,0,0,0,540.0,80.0,1.75,12.1654,6.16748
2319,0,0,1,0,0,0,0,540.0,80.0,2.0,13.7609,6.61936
2320,0,0,1,0,0,0,0,540.0,80.0,2.25,15.023,6.73482
2321,0,0,1,0,0,0,0,540.0,80.0,2.515,15.7129,6.48387
2322,0,0,1,0,0,0,0,540.0,90.0,0.498,2.15054,1.77334
2323,0,0,1,0,0,0,0,540.0,90.0,0.75,4.262,2.89008
2324,0,0,1,0,0,0,0,540.0,90.0,1.0,6.67943,4.03959
2325,0,0,1,0,0,0,0,540.0,90.0,1.25,9.26803,5.20752
2326,0,0,1,0,0,0,0,540.0,90.0,1.5,11.8467,6.32426
2327,0,0,1,0,0,0,0,540.0,90.0,1.75,14.1299,7.19864
2328,0,0,1,0,0,0,0,540.0,90.0,2.0,16.0575,7.69687
2329,0,0,1,0,0,0,0,540.0,90.0,2.25,17.4912,7.79397
2330,0,0,1,0,0,0,0,540.0,90.0,2.515,18.4063,7.50929
2331,0,0,1,0,0,0,0,540.0,100.0,0.498,2.68433,2.4926
2332,0,0,1,0,0,0,0,540.0,100.0,0.75,5.09626,3.64093
2333,0,0,1,0,0,0,0,540.0,100.0,1.0,7.69688,4.85935
2334,0,0,1,0,0,0,0,540.0,100.0,1.25,10.4738,6.08082
2335,0,0,1,0,0,0,0,540.0,100.0,1.5,13.3084,7.2048
2336,0,0,1,0,0,0,0,540.0,100.0,1.75,15.9194,8.11415
2337,0,0,1,0,0,0,0,540.0,100.0,2.0,18.0592,8.61246
2338,0,0,1,0,0,0,0,540.0,100.0,2.25,19.7068,8.7042
2339,0,0,1,0,0,0,0,540.0,100.0,2.515,20.7804,8.35523
2340,0,0,1,0,0,0,0,540.0,110.0,0.498,3.49898,3.26272
2341,0,0,1,0,0,0,0,540.0,110.0,0.75,6.08307,4.46391
2342,0,0,1,0,0,0,0,540.0,110.0,1.0,8.86874,5.73019
2343,0,0,1,0,0,0,0,540.0,110.0,1.25,11.8035,6.95903
2344,0,0,1,0,0,0,0,540.0,110.0,1.5,14.8315,8.09078
2345,0,0,1,0,0,0,0,540.0,110.0,1.75,17.5529,8.92618
2346,0,0,1,0,0,0,0,540.0,110.0,2.0,19.897,9.40381
2347,0,0,1,0,0,0,0,540.0,110.0,2.25,21.5991,9.40688
2348,0,0,1,0,0,0,0,540.0,110.0,2.515,22.9195,9.08413
2349,0,0,1,0,0,0,0,600.0,30.0,0.498,0.0728065,0.0269454
2350,0,0,1,0,0,0,0,600.0,30.0,0.75,0.318791,0.109595
2351,0,0,1,0,0,0,0,600.0,30.0,1.0,0.593609,0.152301
2352,0,0,1,0,0,0,0,600.0,30.0,1.25,0.840511,0.228187
2353,0,0,1,0,0,0,0,600.0,30.0,1.5,1.2062,0.333632
2354,0,0,1,0,0,0,0,600.0,30.0,1.75,1.45244,0.46983
2355,0,0,1,0,0,0,0,600.0,30.0,2.0,1.81673,0.663707
2356,0,0,1,0,0,0,0,600.0,30.0,2.25,2.18727,0.905287
2357,0,0,1,0,0,0,0,600.0,30.0,2.515,2.49609,0.958763
2358,0,0,1,0,0,0,0,600.0,40.0,0.498,0.317496,0.207064
2359,0,0,1,0,0,0,0,600.0,40.0,0.75,0.847379,0.320588
2360,0,0,1,0,0,0,0,600.0,40.0,1.0,1.26728,0.492005
2361,0,0,1,0,0,0,0,600.0,40.0,1.25,2.00657,0.66638
2362,0,0,1,0,0,0,0,600.0,40.0,1.5,2.78269,1.04286
2363,0,0,1,0,0,0,0,600.0,40.0,1.75,3.48299,1.45807
2364,0,0,1,0,0,0,0,600.0,40.0,2.0,4.08453,1.81097
2365,0,0,1,0,0,0,0,600.0,40.0,2.25,4.58495,2.03905
2366,0,0,1,0,0,0,0,600.0,40.0,2.515,5.03196,2.06929
2367,0,0,1,0,0,0,0,600.0,50.0,0.498,0.704162,0.401946
2368,0,0,1,0,0,0,0,600.0,50.0,0.75,1.30737,0.582375
2369,0,0,1,0,0,0,0,600.0,50.0,1.0,2.33428,0.896125
2370,0,0,1,0,0,0,0,600.0,50.0,1.25,3.56512,1.50165
2371,0,0,1,0,0,0,0,600.0,50.0,1.5,4.6625,2.09834
2372,0,0,1,0,0,0,0,600.0,50.0,1.75,5.58118,2.60137
2373,0,0,1,0,0,0,0,600.0,50.0,2.0,6.34837,2.96697
2374,0,0,1,0,0,0,0,600.0,50.0,2.25,7.05706,3.16186
2375,0,0,1,0,0,0,0,600.0,50.0,2.515,7.64248,3.16437
2376,0,0,1,0,0,0,0,600.0,60.0,0.498,1.02706,0.594872
2377,0,0,1,0,0,0,0,600.0,60.0,0.75,1.91174,0.883629
2378,0,0,1,0,0,0,0,600.0,60.0,1.0,3.50075,1.58445
2379,0,0,1,0,0,0,0,600.0,60.0,1.25,5.0317,2.42981
2380,0,0,1,0,0,0,0,600.0,60.0,1.5,6.41628,3.15287
2381,0,0,1,0,0,0,0,600.0,60.0,1.75,7.65391,3.74499
2382,0,0,1,0,0,0,0,600.0,60.0,2.0,8.73943,4.15761
2383,0,0,1,0,0,0,0,600.0,60.0,2.25,9.65942,4.32486
2384,0,0,1,0,0,0,0,600.0,60.0,2.515,10.2128,4.22876
2385,0,0,1,0,0,0,0,600.0,70.0,0.498,1.31488,0.816231
2386,0,0,1,0,0,0,0,600.0,70.0,0.75,2.60549,1.44594
2387,0,0,1,0,0,0,0,600.0,70.0,1.0,4.59382,2.39338
2388,0,0,1,0,0,0,0,600.0,70.0,1.25,6.49694,3.34276
2389,0,0,1,0,0,0,0,600.0,70.0,1.5,8.23288,4.18941
2390,0,0,1,0,0,0,0,600.0,70.0,1.75,9.7504,4.87576
2391,0,0,1,0,0,0,0,600.0,70.0,2.0,11.1413,5.31373
2392,0,0,1,0,0,0,0,600.0,70.0,2.25,12.2358,5.47448
2393,0,0,1,0,0,0,0,600.0,70.0,2.515,12.9062,5.32009
2394,0,0,1,0,0,0,0,600.0,80.0,0.498,1.67632,1.20673
2395,0,0,1,0,0,0,0,600.0,80.0,0.75,3.42721,2.15234
2396,0,0,1,0,0,0,0,600.0,80.0,1.0,5.68295,3.24088
2397,0,0,1,0,0,0,0,600.0,80.0,1.25,7.97093,4.28528
2398,0,0,1,0,0,0,0,600.0,80.0,1.5,10.0257,5.22478
2399,0,0,1,0,0,0,0,600.0,80.0,1.75,11.881,5.99286
2400,0,0,1,0,0,0,0,600.0,80.0,2.0,13.4769,6.45205
2401,0,0,1,0,0,0,0,600.0,80.0,2.25,14.7971,6.60489
2402,0,0,1,0,0,0,0,600.0,80.0,2.515,15.7171,6.42795
2403,0,0,1,0,0,0,0,600.0,90.0,0.498,2.20756,1.78192
2404,0,0,1,0,0,0,0,600.0,90.0,0.75,4.29887,2.9315
2405,0,0,1,0,0,0,0,600.0,90.0,1.0,6.78665,4.0861
2406,0,0,1,0,0,0,0,600.0,90.0,1.25,9.31062,5.19843
2407,0,0,1,0,0,0,0,600.0,90.0,1.5,11.8156,6.24585
2408,0,0,1,0,0,0,0,600.0,90.0,1.75,13.9548,7.09025
2409,0,0,1,0,0,0,0,600.0,90.0,2.0,15.8794,7.57512
2410,0,0,1,0,0,0,0,600.0,90.0,2.25,17.3739,7.69057
2411,0,0,1,0,0,0,0,600.0,90.0,2.515,18.4169,7.42533
2412,0,0,1,0,0,0,0,600.0,100.0,0.498,2.79755,2.53616
2413,0,0,1,0,0,0,0,600.0,100.0,0.75,5.17919,3.69413
2414,0,0,1,0,0,0,0,600.0,100.0,1.0,7.8233,4.91307
2415,0,0,1,0,0,0,0,600.0,100.0,1.25,10.6891,6.14154
2416,0,0,1,0,0,0,0,600.0,100.0,1.5,13.4658,7.2315
2417,0,0,1,0,0,0,0,600.0,100.0,1.75,15.9572,8.08768
2418,0,0,1,0,0,0,0,600.0,100.0,2.0,18.0591,8.57203
2419,0,0,1,0,0,0,0,600.0,100.0,2.25,19.7476,8.66198
2420,0,0,1,0,0,0,0,600.0,100.0,2.515,20.9442,8.33298
2421,0,0,1,0,0,0,0,600.0,110.0,0.498,3.54805,3.2798
2422,0,0,1,0,0,0,0,600.0,110.0,0.75,6.2793,4.54528
2423,0,0,1,0,0,0,0,600.0,110.0,1.0,9.12324,5.81928
2424,0,0,1,0,0,0,0,600.0,110.0,1.25,12.1358,7.05243
2425,0,0,1,0,0,0,0,600.0,110.0,1.5,15.096,8.165
2426,0,0,1,0,0,0,0,600.0,110.0,1.75,17.8187,8.99282
2427,0,0,1,0,0,0,0,600.0,110.0,2.0,20.0988,9.45884
2428,0,0,1,0,0,0,0,600.0,110.0,2.25,21.8733,9.48072
2429,0,0,1,0,0,0,0,600.0,110.0,2.515,23.1985,9.15053
2430,0,0,0,1,0,0,0,60.0,30.0,0.498,0,0
2431,0,0,0,1,0,0,0,60.0,30.0,0.75,0,0
2432,0,0,0,1,0,0,0,60.0,30.0,1.0,0,0
2433,0,0,0,1,0,0,0,60.0,30.0,1.25,0,0
2434,0,0,0,1,0,0,0,60.0,30.0,1.5,0,0
2435,0,0,0,1,0,0,0,60.0,30.0,1.75,0,0
2436,0,0,0,1,0,0,0,60.0,30.0,2.0,0,0
2437,0,0,0,1,0,0,0,60.0,30.0,2.25,0,0
2438,0,0,0,1,0,0,0,60.0,30.0,2.515,0,0
2439,0,0,0,1,0,0,0,60.0,40.0,0.498,0,0
2440,0,0,0,1,0,0,0,60.0,40.0,0.75,0.0477222,0
2441,0,0,0,1,0,0,0,60.0,40.0,1.0,0.0900062,0
2442,0,0,0,1,0,0,0,60.0,40.0,1.25,0.0702447,0
2443,0,0,0,1,0,0,0,60.0,40.0,1.5,0.0117297,0.0157431
2444,0,0,0,1,0,0,0,60.0,40.0,1.75,0,0.0166335
2445,0,0,0,1,0,0,0,60.0,40.0,2.0,0,0
2446,0,0,0,1,0,0,0,60.0,40.0,2.25,0,0
2447,0,0,0,1,0,0,0,60.0,40.0,2.515,0,0
2448,0,0,0,1,0,0,0,60.0,50.0,0.498,0,0
2449,0,0,0,1,0,0,0,60.0,50.0,0.75,0.112565,0
2450,0,0,0,1,0,0,0,60.0,50.0,1.0,0.26613,0.0287225
2451,0,0,0,1,0,0,0,60.0,50.0,1.25,0.259023,0.125806
2452,0,0,0,1,0,0,0,60.0,50.0,1.5,0.215212,0.174122
2453,0,0,0,1,0,0,0,60.0,50.0,1.75,0.0529875,0.142622
2454,0,0,0,1,0,0,0,60.0,50.0,2.0,0,0.0594373
2455,0,0,0,1,0,0,0,60.0,50.0,2.25,0,0
2456,0,0,0,1,0,0,0,60.0,50.0,2.515,0,0
2457,0,0,0,1,0,0,0,60.0,60.0,0.498,0,0
2458,0,0,0,1,0,0,0,60.0,60.0,0.75,0.148764,0
2459,0,0,0,1,0,0,0,60.0,60.0,1.0,0.399855,0.132879
2460,0,0,0,1,0,0,0,60.0,60.0,1.25,0.480933,0.253507
2461,0,0,0,1,0,0,0,60.0,60.0,1.5,0.492338,0.300371
2462,0,0,0,1,0,0,0,60.0,60.0,1.75,0.397172,0.283522
2463,0,0,0,1,0,0,0,60.0,60.0,2.0,0.0889388,0.187653
2464,0,0,0,1,0,0,0,60.0,60.0,2.25,0,0.0153049
2465,0,0,0,1,0,0,0,60.0,60.0,2.515,0,0
2466,0,0,0,1,0,0,0,60.0,70.0,0.498,0,0
2467,0,0,0,1,0,0,0,60.0,70.0,0.75,0.15472,0.0141233
2468,0,0,0,1,0,0,0,60.0,70.0,1.0,0.40476,0.185102
2469,0,0,0,1,0,0,0,60.0,70.0,1.25,0.626446,0.348353
2470,0,0,0,1,0,0,0,60.0,70.0,1.5,0.760561,0.392805
2471,0,0,0,1,0,0,0,60.0,70.0,1.75,0.751057,0.383405
2472,0,0,0,1,0,0,0,60.0,70.0,2.0,0.384482,0.258544
2473,0,0,0,1,0,0,0,60.0,70.0,2.25,0.0744671,0.0603573
2474,0,0,0,1,0,0,0,60.0,70.0,2.515,0.0254778,0
2475,0,0,0,1,0,0,0,60.0,80.0,0.498,0,0
2476,0,0,0,1,0,0,0,60.0,80.0,0.75,0.126365,0.0576849
2477,0,0,0,1,0,0,0,60.0,80.0,1.0,0.337282,0.225298
2478,0,0,0,1,0,0,0,60.0,80.0,1.25,0.650782,0.444457
2479,0,0,0,1,0,0,0,60.0,80.0,1.5,0.869655,0.534271
2480,0,0,0,1,0,0,0,60.0,80.0,1.75,1.04266,0.502128
2481,0,0,0,1,0,0,0,60.0,80.0,2.0,0.967687,0.370927
2482,0,0,0,1,0,0,0,60.0,80.0,2.25,0.599032,0.105768
2483,0,0,0,1,0,0,0,60.0,80.0,2.515,0.470936,0
2484,0,0,0,1,0,0,0,60.0,90.0,0.498,0,0
2485,0,0,0,1,0,0,0,60.0,90.0,0.75,0.0720708,0.0601393
2486,0,0,0,1,0,0,0,60.0,90.0,1.0,0.21991,0.276439
2487,0,0,0,1,0,0,0,60.0,90.0,1.25,0.575773,0.515954
2488,0,0,0,1,0,0,0,60.0,90.0,1.5,0.970057,0.66625
2489,0,0,0,1,0,0,0,60.0,90.0,1.75,1.27078,0.651972
2490,0,0,0,1,0,0,0,60.0,90.0,2.0,1.48112,0.514179
2491,0,0,0,1,0,0,0,60.0,90.0,2.25,1.33765,0.257939
2492,0,0,0,1,0,0,0,60.0,90.0,2.515,1.17947,0.0413248
2493,0,0,0,1,0,0,0,60.0,100.0,0.498,0,0
2494,0,0,0,1,0,0,0,60.0,100.0,0.75,0,0.0452081
2495,0,0,0,1,0,0,0,60.0,100.0,1.0,0.0745589,0.348308
2496,0,0,0,1,0,0,0,60.0,100.0,1.25,0.479745,0.627009
2497,0,0,0,1,0,0,0,60.0,100.0,1.5,1.07371,0.811016
2498,0,0,0,1,0,0,0,60.0,100.0,1.75,1.54506,0.812397
2499,0,0,0,1,0,0,0,60.0,100.0,2.0,1.80235,0.631697
2500,0,0,0,1,0,0,0,60.0,100.0,2.25,1.97813,0.360404
2501,0,0,0,1,0,0,0,60.0,100.0,2.515,1.8763,0.170535
2502,0,0,0,1,0,0,0,60.0,110.0,0.498,0,0
2503,0,0,0,1,0,0,0,60.0,110.0,0.75,0,0.121245
2504,0,0,0,1,0,0,0,60.0,110.0,1.0,0,0.435521
2505,0,0,0,1,0,0,0,60.0,110.0,1.25,0.440745,0.756225
2506,0,0,0,1,0,0,0,60.0,110.0,1.5,1.15827,0.940964
2507,0,0,0,1,0,0,0,60.0,110.0,1.75,1.79228,0.940045
2508,0,0,0,1,0,0,0,60.0,110.0,2.0,2.18436,0.768067
2509,0,0,0,1,0,0,0,60.0,110.0,2.25,2.45487,0.486095
2510,0,0,0,1,0,0,0,60.0,110.0,2.515,2.56913,0.282081
2511,0,0,0,1,0,0,0,120.0,30.0,0.498,0,0
2512,0,0,0,1,0,0,0,120.0,30.0,0.75,0,0
2513,0,0,0,1,0,0,0,120.0,30.0,1.0,0.0278224,0
2514,0,0,0,1,0,0,0,120.0,30.0,1.25,0.0437167,0
2515,0,0,0,1,0,0,0,120.0,30.0,1.5,0,0
2516,0,0,0,1,0,0,0,120.0,30.0,1.75,0,0
2517,0,0,0,1,0,0,0,120.0,30.0,2.0,0,0
2518,0,0,0,1,0,0,0,120.0,30.0,2.25,0,0
2519,0,0,0,1,0,0,0,120.0,30.0,2.515,0,0
2520,0,0,0,1,0,0,0,120.0,40.0,0.498,0,0
2521,0,0,0,1,0,0,0,120.0,40.0,0.75,0.126798,0
2522,0,0,0,1,0,0,0,120.0,40.0,1.0,0.246819,0.00269802
2523,0,0,0,1,0,0,0,120.0,40.0,1.25,0.261517,0.0975853
2524,0,0,0,1,0,0,0,120.0,40.0,1.5,0.139185,0.148387
2525,0,0,0,1,0,0,0,120.0,40.0,1.75,0.0538289,0.118133
2526,0,0,0,1,0,0,0,120.0,40.0,2.0,0.00312287,0.064147
2527,0,0,0,1,0,0,0,120.0,40.0,2.25,0,0
2528,0,0,0,1,0,0,0,120.0,40.0,2.515,0,0
2529,0,0,0,1,0,0,0,120.0,50.0,0.498,0.0312648,0
2530,0,0,0,1,0,0,0,120.0,50.0,0.75,0.335426,0
2531,0,0,0,1,0,0,0,120.0,50.0,1.0,0.542173,0.185094
2532,0,0,0,1,0,0,0,120.0,50.0,1.25,0.661687,0.295154
2533,0,0,0,1,0,0,0,120.0,50.0,1.5,0.622828,0.340858
2534,0,0,0,1,0,0,0,120.0,50.0,1.75,0.438109,0.316095
2535,0,0,0,1,0,0,0,120.0,50.0,2.0,0.133048,0.209021
2536,0,0,0,1,0,0,0,120.0,50.0,2.25,0.042943,0.0793575
2537,0,0,0,1,0,0,0,120.0,50.0,2.515,0,0
2538,0,0,0,1,0,0,0,120.0,60.0,0.498,0.062518,0
2539,0,0,0,1,0,0,0,120.0,60.0,0.75,0.379767,0.070664
2540,0,0,0,1,0,0,0,120.0,60.0,1.0,0.780775,0.344948
2541,0,0,0,1,0,0,0,120.0,60.0,1.25,1.1113,0.509117
2542,0,0,0,1,0,0,0,120.0,60.0,1.5,1.26311,0.560183
2543,0,0,0,1,0,0,0,120.0,60.0,1.75,1.03234,0.524554
2544,0,0,0,1,0,0,0,120.0,60.0,2.0,0.522103,0.405533
2545,0,0,0,1,0,0,0,120.0,60.0,2.25,0.119642,0.194658
2546,0,0,0,1,0,0,0,120.0,60.0,2.515,0,0.00763523
2547,0,0,0,1,0,0,0,120.0,70.0,0.498,0.0454717,0
2548,0,0,0,1,0,0,0,120.0,70.0,0.75,0.290014,0.117423
2549,0,0,0,1,0,0,0,120.0,70.0,1.0,0.843203,0.449205
2550,0,0,0,1,0,0,0,120.0,70.0,1.25,1.37775,0.716603
2551,0,0,0,1,0,0,0,120.0,70.0,1.5,1.65197,0.869987
2552,0,0,0,1,0,0,0,120.0,70.0,1.75,1.6569,0.80651
2553,0,0,0,1,0,0,0,120.0,70.0,2.0,1.34388,0.586766
2554,0,0,0,1,0,0,0,120.0,70.0,2.25,0.815485,0.309152
2555,0,0,0,1,0,0,0,120.0,70.0,2.515,0.277809,0.0306354
2556,0,0,0,1,0,0,0,120.0,80.0,0.498,0.0109138,0
2557,0,0,0,1,0,0,0,120.0,80.0,0.75,0.292751,0.20996
2558,0,0,0,1,0,0,0,120.0,80.0,1.0,0.84835,0.556511
2559,0,0,0,1,0,0,0,120.0,80.0,1.25,1.3915,0.909572
2560,0,0,0,1,0,0,0,120.0,80.0,1.5,1.86401,1.10284
2561,0,0,0,1,0,0,0,120.0,80.0,1.75,2.07801,1.10212
2562,0,0,0,1,0,0,0,120.0,80.0,2.0,2.02445,0.892812
2563,0,0,0,1,0,0,0,120.0,80.0,2.25,1.66143,0.515309
2564,0,0,0,1,0,0,0,120.0,80.0,2.515,1.20066,0.0607014
2565,0,0,0,1,0,0,0,120.0,90.0,0.498,0,0
2566,0,0,0,1,0,0,0,120.0,90.0,0.75,0.25474,0.283198
2567,0,0,0,1,0,0,0,120.0,90.0,1.0,0.787397,0.737827
2568,0,0,0,1,0,0,0,120.0,90.0,1.25,1.39717,1.08316
2569,0,0,0,1,0,0,0,120.0,90.0,1.5,1.99649,1.29293
2570,0,0,0,1,0,0,0,120.0,90.0,1.75,2.38219,1.30951
2571,0,0,0,1,0,0,0,120.0,90.0,2.0,2.59889,1.14575
2572,0,0,0,1,0,0,0,120.0,90.0,2.25,2.49637,0.74927
2573,0,0,0,1,0,0,0,120.0,90.0,2.515,2.04582,0.200781
2574,0,0,0,1,0,0,0,120.0,100.0,0.498,0,0.0128991
2575,0,0,0,1,0,0,0,120.0,100.0,0.75,0.142893,0.409375
2576,0,0,0,1,0,0,0,120.0,100.0,1.0,0.645999,0.886918
2577,0,0,0,1,0,0,0,120.0,100.0,1.25,1.34504,1.23883
2578,0,0,0,1,0,0,0,120.0,100.0,1.5,2.08982,1.44002
2579,0,0,0,1,0,0,0,120.0,100.0,1.75,2.65206,1.48214
2580,0,0,0,1,0,0,0,120.0,100.0,2.0,3.04088,1.31304
2581,0,0,0,1,0,0,0,120.0,100.0,2.25,3.16638,0.973713
2582,0,0,0,1,0,0,0,120.0,100.0,2.515,2.9431,0.377064
2583,0,0,0,1,0,0,0,120.0,110.0,0.498,0,0.0930249
2584,0,0,0,1,0,0,0,120.0,110.0,0.75,0.0245021,0.555511
2585,0,0,0,1,0,0,0,120.0,110.0,1.0,0.452093,1.02874
2586,0,0,0,1,0,0,0,120.0,110.0,1.25,1.279,1.37561
2587,0,0,0,1,0,0,0,120.0,110.0,1.5,2.16118,1.58185
2588,0,0,0,1,0,0,0,120.0,110.0,1.75,2.90697,1.60582
2589,0,0,0,1,0,0,0,120.0,110.0,2.0,3.37503,1.43394
2590,0,0,0,1,0,0,0,120.0,110.0,2.25,3.60292,1.09292
2591,0,0,0,1,0,0,0,120.0,110.0,2.515,3.7275,0.546814
2592,0,0,0,1,0,0,0,180.0,30.0,0.498,0,0
2593,0,0,0,1,0,0,0,180.0,30.0,0.75,0,0
2594,0,0,0,1,0,0,0,180.0,30.0,1.0,0.088701,0
2595,0,0,0,1,0,0,0,180.0,30.0,1.25,0.11487,0
2596,0,0,0,1,0,0,0,180.0,30.0,1.5,0.0549188,0.00497343
2597,0,0,0,1,0,0,0,180.0,30.0,1.75,0,0.00883819
2598,0,0,0,1,0,0,0,180.0,30.0,2.0,0,0
2599,0,0,0,1,0,0,0,180.0,30.0,2.25,0,0
2600,0,0,0,1,0,0,0,180.0,30.0,2.515,0,0
2601,0,0,0,1,0,0,0,180.0,40.0,0.498,0.00214701,0
2602,0,0,0,1,0,0,0,180.0,40.0,0.75,0.269201,0
2603,0,0,0,1,0,0,0,180.0,40.0,1.0,0.440409,0.0888105
2604,0,0,0,1,0,0,0,180.0,40.0,1.25,0.519953,0.207708
2605,0,0,0,1,0,0,0,180.0,40.0,1.5,0.470978,0.245265
2606,0,0,0,1,0,0,0,180.0,40.0,1.75,0.280198,0.208496
2607,0,0,0,1,0,0,0,180.0,40.0,2.0,0.115334,0.11413
2608,0,0,0,1,0,0,0,180.0,40.0,2.25,0,0.0434529
2609,0,0,0,1,0,0,0,180.0,40.0,2.515,0,0
2610,0,0,0,1,0,0,0,180.0,50.0,0.498,0.113333,0
2611,0,0,0,1,0,0,0,180.0,50.0,0.75,0.521506,0.0759444
2612,0,0,0,1,0,0,0,180.0,50.0,1.0,0.891324,0.323937
2613,0,0,0,1,0,0,0,180.0,50.0,1.25,1.08169,0.502378
2614,0,0,0,1,0,0,0,180.0,50.0,1.5,1.18794,0.534498
2615,0,0,0,1,0,0,0,180.0,50.0,1.75,0.893833,0.517149
2616,0,0,0,1,0,0,0,180.0,50.0,2.0,0.452974,0.37224
2617,0,0,0,1,0,0,0,180.0,50.0,2.25,0.210849,0.167262
2618,0,0,0,1,0,0,0,180.0,50.0,2.515,0,0.0148116
2619,0,0,0,1,0,0,0,180.0,60.0,0.498,0.135884,0
2620,0,0,0,1,0,0,0,180.0,60.0,0.75,0.679534,0.205178
2621,0,0,0,1,0,0,0,180.0,60.0,1.0,1.18864,0.562166
2622,0,0,0,1,0,0,0,180.0,60.0,1.25,1.68952,0.779565
2623,0,0,0,1,0,0,0,180.0,60.0,1.5,1.99153,0.972474
2624,0,0,0,1,0,0,0,180.0,60.0,1.75,1.83063,0.888657
2625,0,0,0,1,0,0,0,180.0,60.0,2.0,1.29938,0.674024
2626,0,0,0,1,0,0,0,180.0,60.0,2.25,0.688491,0.423534
2627,0,0,0,1,0,0,0,180.0,60.0,2.515,0.193133,0.0839914
2628,0,0,0,1,0,0,0,180.0,70.0,0.498,0.0945069,0.0131055
2629,0,0,0,1,0,0,0,180.0,70.0,0.75,0.655167,0.340045
2630,0,0,0,1,0,0,0,180.0,70.0,1.0,1.33402,0.706712
2631,0,0,0,1,0,0,0,180.0,70.0,1.25,2.02733,1.11011
2632,0,0,0,1,0,0,0,180.0,70.0,1.5,2.42075,1.32491
2633,0,0,0,1,0,0,0,180.0,70.0,1.75,2.47321,1.30001
2634,0,0,0,1,0,0,0,180.0,70.0,2.0,2.26872,1.0848
2635,0,0,0,1,0,0,0,180.0,70.0,2.25,1.8262,0.715359
2636,0,0,0,1,0,0,0,180.0,70.0,2.515,1.11687,0.195112
2637,0,0,0,1,0,0,0,180.0,80.0,0.498,0.0500793,0.0692197
2638,0,0,0,1,0,0,0,180.0,80.0,0.75,0.577943,0.434161
2639,0,0,0,1,0,0,0,180.0,80.0,1.0,1.41376,0.959419
2640,0,0,0,1,0,0,0,180.0,80.0,1.25,2.18771,1.3943
2641,0,0,0,1,0,0,0,180.0,80.0,1.5,2.73377,1.63085
2642,0,0,0,1,0,0,0,180.0,80.0,1.75,3.00636,1.66
2643,0,0,0,1,0,0,0,180.0,80.0,2.0,3.02761,1.46063
2644,0,0,0,1,0,0,0,180.0,80.0,2.25,2.73213,1.04337
2645,0,0,0,1,0,0,0,180.0,80.0,2.515,2.22426,0.463849
2646,0,0,0,1,0,0,0,180.0,90.0,0.498,0,0.113599
2647,0,0,0,1,0,0,0,180.0,90.0,0.75,0.514093,0.5643
2648,0,0,0,1,0,0,0,180.0,90.0,1.0,1.34737,1.19352
2649,0,0,0,1,0,0,0,180.0,90.0,1.25,2.22865,1.6283
2650,0,0,0,1,0,0,0,180.0,90.0,1.5,2.92843,1.87732
2651,0,0,0,1,0,0,0,180.0,90.0,1.75,3.39501,1.92683
2652,0,0,0,1,0,0,0,180.0,90.0,2.0,3.64623,1.75567
2653,0,0,0,1,0,0,0,180.0,90.0,2.25,3.54794,1.33869
2654,0,0,0,1,0,0,0,180.0,90.0,2.515,3.14125,0.69266
2655,0,0,0,1,0,0,0,180.0,100.0,0.498,0,0.170319
2656,0,0,0,1,0,0,0,180.0,100.0,0.75,0.42866,0.818154
2657,0,0,0,1,0,0,0,180.0,100.0,1.0,1.26104,1.42689
2658,0,0,0,1,0,0,0,180.0,100.0,1.25,2.22046,1.81357
2659,0,0,0,1,0,0,0,180.0,100.0,1.5,3.10554,2.06464
2660,0,0,0,1,0,0,0,180.0,100.0,1.75,3.65004,2.0952
2661,0,0,0,1,0,0,0,180.0,100.0,2.0,4.09818,1.94699
2662,0,0,0,1,0,0,0,180.0,100.0,2.25,4.16463,1.54433
2663,0,0,0,1,0,0,0,180.0,100.0,2.515,3.98197,0.931495
2664,0,0,0,1,0,0,0,180.0,110.0,0.498,0,0.349935
2665,0,0,0,1,0,0,0,180.0,110.0,0.75,0.281777,1.02099
2666,0,0,0,1,0,0,0,180.0,110.0,1.0,1.07008,1.58768
2667,0,0,0,1,0,0,0,180.0,110.0,1.25,2.2131,1.98004
2668,0,0,0,1,0,0,0,180.0,110.0,1.5,3.20098,2.22168
2669,0,0,0,1,0,0,0,180.0,110.0,1.75,3.98131,2.26183
2670,0,0,0,1,0,0,0,180.0,110.0,2.0,4.46586,2.08299
2671,0,0,0,1,0,0,0,180.0,110.0,2.25,4.70538,1.71302
2672,0,0,0,1,0,0,0,180.0,110.0,2.515,4.83759,1.1104
2673,0,0,0,1,0,0,0,240.0,30.0,0.498,0,0
2674,0,0,0,1,0,0,0,240.0,30.0,0.75,0.0305385,0
2675,0,0,0,1,0,0,0,240.0,30.0,1.0,0.134559,0
2676,0,0,0,1,0,0,0,240.0,30.0,1.25,0.148022,0.00679065
2677,0,0,0,1,0,0,0,240.0,30.0,1.5,0.113718,0.0326722
2678,0,0,0,1,0,0,0,240.0,30.0,1.75,0,0.0282601
2679,0,0,0,1,0,0,0,240.0,30.0,2.0,0,0
2680,0,0,0,1,0,0,0,240.0,30.0,2.25,0,0
2681,0,0,0,1,0,0,0,240.0,30.0,2.515,0,0
2682,0,0,0,1,0,0,0,240.0,40.0,0.498,0.0701275,0
2683,0,0,0,1,0,0,0,240.0,40.0,0.75,0.390334,0
2684,0,0,0,1,0,0,0,240.0,40.0,1.0,0.555808,0.154222
2685,0,0,0,1,0,0,0,240.0,40.0,1.25,0.776101,0.322964
2686,0,0,0,1,0,0,0,240.0,40.0,1.5,0.728055,0.338305
2687,0,0,0,1,0,0,0,240.0,40.0,1.75,0.477858,0.25466
2688,0,0,0,1,0,0,0,240.0,40.0,2.0,0.189354,0.163818
2689,0,0,0,1,0,0,0,240.0,40.0,2.25,0.0603429,0.0690148
2690,0,0,0,1,0,0,0,240.0,40.0,2.515,0,0
2691,0,0,0,1,0,0,0,240.0,50.0,0.498,0.206529,0
2692,0,0,0,1,0,0,0,240.0,50.0,0.75,0.678724,0.144381
2693,0,0,0,1,0,0,0,240.0,50.0,1.0,1.12708,0.457802
2694,0,0,0,1,0,0,0,240.0,50.0,1.25,1.38468,0.670857
2695,0,0,0,1,0,0,0,240.0,50.0,1.5,1.69764,0.781212
2696,0,0,0,1,0,0,0,240.0,50.0,1.75,1.50247,0.749308
2697,0,0,0,1,0,0,0,240.0,50.0,2.0,0.90087,0.558415
2698,0,0,0,1,0,0,0,240.0,50.0,2.25,0.303986,0.332623
2699,0,0,0,1,0,0,0,240.0,50.0,2.515,0.112569,0.0539654
2700,0,0,0,1,0,0,0,240.0,60.0,0.498,0.216631,0.0196783
2701,0,0,0,1,0,0,0,240.0,60.0,0.75,0.961324,0.359395
2702,0,0,0,1,0,0,0,240.0,60.0,1.0,1.52461,0.735818
2703,0,0,0,1,0,0,0,240.0,60.0,1.25,2.10383,1.04189
2704,0,0,0,1,0,0,0,240.0,60.0,1.5,2.52459,1.30884
2705,0,0,0,1,0,0,0,240.0,60.0,1.75,2.5067,1.31606
2706,0,0,0,1,0,0,0,240.0,60.0,2.0,2.08781,1.07866
2707,0,0,0,1,0,0,0,240.0,60.0,2.25,1.46597,0.705464
2708,0,0,0,1,0,0,0,240.0,60.0,2.515,0.813515,0.265497
2709,0,0,0,1,0,0,0,240.0,70.0,0.498,0.134133,0.0738871
2710,0,0,0,1,0,0,0,240.0,70.0,0.75,0.948719,0.510827
2711,0,0,0,1,0,0,0,240.0,70.0,1.0,1.80616,0.989159
2712,0,0,0,1,0,0,0,240.0,70.0,1.25,2.59413,1.48542
2713,0,0,0,1,0,0,0,240.0,70.0,1.5,3.04494,1.73515
2714,0,0,0,1,0,0,0,240.0,70.0,1.75,3.14965,1.76416
2715,0,0,0,1,0,0,0,240.0,70.0,2.0,3.09315,1.58447
2716,0,0,0,1,0,0,0,240.0,70.0,2.25,2.77071,1.17402
2717,0,0,0,1,0,0,0,240.0,70.0,2.515,2.12503,0.578814
2718,0,0,0,1,0,0,0,240.0,80.0,0.498,0.0827487,0.15503
2719,0,0,0,1,0,0,0,240.0,80.0,0.75,0.872728,0.6376
2720,0,0,0,1,0,0,0,240.0,80.0,1.0,1.91703,1.30782
2721,0,0,0,1,0,0,0,240.0,80.0,1.25,2.86834,1.84205
2722,0,0,0,1,0,0,0,240.0,80.0,1.5,3.41966,2.09706
2723,0,0,0,1,0,0,0,240.0,80.0,1.75,3.76903,2.14878
2724,0,0,0,1,0,0,0,240.0,80.0,2.0,3.89867,1.98512
2725,0,0,0,1,0,0,0,240.0,80.0,2.25,3.76856,1.59531
2726,0,0,0,1,0,0,0,240.0,80.0,2.515,3.23215,0.916308
2727,0,0,0,1,0,0,0,240.0,90.0,0.498,0.00890647,0.247485
2728,0,0,0,1,0,0,0,240.0,90.0,0.75,0.834218,0.897304
2729,0,0,0,1,0,0,0,240.0,90.0,1.0,1.95028,1.61263
2730,0,0,0,1,0,0,0,240.0,90.0,1.25,2.98922,2.12134
2731,0,0,0,1,0,0,0,240.0,90.0,1.5,3.75676,2.40509
2732,0,0,0,1,0,0,0,240.0,90.0,1.75,4.25844,2.45661
2733,0,0,0,1,0,0,0,240.0,90.0,2.0,4.51939,2.29684
2734,0,0,0,1,0,0,0,240.0,90.0,2.25,4.44654,1.88667
2735,0,0,0,1,0,0,0,240.0,90.0,2.515,4.1445,1.2434
2736,0,0,0,1,0,0,0,240.0,100.0,0.498,0.00642983,0.382316
2737,0,0,0,1,0,0,0,240.0,100.0,0.75,0.689893,1.15926
2738,0,0,0,1,0,0,0,240.0,100.0,1.0,1.8621,1.86124
2739,0,0,0,1,0,0,0,240.0,100.0,1.25,3.0263,2.34491
2740,0,0,0,1,0,0,0,240.0,100.0,1.5,3.96736,2.63222
2741,0,0,0,1,0,0,0,240.0,100.0,1.75,4.61846,2.68679
2742,0,0,0,1,0,0,0,240.0,100.0,2.0,5.04247,2.53178
2743,0,0,0,1,0,0,0,240.0,100.0,2.25,5.05542,2.11092
2744,0,0,0,1,0,0,0,240.0,100.0,2.515,5.00768,1.48411
2745,0,0,0,1,0,0,0,240.0,110.0,0.498,0,0.613567
2746,0,0,0,1,0,0,0,240.0,110.0,0.75,0.587744,1.42057
2747,0,0,0,1,0,0,0,240.0,110.0,1.0,1.77033,2.0831
2748,0,0,0,1,0,0,0,240.0,110.0,1.25,3.03045,2.54735
2749,0,0,0,1,0,0,0,240.0,110.0,1.5,4.15162,2.8205
2750,0,0,0,1,0,0,0,240.0,110.0,1.75,5.03781,2.89823
2751,0,0,0,1,0,0,0,240.0,110.0,2.0,5.58579,2.73741
2752,0,0,0,1,0,0,0,240.0,110.0,2.25,5.83223,2.3215
2753,0,0,0,1,0,0,0,240.0,110.0,2.515,6.04368,1.70472
2754,0,0,0,1,0,0,0,300.0,30.0,0.498,0,0
2755,0,0,0,1,0,0,0,300.0,30.0,0.75,0.0776856,0
2756,0,0,0,1,0,0,0,300.0,30.0,1.0,0.182678,0
2757,0,0,0,1,0,0,0,300.0,30.0,1.25,0.178402,0.0242202
2758,0,0,0,1,0,0,0,300.0,30.0,1.5,0.127075,0.0484282
2759,0,0,0,1,0,0,0,300.0,30.0,1.75,0.0164892,0.0407039
2760,0,0,0,1,0,0,0,300.0,30.0,2.0,0,0.00381576
2761,0,0,0,1,0,0,0,300.0,30.0,2.25,0,0
2762,0,0,0,1,0,0,0,300.0,30.0,2.515,0,0
2763,0,0,0,1,0,0,0,300.0,40.0,0.498,0.101745,0
2764,0,0,0,1,0,0,0,300.0,40.0,0.75,0.468981,0.000420837
2765,0,0,0,1,0,0,0,300.0,40.0,1.0,0.666309,0.188747
2766,0,0,0,1,0,0,0,300.0,40.0,1.25,0.892833,0.36752
2767,0,0,0,1,0,0,0,300.0,40.0,1.5,0.911338,0.402728
2768,0,0,0,1,0,0,0,300.0,40.0,1.75,0.669782,0.299856
2769,0,0,0,1,0,0,0,300.0,40.0,2.0,0.235241,0.215236
2770,0,0,0,1,0,0,0,300.0,40.0,2.25,0.110044,0.0833361
2771,0,0,0,1,0,0,0,300.0,40.0,2.515,0,0
2772,0,0,0,1,0,0,0,300.0,50.0,0.498,0.251232,0
2773,0,0,0,1,0,0,0,300.0,50.0,0.75,0.801099,0.2004
2774,0,0,0,1,0,0,0,300.0,50.0,1.0,1.26297,0.541132
2775,0,0,0,1,0,0,0,300.0,50.0,1.25,1.58747,0.781193
2776,0,0,0,1,0,0,0,300.0,50.0,1.5,1.99216,0.939365
2777,0,0,0,1,0,0,0,300.0,50.0,1.75,1.97088,1.00305
2778,0,0,0,1,0,0,0,300.0,50.0,2.0,1.44127,0.807615
2779,0,0,0,1,0,0,0,300.0,50.0,2.25,0.676943,0.494585
2780,0,0,0,1,0,0,0,300.0,50.0,2.515,0.21903,0.128865
2781,0,0,0,1,0,0,0,300.0,60.0,0.498,0.274256,0.061442
2782,0,0,0,1,0,0,0,300.0,60.0,0.75,1.11477,0.451548
2783,0,0,0,1,0,0,0,300.0,60.0,1.0,1.74251,0.860187
2784,0,0,0,1,0,0,0,300.0,60.0,1.25,2.43579,1.29087
2785,0,0,0,1,0,0,0,300.0,60.0,1.5,2.94294,1.60555
2786,0,0,0,1,0,0,0,300.0,60.0,1.75,3.07373,1.67424
2787,0,0,0,1,0,0,0,300.0,60.0,2.0,2.75859,1.44728
2788,0,0,0,1,0,0,0,300.0,60.0,2.25,2.2693,1.05375
2789,0,0,0,1,0,0,0,300.0,60.0,2.515,1.56768,0.519492
2790,0,0,0,1,0,0,0,300.0,70.0,0.498,0.224161,0.137304
2791,0,0,0,1,0,0,0,300.0,70.0,0.75,1.17148,0.647145
2792,0,0,0,1,0,0,0,300.0,70.0,1.0,2.11203,1.23093
2793,0,0,0,1,0,0,0,300.0,70.0,1.25,3.08045,1.82758
2794,0,0,0,1,0,0,0,300.0,70.0,1.5,3.55194,2.11155
2795,0,0,0,1,0,0,0,300.0,70.0,1.75,3.80718,2.1878
2796,0,0,0,1,0,0,0,300.0,70.0,2.0,3.79024,1.99738
2797,0,0,0,1,0,0,0,300.0,70.0,2.25,3.71674,1.65316
2798,0,0,0,1,0,0,0,300.0,70.0,2.515,3.00546,0.93301
2799,0,0,0,1,0,0,0,300.0,80.0,0.498,0.170201,0.279119
2800,0,0,0,1,0,0,0,300.0,80.0,0.75,1.15774,0.85369
2801,0,0,0,1,0,0,0,300.0,80.0,1.0,2.35331,1.63805
2802,0,0,0,1,0,0,0,300.0,80.0,1.25,3.48507,2.2386
2803,0,0,0,1,0,0,0,300.0,80.0,1.5,4.08314,2.55071
2804,0,0,0,1,0,0,0,300.0,80.0,1.75,4.45806,2.61293
2805,0,0,0,1,0,0,0,300.0,80.0,2.0,4.72378,2.4955
2806,0,0,0,1,0,0,0,300.0,80.0,2.25,4.66912,2.09573
2807,0,0,0,1,0,0,0,300.0,80.0,2.515,4.21771,1.41911
2808,0,0,0,1,0,0,0,300.0,90.0,0.498,0.126751,0.405774
2809,0,0,0,1,0,0,0,300.0,90.0,0.75,1.12771,1.18385
2810,0,0,0,1,0,0,0,300.0,90.0,1.0,2.39874,1.95473
2811,0,0,0,1,0,0,0,300.0,90.0,1.25,3.60222,2.53961
2812,0,0,0,1,0,0,0,300.0,90.0,1.5,4.49728,2.89588
2813,0,0,0,1,0,0,0,300.0,90.0,1.75,5.02041,2.94603
2814,0,0,0,1,0,0,0,300.0,90.0,2.0,5.35439,2.80501
2815,0,0,0,1,0,0,0,300.0,90.0,2.25,5.35828,2.42327
2816,0,0,0,1,0,0,0,300.0,90.0,2.515,5.13705,1.74896
2817,0,0,0,1,0,0,0,300.0,100.0,0.498,0.122855,0.615084
2818,0,0,0,1,0,0,0,300.0,100.0,0.75,0.967005,1.48484
2819,0,0,0,1,0,0,0,300.0,100.0,1.0,2.38444,2.25772
2820,0,0,0,1,0,0,0,300.0,100.0,1.25,3.74262,2.83981
2821,0,0,0,1,0,0,0,300.0,100.0,1.5,4.7813,3.16928
2822,0,0,0,1,0,0,0,300.0,100.0,1.75,5.53709,3.23056
2823,0,0,0,1,0,0,0,300.0,100.0,2.0,5.96197,3.09347
2824,0,0,0,1,0,0,0,300.0,100.0,2.25,6.07746,2.68383
2825,0,0,0,1,0,0,0,300.0,100.0,2.515,6.11854,2.0313
2826,0,0,0,1,0,0,0,300.0,110.0,0.498,0.14092,0.934081
2827,0,0,0,1,0,0,0,300.0,110.0,0.75,0.950126,1.81964
2828,0,0,0,1,0,0,0,300.0,110.0,1.0,2.43424,2.55725
2829,0,0,0,1,0,0,0,300.0,110.0,1.25,3.84614,3.09218
2830,0,0,0,1,0,0,0,300.0,110.0,1.5,5.12546,3.43957
2831,0,0,0,1,0,0,0,300.0,110.0,1.75,6.20891,3.57929
2832,0,0,0,1,0,0,0,300.0,110.0,2.0,6.73161,3.40061
2833,0,0,0,1,0,0,0,300.0,110.0,2.25,7.01826,2.93231
2834,0,0,0,1,0,0,0,300.0,110.0,2.515,7.32865,2.31853
2835,0,0,0,1,0,0,0,360.0,30.0,0.498,0,0
2836,0,0,0,1,0,0,0,360.0,30.0,0.75,0.106373,0
2837,0,0,0,1,0,0,0,360.0,30.0,1.0,0.192003,0
2838,0,0,0,1,0,0,0,360.0,30.0,1.25,0.212788,0.0190078
2839,0,0,0,1,0,0,0,360.0,30.0,1.5,0.121863,0.0523091
2840,0,0,0,1,0,0,0,360.0,30.0,1.75,0.0221134,0.041747
2841,0,0,0,1,0,0,0,360.0,30.0,2.0,0,0
2842,0,0,0,1,0,0,0,360.0,30.0,2.25,0,0
2843,0,0,0,1,0,0,0,360.0,30.0,2.515,0,0
2844,0,0,0,1,0,0,0,360.0,40.0,0.498,0.0861025,0
2845,0,0,0,1,0,0,0,360.0,40.0,0.75,0.476912,0
2846,0,0,0,1,0,0,0,360.0,40.0,1.0,0.72744,0.182912
2847,0,0,0,1,0,0,0,360.0,40.0,1.25,0.915001,0.347886
2848,0,0,0,1,0,0,0,360.0,40.0,1.5,1.0073,0.417579
2849,0,0,0,1,0,0,0,360.0,40.0,1.75,0.934964,0.379224
2850,0,0,0,1,0,0,0,360.0,40.0,2.0,0.455602,0.279441
2851,0,0,0,1,0,0,0,360.0,40.0,2.25,0.132812,0.128002
2852,0,0,0,1,0,0,0,360.0,40.0,2.515,0,0
2853,0,0,0,1,0,0,0,360.0,50.0,0.498,0.246309,0
2854,0,0,0,1,0,0,0,360.0,50.0,0.75,0.799301,0.224392
2855,0,0,0,1,0,0,0,360.0,50.0,1.0,1.36086,0.608126
2856,0,0,0,1,0,0,0,360.0,50.0,1.25,1.69267,0.833592
2857,0,0,0,1,0,0,0,360.0,50.0,1.5,2.15663,1.06755
2858,0,0,0,1,0,0,0,360.0,50.0,1.75,2.30232,1.2051
2859,0,0,0,1,0,0,0,360.0,50.0,2.0,1.96459,1.06457
2860,0,0,0,1,0,0,0,360.0,50.0,2.25,1.2777,0.709808
2861,0,0,0,1,0,0,0,360.0,50.0,2.515,0.751205,0.266817
2862,0,0,0,1,0,0,0,360.0,60.0,0.498,0.331972,0.0901527
2863,0,0,0,1,0,0,0,360.0,60.0,0.75,1.11837,0.511791
2864,0,0,0,1,0,0,0,360.0,60.0,1.0,1.79263,0.929753
2865,0,0,0,1,0,0,0,360.0,60.0,1.25,2.58066,1.44654
2866,0,0,0,1,0,0,0,360.0,60.0,1.5,3.21609,1.83603
2867,0,0,0,1,0,0,0,360.0,60.0,1.75,3.45995,1.94214
2868,0,0,0,1,0,0,0,360.0,60.0,2.0,3.34916,1.77184
2869,0,0,0,1,0,0,0,360.0,60.0,2.25,2.94009,1.36232
2870,0,0,0,1,0,0,0,360.0,60.0,2.515,2.25936,0.772934
2871,0,0,0,1,0,0,0,360.0,70.0,0.498,0.348029,0.238998
2872,0,0,0,1,0,0,0,360.0,70.0,0.75,1.33676,0.767355
2873,0,0,0,1,0,0,0,360.0,70.0,1.0,2.25252,1.40105
2874,0,0,0,1,0,0,0,360.0,70.0,1.25,3.39184,2.07425
2875,0,0,0,1,0,0,0,360.0,70.0,1.5,4.04102,2.47458
2876,0,0,0,1,0,0,0,360.0,70.0,1.75,4.3763,2.5587
2877,0,0,0,1,0,0,0,360.0,70.0,2.0,4.5135,2.38364
2878,0,0,0,1,0,0,0,360.0,70.0,2.25,4.47612,2.04349
2879,0,0,0,1,0,0,0,360.0,70.0,2.515,3.81873,1.31408
2880,0,0,0,1,0,0,0,360.0,80.0,0.498,0.28377,0.405667
2881,0,0,0,1,0,0,0,360.0,80.0,0.75,1.32537,1.06685
2882,0,0,0,1,0,0,0,360.0,80.0,1.0,2.56812,1.88792
2883,0,0,0,1,0,0,0,360.0,80.0,1.25,3.8509,2.549
2884,0,0,0,1,0,0,0,360.0,80.0,1.5,4.61813,2.92824
2885,0,0,0,1,0,0,0,360.0,80.0,1.75,5.11412,3.04504
2886,0,0,0,1,0,0,0,360.0,80.0,2.0,5.46857,2.91461
2887,0,0,0,1,0,0,0,360.0,80.0,2.25,5.47719,2.53223
2888,0,0,0,1,0,0,0,360.0,80.0,2.515,5.08261,1.8391
2889,0,0,0,1,0,0,0,360.0,90.0,0.498,0.225737,0.563717
2890,0,0,0,1,0,0,0,360.0,90.0,0.75,1.28927,1.42862
2891,0,0,0,1,0,0,0,360.0,90.0,1.0,2.67322,2.24776
2892,0,0,0,1,0,0,0,360.0,90.0,1.25,4.12278,2.93093
2893,0,0,0,1,0,0,0,360.0,90.0,1.5,5.14481,3.32618
2894,0,0,0,1,0,0,0,360.0,90.0,1.75,5.7424,3.40723
2895,0,0,0,1,0,0,0,360.0,90.0,2.0,6.18527,3.30409
2896,0,0,0,1,0,0,0,360.0,90.0,2.25,6.30928,2.91851
2897,0,0,0,1,0,0,0,360.0,90.0,2.515,6.16968,2.23812
2898,0,0,0,1,0,0,0,360.0,100.0,0.498,0.21275,0.870029
2899,0,0,0,1,0,0,0,360.0,100.0,0.75,1.25719,1.80063
2900,0,0,0,1,0,0,0,360.0,100.0,1.0,2.86711,2.64692
2901,0,0,0,1,0,0,0,360.0,100.0,1.25,4.40236,3.29622
2902,0,0,0,1,0,0,0,360.0,100.0,1.5,5.56719,3.68535
2903,0,0,0,1,0,0,0,360.0,100.0,1.75,6.39429,3.76448
2904,0,0,0,1,0,0,0,360.0,100.0,2.0,6.95555,3.65756
2905,0,0,0,1,0,0,0,360.0,100.0,2.25,7.23984,3.2602
2906,0,0,0,1,0,0,0,360.0,100.0,2.515,7.37246,2.57092
2907,0,0,0,1,0,0,0,360.0,110.0,0.498,0.257635,1.24876
2908,0,0,0,1,0,0,0,360.0,110.0,0.75,1.28021,2.17137
2909,0,0,0,1,0,0,0,360.0,110.0,1.0,3.05238,2.99961
2910,0,0,0,1,0,0,0,360.0,110.0,1.25,4.67978,3.62515
2911,0,0,0,1,0,0,0,360.0,110.0,1.5,6.04991,4.03199
2912,0,0,0,1,0,0,0,360.0,110.0,1.75,7.20728,4.1973
2913,0,0,0,1,0,0,0,360.0,110.0,2.0,7.97453,4.06164
2914,0,0,0,1,0,0,0,360.0,110.0,2.25,8.41347,3.6238
2915,0,0,0,1,0,0,0,360.0,110.0,2.515,8.7698,2.97405
2916,0,0,0,1,0,0,0,420.0,30.0,0.498,0,0
2917,0,0,0,1,0,0,0,420.0,30.0,0.75,0.0114354,0
2918,0,0,0,1,0,0,0,420.0,30.0,1.0,0.17993,0
2919,0,0,0,1,0,0,0,420.0,30.0,1.25,0.202434,0
2920,0,0,0,1,0,0,0,420.0,30.0,1.5,0.10767,0.0418808
2921,0,0,0,1,0,0,0,420.0,30.0,1.75,0.00936638,0.0219073
2922,0,0,0,1,0,0,0,420.0,30.0,2.0,0,0
2923,0,0,0,1,0,0,0,420.0,30.0,2.25,0,0
2924,0,0,0,1,0,0,0,420.0,30.0,2.515,0,0
2925,0,0,0,1,0,0,0,420.0,40.0,0.498,0.0280943,0
2926,0,0,0,1,0,0,0,420.0,40.0,0.75,0.437322,0
2927,0,0,0,1,0,0,0,420.0,40.0,1.0,0.69858,0.112134
2928,0,0,0,1,0,0,0,420.0,40.0,1.25,0.917249,0.307483
2929,0,0,0,1,0,0,0,420.0,40.0,1.5,1.04929,0.426689
2930,0,0,0,1,0,0,0,420.0,40.0,1.75,1.088,0.446073
2931,0,0,0,1,0,0,0,420.0,40.0,2.0,0.693323,0.349858
2932,0,0,0,1,0,0,0,420.0,40.0,2.25,0.222119,0.161309
2933,0,0,0,1,0,0,0,420.0,40.0,2.515,0,0.0284031
2934,0,0,0,1,0,0,0,420.0,50.0,0.498,0.236164,0
2935,0,0,0,1,0,0,0,420.0,50.0,0.75,0.738703,0.231844
2936,0,0,0,1,0,0,0,420.0,50.0,1.0,1.30887,0.585645
2937,0,0,0,1,0,0,0,420.0,50.0,1.25,1.68428,0.824207
2938,0,0,0,1,0,0,0,420.0,50.0,1.5,2.18974,1.13865
2939,0,0,0,1,0,0,0,420.0,50.0,1.75,2.53118,1.33392
2940,0,0,0,1,0,0,0,420.0,50.0,2.0,2.33077,1.21365
2941,0,0,0,1,0,0,0,420.0,50.0,2.25,1.75741,0.874146
2942,0,0,0,1,0,0,0,420.0,50.0,2.515,1.30198,0.4681
2943,0,0,0,1,0,0,0,420.0,60.0,0.498,0.321077,0.10631
2944,0,0,0,1,0,0,0,420.0,60.0,0.75,1.07385,0.540456
2945,0,0,0,1,0,0,0,420.0,60.0,1.0,1.77333,0.970346
2946,0,0,0,1,0,0,0,420.0,60.0,1.25,2.61951,1.53876
2947,0,0,0,1,0,0,0,420.0,60.0,1.5,3.39422,1.97977
2948,0,0,0,1,0,0,0,420.0,60.0,1.75,3.79534,2.13908
2949,0,0,0,1,0,0,0,420.0,60.0,2.0,3.84397,2.01195
2950,0,0,0,1,0,0,0,420.0,60.0,2.25,3.47098,1.6001
2951,0,0,0,1,0,0,0,420.0,60.0,2.515,2.88042,1.02343
2952,0,0,0,1,0,0,0,420.0,70.0,0.498,0.393328,0.318979
2953,0,0,0,1,0,0,0,420.0,70.0,0.75,1.37747,0.861701
2954,0,0,0,1,0,0,0,420.0,70.0,1.0,2.22366,1.51124
2955,0,0,0,1,0,0,0,420.0,70.0,1.25,3.4451,2.19797
2956,0,0,0,1,0,0,0,420.0,70.0,1.5,4.30558,2.67795
2957,0,0,0,1,0,0,0,420.0,70.0,1.75,4.82975,2.8276
2958,0,0,0,1,0,0,0,420.0,70.0,2.0,5.0751,2.70258
2959,0,0,0,1,0,0,0,420.0,70.0,2.25,5.02883,2.31884
2960,0,0,0,1,0,0,0,420.0,70.0,2.515,4.47748,1.61744
2961,0,0,0,1,0,0,0,420.0,80.0,0.498,0.399036,0.522273
2962,0,0,0,1,0,0,0,420.0,80.0,0.75,1.48435,1.24871
2963,0,0,0,1,0,0,0,420.0,80.0,1.0,2.65927,2.0831
2964,0,0,0,1,0,0,0,420.0,80.0,1.25,4.0154,2.7471
2965,0,0,0,1,0,0,0,420.0,80.0,1.5,4.98749,3.20645
2966,0,0,0,1,0,0,0,420.0,80.0,1.75,5.70006,3.39301
2967,0,0,0,1,0,0,0,420.0,80.0,2.0,6.10971,3.26151
2968,0,0,0,1,0,0,0,420.0,80.0,2.25,6.22668,2.91583
2969,0,0,0,1,0,0,0,420.0,80.0,2.515,5.95443,2.22531
2970,0,0,0,1,0,0,0,420.0,90.0,0.498,0.296135,0.740855
2971,0,0,0,1,0,0,0,420.0,90.0,0.75,1.42101,1.67286
2972,0,0,0,1,0,0,0,420.0,90.0,1.0,2.91822,2.54566
2973,0,0,0,1,0,0,0,420.0,90.0,1.25,4.48048,3.2393
2974,0,0,0,1,0,0,0,420.0,90.0,1.5,5.63902,3.67847
2975,0,0,0,1,0,0,0,420.0,90.0,1.75,6.4427,3.85099
2976,0,0,0,1,0,0,0,420.0,90.0,2.0,6.98786,3.74225
2977,0,0,0,1,0,0,0,420.0,90.0,2.25,7.29765,3.38521
2978,0,0,0,1,0,0,0,420.0,90.0,2.515,7.31372,2.71181
2979,0,0,0,1,0,0,0,420.0,100.0,0.498,0.304381,1.11
2980,0,0,0,1,0,0,0,420.0,100.0,0.75,1.45907,2.09406
2981,0,0,0,1,0,0,0,420.0,100.0,1.0,3.25327,2.99415
2982,0,0,0,1,0,0,0,420.0,100.0,1.25,4.97608,3.71945
2983,0,0,0,1,0,0,0,420.0,100.0,1.5,6.25823,4.13722
2984,0,0,0,1,0,0,0,420.0,100.0,1.75,7.26264,4.29888
2985,0,0,0,1,0,0,0,420.0,100.0,2.0,8.02717,4.22982
2986,0,0,0,1,0,0,0,420.0,100.0,2.25,8.49165,3.83226
2987,0,0,0,1,0,0,0,420.0,100.0,2.515,8.73319,3.16496
2988,0,0,0,1,0,0,0,420.0,110.0,0.498,0.370845,1.53661
2989,0,0,0,1,0,0,0,420.0,110.0,0.75,1.59359,2.5015
2990,0,0,0,1,0,0,0,420.0,110.0,1.0,3.57251,3.39232
2991,0,0,0,1,0,0,0,420.0,110.0,1.25,5.37911,4.09501
2992,0,0,0,1,0,0,0,420.0,110.0,1.5,6.93229,4.56336
2993,0,0,0,1,0,0,0,420.0,110.0,1.75,8.1715,4.76357
2994,0,0,0,1,0,0,0,420.0,110.0,2.0,9.20081,4.67043
2995,0,0,0,1,0,0,0,420.0,110.0,2.25,9.80361,4.28598
2996,0,0,0,1,0,0,0,420.0,110.0,2.515,10.2966,3.66312
2997,0,0,0,1,0,0,0,480.0,30.0,0.498,0,0
2998,0,0,0,1,0,0,0,480.0,30.0,0.75,0,0
2999,0,0,0,1,0,0,0,480.0,30.0,1.0,0.0805086,0
3000,0,0,0,1,0,0,0,480.0,30.0,1.25,0.163818,0
3001,0,0,0,1,0,0,0,480.0,30.0,1.5,0.0797714,0.0138625
3002,0,0,0,1,0,0,0,480.0,30.0,1.75,0,0
3003,0,0,0,1,0,0,0,480.0,30.0,2.0,0,0
3004,0,0,0,1,0,0,0,480.0,30.0,2.25,0,0
3005,0,0,0,1,0,0,0,480.0,30.0,2.515,0,0
3006,0,0,0,1,0,0,0,480.0,40.0,0.498,0,0
3007,0,0,0,1,0,0,0,480.0,40.0,0.75,0.329213,0
3008,0,0,0,1,0,0,0,480.0,40.0,1.0,0.60139,0.0527033
3009,0,0,0,1,0,0,0,480.0,40.0,1.25,0.870305,0.252138
3010,0,0,0,1,0,0,0,480.0,40.0,1.5,1.04931,0.399081
3011,0,0,0,1,0,0,0,480.0,40.0,1.75,1.0869,0.446839
3012,0,0,0,1,0,0,0,480.0,40.0,2.0,0.791378,0.351654
3013,0,0,0,1,0,0,0,480.0,40.0,2.25,0.407738,0.210934
3014,0,0,0,1,0,0,0,480.0,40.0,2.515,0.143751,0.0861195
3015,0,0,0,1,0,0,0,480.0,50.0,0.498,0.146656,0
3016,0,0,0,1,0,0,0,480.0,50.0,0.75,0.648136,0.198124
3017,0,0,0,1,0,0,0,480.0,50.0,1.0,1.19336,0.537994
3018,0,0,0,1,0,0,0,480.0,50.0,1.25,1.62898,0.800704
3019,0,0,0,1,0,0,0,480.0,50.0,1.5,2.15866,1.10755
3020,0,0,0,1,0,0,0,480.0,50.0,1.75,2.60041,1.35217
3021,0,0,0,1,0,0,0,480.0,50.0,2.0,2.47255,1.27225
3022,0,0,0,1,0,0,0,480.0,50.0,2.25,2.1515,0.967819
3023,0,0,0,1,0,0,0,480.0,50.0,2.515,1.77285,0.625518
3024,0,0,0,1,0,0,0,480.0,60.0,0.498,0.252815,0.118861
3025,0,0,0,1,0,0,0,480.0,60.0,0.75,1.00908,0.563
3026,0,0,0,1,0,0,0,480.0,60.0,1.0,1.72304,0.981311
3027,0,0,0,1,0,0,0,480.0,60.0,1.25,2.4818,1.51708
3028,0,0,0,1,0,0,0,480.0,60.0,1.5,3.37958,2.00479
3029,0,0,0,1,0,0,0,480.0,60.0,1.75,3.96457,2.21875
3030,0,0,0,1,0,0,0,480.0,60.0,2.0,4.18192,2.1708
3031,0,0,0,1,0,0,0,480.0,60.0,2.25,3.91151,1.80722
3032,0,0,0,1,0,0,0,480.0,60.0,2.515,3.45615,1.23821
3033,0,0,0,1,0,0,0,480.0,70.0,0.498,0.342806,0.37291
3034,0,0,0,1,0,0,0,480.0,70.0,0.75,1.2981,0.907571
3035,0,0,0,1,0,0,0,480.0,70.0,1.0,2.10705,1.54934
3036,0,0,0,1,0,0,0,480.0,70.0,1.25,3.36959,2.24338
3037,0,0,0,1,0,0,0,480.0,70.0,1.5,4.37603,2.73099
3038,0,0,0,1,0,0,0,480.0,70.0,1.75,5.16091,2.99264
3039,0,0,0,1,0,0,0,480.0,70.0,2.0,5.54409,2.93604
3040,0,0,0,1,0,0,0,480.0,70.0,2.25,5.52235,2.57948
3041,0,0,0,1,0,0,0,480.0,70.0,2.515,5.1109,1.89585
3042,0,0,0,1,0,0,0,480.0,80.0,0.498,0.449493,0.625081
3043,0,0,0,1,0,0,0,480.0,80.0,0.75,1.53318,1.34467
3044,0,0,0,1,0,0,0,480.0,80.0,1.0,2.61179,2.19668
3045,0,0,0,1,0,0,0,480.0,80.0,1.25,4.06667,2.87837
3046,0,0,0,1,0,0,0,480.0,80.0,1.5,5.26002,3.40366
3047,0,0,0,1,0,0,0,480.0,80.0,1.75,6.13632,3.63813
3048,0,0,0,1,0,0,0,480.0,80.0,2.0,6.71128,3.58049
3049,0,0,0,1,0,0,0,480.0,80.0,2.25,6.94404,3.2372
3050,0,0,0,1,0,0,0,480.0,80.0,2.515,6.79806,2.56208
3051,0,0,0,1,0,0,0,480.0,90.0,0.498,0.484958,0.918419
3052,0,0,0,1,0,0,0,480.0,90.0,0.75,1.62183,1.87993
3053,0,0,0,1,0,0,0,480.0,90.0,1.0,3.12676,2.77987
3054,0,0,0,1,0,0,0,480.0,90.0,1.25,4.72563,3.49444
3055,0,0,0,1,0,0,0,480.0,90.0,1.5,6.03402,3.98652
3056,0,0,0,1,0,0,0,480.0,90.0,1.75,7.07893,4.21405
3057,0,0,0,1,0,0,0,480.0,90.0,2.0,7.82287,4.1509
3058,0,0,0,1,0,0,0,480.0,90.0,2.25,8.31471,3.81355
3059,0,0,0,1,0,0,0,480.0,90.0,2.515,8.38325,3.14925
3060,0,0,0,1,0,0,0,480.0,100.0,0.498,0.519529,1.3374
3061,0,0,0,1,0,0,0,480.0,100.0,0.75,1.67202,2.3524
3062,0,0,0,1,0,0,0,480.0,100.0,1.0,3.59365,3.28876
3063,0,0,0,1,0,0,0,480.0,100.0,1.25,5.42344,4.04476
3064,0,0,0,1,0,0,0,480.0,100.0,1.5,6.86445,4.51864
3065,0,0,0,1,0,0,0,480.0,100.0,1.75,8.04888,4.74211
3066,0,0,0,1,0,0,0,480.0,100.0,2.0,9.07619,4.71461
3067,0,0,0,1,0,0,0,480.0,100.0,2.25,9.75041,4.37597
3068,0,0,0,1,0,0,0,480.0,100.0,2.515,10.0283,3.72232
3069,0,0,0,1,0,0,0,480.0,110.0,0.498,0.591663,1.80798
3070,0,0,0,1,0,0,0,480.0,110.0,0.75,1.95899,2.8099
3071,0,0,0,1,0,0,0,480.0,110.0,1.0,4.03739,3.73943
3072,0,0,0,1,0,0,0,480.0,110.0,1.25,6.03585,4.50908
3073,0,0,0,1,0,0,0,480.0,110.0,1.5,7.79552,5.05914
3074,0,0,0,1,0,0,0,480.0,110.0,1.75,9.24087,5.28709
3075,0,0,0,1,0,0,0,480.0,110.0,2.0,10.3303,5.21811
3076,0,0,0,1,0,0,0,480.0,110.0,2.25,11.0815,4.84875
3077,0,0,0,1,0,0,0,480.0,110.0,2.515,11.6982,4.25311
3078,0,0,0,1,0,0,0,540.0,30.0,0.498,0,0
3079,0,0,0,1,0,0,0,540.0,30.0,0.75,0,0
3080,0,0,0,1,0,0,0,540.0,30.0,1.0,0,0
3081,0,0,0,1,0,0,0,540.0,30.0,1.25,0.0578589,0
3082,0,0,0,1,0,0,0,540.0,30.0,1.5,0.0432749,0
3083,0,0,0,1,0,0,0,540.0,30.0,1.75,0.0358363,0
3084,0,0,0,1,0,0,0,540.0,30.0,2.0,0,0
3085,0,0,0,1,0,0,0,540.0,30.0,2.25,0,0
3086,0,0,0,1,0,0,0,540.0,30.0,2.515,0,0
3087,0,0,0,1,0,0,0,540.0,40.0,0.498,0,0
3088,0,0,0,1,0,0,0,540.0,40.0,0.75,0.199238,0
3089,0,0,0,1,0,0,0,540.0,40.0,1.0,0.485611,0.0395685
3090,0,0,0,1,0,0,0,540.0,40.0,1.25,0.738943,0.186299
3091,0,0,0,1,0,0,0,540.0,40.0,1.5,0.92261,0.323464
3092,0,0,0,1,0,0,0,540.0,40.0,1.75,0.986467,0.401123
3093,0,0,0,1,0,0,0,540.0,40.0,2.0,0.760762,0.309709
3094,0,0,0,1,0,0,0,540.0,40.0,2.25,0.559437,0.202106
3095,0,0,0,1,0,0,0,540.0,40.0,2.515,0.423555,0.13385
3096,0,0,0,1,0,0,0,540.0,50.0,0.498,0.0184582,0
3097,0,0,0,1,0,0,0,540.0,50.0,0.75,0.514012,0.129172
3098,0,0,0,1,0,0,0,540.0,50.0,1.0,1.06036,0.484743
3099,0,0,0,1,0,0,0,540.0,50.0,1.25,1.50936,0.740763
3100,0,0,0,1,0,0,0,540.0,50.0,1.5,2.03732,1.02367
3101,0,0,0,1,0,0,0,540.0,50.0,1.75,2.5852,1.32062
3102,0,0,0,1,0,0,0,540.0,50.0,2.0,2.54672,1.28751
3103,0,0,0,1,0,0,0,540.0,50.0,2.25,2.37179,1.04344
3104,0,0,0,1,0,0,0,540.0,50.0,2.515,2.18911,0.765729
3105,0,0,0,1,0,0,0,540.0,60.0,0.498,0.163421,0.131755
3106,0,0,0,1,0,0,0,540.0,60.0,0.75,0.861023,0.544124
3107,0,0,0,1,0,0,0,540.0,60.0,1.0,1.59009,0.938771
3108,0,0,0,1,0,0,0,540.0,60.0,1.25,2.27593,1.41986
3109,0,0,0,1,0,0,0,540.0,60.0,1.5,3.25956,1.89346
3110,0,0,0,1,0,0,0,540.0,60.0,1.75,4.01155,2.20142
3111,0,0,0,1,0,0,0,540.0,60.0,2.0,4.32068,2.22009
3112,0,0,0,1,0,0,0,540.0,60.0,2.25,4.17913,1.91449
3113,0,0,0,1,0,0,0,540.0,60.0,2.515,3.9465,1.41664
3114,0,0,0,1,0,0,0,540.0,70.0,0.498,0.317583,0.415861
3115,0,0,0,1,0,0,0,540.0,70.0,0.75,1.22741,0.949345
3116,0,0,0,1,0,0,0,540.0,70.0,1.0,2.02091,1.52909
3117,0,0,0,1,0,0,0,540.0,70.0,1.25,3.17986,2.18299
3118,0,0,0,1,0,0,0,540.0,70.0,1.5,4.39373,2.73115
3119,0,0,0,1,0,0,0,540.0,70.0,1.75,5.32314,3.03776
3120,0,0,0,1,0,0,0,540.0,70.0,2.0,5.86721,3.05908
3121,0,0,0,1,0,0,0,540.0,70.0,2.25,5.9741,2.76429
3122,0,0,0,1,0,0,0,540.0,70.0,2.515,5.66763,2.11344
3123,0,0,0,1,0,0,0,540.0,80.0,0.498,0.48087,0.723173
3124,0,0,0,1,0,0,0,540.0,80.0,0.75,1.51039,1.40135
3125,0,0,0,1,0,0,0,540.0,80.0,1.0,2.53149,2.25246
3126,0,0,0,1,0,0,0,540.0,80.0,1.25,4.03646,2.94468
3127,0,0,0,1,0,0,0,540.0,80.0,1.5,5.44641,3.52683
3128,0,0,0,1,0,0,0,540.0,80.0,1.75,6.51082,3.80529
3129,0,0,0,1,0,0,0,540.0,80.0,2.0,7.24587,3.81126
3130,0,0,0,1,0,0,0,540.0,80.0,2.25,7.61343,3.502
3131,0,0,0,1,0,0,0,540.0,80.0,2.515,7.54992,2.87335
3132,0,0,0,1,0,0,0,540.0,90.0,0.498,0.596488,1.07896
3133,0,0,0,1,0,0,0,540.0,90.0,0.75,1.72337,2.00775
3134,0,0,0,1,0,0,0,540.0,90.0,1.0,3.20248,2.91229
3135,0,0,0,1,0,0,0,540.0,90.0,1.25,4.88845,3.65451
3136,0,0,0,1,0,0,0,540.0,90.0,1.5,6.39404,4.21337
3137,0,0,0,1,0,0,0,540.0,90.0,1.75,7.59505,4.46617
3138,0,0,0,1,0,0,0,540.0,90.0,2.0,8.54539,4.45606
3139,0,0,0,1,0,0,0,540.0,90.0,2.25,9.29357,4.21334
3140,0,0,0,1,0,0,0,540.0,90.0,2.515,9.38665,3.56123
3141,0,0,0,1,0,0,0,540.0,100.0,0.498,0.696031,1.51533
3142,0,0,0,1,0,0,0,540.0,100.0,0.75,1.90326,2.55863
3143,0,0,0,1,0,0,0,540.0,100.0,1.0,3.84933,3.49537
3144,0,0,0,1,0,0,0,540.0,100.0,1.25,5.76713,4.29158
3145,0,0,0,1,0,0,0,540.0,100.0,1.5,7.45854,4.85555
3146,0,0,0,1,0,0,0,540.0,100.0,1.75,8.89337,5.14068
3147,0,0,0,1,0,0,0,540.0,100.0,2.0,10.1084,5.13861
3148,0,0,0,1,0,0,0,540.0,100.0,2.25,10.8387,4.81805
3149,0,0,0,1,0,0,0,540.0,100.0,2.515,11.1189,4.15924
3150,0,0,0,1,0,0,0,540.0,110.0,0.498,0.872007,2.06837
3151,0,0,0,1,0,0,0,540.0,110.0,0.75,2.38242,3.07761
3152,0,0,0,1,0,0,0,540.0,110.0,1.0,4.50624,4.02931
3153,0,0,0,1,0,0,0,540.0,110.0,1.25,6.68737,4.86116
3154,0,0,0,1,0,0,0,540.0,110.0,1.5,8.56616,5.44606
3155,0,0,0,1,0,0,0,540.0,110.0,1.75,10.195,5.73637
3156,0,0,0,1,0,0,0,540.0,110.0,2.0,11.3629,5.66758
3157,0,0,0,1,0,0,0,540.0,110.0,2.25,12.2135,5.30489
3158,0,0,0,1,0,0,0,540.0,110.0,2.515,12.8931,4.73795
3159,0,0,0,1,0,0,0,600.0,30.0,0.498,0,0
3160,0,0,0,1,0,0,0,600.0,30.0,0.75,0,0
3161,0,0,0,1,0,0,0,600.0,30.0,1.0,0,0
3162,0,0,0,1,0,0,0,600.0,30.0,1.25,0,0
3163,0,0,0,1,0,0,0,600.0,30.0,1.5,0.0492328,0
3164,0,0,0,1,0,0,0,600.0,30.0,1.75,0.0764859,0
3165,0,0,0,1,0,0,0,600.0,30.0,2.0,0.0213674,0
3166,0,0,0,1,0,0,0,600.0,30.0,2.25,0,0
3167,0,0,0,1,0,0,0,600.0,30.0,2.515,0,0
3168,0,0,0,1,0,0,0,600.0,40.0,0.498,0,0
3169,0,0,0,1,0,0,0,600.0,40.0,0.75,0.0356063,0
3170,0,0,0,1,0,0,0,600.0,40.0,1.0,0.336861,0.0157248
3171,0,0,0,1,0,0,0,600.0,40.0,1.25,0.566158,0.108559
3172,0,0,0,1,0,0,0,600.0,40.0,1.5,0.730862,0.232004
3173,0,0,0,1,0,0,0,600.0,40.0,1.75,0.787728,0.280089
3174,0,0,0,1,0,0,0,600.0,40.0,2.0,0.635179,0.224636
3175,0,0,0,1,0,0,0,600.0,40.0,2.25,0.637073,0.171584
3176,0,0,0,1,0,0,0,600.0,40.0,2.515,0.692919,0.212567
3177,0,0,0,1,0,0,0,600.0,50.0,0.498,0,0
3178,0,0,0,1,0,0,0,600.0,50.0,0.75,0.31029,0.0977687
3179,0,0,0,1,0,0,0,600.0,50.0,1.0,0.859603,0.391474
3180,0,0,0,1,0,0,0,600.0,50.0,1.25,1.3495,0.649364
3181,0,0,0,1,0,0,0,600.0,50.0,1.5,1.79423,0.87671
3182,0,0,0,1,0,0,0,600.0,50.0,1.75,2.38326,1.19172
3183,0,0,0,1,0,0,0,600.0,50.0,2.0,2.50873,1.21559
3184,0,0,0,1,0,0,0,600.0,50.0,2.25,2.46129,1.03702
3185,0,0,0,1,0,0,0,600.0,50.0,2.515,2.48491,0.776882
3186,0,0,0,1,0,0,0,600.0,60.0,0.498,0.0760047,0.145174
3187,0,0,0,1,0,0,0,600.0,60.0,0.75,0.668465,0.490478
3188,0,0,0,1,0,0,0,600.0,60.0,1.0,1.42743,0.873507
3189,0,0,0,1,0,0,0,600.0,60.0,1.25,2.01727,1.24735
3190,0,0,0,1,0,0,0,600.0,60.0,1.5,3.07451,1.74256
3191,0,0,0,1,0,0,0,600.0,60.0,1.75,3.91853,2.10584
3192,0,0,0,1,0,0,0,600.0,60.0,2.0,4.30919,2.176
3193,0,0,0,1,0,0,0,600.0,60.0,2.25,4.41581,1.95686
3194,0,0,0,1,0,0,0,600.0,60.0,2.515,4.39587,1.56185
3195,0,0,0,1,0,0,0,600.0,70.0,0.498,0.283754,0.445917
3196,0,0,0,1,0,0,0,600.0,70.0,0.75,1.13465,0.960657
3197,0,0,0,1,0,0,0,600.0,70.0,1.0,1.92689,1.46157
3198,0,0,0,1,0,0,0,600.0,70.0,1.25,3.00447,2.1209
3199,0,0,0,1,0,0,0,600.0,70.0,1.5,4.3626,2.66716
3200,0,0,0,1,0,0,0,600.0,70.0,1.75,5.37842,2.99895
3201,0,0,0,1,0,0,0,600.0,70.0,2.0,6.05989,3.10503
3202,0,0,0,1,0,0,0,600.0,70.0,2.25,6.34064,2.88035
3203,0,0,0,1,0,0,0,600.0,70.0,2.515,6.25131,2.31941
3204,0,0,0,1,0,0,0,600.0,80.0,0.498,0.491999,0.806059
3205,0,0,0,1,0,0,0,600.0,80.0,0.75,1.5128,1.4723
3206,0,0,0,1,0,0,0,600.0,80.0,1.0,2.50433,2.24899
3207,0,0,0,1,0,0,0,600.0,80.0,1.25,4.0421,2.9608
3208,0,0,0,1,0,0,0,600.0,80.0,1.5,5.55114,3.53546
3209,0,0,0,1,0,0,0,600.0,80.0,1.75,6.77553,3.87204
3210,0,0,0,1,0,0,0,600.0,80.0,2.0,7.65102,3.94405
3211,0,0,0,1,0,0,0,600.0,80.0,2.25,8.16603,3.70686
3212,0,0,0,1,0,0,0,600.0,80.0,2.515,8.23606,3.13685
3213,0,0,0,1,0,0,0,600.0,90.0,0.498,0.678074,1.20844
3214,0,0,0,1,0,0,0,600.0,90.0,0.75,1.78194,2.0844
3215,0,0,0,1,0,0,0,600.0,90.0,1.0,3.23263,2.96322
3216,0,0,0,1,0,0,0,600.0,90.0,1.25,5.0004,3.72343
3217,0,0,0,1,0,0,0,600.0,90.0,1.5,6.69112,4.3327
3218,0,0,0,1,0,0,0,600.0,90.0,1.75,8.12966,4.67878
3219,0,0,0,1,0,0,0,600.0,90.0,2.0,9.21614,4.71482
3220,0,0,0,1,0,0,0,600.0,90.0,2.25,10.0164,4.49682
3221,0,0,0,1,0,0,0,600.0,90.0,2.515,10.2156,3.8929
3222,0,0,0,1,0,0,0,600.0,100.0,0.498,0.887195,1.69876
3223,0,0,0,1,0,0,0,600.0,100.0,0.75,2.23252,2.70366
3224,0,0,0,1,0,0,0,600.0,100.0,1.0,4.10431,3.6518
3225,0,0,0,1,0,0,0,600.0,100.0,1.25,6.14807,4.48436
3226,0,0,0,1,0,0,0,600.0,100.0,1.5,8.04475,5.11626
3227,0,0,0,1,0,0,0,600.0,100.0,1.75,9.65957,5.46255
3228,0,0,0,1,0,0,0,600.0,100.0,2.0,10.9305,5.45859
3229,0,0,0,1,0,0,0,600.0,100.0,2.25,11.6626,5.1431
3230,0,0,0,1,0,0,0,600.0,100.0,2.515,12.0877,4.53123
3231,0,0,0,1,0,0,0,600.0,110.0,0.498,1.15192,2.25373
3232,0,0,0,1,0,0,0,600.0,110.0,0.75,2.81883,3.31609
3233,0,0,0,1,0,0,0,600.0,110.0,1.0,5.0102,4.2935
3234,0,0,0,1,0,0,0,600.0,110.0,1.25,7.28882,5.15129
3235,0,0,0,1,0,0,0,600.0,110.0,1.5,9.28929,5.75391
3236,0,0,0,1,0,0,0,600.0,110.0,1.75,10.9722,6.06403
3237,0,0,0,1,0,0,0,600.0,110.0,2.0,12.2121,6.00885
3238,0,0,0,1,0,0,0,600.0,110.0,2.25,13.1167,5.65493
3239,0,0,0,1,0,0,0,600.0,110.0,2.515,13.854,5.11787
3240,0,0,0,0,1,0,0,60.0,30.0,0.498,0,0
3241,0,0,0,0,1,0,0,60.0,30.0,0.75,0,0
3242,0,0,0,0,1,0,0,60.0,30.0,1.0,0,0
3243,0,0,0,0,1,0,0,60.0,30.0,1.25,0,0
3244,0,0,0,0,1,0,0,60.0,30.0,1.5,0,0
3245,0,0,0,0,1,0,0,60.0,30.0,1.75,0,0
3246,0,0,0,0,1,0,0,60.0,30.0,2.0,0,0
3247,0,0,0,0,1,0,0,60.0,30.0,2.25,0,0
3248,0,0,0,0,1,0,0,60.0,30.0,2.515,0,0
3249,0,0,0,0,1,0,0,60.0,40.0,0.498,0,0
3250,0,0,0,0,1,0,0,60.0,40.0,0.75,0,0.00769755
3251,0,0,0,0,1,0,0,60.0,40.0,1.0,0,0.0235073
3252,0,0,0,0,1,0,0,60.0,40.0,1.25,0,0.017278
3253,0,0,0,0,1,0,0,60.0,40.0,1.5,0,0
3254,0,0,0,0,1,0,0,60.0,40.0,1.75,0,0
3255,0,0,0,0,1,0,0,60.0,40.0,2.0,0,0
3256,0,0,0,0,1,0,0,60.0,40.0,2.25,0,0
3257,0,0,0,0,1,0,0,60.0,40.0,2.515,0,0
3258,0,0,0,0,1,0,0,60.0,50.0,0.498,0,0.108574
3259,0,0,0,0,1,0,0,60.0,50.0,0.75,0,0.181449
3260,0,0,0,0,1,0,0,60.0,50.0,1.0,0.00578669,0.208183
3261,0,0,0,0,1,0,0,60.0,50.0,1.25,0,0.23206
3262,0,0,0,0,1,0,0,60.0,50.0,1.5,0.0170356,0.216718
3263,0,0,0,0,1,0,0,60.0,50.0,1.75,0.131966,0.209344
3264,0,0,0,0,1,0,0,60.0,50.0,2.0,0.284599,0.18542
3265,0,0,0,0,1,0,0,60.0,50.0,2.25,0.377816,0.0990963
3266,0,0,0,0,1,0,0,60.0,50.0,2.515,0.370153,0
3267,0,0,0,0,1,0,0,60.0,60.0,0.498,0,0.281716
3268,0,0,0,0,1,0,0,60.0,60.0,0.75,0.114813,0.355614
3269,0,0,0,0,1,0,0,60.0,60.0,1.0,0.323189,0.643888
3270,0,0,0,0,1,0,0,60.0,60.0,1.25,0.621047,0.93424
3271,0,0,0,0,1,0,0,60.0,60.0,1.5,0.883752,1.03472
3272,0,0,0,0,1,0,0,60.0,60.0,1.75,1.23147,1.03208
3273,0,0,0,0,1,0,0,60.0,60.0,2.0,1.48124,0.913282
3274,0,0,0,0,1,0,0,60.0,60.0,2.25,1.63318,0.708816
3275,0,0,0,0,1,0,0,60.0,60.0,2.515,1.51503,0.319701
3276,0,0,0,0,1,0,0,60.0,70.0,0.498,0.0676905,0.448545
3277,0,0,0,0,1,0,0,60.0,70.0,0.75,0.355465,0.932712
3278,0,0,0,0,1,0,0,60.0,70.0,1.0,1.16298,1.37766
3279,0,0,0,0,1,0,0,60.0,70.0,1.25,1.96757,1.722
3280,0,0,0,0,1,0,0,60.0,70.0,1.5,2.52633,1.904
3281,0,0,0,0,1,0,0,60.0,70.0,1.75,2.90991,1.88685
3282,0,0,0,0,1,0,0,60.0,70.0,2.0,3.23627,1.76532
3283,0,0,0,0,1,0,0,60.0,70.0,2.25,3.39955,1.50881
3284,0,0,0,0,1,0,0,60.0,70.0,2.515,3.52242,1.07328
3285,0,0,0,0,1,0,0,60.0,80.0,0.498,0.221242,1.03597
3286,0,0,0,0,1,0,0,60.0,80.0,0.75,1.30827,1.6706
3287,0,0,0,0,1,0,0,60.0,80.0,1.0,2.35935,2.12464
3288,0,0,0,0,1,0,0,60.0,80.0,1.25,3.36603,2.50251
3289,0,0,0,0,1,0,0,60.0,80.0,1.5,4.24965,2.73374
3290,0,0,0,0,1,0,0,60.0,80.0,1.75,4.88167,2.76905
3291,0,0,0,0,1,0,0,60.0,80.0,2.0,5.38373,2.67223
3292,0,0,0,0,1,0,0,60.0,80.0,2.25,5.71743,2.45455
3293,0,0,0,0,1,0,0,60.0,80.0,2.515,6.07357,2.09695
3294,0,0,0,0,1,0,0,60.0,90.0,0.498,0.904724,1.71742
3295,0,0,0,0,1,0,0,60.0,90.0,0.75,2.26106,2.38206
3296,0,0,0,0,1,0,0,60.0,90.0,1.0,3.66263,2.9188
3297,0,0,0,0,1,0,0,60.0,90.0,1.25,4.92888,3.33254
3298,0,0,0,0,1,0,0,60.0,90.0,1.5,6.00068,3.59216
3299,0,0,0,0,1,0,0,60.0,90.0,1.75,6.93762,3.68936
3300,0,0,0,0,1,0,0,60.0,90.0,2.0,7.67562,3.63967
3301,0,0,0,0,1,0,0,60.0,90.0,2.25,8.19165,3.44114
3302,0,0,0,0,1,0,0,60.0,90.0,2.515,8.68386,3.1326
3303,0,0,0,0,1,0,0,60.0,100.0,0.498,1.58478,2.39045
3304,0,0,0,0,1,0,0,60.0,100.0,0.75,3.26569,3.07958
3305,0,0,0,0,1,0,0,60.0,100.0,1.0,4.97868,3.70945
3306,0,0,0,0,1,0,0,60.0,100.0,1.25,6.58333,4.20531
3307,0,0,0,0,1,0,0,60.0,100.0,1.5,7.86638,4.48083
3308,0,0,0,0,1,0,0,60.0,100.0,1.75,9.00284,4.65406
3309,0,0,0,0,1,0,0,60.0,100.0,2.0,9.91076,4.62908
3310,0,0,0,0,1,0,0,60.0,100.0,2.25,10.7375,4.48866
3311,0,0,0,0,1,0,0,60.0,100.0,2.515,11.5025,4.21199
3312,0,0,0,0,1,0,0,60.0,110.0,0.498,2.34643,3.04015
3313,0,0,0,0,1,0,0,60.0,110.0,0.75,4.29227,3.81082
3314,0,0,0,0,1,0,0,60.0,110.0,1.0,6.27209,4.50791
3315,0,0,0,0,1,0,0,60.0,110.0,1.25,8.14322,5.04356
3316,0,0,0,0,1,0,0,60.0,110.0,1.5,9.73367,5.41061
3317,0,0,0,0,1,0,0,60.0,110.0,1.75,11.0424,5.59954
3318,0,0,0,0,1,0,0,60.0,110.0,2.0,12.1711,5.64229
3319,0,0,0,0,1,0,0,60.0,110.0,2.25,13.249,5.51341
3320,0,0,0,0,1,0,0,60.0,110.0,2.515,14.3224,5.24309
3321,0,0,0,0,1,0,0,120.0,30.0,0.498,0,0
3322,0,0,0,0,1,0,0,120.0,30.0,0.75,0,0
3323,0,0,0,0,1,0,0,120.0,30.0,1.0,0,0
3324,0,0,0,0,1,0,0,120.0,30.0,1.25,0,0
3325,0,0,0,0,1,0,0,120.0,30.0,1.5,0,0
3326,0,0,0,0,1,0,0,120.0,30.0,1.75,0,0
3327,0,0,0,0,1,0,0,120.0,30.0,2.0,0,0
3328,0,0,0,0,1,0,0,120.0,30.0,2.25,0,0
3329,0,0,0,0,1,0,0,120.0,30.0,2.515,0,0
3330,0,0,0,0,1,0,0,120.0,40.0,0.498,0,0
3331,0,0,0,0,1,0,0,120.0,40.0,0.75,0,0.055113
3332,0,0,0,0,1,0,0,120.0,40.0,1.0,0,0.0798889
3333,0,0,0,0,1,0,0,120.0,40.0,1.25,0,0.0589867
3334,0,0,0,0,1,0,0,120.0,40.0,1.5,0,0.0222871
3335,0,0,0,0,1,0,0,120.0,40.0,1.75,0,0.0162382
3336,0,0,0,0,1,0,0,120.0,40.0,2.0,0,0.0436624
3337,0,0,0,0,1,0,0,120.0,40.0,2.25,0,0.0440187
3338,0,0,0,0,1,0,0,120.0,40.0,2.515,0,0.0301356
3339,0,0,0,0,1,0,0,120.0,50.0,0.498,0,0.156418
3340,0,0,0,0,1,0,0,120.0,50.0,0.75,0.0978027,0.236744
3341,0,0,0,0,1,0,0,120.0,50.0,1.0,0.211418,0.365986
3342,0,0,0,0,1,0,0,120.0,50.0,1.25,0.259927,0.558108
3343,0,0,0,0,1,0,0,120.0,50.0,1.5,0.280017,0.613314
3344,0,0,0,0,1,0,0,120.0,50.0,1.75,0.409838,0.622628
3345,0,0,0,0,1,0,0,120.0,50.0,2.0,0.659662,0.555072
3346,0,0,0,0,1,0,0,120.0,50.0,2.25,0.859981,0.403104
3347,0,0,0,0,1,0,0,120.0,50.0,2.515,0.898935,0.255731
3348,0,0,0,0,1,0,0,120.0,60.0,0.498,0.0721874,0.335072
3349,0,0,0,0,1,0,0,120.0,60.0,0.75,0.284195,0.650824
3350,0,0,0,0,1,0,0,120.0,60.0,1.0,0.834288,1.1674
3351,0,0,0,0,1,0,0,120.0,60.0,1.25,1.51579,1.5055
3352,0,0,0,0,1,0,0,120.0,60.0,1.5,1.85388,1.59057
3353,0,0,0,0,1,0,0,120.0,60.0,1.75,2.23865,1.63128
3354,0,0,0,0,1,0,0,120.0,60.0,2.0,2.46438,1.5661
3355,0,0,0,0,1,0,0,120.0,60.0,2.25,2.6269,1.29916
3356,0,0,0,0,1,0,0,120.0,60.0,2.515,2.66075,0.888415
3357,0,0,0,0,1,0,0,120.0,70.0,0.498,0.229216,0.771676
3358,0,0,0,0,1,0,0,120.0,70.0,0.75,0.983577,1.44655
3359,0,0,0,0,1,0,0,120.0,70.0,1.0,2.07627,1.97347
3360,0,0,0,0,1,0,0,120.0,70.0,1.25,3.05316,2.36124
3361,0,0,0,0,1,0,0,120.0,70.0,1.5,3.81109,2.58793
3362,0,0,0,0,1,0,0,120.0,70.0,1.75,4.34768,2.63119
3363,0,0,0,0,1,0,0,120.0,70.0,2.0,4.78262,2.54741
3364,0,0,0,0,1,0,0,120.0,70.0,2.25,5.12361,2.35709
3365,0,0,0,0,1,0,0,120.0,70.0,2.515,5.38163,1.94399
3366,0,0,0,0,1,0,0,120.0,80.0,0.498,0.633418,1.50239
3367,0,0,0,0,1,0,0,120.0,80.0,0.75,2.09975,2.21903
3368,0,0,0,0,1,0,0,120.0,80.0,1.0,3.48389,2.78853
3369,0,0,0,0,1,0,0,120.0,80.0,1.25,4.64958,3.2338
3370,0,0,0,0,1,0,0,120.0,80.0,1.5,5.75561,3.5891
3371,0,0,0,0,1,0,0,120.0,80.0,1.75,6.58343,3.6586
3372,0,0,0,0,1,0,0,120.0,80.0,2.0,7.29545,3.63352
3373,0,0,0,0,1,0,0,120.0,80.0,2.25,7.82901,3.47072
3374,0,0,0,0,1,0,0,120.0,80.0,2.515,8.28038,3.09263
3375,0,0,0,0,1,0,0,120.0,90.0,0.498,1.51335,2.24498
3376,0,0,0,0,1,0,0,120.0,90.0,0.75,3.18214,2.96079
3377,0,0,0,0,1,0,0,120.0,90.0,1.0,4.85116,3.62145
3378,0,0,0,0,1,0,0,120.0,90.0,1.25,6.38981,4.18591
3379,0,0,0,0,1,0,0,120.0,90.0,1.5,7.6734,4.55445
3380,0,0,0,0,1,0,0,120.0,90.0,1.75,8.85967,4.73355
3381,0,0,0,0,1,0,0,120.0,90.0,2.0,9.93577,4.7741
3382,0,0,0,0,1,0,0,120.0,90.0,2.25,10.6269,4.608
3383,0,0,0,0,1,0,0,120.0,90.0,2.515,11.1877,4.24746
3384,0,0,0,0,1,0,0,120.0,100.0,0.498,2.46531,2.98272
3385,0,0,0,0,1,0,0,120.0,100.0,0.75,4.322,3.74218
3386,0,0,0,0,1,0,0,120.0,100.0,1.0,6.22993,4.48999
3387,0,0,0,0,1,0,0,120.0,100.0,1.25,8.13719,5.14161
3388,0,0,0,0,1,0,0,120.0,100.0,1.5,9.79843,5.57706
3389,0,0,0,0,1,0,0,120.0,100.0,1.75,11.2238,5.837
3390,0,0,0,0,1,0,0,120.0,100.0,2.0,12.4421,5.88249
3391,0,0,0,0,1,0,0,120.0,100.0,2.25,13.373,5.74667
3392,0,0,0,0,1,0,0,120.0,100.0,2.515,14.2641,5.43097
3393,0,0,0,0,1,0,0,120.0,110.0,0.498,3.41002,3.71997
3394,0,0,0,0,1,0,0,120.0,110.0,0.75,5.44731,4.54267
3395,0,0,0,0,1,0,0,120.0,110.0,1.0,7.61912,5.3612
3396,0,0,0,0,1,0,0,120.0,110.0,1.25,9.83492,6.05842
3397,0,0,0,0,1,0,0,120.0,110.0,1.5,11.7909,6.55009
3398,0,0,0,0,1,0,0,120.0,110.0,1.75,13.5067,6.89149
3399,0,0,0,0,1,0,0,120.0,110.0,2.0,14.8724,6.96368
3400,0,0,0,0,1,0,0,120.0,110.0,2.25,16.0899,6.84255
3401,0,0,0,0,1,0,0,120.0,110.0,2.515,17.2405,6.51589
3402,0,0,0,0,1,0,0,180.0,30.0,0.498,0,0
3403,0,0,0,0,1,0,0,180.0,30.0,0.75,0,0
3404,0,0,0,0,1,0,0,180.0,30.0,1.0,0,0
3405,0,0,0,0,1,0,0,180.0,30.0,1.25,0,0
3406,0,0,0,0,1,0,0,180.0,30.0,1.5,0,0
3407,0,0,0,0,1,0,0,180.0,30.0,1.75,0,0
3408,0,0,0,0,1,0,0,180.0,30.0,2.0,0,0
3409,0,0,0,0,1,0,0,180.0,30.0,2.25,0,0
3410,0,0,0,0,1,0,0,180.0,30.0,2.515,0,0
3411,0,0,0,0,1,0,0,180.0,40.0,0.498,0,0.0112096
3412,0,0,0,0,1,0,0,180.0,40.0,0.75,0,0.0800968
3413,0,0,0,0,1,0,0,180.0,40.0,1.0,0.0289802,0.110594
3414,0,0,0,0,1,0,0,180.0,40.0,1.25,0,0.100594
3415,0,0,0,0,1,0,0,180.0,40.0,1.5,0,0.12244
3416,0,0,0,0,1,0,0,180.0,40.0,1.75,0.0363452,0.136996
3417,0,0,0,0,1,0,0,180.0,40.0,2.0,0.0765508,0.15941
3418,0,0,0,0,1,0,0,180.0,40.0,2.25,0.220425,0.186212
3419,0,0,0,0,1,0,0,180.0,40.0,2.515,0.317617,0.186656
3420,0,0,0,0,1,0,0,180.0,50.0,0.498,0.0262682,0.204282
3421,0,0,0,0,1,0,0,180.0,50.0,0.75,0.233079,0.366182
3422,0,0,0,0,1,0,0,180.0,50.0,1.0,0.38553,0.676813
3423,0,0,0,0,1,0,0,180.0,50.0,1.25,0.748698,0.967737
3424,0,0,0,0,1,0,0,180.0,50.0,1.5,0.956266,1.06239
3425,0,0,0,0,1,0,0,180.0,50.0,1.75,1.10793,1.04061
3426,0,0,0,0,1,0,0,180.0,50.0,2.0,1.22814,0.950214
3427,0,0,0,0,1,0,0,180.0,50.0,2.25,1.3623,0.741938
3428,0,0,0,0,1,0,0,180.0,50.0,2.515,1.50005,0.556334
3429,0,0,0,0,1,0,0,180.0,60.0,0.498,0.193798,0.496451
3430,0,0,0,0,1,0,0,180.0,60.0,0.75,0.5991,1.05889
3431,0,0,0,0,1,0,0,180.0,60.0,1.0,1.61712,1.61732
3432,0,0,0,0,1,0,0,180.0,60.0,1.25,2.48315,2.02914
3433,0,0,0,0,1,0,0,180.0,60.0,1.5,3.0395,2.1816
3434,0,0,0,0,1,0,0,180.0,60.0,1.75,3.44851,2.22435
3435,0,0,0,0,1,0,0,180.0,60.0,2.0,3.7753,2.18857
3436,0,0,0,0,1,0,0,180.0,60.0,2.25,4.04235,2.01031
3437,0,0,0,0,1,0,0,180.0,60.0,2.515,4.15211,1.60548
3438,0,0,0,0,1,0,0,180.0,70.0,0.498,0.409287,1.16304
3439,0,0,0,0,1,0,0,180.0,70.0,0.75,1.79065,1.92276
3440,0,0,0,0,1,0,0,180.0,70.0,1.0,3.07485,2.55924
3441,0,0,0,0,1,0,0,180.0,70.0,1.25,4.14824,3.00853
3442,0,0,0,0,1,0,0,180.0,70.0,1.5,5.17557,3.31734
3443,0,0,0,0,1,0,0,180.0,70.0,1.75,5.9451,3.43361
3444,0,0,0,0,1,0,0,180.0,70.0,2.0,6.49959,3.42004
3445,0,0,0,0,1,0,0,180.0,70.0,2.25,7.00343,3.2474
3446,0,0,0,0,1,0,0,180.0,70.0,2.515,7.3382,2.8717
3447,0,0,0,0,1,0,0,180.0,80.0,0.498,1.24408,1.94907
3448,0,0,0,0,1,0,0,180.0,80.0,0.75,2.92563,2.74489
3449,0,0,0,0,1,0,0,180.0,80.0,1.0,4.50508,3.42933
3450,0,0,0,0,1,0,0,180.0,80.0,1.25,5.97612,4.00313
3451,0,0,0,0,1,0,0,180.0,80.0,1.5,7.2734,4.42944
3452,0,0,0,0,1,0,0,180.0,80.0,1.75,8.45681,4.64882
3453,0,0,0,0,1,0,0,180.0,80.0,2.0,9.38043,4.69073
3454,0,0,0,0,1,0,0,180.0,80.0,2.25,10.1588,4.56553
3455,0,0,0,0,1,0,0,180.0,80.0,2.515,10.6108,4.12175
3456,0,0,0,0,1,0,0,180.0,90.0,0.498,2.30158,2.75147
3457,0,0,0,0,1,0,0,180.0,90.0,0.75,4.13281,3.5706
3458,0,0,0,0,1,0,0,180.0,90.0,1.0,5.98964,4.32854
3459,0,0,0,0,1,0,0,180.0,90.0,1.25,7.85548,5.04677
3460,0,0,0,0,1,0,0,180.0,90.0,1.5,9.5034,5.58929
3461,0,0,0,0,1,0,0,180.0,90.0,1.75,11.0286,5.89952
3462,0,0,0,0,1,0,0,180.0,90.0,2.0,12.3447,5.99459
3463,0,0,0,0,1,0,0,180.0,90.0,2.25,13.192,5.83341
3464,0,0,0,0,1,0,0,180.0,90.0,2.515,13.889,5.40929
3465,0,0,0,0,1,0,0,180.0,100.0,0.498,3.37392,3.57378
3466,0,0,0,0,1,0,0,180.0,100.0,0.75,5.41991,4.42792
3467,0,0,0,0,1,0,0,180.0,100.0,1.0,7.55595,5.28209
3468,0,0,0,0,1,0,0,180.0,100.0,1.25,9.69462,6.07083
3469,0,0,0,0,1,0,0,180.0,100.0,1.5,11.7924,6.7148
3470,0,0,0,0,1,0,0,180.0,100.0,1.75,13.6112,7.11727
3471,0,0,0,0,1,0,0,180.0,100.0,2.0,15.136,7.23375
3472,0,0,0,0,1,0,0,180.0,100.0,2.25,16.1875,7.05213
3473,0,0,0,0,1,0,0,180.0,100.0,2.515,17.2079,6.6994
3474,0,0,0,0,1,0,0,180.0,110.0,0.498,4.55488,4.41985
3475,0,0,0,0,1,0,0,180.0,110.0,0.75,6.77854,5.3409
3476,0,0,0,0,1,0,0,180.0,110.0,1.0,9.0582,6.22354
3477,0,0,0,0,1,0,0,180.0,110.0,1.25,11.5177,7.0783
3478,0,0,0,0,1,0,0,180.0,110.0,1.5,13.9639,7.7783
3479,0,0,0,0,1,0,0,180.0,110.0,1.75,16.016,8.22945
3480,0,0,0,0,1,0,0,180.0,110.0,2.0,17.7456,8.34143
3481,0,0,0,0,1,0,0,180.0,110.0,2.25,19.1197,8.23145
3482,0,0,0,0,1,0,0,180.0,110.0,2.515,20.3144,7.85533
3483,0,0,0,0,1,0,0,240.0,30.0,0.498,0,0
3484,0,0,0,0,1,0,0,240.0,30.0,0.75,0,0
3485,0,0,0,0,1,0,0,240.0,30.0,1.0,0,0
3486,0,0,0,0,1,0,0,240.0,30.0,1.25,0,0
3487,0,0,0,0,1,0,0,240.0,30.0,1.5,0,0
3488,0,0,0,0,1,0,0,240.0,30.0,1.75,0,0
3489,0,0,0,0,1,0,0,240.0,30.0,2.0,0,0.0161316
3490,0,0,0,0,1,0,0,240.0,30.0,2.25,0,0.0472684
3491,0,0,0,0,1,0,0,240.0,30.0,2.515,0,0.081055
3492,0,0,0,0,1,0,0,240.0,40.0,0.498,0,0.0204163
3493,0,0,0,0,1,0,0,240.0,40.0,0.75,0.00850237,0.0866967
3494,0,0,0,0,1,0,0,240.0,40.0,1.0,0.0715885,0.158259
3495,0,0,0,0,1,0,0,240.0,40.0,1.25,0.0764024,0.23253
3496,0,0,0,0,1,0,0,240.0,40.0,1.5,0.111858,0.271675
3497,0,0,0,0,1,0,0,240.0,40.0,1.75,0.286456,0.302918
3498,0,0,0,0,1,0,0,240.0,40.0,2.0,0.427959,0.292807
3499,0,0,0,0,1,0,0,240.0,40.0,2.25,0.569866,0.309599
3500,0,0,0,0,1,0,0,240.0,40.0,2.515,0.735529,0.345116
3501,0,0,0,0,1,0,0,240.0,50.0,0.498,0.0550793,0.274633
3502,0,0,0,0,1,0,0,240.0,50.0,0.75,0.309554,0.518587
3503,0,0,0,0,1,0,0,240.0,50.0,1.0,0.835637,1.01623
3504,0,0,0,0,1,0,0,240.0,50.0,1.25,1.41214,1.33067
3505,0,0,0,0,1,0,0,240.0,50.0,1.5,1.79478,1.44798
3506,0,0,0,0,1,0,0,240.0,50.0,1.75,1.88874,1.39938
3507,0,0,0,0,1,0,0,240.0,50.0,2.0,1.97767,1.32101
3508,0,0,0,0,1,0,0,240.0,50.0,2.25,2.14574,1.18912
3509,0,0,0,0,1,0,0,240.0,50.0,2.515,2.37016,0.925794
3510,0,0,0,0,1,0,0,240.0,60.0,0.498,0.266438,0.692899
3511,0,0,0,0,1,0,0,240.0,60.0,0.75,1.22787,1.42118
3512,0,0,0,0,1,0,0,240.0,60.0,1.0,2.45293,2.04488
3513,0,0,0,0,1,0,0,240.0,60.0,1.25,3.39304,2.48871
3514,0,0,0,0,1,0,0,240.0,60.0,1.5,4.15688,2.74215
3515,0,0,0,0,1,0,0,240.0,60.0,1.75,4.69184,2.82201
3516,0,0,0,0,1,0,0,240.0,60.0,2.0,5.10087,2.79341
3517,0,0,0,0,1,0,0,240.0,60.0,2.25,5.40236,2.64974
3518,0,0,0,0,1,0,0,240.0,60.0,2.515,5.75175,2.33382
3519,0,0,0,0,1,0,0,240.0,70.0,0.498,0.844274,1.49684
3520,0,0,0,0,1,0,0,240.0,70.0,0.75,2.50362,2.33869
3521,0,0,0,0,1,0,0,240.0,70.0,1.0,4.03481,3.07886
3522,0,0,0,0,1,0,0,240.0,70.0,1.25,5.33735,3.65091
3523,0,0,0,0,1,0,0,240.0,70.0,1.5,6.55131,4.05725
3524,0,0,0,0,1,0,0,240.0,70.0,1.75,7.5486,4.25347
3525,0,0,0,0,1,0,0,240.0,70.0,2.0,8.32921,4.30036
3526,0,0,0,0,1,0,0,240.0,70.0,2.25,8.92297,4.15898
3527,0,0,0,0,1,0,0,240.0,70.0,2.515,9.29653,3.74916
3528,0,0,0,0,1,0,0,240.0,80.0,0.498,1.94615,2.36734
3529,0,0,0,0,1,0,0,240.0,80.0,0.75,3.77307,3.25791
3530,0,0,0,0,1,0,0,240.0,80.0,1.0,5.58504,4.08878
3531,0,0,0,0,1,0,0,240.0,80.0,1.25,7.31498,4.78376
3532,0,0,0,0,1,0,0,240.0,80.0,1.5,8.94902,5.34399
3533,0,0,0,0,1,0,0,240.0,80.0,1.75,10.426,5.68278
3534,0,0,0,0,1,0,0,240.0,80.0,2.0,11.5998,5.80616
3535,0,0,0,0,1,0,0,240.0,80.0,2.25,12.5155,5.666
3536,0,0,0,0,1,0,0,240.0,80.0,2.515,12.9725,5.18555
3537,0,0,0,0,1,0,0,240.0,90.0,0.498,3.08277,3.2518
3538,0,0,0,0,1,0,0,240.0,90.0,0.75,5.10319,4.1817
3539,0,0,0,0,1,0,0,240.0,90.0,1.0,7.16669,5.06114
3540,0,0,0,0,1,0,0,240.0,90.0,1.25,9.34247,5.93117
3541,0,0,0,0,1,0,0,240.0,90.0,1.5,11.4577,6.66012
3542,0,0,0,0,1,0,0,240.0,90.0,1.75,13.3265,7.11422
3543,0,0,0,0,1,0,0,240.0,90.0,2.0,14.8598,7.26967
3544,0,0,0,0,1,0,0,240.0,90.0,2.25,15.8793,7.0892
3545,0,0,0,0,1,0,0,240.0,90.0,2.515,16.7043,6.62699
3546,0,0,0,0,1,0,0,240.0,100.0,0.498,4.31435,4.16124
3547,0,0,0,0,1,0,0,240.0,100.0,0.75,6.56669,5.15697
3548,0,0,0,0,1,0,0,240.0,100.0,1.0,8.90274,6.09437
3549,0,0,0,0,1,0,0,240.0,100.0,1.25,11.3261,7.02784
3550,0,0,0,0,1,0,0,240.0,100.0,1.5,13.8753,7.88734
3551,0,0,0,0,1,0,0,240.0,100.0,1.75,16.1402,8.43946
3552,0,0,0,0,1,0,0,240.0,100.0,2.0,17.9388,8.61967
3553,0,0,0,0,1,0,0,240.0,100.0,2.25,19.2077,8.4295
3554,0,0,0,0,1,0,0,240.0,100.0,2.515,20.2604,8.00093
3555,0,0,0,0,1,0,0,240.0,110.0,0.498,5.7321,5.10875
3556,0,0,0,0,1,0,0,240.0,110.0,0.75,8.18079,6.16519
3557,0,0,0,0,1,0,0,240.0,110.0,1.0,10.7223,7.19559
3558,0,0,0,0,1,0,0,240.0,110.0,1.25,13.3959,8.17628
3559,0,0,0,0,1,0,0,240.0,110.0,1.5,16.1388,9.03521
3560,0,0,0,0,1,0,0,240.0,110.0,1.75,18.6688,9.61242
3561,0,0,0,0,1,0,0,240.0,110.0,2.0,20.7765,9.80164
3562,0,0,0,0,1,0,0,240.0,110.0,2.25,22.3081,9.68218
3563,0,0,0,0,1,0,0,240.0,110.0,2.515,23.5095,9.24021
3564,0,0,0,0,1,0,0,300.0,30.0,0.498,0,0
3565,0,0,0,0,1,0,0,300.0,30.0,0.75,0,0
3566,0,0,0,0,1,0,0,300.0,30.0,1.0,0,0
3567,0,0,0,0,1,0,0,300.0,30.0,1.25,0,0
3568,0,0,0,0,1,0,0,300.0,30.0,1.5,0,0
3569,0,0,0,0,1,0,0,300.0,30.0,1.75,0,0.0579695
3570,0,0,0,0,1,0,0,300.0,30.0,2.0,0,0.105425
3571,0,0,0,0,1,0,0,300.0,30.0,2.25,0.0748099,0.140509
3572,0,0,0,0,1,0,0,300.0,30.0,2.515,0.271306,0.189708
3573,0,0,0,0,1,0,0,300.0,40.0,0.498,0,0.0327328
3574,0,0,0,0,1,0,0,300.0,40.0,0.75,0.062878,0.163592
3575,0,0,0,0,1,0,0,300.0,40.0,1.0,0.131338,0.270031
3576,0,0,0,0,1,0,0,300.0,40.0,1.25,0.321347,0.455722
3577,0,0,0,0,1,0,0,300.0,40.0,1.5,0.480647,0.508858
3578,0,0,0,0,1,0,0,300.0,40.0,1.75,0.626036,0.497954
3579,0,0,0,0,1,0,0,300.0,40.0,2.0,0.798954,0.503182
3580,0,0,0,0,1,0,0,300.0,40.0,2.25,0.964023,0.489026
3581,0,0,0,0,1,0,0,300.0,40.0,2.515,1.17191,0.510263
3582,0,0,0,0,1,0,0,300.0,50.0,0.498,0.0646377,0.367379
3583,0,0,0,0,1,0,0,300.0,50.0,0.75,0.392956,0.750623
3584,0,0,0,0,1,0,0,300.0,50.0,1.0,1.43256,1.31787
3585,0,0,0,0,1,0,0,300.0,50.0,1.25,2.13126,1.65756
3586,0,0,0,0,1,0,0,300.0,50.0,1.5,2.51103,1.78782
3587,0,0,0,0,1,0,0,300.0,50.0,1.75,2.7537,1.78566
3588,0,0,0,0,1,0,0,300.0,50.0,2.0,2.91678,1.70755
3589,0,0,0,0,1,0,0,300.0,50.0,2.25,3.09953,1.59166
3590,0,0,0,0,1,0,0,300.0,50.0,2.515,3.58487,1.46456
3591,0,0,0,0,1,0,0,300.0,60.0,0.498,0.368059,0.952105
3592,0,0,0,0,1,0,0,300.0,60.0,0.75,1.74117,1.73803
3593,0,0,0,0,1,0,0,300.0,60.0,1.0,3.16915,2.42214
3594,0,0,0,0,1,0,0,300.0,60.0,1.25,4.3169,2.9416
3595,0,0,0,0,1,0,0,300.0,60.0,1.5,5.15264,3.23582
3596,0,0,0,0,1,0,0,300.0,60.0,1.75,5.84183,3.34721
3597,0,0,0,0,1,0,0,300.0,60.0,2.0,6.29333,3.34152
3598,0,0,0,0,1,0,0,300.0,60.0,2.25,6.75919,3.25362
3599,0,0,0,0,1,0,0,300.0,60.0,2.515,7.27792,2.99177
3600,0,0,0,0,1,0,0,300.0,70.0,0.498,1.42161,1.85708
3601,0,0,0,0,1,0,0,300.0,70.0,0.75,3.18261,2.73598
3602,0,0,0,0,1,0,0,300.0,70.0,1.0,4.91185,3.55884
3603,0,0,0,0,1,0,0,300.0,70.0,1.25,6.5078,4.25368
3604,0,0,0,0,1,0,0,300.0,70.0,1.5,7.87004,4.73848
3605,0,0,0,0,1,0,0,300.0,70.0,1.75,9.10125,5.03773
3606,0,0,0,0,1,0,0,300.0,70.0,2.0,10.0932,5.13888
3607,0,0,0,0,1,0,0,300.0,70.0,2.25,10.7807,5.01546
3608,0,0,0,0,1,0,0,300.0,70.0,2.515,11.298,4.61787
3609,0,0,0,0,1,0,0,300.0,80.0,0.498,2.64109,2.76613
3610,0,0,0,0,1,0,0,300.0,80.0,0.75,4.65006,3.74936
3611,0,0,0,0,1,0,0,300.0,80.0,1.0,6.62829,4.68737
3612,0,0,0,0,1,0,0,300.0,80.0,1.25,8.65032,5.53615
3613,0,0,0,0,1,0,0,300.0,80.0,1.5,10.6806,6.25149
3614,0,0,0,0,1,0,0,300.0,80.0,1.75,12.4167,6.71432
3615,0,0,0,0,1,0,0,300.0,80.0,2.0,13.8424,6.91289
3616,0,0,0,0,1,0,0,300.0,80.0,2.25,14.8433,6.75786
3617,0,0,0,0,1,0,0,300.0,80.0,2.515,15.4287,6.24063
3618,0,0,0,0,1,0,0,300.0,90.0,0.498,3.92131,3.7364
3619,0,0,0,0,1,0,0,300.0,90.0,0.75,6.12704,4.78789
3620,0,0,0,0,1,0,0,300.0,90.0,1.0,8.43723,5.82263
3621,0,0,0,0,1,0,0,300.0,90.0,1.25,10.8366,6.80618
3622,0,0,0,0,1,0,0,300.0,90.0,1.5,13.3688,7.69236
3623,0,0,0,0,1,0,0,300.0,90.0,1.75,15.6796,8.33514
3624,0,0,0,0,1,0,0,300.0,90.0,2.0,17.3765,8.54862
3625,0,0,0,0,1,0,0,300.0,90.0,2.25,18.6943,8.38364
3626,0,0,0,0,1,0,0,300.0,90.0,2.515,19.546,7.84757
3627,0,0,0,0,1,0,0,300.0,100.0,0.498,5.32416,4.74285
3628,0,0,0,0,1,0,0,300.0,100.0,0.75,7.80764,5.89685
3629,0,0,0,0,1,0,0,300.0,100.0,1.0,10.4136,7.01274
3630,0,0,0,0,1,0,0,300.0,100.0,1.25,13.1283,8.06727
3631,0,0,0,0,1,0,0,300.0,100.0,1.5,16.0248,9.071
3632,0,0,0,0,1,0,0,300.0,100.0,1.75,18.674,9.76233
3633,0,0,0,0,1,0,0,300.0,100.0,2.0,20.8507,10.0479
3634,0,0,0,0,1,0,0,300.0,100.0,2.25,22.3076,9.87314
3635,0,0,0,0,1,0,0,300.0,100.0,2.515,23.3847,9.36016
3636,0,0,0,0,1,0,0,300.0,110.0,0.498,6.88662,5.78
3637,0,0,0,0,1,0,0,300.0,110.0,0.75,9.57667,6.9853
3638,0,0,0,0,1,0,0,300.0,110.0,1.0,12.403,8.17018
3639,0,0,0,0,1,0,0,300.0,110.0,1.25,15.3282,9.28344
3640,0,0,0,0,1,0,0,300.0,110.0,1.5,18.3903,10.2828
3641,0,0,0,0,1,0,0,300.0,110.0,1.75,21.4054,11.024
3642,0,0,0,0,1,0,0,300.0,110.0,2.0,23.831,11.3108
3643,0,0,0,0,1,0,0,300.0,110.0,2.25,25.5787,11.1816
3644,0,0,0,0,1,0,0,300.0,110.0,2.515,26.7049,10.6337
3645,0,0,0,0,1,0,0,360.0,30.0,0.498,0,0
3646,0,0,0,0,1,0,0,360.0,30.0,0.75,0,0
3647,0,0,0,0,1,0,0,360.0,30.0,1.0,0,0
3648,0,0,0,0,1,0,0,360.0,30.0,1.25,0,0
3649,0,0,0,0,1,0,0,360.0,30.0,1.5,0,0.0448755
3650,0,0,0,0,1,0,0,360.0,30.0,1.75,0.0429978,0.117746
3651,0,0,0,0,1,0,0,360.0,30.0,2.0,0.180412,0.178823
3652,0,0,0,0,1,0,0,360.0,30.0,2.25,0.384049,0.243534
3653,0,0,0,0,1,0,0,360.0,30.0,2.515,0.60307,0.312369
3654,0,0,0,0,1,0,0,360.0,40.0,0.498,0,0.0493504
3655,0,0,0,0,1,0,0,360.0,40.0,0.75,0.0639068,0.228361
3656,0,0,0,0,1,0,0,360.0,40.0,1.0,0.36907,0.464038
3657,0,0,0,0,1,0,0,360.0,40.0,1.25,0.738209,0.677531
3658,0,0,0,0,1,0,0,360.0,40.0,1.5,0.92516,0.748476
3659,0,0,0,0,1,0,0,360.0,40.0,1.75,0.977135,0.730253
3660,0,0,0,0,1,0,0,360.0,40.0,2.0,1.12507,0.679922
3661,0,0,0,0,1,0,0,360.0,40.0,2.25,1.32829,0.665795
3662,0,0,0,0,1,0,0,360.0,40.0,2.515,1.62079,0.708599
3663,0,0,0,0,1,0,0,360.0,50.0,0.498,0.079434,0.450791
3664,0,0,0,0,1,0,0,360.0,50.0,0.75,0.821847,0.986388
3665,0,0,0,0,1,0,0,360.0,50.0,1.0,2.01945,1.57984
3666,0,0,0,0,1,0,0,360.0,50.0,1.25,2.8775,1.99022
3667,0,0,0,0,1,0,0,360.0,50.0,1.5,3.28376,2.14352
3668,0,0,0,0,1,0,0,360.0,50.0,1.75,3.57935,2.15522
3669,0,0,0,0,1,0,0,360.0,50.0,2.0,3.81975,2.10209
3670,0,0,0,0,1,0,0,360.0,50.0,2.25,4.18757,2.00666
3671,0,0,0,0,1,0,0,360.0,50.0,2.515,4.68517,1.88183
3672,0,0,0,0,1,0,0,360.0,60.0,0.498,0.740472,1.23977
3673,0,0,0,0,1,0,0,360.0,60.0,0.75,2.29303,2.04506
3674,0,0,0,0,1,0,0,360.0,60.0,1.0,3.87403,2.77485
3675,0,0,0,0,1,0,0,360.0,60.0,1.25,5.20563,3.37806
3676,0,0,0,0,1,0,0,360.0,60.0,1.5,6.15269,3.71411
3677,0,0,0,0,1,0,0,360.0,60.0,1.75,6.87404,3.86452
3678,0,0,0,0,1,0,0,360.0,60.0,2.0,7.51862,3.90135
3679,0,0,0,0,1,0,0,360.0,60.0,2.25,8.11762,3.81434
3680,0,0,0,0,1,0,0,360.0,60.0,2.515,8.75846,3.58364
3681,0,0,0,0,1,0,0,360.0,70.0,0.498,1.97749,2.20494
3682,0,0,0,0,1,0,0,360.0,70.0,0.75,3.88497,3.13673
3683,0,0,0,0,1,0,0,360.0,70.0,1.0,5.77808,4.01542
3684,0,0,0,0,1,0,0,360.0,70.0,1.25,7.58159,4.78155
3685,0,0,0,0,1,0,0,360.0,70.0,1.5,9.22069,5.3917
3686,0,0,0,0,1,0,0,360.0,70.0,1.75,10.5188,5.73513
3687,0,0,0,0,1,0,0,360.0,70.0,2.0,11.6429,5.8807
3688,0,0,0,0,1,0,0,360.0,70.0,2.25,12.5553,5.81325
3689,0,0,0,0,1,0,0,360.0,70.0,2.515,13.2364,5.4131
3690,0,0,0,0,1,0,0,360.0,80.0,0.498,3.32597,3.1818
3691,0,0,0,0,1,0,0,360.0,80.0,0.75,5.52717,4.24313
3692,0,0,0,0,1,0,0,360.0,80.0,1.0,7.7251,5.2736
3693,0,0,0,0,1,0,0,360.0,80.0,1.25,9.97879,6.24239
3694,0,0,0,0,1,0,0,360.0,80.0,1.5,12.2506,7.06858
3695,0,0,0,0,1,0,0,360.0,80.0,1.75,14.3331,7.67334
3696,0,0,0,0,1,0,0,360.0,80.0,2.0,15.9045,7.91032
3697,0,0,0,0,1,0,0,360.0,80.0,2.25,17.1449,7.80606
3698,0,0,0,0,1,0,0,360.0,80.0,2.515,17.8843,7.27496
3699,0,0,0,0,1,0,0,360.0,90.0,0.498,4.81582,4.22662
3700,0,0,0,0,1,0,0,360.0,90.0,0.75,7.22912,5.39142
3701,0,0,0,0,1,0,0,360.0,90.0,1.0,9.73553,6.57101
3702,0,0,0,0,1,0,0,360.0,90.0,1.25,12.4505,7.68996
3703,0,0,0,0,1,0,0,360.0,90.0,1.5,15.2756,8.71297
3704,0,0,0,0,1,0,0,360.0,90.0,1.75,17.8915,9.46495
3705,0,0,0,0,1,0,0,360.0,90.0,2.0,20.0725,9.8383
3706,0,0,0,0,1,0,0,360.0,90.0,2.25,21.5348,9.67455
3707,0,0,0,0,1,0,0,360.0,90.0,2.515,22.3662,9.05954
3708,0,0,0,0,1,0,0,360.0,100.0,0.498,6.38384,5.31433
3709,0,0,0,0,1,0,0,360.0,100.0,0.75,9.05702,6.59074
3710,0,0,0,0,1,0,0,360.0,100.0,1.0,11.8532,7.84377
3711,0,0,0,0,1,0,0,360.0,100.0,1.25,14.9108,9.07862
3712,0,0,0,0,1,0,0,360.0,100.0,1.5,18.1613,10.1985
3713,0,0,0,0,1,0,0,360.0,100.0,1.75,21.1998,11.0628
3714,0,0,0,0,1,0,0,360.0,100.0,2.0,23.7261,11.4539
3715,0,0,0,0,1,0,0,360.0,100.0,2.25,25.4615,11.3086
3716,0,0,0,0,1,0,0,360.0,100.0,2.515,26.4965,10.6703
3717,0,0,0,0,1,0,0,360.0,110.0,0.498,8.07537,6.42614
3718,0,0,0,0,1,0,0,360.0,110.0,0.75,10.9528,7.74879
3719,0,0,0,0,1,0,0,360.0,110.0,1.0,13.9618,9.06593
3720,0,0,0,0,1,0,0,360.0,110.0,1.25,17.2283,10.3322
3721,0,0,0,0,1,0,0,360.0,110.0,1.5,20.6474,11.4587
3722,0,0,0,0,1,0,0,360.0,110.0,1.75,24.0068,12.3487
3723,0,0,0,0,1,0,0,360.0,110.0,2.0,26.8267,12.779
3724,0,0,0,0,1,0,0,360.0,110.0,2.25,28.784,12.6623
3725,0,0,0,0,1,0,0,360.0,110.0,2.515,29.9864,12.0225
3726,0,0,0,0,1,0,0,420.0,30.0,0.498,0,0
3727,0,0,0,0,1,0,0,420.0,30.0,0.75,0,0
3728,0,0,0,0,1,0,0,420.0,30.0,1.0,0,0
3729,0,0,0,0,1,0,0,420.0,30.0,1.25,0,0.00657758
3730,0,0,0,0,1,0,0,420.0,30.0,1.5,0.133981,0.090802
3731,0,0,0,0,1,0,0,420.0,30.0,1.75,0.278363,0.169047
3732,0,0,0,0,1,0,0,420.0,30.0,2.0,0.443418,0.25271
3733,0,0,0,0,1,0,0,420.0,30.0,2.25,0.659615,0.332467
3734,0,0,0,0,1,0,0,420.0,30.0,2.515,0.92005,0.421334
3735,0,0,0,0,1,0,0,420.0,40.0,0.498,0,0.077091
3736,0,0,0,0,1,0,0,420.0,40.0,0.75,0.039643,0.300073
3737,0,0,0,0,1,0,0,420.0,40.0,1.0,0.699342,0.639072
3738,0,0,0,0,1,0,0,420.0,40.0,1.25,1.1397,0.873022
3739,0,0,0,0,1,0,0,420.0,40.0,1.5,1.43038,0.974992
3740,0,0,0,0,1,0,0,420.0,40.0,1.75,1.51477,0.950977
3741,0,0,0,0,1,0,0,420.0,40.0,2.0,1.55749,0.866669
3742,0,0,0,0,1,0,0,420.0,40.0,2.25,1.82857,0.853028
3743,0,0,0,0,1,0,0,420.0,40.0,2.515,2.20892,0.887956
3744,0,0,0,0,1,0,0,420.0,50.0,0.498,0.0874033,0.589245
3745,0,0,0,0,1,0,0,420.0,50.0,0.75,1.32082,1.23446
3746,0,0,0,0,1,0,0,420.0,50.0,1.0,2.64023,1.85636
3747,0,0,0,0,1,0,0,420.0,50.0,1.25,3.59973,2.30194
3748,0,0,0,0,1,0,0,420.0,50.0,1.5,4.1046,2.50374
3749,0,0,0,0,1,0,0,420.0,50.0,1.75,4.44164,2.53951
3750,0,0,0,0,1,0,0,420.0,50.0,2.0,4.8442,2.51729
3751,0,0,0,0,1,0,0,420.0,50.0,2.25,5.26084,2.4168
3752,0,0,0,0,1,0,0,420.0,50.0,2.515,5.74957,2.27482
3753,0,0,0,0,1,0,0,420.0,60.0,0.498,1.145,1.48251
3754,0,0,0,0,1,0,0,420.0,60.0,0.75,2.91837,2.36402
3755,0,0,0,0,1,0,0,420.0,60.0,1.0,4.57296,3.1317
3756,0,0,0,0,1,0,0,420.0,60.0,1.25,6.05193,3.76277
3757,0,0,0,0,1,0,0,420.0,60.0,1.5,7.15565,4.17606
3758,0,0,0,0,1,0,0,420.0,60.0,1.75,7.95371,4.38381
3759,0,0,0,0,1,0,0,420.0,60.0,2.0,8.7125,4.43372
3760,0,0,0,0,1,0,0,420.0,60.0,2.25,9.39937,4.33343
3761,0,0,0,0,1,0,0,420.0,60.0,2.515,10.0878,4.10882
3762,0,0,0,0,1,0,0,420.0,70.0,0.498,2.48381,2.51076
3763,0,0,0,0,1,0,0,420.0,70.0,0.75,4.60074,3.5266
3764,0,0,0,0,1,0,0,420.0,70.0,1.0,6.68286,4.47855
3765,0,0,0,0,1,0,0,420.0,70.0,1.25,8.64581,5.3165
3766,0,0,0,0,1,0,0,420.0,70.0,1.5,10.4287,5.96619
3767,0,0,0,0,1,0,0,420.0,70.0,1.75,11.8472,6.38041
3768,0,0,0,0,1,0,0,420.0,70.0,2.0,13.0527,6.54749
3769,0,0,0,0,1,0,0,420.0,70.0,2.25,14.1581,6.49065
3770,0,0,0,0,1,0,0,420.0,70.0,2.515,14.9748,6.12506
3771,0,0,0,0,1,0,0,420.0,80.0,0.498,4.0726,3.60447
3772,0,0,0,0,1,0,0,420.0,80.0,0.75,6.43803,4.73902
3773,0,0,0,0,1,0,0,420.0,80.0,1.0,8.85151,5.8539
3774,0,0,0,0,1,0,0,420.0,80.0,1.25,11.291,6.91253
3775,0,0,0,0,1,0,0,420.0,80.0,1.5,13.7435,7.83238
3776,0,0,0,0,1,0,0,420.0,80.0,1.75,15.9698,8.49075
3777,0,0,0,0,1,0,0,420.0,80.0,2.0,17.7942,8.78858
3778,0,0,0,0,1,0,0,420.0,80.0,2.25,19.2601,8.73731
3779,0,0,0,0,1,0,0,420.0,80.0,2.515,20.0698,8.17657
3780,0,0,0,0,1,0,0,420.0,90.0,0.498,5.71144,4.70952
3781,0,0,0,0,1,0,0,420.0,90.0,0.75,8.31381,5.96775
3782,0,0,0,0,1,0,0,420.0,90.0,1.0,11.0212,7.23673
3783,0,0,0,0,1,0,0,420.0,90.0,1.25,13.9638,8.49857
3784,0,0,0,0,1,0,0,420.0,90.0,1.5,17.047,9.64609
3785,0,0,0,0,1,0,0,420.0,90.0,1.75,19.9887,10.5215
3786,0,0,0,0,1,0,0,420.0,90.0,2.0,22.506,10.9762
3787,0,0,0,0,1,0,0,420.0,90.0,2.25,24.1739,10.8546
3788,0,0,0,0,1,0,0,420.0,90.0,2.515,24.9906,10.1677
3789,0,0,0,0,1,0,0,420.0,100.0,0.498,7.42222,5.85607
3790,0,0,0,0,1,0,0,420.0,100.0,0.75,10.2422,7.22178
3791,0,0,0,0,1,0,0,420.0,100.0,1.0,13.2509,8.58608
3792,0,0,0,0,1,0,0,420.0,100.0,1.25,16.576,9.96423
3793,0,0,0,0,1,0,0,420.0,100.0,1.5,20.1095,11.2341
3794,0,0,0,0,1,0,0,420.0,100.0,1.75,23.5614,12.2485
3795,0,0,0,0,1,0,0,420.0,100.0,2.0,26.4637,12.7722
3796,0,0,0,0,1,0,0,420.0,100.0,2.25,28.4915,12.6574
3797,0,0,0,0,1,0,0,420.0,100.0,2.515,29.4667,11.9348
3798,0,0,0,0,1,0,0,420.0,110.0,0.498,9.1545,7.00378
3799,0,0,0,0,1,0,0,420.0,110.0,0.75,12.1957,8.42415
3800,0,0,0,0,1,0,0,420.0,110.0,1.0,15.4511,9.85111
3801,0,0,0,0,1,0,0,420.0,110.0,1.25,19.0726,11.2911
3802,0,0,0,0,1,0,0,420.0,110.0,1.5,22.8425,12.5751
3803,0,0,0,0,1,0,0,420.0,110.0,1.75,26.4813,13.5781
3804,0,0,0,0,1,0,0,420.0,110.0,2.0,29.653,14.1249
3805,0,0,0,0,1,0,0,420.0,110.0,2.25,31.9328,14.0533
3806,0,0,0,0,1,0,0,420.0,110.0,2.515,33.1646,13.3855
3807,0,0,0,0,1,0,0,480.0,30.0,0.498,0,0
3808,0,0,0,0,1,0,0,480.0,30.0,0.75,0,0
3809,0,0,0,0,1,0,0,480.0,30.0,1.0,0,0
3810,0,0,0,0,1,0,0,480.0,30.0,1.25,0.147595,0.0398181
3811,0,0,0,0,1,0,0,480.0,30.0,1.5,0.343892,0.136418
3812,0,0,0,0,1,0,0,480.0,30.0,1.75,0.518944,0.223809
3813,0,0,0,0,1,0,0,480.0,30.0,2.0,0.694819,0.314007
3814,0,0,0,0,1,0,0,480.0,30.0,2.25,0.884802,0.397031
3815,0,0,0,0,1,0,0,480.0,30.0,2.515,1.20723,0.509709
3816,0,0,0,0,1,0,0,480.0,40.0,0.498,0,0.113381
3817,0,0,0,0,1,0,0,480.0,40.0,0.75,0.2679,0.413247
3818,0,0,0,0,1,0,0,480.0,40.0,1.0,1.09523,0.789236
3819,0,0,0,0,1,0,0,480.0,40.0,1.25,1.73448,1.08189
3820,0,0,0,0,1,0,0,480.0,40.0,1.5,2.02868,1.22165
3821,0,0,0,0,1,0,0,480.0,40.0,1.75,2.16637,1.22346
3822,0,0,0,0,1,0,0,480.0,40.0,2.0,2.29646,1.1507
3823,0,0,0,0,1,0,0,480.0,40.0,2.25,2.62763,1.12957
3824,0,0,0,0,1,0,0,480.0,40.0,2.515,3.05739,1.098
3825,0,0,0,0,1,0,0,480.0,50.0,0.498,0.403895,0.772928
3826,0,0,0,0,1,0,0,480.0,50.0,0.75,1.8347,1.49907
3827,0,0,0,0,1,0,0,480.0,50.0,1.0,3.24077,2.12825
3828,0,0,0,0,1,0,0,480.0,50.0,1.25,4.32285,2.58924
3829,0,0,0,0,1,0,0,480.0,50.0,1.5,4.93499,2.83195
3830,0,0,0,0,1,0,0,480.0,50.0,1.75,5.41294,2.94887
3831,0,0,0,0,1,0,0,480.0,50.0,2.0,5.81087,2.92031
3832,0,0,0,0,1,0,0,480.0,50.0,2.25,6.34412,2.84169
3833,0,0,0,0,1,0,0,480.0,50.0,2.515,6.91302,2.74793
3834,0,0,0,0,1,0,0,480.0,60.0,0.498,1.63844,1.74797
3835,0,0,0,0,1,0,0,480.0,60.0,0.75,3.58934,2.68692
3836,0,0,0,0,1,0,0,480.0,60.0,1.0,5.33612,3.48965
3837,0,0,0,0,1,0,0,480.0,60.0,1.25,6.92565,4.13347
3838,0,0,0,0,1,0,0,480.0,60.0,1.5,8.15106,4.602
3839,0,0,0,0,1,0,0,480.0,60.0,1.75,9.03619,4.85164
3840,0,0,0,0,1,0,0,480.0,60.0,2.0,9.87049,4.93533
3841,0,0,0,0,1,0,0,480.0,60.0,2.25,10.6196,4.83172
3842,0,0,0,0,1,0,0,480.0,60.0,2.515,11.3594,4.62857
3843,0,0,0,0,1,0,0,480.0,70.0,0.498,3.11972,2.83811
3844,0,0,0,0,1,0,0,480.0,70.0,0.75,5.37935,3.90243
3845,0,0,0,0,1,0,0,480.0,70.0,1.0,7.57054,4.90915
3846,0,0,0,0,1,0,0,480.0,70.0,1.25,9.70262,5.81493
3847,0,0,0,0,1,0,0,480.0,70.0,1.5,11.5939,6.52458
3848,0,0,0,0,1,0,0,480.0,70.0,1.75,13.1753,6.98721
3849,0,0,0,0,1,0,0,480.0,70.0,2.0,14.4646,7.16776
3850,0,0,0,0,1,0,0,480.0,70.0,2.25,15.588,7.07967
3851,0,0,0,0,1,0,0,480.0,70.0,2.515,16.4755,6.7563
3852,0,0,0,0,1,0,0,480.0,80.0,0.498,4.83186,3.99081
3853,0,0,0,0,1,0,0,480.0,80.0,0.75,7.35031,5.19324
3854,0,0,0,0,1,0,0,480.0,80.0,1.0,9.91511,6.37304
3855,0,0,0,0,1,0,0,480.0,80.0,1.25,12.5778,7.5414
3856,0,0,0,0,1,0,0,480.0,80.0,1.5,15.2265,8.5441
3857,0,0,0,0,1,0,0,480.0,80.0,1.75,17.5461,9.2412
3858,0,0,0,0,1,0,0,480.0,80.0,2.0,19.483,9.55163
3859,0,0,0,0,1,0,0,480.0,80.0,2.25,21.0093,9.47331
3860,0,0,0,0,1,0,0,480.0,80.0,2.515,21.8881,8.95741
3861,0,0,0,0,1,0,0,480.0,90.0,0.498,6.57519,5.16902
3862,0,0,0,0,1,0,0,480.0,90.0,0.75,9.36598,6.48803
3863,0,0,0,0,1,0,0,480.0,90.0,1.0,12.2787,7.8342
3864,0,0,0,0,1,0,0,480.0,90.0,1.25,15.4415,9.20748
3865,0,0,0,0,1,0,0,480.0,90.0,1.5,18.7047,10.4666
3866,0,0,0,0,1,0,0,480.0,90.0,1.75,21.8483,11.4172
3867,0,0,0,0,1,0,0,480.0,90.0,2.0,24.5645,11.9205
3868,0,0,0,0,1,0,0,480.0,90.0,2.25,26.4514,11.8429
3869,0,0,0,0,1,0,0,480.0,90.0,2.515,27.2589,11.1203
3870,0,0,0,0,1,0,0,480.0,100.0,0.498,8.31464,6.34303
3871,0,0,0,0,1,0,0,480.0,100.0,0.75,11.2949,7.76084
3872,0,0,0,0,1,0,0,480.0,100.0,1.0,14.6002,9.25702
3873,0,0,0,0,1,0,0,480.0,100.0,1.25,18.2013,10.7606
3874,0,0,0,0,1,0,0,480.0,100.0,1.5,21.9199,12.14
3875,0,0,0,0,1,0,0,480.0,100.0,1.75,25.6417,13.2394
3876,0,0,0,0,1,0,0,480.0,100.0,2.0,28.9537,13.9101
3877,0,0,0,0,1,0,0,480.0,100.0,2.25,31.1697,13.8329
3878,0,0,0,0,1,0,0,480.0,100.0,2.515,32.1352,13.0817
3879,0,0,0,0,1,0,0,480.0,110.0,0.498,10.0834,7.50924
3880,0,0,0,0,1,0,0,480.0,110.0,0.75,13.2802,9.0028
3881,0,0,0,0,1,0,0,480.0,110.0,1.0,16.9185,10.5613
3882,0,0,0,0,1,0,0,480.0,110.0,1.25,20.7735,12.1184
3883,0,0,0,0,1,0,0,480.0,110.0,1.5,24.8134,13.5298
3884,0,0,0,0,1,0,0,480.0,110.0,1.75,28.7954,14.6841
3885,0,0,0,0,1,0,0,480.0,110.0,2.0,32.2923,15.3327
3886,0,0,0,0,1,0,0,480.0,110.0,2.25,34.7777,15.3192
3887,0,0,0,0,1,0,0,480.0,110.0,2.515,36.0193,14.6329
3888,0,0,0,0,1,0,0,540.0,30.0,0.498,0,0
3889,0,0,0,0,1,0,0,540.0,30.0,0.75,0,0
3890,0,0,0,0,1,0,0,540.0,30.0,1.0,0.129197,0
3891,0,0,0,0,1,0,0,540.0,30.0,1.25,0.370833,0.097284
3892,0,0,0,0,1,0,0,540.0,30.0,1.5,0.5672,0.228114
3893,0,0,0,0,1,0,0,540.0,30.0,1.75,0.758316,0.304877
3894,0,0,0,0,1,0,0,540.0,30.0,2.0,0.944602,0.381148
3895,0,0,0,0,1,0,0,540.0,30.0,2.25,1.20789,0.479234
3896,0,0,0,0,1,0,0,540.0,30.0,2.515,1.53548,0.591402
3897,0,0,0,0,1,0,0,540.0,40.0,0.498,0,0.163574
3898,0,0,0,0,1,0,0,540.0,40.0,0.75,0.527449,0.542155
3899,0,0,0,0,1,0,0,540.0,40.0,1.0,1.43186,0.923463
3900,0,0,0,0,1,0,0,540.0,40.0,1.25,2.21721,1.2667
3901,0,0,0,0,1,0,0,540.0,40.0,1.5,2.59322,1.44143
3902,0,0,0,0,1,0,0,540.0,40.0,1.75,2.89858,1.52399
3903,0,0,0,0,1,0,0,540.0,40.0,2.0,3.16653,1.51287
3904,0,0,0,0,1,0,0,540.0,40.0,2.25,3.56282,1.53507
3905,0,0,0,0,1,0,0,540.0,40.0,2.515,4.05601,1.48799
3906,0,0,0,0,1,0,0,540.0,50.0,0.498,0.785191,0.977923
3907,0,0,0,0,1,0,0,540.0,50.0,0.75,2.36861,1.75263
3908,0,0,0,0,1,0,0,540.0,50.0,1.0,3.79563,2.38643
3909,0,0,0,0,1,0,0,540.0,50.0,1.25,4.92094,2.83382
3910,0,0,0,0,1,0,0,540.0,50.0,1.5,5.71646,3.13185
3911,0,0,0,0,1,0,0,540.0,50.0,1.75,6.27788,3.29578
3912,0,0,0,0,1,0,0,540.0,50.0,2.0,6.82103,3.3464
3913,0,0,0,0,1,0,0,540.0,50.0,2.25,7.42568,3.29543
3914,0,0,0,0,1,0,0,540.0,50.0,2.515,8.09954,3.2418
3915,0,0,0,0,1,0,0,540.0,60.0,0.498,2.26399,2.05293
3916,0,0,0,0,1,0,0,540.0,60.0,0.75,4.24462,3.00995
3917,0,0,0,0,1,0,0,540.0,60.0,1.0,6.13721,3.85631
3918,0,0,0,0,1,0,0,540.0,60.0,1.25,7.74958,4.49901
3919,0,0,0,0,1,0,0,540.0,60.0,1.5,9.11877,5.0063
3920,0,0,0,0,1,0,0,540.0,60.0,1.75,10.1275,5.30527
3921,0,0,0,0,1,0,0,540.0,60.0,2.0,11.0031,5.3963
3922,0,0,0,0,1,0,0,540.0,60.0,2.25,11.7962,5.30889
3923,0,0,0,0,1,0,0,540.0,60.0,2.515,12.5558,5.12415
3924,0,0,0,0,1,0,0,540.0,70.0,0.498,3.89342,3.20489
3925,0,0,0,0,1,0,0,540.0,70.0,0.75,6.2216,4.29845
3926,0,0,0,0,1,0,0,540.0,70.0,1.0,8.53622,5.3671
3927,0,0,0,0,1,0,0,540.0,70.0,1.25,10.7337,6.29221
3928,0,0,0,0,1,0,0,540.0,70.0,1.5,12.7093,7.03306
3929,0,0,0,0,1,0,0,540.0,70.0,1.75,14.432,7.53831
3930,0,0,0,0,1,0,0,540.0,70.0,2.0,15.7622,7.7138
3931,0,0,0,0,1,0,0,540.0,70.0,2.25,16.7982,7.59184
3932,0,0,0,0,1,0,0,540.0,70.0,2.515,17.6001,7.22715
3933,0,0,0,0,1,0,0,540.0,80.0,0.498,5.63151,4.40242
3934,0,0,0,0,1,0,0,540.0,80.0,0.75,8.26288,5.62799
3935,0,0,0,0,1,0,0,540.0,80.0,1.0,10.9752,6.87332
3936,0,0,0,0,1,0,0,540.0,80.0,1.25,13.7334,8.08541
3937,0,0,0,0,1,0,0,540.0,80.0,1.5,16.4999,9.13859
3938,0,0,0,0,1,0,0,540.0,80.0,1.75,18.9699,9.86155
3939,0,0,0,0,1,0,0,540.0,80.0,2.0,20.949,10.1965
3940,0,0,0,0,1,0,0,540.0,80.0,2.25,22.4355,10.0801
3941,0,0,0,0,1,0,0,540.0,80.0,2.515,23.3665,9.5714
3942,0,0,0,0,1,0,0,540.0,90.0,0.498,7.42903,5.60691
3943,0,0,0,0,1,0,0,540.0,90.0,0.75,10.3903,6.98989
3944,0,0,0,0,1,0,0,540.0,90.0,1.0,13.4422,8.3802
3945,0,0,0,0,1,0,0,540.0,90.0,1.25,16.7384,9.80463
3946,0,0,0,0,1,0,0,540.0,90.0,1.5,20.1931,11.1258
3947,0,0,0,0,1,0,0,540.0,90.0,1.75,23.4038,12.0992
3948,0,0,0,0,1,0,0,540.0,90.0,2.0,26.178,12.6225
3949,0,0,0,0,1,0,0,540.0,90.0,2.25,28.2,12.5796
3950,0,0,0,0,1,0,0,540.0,90.0,2.515,29.1134,11.8935
3951,0,0,0,0,1,0,0,540.0,100.0,0.498,9.20001,6.81599
3952,0,0,0,0,1,0,0,540.0,100.0,0.75,12.3898,8.2876
3953,0,0,0,0,1,0,0,540.0,100.0,1.0,15.8972,9.85004
3954,0,0,0,0,1,0,0,540.0,100.0,1.25,19.663,11.4087
3955,0,0,0,0,1,0,0,540.0,100.0,1.5,23.5619,12.8567
3956,0,0,0,0,1,0,0,540.0,100.0,1.75,27.4127,14.0258
3957,0,0,0,0,1,0,0,540.0,100.0,2.0,30.9319,14.7549
3958,0,0,0,0,1,0,0,540.0,100.0,2.25,33.3466,14.7675
3959,0,0,0,0,1,0,0,540.0,100.0,2.515,34.347,13.9947
3960,0,0,0,0,1,0,0,540.0,110.0,0.498,10.9925,7.99535
3961,0,0,0,0,1,0,0,540.0,110.0,0.75,14.4395,9.5563
3962,0,0,0,0,1,0,0,540.0,110.0,1.0,18.2681,11.2094
3963,0,0,0,0,1,0,0,540.0,110.0,1.25,22.2781,12.8076
3964,0,0,0,0,1,0,0,540.0,110.0,1.5,26.4882,14.3003
3965,0,0,0,0,1,0,0,540.0,110.0,1.75,30.7451,15.5543
3966,0,0,0,0,1,0,0,540.0,110.0,2.0,34.5118,16.3204
3967,0,0,0,0,1,0,0,540.0,110.0,2.25,37.1108,16.3393
3968,0,0,0,0,1,0,0,540.0,110.0,2.515,38.3591,15.6285
3969,0,0,0,0,1,0,0,600.0,30.0,0.498,0,0
3970,0,0,0,0,1,0,0,600.0,30.0,0.75,0.00544631,0
3971,0,0,0,0,1,0,0,600.0,30.0,1.0,0.335182,0.0272546
3972,0,0,0,0,1,0,0,600.0,30.0,1.25,0.606643,0.186148
3973,0,0,0,0,1,0,0,600.0,30.0,1.5,0.858042,0.320569
3974,0,0,0,0,1,0,0,600.0,30.0,1.75,1.14218,0.400201
3975,0,0,0,0,1,0,0,600.0,30.0,2.0,1.41659,0.466971
3976,0,0,0,0,1,0,0,600.0,30.0,2.25,1.68355,0.57352
3977,0,0,0,0,1,0,0,600.0,30.0,2.515,1.99288,0.663516
3978,0,0,0,0,1,0,0,600.0,40.0,0.498,0.162082,0.30058
3979,0,0,0,0,1,0,0,600.0,40.0,0.75,0.821777,0.653122
3980,0,0,0,0,1,0,0,600.0,40.0,1.0,1.79271,1.09917
3981,0,0,0,0,1,0,0,600.0,40.0,1.25,2.65189,1.44609
3982,0,0,0,0,1,0,0,600.0,40.0,1.5,3.20933,1.68316
3983,0,0,0,0,1,0,0,600.0,40.0,1.75,3.61694,1.78304
3984,0,0,0,0,1,0,0,600.0,40.0,2.0,4.05476,1.8874
3985,0,0,0,0,1,0,0,600.0,40.0,2.25,4.52027,1.9305
3986,0,0,0,0,1,0,0,600.0,40.0,2.515,5.16242,1.94416
3987,0,0,0,0,1,0,0,600.0,50.0,0.498,1.17661,1.17502
3988,0,0,0,0,1,0,0,600.0,50.0,0.75,2.83026,1.98464
3989,0,0,0,0,1,0,0,600.0,50.0,1.0,4.27583,2.60762
3990,0,0,0,0,1,0,0,600.0,50.0,1.25,5.50899,3.0931
3991,0,0,0,0,1,0,0,600.0,50.0,1.5,6.46064,3.4344
3992,0,0,0,0,1,0,0,600.0,50.0,1.75,7.21064,3.64944
3993,0,0,0,0,1,0,0,600.0,50.0,2.0,7.83599,3.75248
3994,0,0,0,0,1,0,0,600.0,50.0,2.25,8.49165,3.75659
3995,0,0,0,0,1,0,0,600.0,50.0,2.515,9.27793,3.71251
3996,0,0,0,0,1,0,0,600.0,60.0,0.498,2.8126,2.35132
3997,0,0,0,0,1,0,0,600.0,60.0,0.75,4.89995,3.3241
3998,0,0,0,0,1,0,0,600.0,60.0,1.0,6.88907,4.20501
3999,0,0,0,0,1,0,0,600.0,60.0,1.25,8.55688,4.87047
4000,0,0,0,0,1,0,0,600.0,60.0,1.5,9.97269,5.37171
4001,0,0,0,0,1,0,0,600.0,60.0,1.75,11.1919,5.73105
4002,0,0,0,0,1,0,0,600.0,60.0,2.0,12.1143,5.83473
4003,0,0,0,0,1,0,0,600.0,60.0,2.25,12.8924,5.76202
4004,0,0,0,0,1,0,0,600.0,60.0,2.515,13.7038,5.60081
4005,0,0,0,0,1,0,0,600.0,70.0,0.498,4.67882,3.59208
4006,0,0,0,0,1,0,0,600.0,70.0,0.75,7.06534,4.71978
4007,0,0,0,0,1,0,0,600.0,70.0,1.0,9.41577,5.78889
4008,0,0,0,0,1,0,0,600.0,70.0,1.25,11.6428,6.70824
4009,0,0,0,0,1,0,0,600.0,70.0,1.5,13.7298,7.45672
4010,0,0,0,0,1,0,0,600.0,70.0,1.75,15.5157,7.98225
4011,0,0,0,0,1,0,0,600.0,70.0,2.0,16.9341,8.16323
4012,0,0,0,0,1,0,0,600.0,70.0,2.25,17.886,8.03293
4013,0,0,0,0,1,0,0,600.0,70.0,2.515,18.5941,7.62595
4014,0,0,0,0,1,0,0,600.0,80.0,0.498,6.4505,4.81103
4015,0,0,0,0,1,0,0,600.0,80.0,0.75,9.20934,6.09784
4016,0,0,0,0,1,0,0,600.0,80.0,1.0,11.9793,7.34567
4017,0,0,0,0,1,0,0,600.0,80.0,1.25,14.8451,8.57799
4018,0,0,0,0,1,0,0,600.0,80.0,1.5,17.6541,9.6135
4019,0,0,0,0,1,0,0,600.0,80.0,1.75,20.0636,10.3008
4020,0,0,0,0,1,0,0,600.0,80.0,2.0,22.0749,10.6394
4021,0,0,0,0,1,0,0,600.0,80.0,2.25,23.5432,10.5394
4022,0,0,0,0,1,0,0,600.0,80.0,2.515,24.5291,10.0438
4023,0,0,0,0,1,0,0,600.0,90.0,0.498,8.30901,6.05647
4024,0,0,0,0,1,0,0,600.0,90.0,0.75,11.4067,7.47082
4025,0,0,0,0,1,0,0,600.0,90.0,1.0,14.5892,8.91418
4026,0,0,0,0,1,0,0,600.0,90.0,1.25,18.0338,10.351
4027,0,0,0,0,1,0,0,600.0,90.0,1.5,21.4575,11.6367
4028,0,0,0,0,1,0,0,600.0,90.0,1.75,24.5921,12.5398
4029,0,0,0,0,1,0,0,600.0,90.0,2.0,27.3318,13.0631
4030,0,0,0,0,1,0,0,600.0,90.0,2.25,29.3719,13.0498
4031,0,0,0,0,1,0,0,600.0,90.0,2.515,30.3978,12.4336
4032,0,0,0,0,1,0,0,600.0,100.0,0.498,10.1797,7.28538
4033,0,0,0,0,1,0,0,600.0,100.0,0.75,13.4933,8.80268
4034,0,0,0,0,1,0,0,600.0,100.0,1.0,17.1203,10.3838
4035,0,0,0,0,1,0,0,600.0,100.0,1.25,20.9627,11.9498
4036,0,0,0,0,1,0,0,600.0,100.0,1.5,24.9178,13.3719
4037,0,0,0,0,1,0,0,600.0,100.0,1.75,28.756,14.5386
4038,0,0,0,0,1,0,0,600.0,100.0,2.0,32.1621,15.2291
4039,0,0,0,0,1,0,0,600.0,100.0,2.25,34.6777,15.2852
4040,0,0,0,0,1,0,0,600.0,100.0,2.515,35.7173,14.5761
4041,0,0,0,0,1,0,0,600.0,110.0,0.498,12.0175,8.47725
4042,0,0,0,0,1,0,0,600.0,110.0,0.75,15.655,10.1012
4043,0,0,0,0,1,0,0,600.0,110.0,1.0,19.5194,11.7557
4044,0,0,0,0,1,0,0,600.0,110.0,1.25,23.6052,13.3575
4045,0,0,0,0,1,0,0,600.0,110.0,1.5,27.8924,14.8548
4046,0,0,0,0,1,0,0,600.0,110.0,1.75,32.2034,16.1216
4047,0,0,0,0,1,0,0,600.0,110.0,2.0,35.9957,16.9217
4048,0,0,0,0,1,0,0,600.0,110.0,2.25,38.597,16.952
4049,0,0,0,0,1,0,0,600.0,110.0,2.515,40.069,16.3393
4050,0,0,0,0,0,1,0,60.0,30.0,0.498,0,0
4051,0,0,0,0,0,1,0,60.0,30.0,0.75,0,0
4052,0,0,0,0,0,1,0,60.0,30.0,1.0,0,0
4053,0,0,0,0,0,1,0,60.0,30.0,1.25,0,0
4054,0,0,0,0,0,1,0,60.0,30.0,1.5,0,0
4055,0,0,0,0,0,1,0,60.0,30.0,1.75,0,0
4056,0,0,0,0,0,1,0,60.0,30.0,2.0,0,0
4057,0,0,0,0,0,1,0,60.0,30.0,2.25,0,0
4058,0,0,0,0,0,1,0,60.0,30.0,2.515,0,0
4059,0,0,0,0,0,1,0,60.0,40.0,0.498,0,0
4060,0,0,0,0,0,1,0,60.0,40.0,0.75,0,0
4061,0,0,0,0,0,1,0,60.0,40.0,1.0,0,0
4062,0,0,0,0,0,1,0,60.0,40.0,1.25,0,0.0511483
4063,0,0,0,0,0,1,0,60.0,40.0,1.5,0.130816,0.0984554
4064,0,0,0,0,0,1,0,60.0,40.0,1.75,0.161224,0.0790182
4065,0,0,0,0,0,1,0,60.0,40.0,2.0,0.05321,0.0110678
4066,0,0,0,0,0,1,0,60.0,40.0,2.25,0,0
4067,0,0,0,0,0,1,0,60.0,40.0,2.515,0,0
4068,0,0,0,0,0,1,0,60.0,50.0,0.498,0,0
4069,0,0,0,0,0,1,0,60.0,50.0,0.75,0,0
4070,0,0,0,0,0,1,0,60.0,50.0,1.0,0,0.0515752
4071,0,0,0,0,0,1,0,60.0,50.0,1.25,0.0829113,0.141355
4072,0,0,0,0,0,1,0,60.0,50.0,1.5,0.304695,0.201507
4073,0,0,0,0,0,1,0,60.0,50.0,1.75,0.330582,0.180956
4074,0,0,0,0,0,1,0,60.0,50.0,2.0,0.229371,0.100824
4075,0,0,0,0,0,1,0,60.0,50.0,2.25,0.0544111,0
4076,0,0,0,0,0,1,0,60.0,50.0,2.515,0,0
4077,0,0,0,0,0,1,0,60.0,60.0,0.498,0,0
4078,0,0,0,0,0,1,0,60.0,60.0,0.75,0,0.0065035
4079,0,0,0,0,0,1,0,60.0,60.0,1.0,0,0.13344
4080,0,0,0,0,0,1,0,60.0,60.0,1.25,0.171287,0.203192
4081,0,0,0,0,0,1,0,60.0,60.0,1.5,0.39141,0.288604
4082,0,0,0,0,0,1,0,60.0,60.0,1.75,0.41673,0.276085
4083,0,0,0,0,0,1,0,60.0,60.0,2.0,0.329835,0.165334
4084,0,0,0,0,0,1,0,60.0,60.0,2.25,0.140915,0.0430303
4085,0,0,0,0,0,1,0,60.0,60.0,2.515,0,0
4086,0,0,0,0,0,1,0,60.0,70.0,0.498,0,0
4087,0,0,0,0,0,1,0,60.0,70.0,0.75,0,0.0714847
4088,0,0,0,0,0,1,0,60.0,70.0,1.0,0,0.24931
4089,0,0,0,0,0,1,0,60.0,70.0,1.25,0.169933,0.33772
4090,0,0,0,0,0,1,0,60.0,70.0,1.5,0.347518,0.477106
4091,0,0,0,0,0,1,0,60.0,70.0,1.75,0.408922,0.41619
4092,0,0,0,0,0,1,0,60.0,70.0,2.0,0.375699,0.251355
4093,0,0,0,0,0,1,0,60.0,70.0,2.25,0.200528,0.0729616
4094,0,0,0,0,0,1,0,60.0,70.0,2.515,0,0
4095,0,0,0,0,0,1,0,60.0,80.0,0.498,0,0.0245097
4096,0,0,0,0,0,1,0,60.0,80.0,0.75,0,0.15682
4097,0,0,0,0,0,1,0,60.0,80.0,1.0,0,0.349884
4098,0,0,0,0,0,1,0,60.0,80.0,1.25,0.128622,0.563967
4099,0,0,0,0,0,1,0,60.0,80.0,1.5,0.26727,0.660964
4100,0,0,0,0,0,1,0,60.0,80.0,1.75,0.367098,0.662681
4101,0,0,0,0,0,1,0,60.0,80.0,2.0,0.354769,0.347337
4102,0,0,0,0,0,1,0,60.0,80.0,2.25,0.246418,0.0921072
4103,0,0,0,0,0,1,0,60.0,80.0,2.515,0.0537077,0
4104,0,0,0,0,0,1,0,60.0,90.0,0.498,0,0.0931884
4105,0,0,0,0,0,1,0,60.0,90.0,0.75,0,0.216724
4106,0,0,0,0,0,1,0,60.0,90.0,1.0,0,0.509886
4107,0,0,0,0,0,1,0,60.0,90.0,1.25,0.00580155,0.684223
4108,0,0,0,0,0,1,0,60.0,90.0,1.5,0.167226,0.812909
4109,0,0,0,0,0,1,0,60.0,90.0,1.75,0.267515,0.778622
4110,0,0,0,0,0,1,0,60.0,90.0,2.0,0.301092,0.484266
4111,0,0,0,0,0,1,0,60.0,90.0,2.25,0.246944,0.0905167
4112,0,0,0,0,0,1,0,60.0,90.0,2.515,0.144495,0
4113,0,0,0,0,0,1,0,60.0,100.0,0.498,0,0.150534
4114,0,0,0,0,0,1,0,60.0,100.0,0.75,0,0.329707
4115,0,0,0,0,0,1,0,60.0,100.0,1.0,0,0.583801
4116,0,0,0,0,0,1,0,60.0,100.0,1.25,0,0.7492
4117,0,0,0,0,0,1,0,60.0,100.0,1.5,0.0157886,0.846505
4118,0,0,0,0,0,1,0,60.0,100.0,1.75,0.218302,0.787871
4119,0,0,0,0,0,1,0,60.0,100.0,2.0,0.28454,0.487712
4120,0,0,0,0,0,1,0,60.0,100.0,2.25,0.227708,0.111686
4121,0,0,0,0,0,1,0,60.0,100.0,2.515,0.18733,0
4122,0,0,0,0,0,1,0,60.0,110.0,0.498,0,0.221939
4123,0,0,0,0,0,1,0,60.0,110.0,0.75,0,0.467195
4124,0,0,0,0,0,1,0,60.0,110.0,1.0,0,0.620097
4125,0,0,0,0,0,1,0,60.0,110.0,1.25,0,0.759384
4126,0,0,0,0,0,1,0,60.0,110.0,1.5,0,0.808158
4127,0,0,0,0,0,1,0,60.0,110.0,1.75,0.108903,0.682267
4128,0,0,0,0,0,1,0,60.0,110.0,2.0,0.280954,0.405171
4129,0,0,0,0,0,1,0,60.0,110.0,2.25,0.320594,0.151322
4130,0,0,0,0,0,1,0,60.0,110.0,2.515,0.423721,0
4131,0,0,0,0,0,1,0,120.0,30.0,0.498,0,0
4132,0,0,0,0,0,1,0,120.0,30.0,0.75,0,0
4133,0,0,0,0,0,1,0,120.0,30.0,1.0,0,0
4134,0,0,0,0,0,1,0,120.0,30.0,1.25,0,0
4135,0,0,0,0,0,1,0,120.0,30.0,1.5,0,0
4136,0,0,0,0,0,1,0,120.0,30.0,1.75,0,0
4137,0,0,0,0,0,1,0,120.0,30.0,2.0,0,0
4138,0,0,0,0,0,1,0,120.0,30.0,2.25,0,0
4139,0,0,0,0,0,1,0,120.0,30.0,2.515,0,0
4140,0,0,0,0,0,1,0,120.0,40.0,0.498,0,0
4141,0,0,0,0,0,1,0,120.0,40.0,0.75,0,0
4142,0,0,0,0,0,1,0,120.0,40.0,1.0,0,0.00392534
4143,0,0,0,0,0,1,0,120.0,40.0,1.25,0,0.082622
4144,0,0,0,0,0,1,0,120.0,40.0,1.5,0.113907,0.134157
4145,0,0,0,0,0,1,0,120.0,40.0,1.75,0.21597,0.126129
4146,0,0,0,0,0,1,0,120.0,40.0,2.0,0.158204,0.0605192
4147,0,0,0,0,0,1,0,120.0,40.0,2.25,0.0119753,0
4148,0,0,0,0,0,1,0,120.0,40.0,2.515,0,0
4149,0,0,0,0,0,1,0,120.0,50.0,0.498,0,0
4150,0,0,0,0,0,1,0,120.0,50.0,0.75,0,0
4151,0,0,0,0,0,1,0,120.0,50.0,1.0,0,0.117392
4152,0,0,0,0,0,1,0,120.0,50.0,1.25,0.0702715,0.195841
4153,0,0,0,0,0,1,0,120.0,50.0,1.5,0.314525,0.254633
4154,0,0,0,0,0,1,0,120.0,50.0,1.75,0.433222,0.280199
4155,0,0,0,0,0,1,0,120.0,50.0,2.0,0.353478,0.198342
4156,0,0,0,0,0,1,0,120.0,50.0,2.25,0.183528,0.0625027
4157,0,0,0,0,0,1,0,120.0,50.0,2.515,0,0
4158,0,0,0,0,0,1,0,120.0,60.0,0.498,0,0
4159,0,0,0,0,0,1,0,120.0,60.0,0.75,0,0.058058
4160,0,0,0,0,0,1,0,120.0,60.0,1.0,0,0.215125
4161,0,0,0,0,0,1,0,120.0,60.0,1.25,0.220515,0.34073
4162,0,0,0,0,0,1,0,120.0,60.0,1.5,0.467553,0.518274
4163,0,0,0,0,0,1,0,120.0,60.0,1.75,0.559368,0.529709
4164,0,0,0,0,0,1,0,120.0,60.0,2.0,0.540534,0.370149
4165,0,0,0,0,0,1,0,120.0,60.0,2.25,0.316567,0.152579
4166,0,0,0,0,0,1,0,120.0,60.0,2.515,0.0735412,0
4167,0,0,0,0,0,1,0,120.0,70.0,0.498,0,0
4168,0,0,0,0,0,1,0,120.0,70.0,0.75,0,0.130331
4169,0,0,0,0,0,1,0,120.0,70.0,1.0,0,0.383503
4170,0,0,0,0,0,1,0,120.0,70.0,1.25,0.256845,0.659231
4171,0,0,0,0,0,1,0,120.0,70.0,1.5,0.451362,0.862426
4172,0,0,0,0,0,1,0,120.0,70.0,1.75,0.578818,0.807977
4173,0,0,0,0,0,1,0,120.0,70.0,2.0,0.588057,0.571863
4174,0,0,0,0,0,1,0,120.0,70.0,2.25,0.435424,0.228771
4175,0,0,0,0,0,1,0,120.0,70.0,2.515,0.180734,0.0179965
4176,0,0,0,0,0,1,0,120.0,80.0,0.498,0,0.0294076
4177,0,0,0,0,0,1,0,120.0,80.0,0.75,0,0.260835
4178,0,0,0,0,0,1,0,120.0,80.0,1.0,0,0.64958
4179,0,0,0,0,0,1,0,120.0,80.0,1.25,0.239597,0.914326
4180,0,0,0,0,0,1,0,120.0,80.0,1.5,0.463059,1.08323
4181,0,0,0,0,0,1,0,120.0,80.0,1.75,0.604049,1.09553
4182,0,0,0,0,0,1,0,120.0,80.0,2.0,0.575618,0.804841
4183,0,0,0,0,0,1,0,120.0,80.0,2.25,0.476467,0.323107
4184,0,0,0,0,0,1,0,120.0,80.0,2.515,0.292858,0.0708542
4185,0,0,0,0,0,1,0,120.0,90.0,0.498,0,0.112496
4186,0,0,0,0,0,1,0,120.0,90.0,0.75,0,0.484332
4187,0,0,0,0,0,1,0,120.0,90.0,1.0,0,0.865508
4188,0,0,0,0,0,1,0,120.0,90.0,1.25,0.112744,1.08947
4189,0,0,0,0,0,1,0,120.0,90.0,1.5,0.444077,1.28221
4190,0,0,0,0,0,1,0,120.0,90.0,1.75,0.71103,1.26796
4191,0,0,0,0,0,1,0,120.0,90.0,2.0,0.688284,0.961663
4192,0,0,0,0,0,1,0,120.0,90.0,2.25,0.530153,0.460637
4193,0,0,0,0,0,1,0,120.0,90.0,2.515,0.461798,0.126087
4194,0,0,0,0,0,1,0,120.0,100.0,0.498,0,0.201882
4195,0,0,0,0,0,1,0,120.0,100.0,0.75,0,0.661918
4196,0,0,0,0,0,1,0,120.0,100.0,1.0,0,1.00566
4197,0,0,0,0,0,1,0,120.0,100.0,1.25,0,1.17314
4198,0,0,0,0,0,1,0,120.0,100.0,1.5,0.261852,1.34341
4199,0,0,0,0,0,1,0,120.0,100.0,1.75,0.62901,1.2993
4200,0,0,0,0,0,1,0,120.0,100.0,2.0,0.738177,1.00694
4201,0,0,0,0,0,1,0,120.0,100.0,2.25,0.69073,0.521244
4202,0,0,0,0,0,1,0,120.0,100.0,2.515,0.626329,0.153511
4203,0,0,0,0,0,1,0,120.0,110.0,0.498,0,0.361069
4204,0,0,0,0,0,1,0,120.0,110.0,0.75,0,0.756552
4205,0,0,0,0,0,1,0,120.0,110.0,1.0,0,1.03521
4206,0,0,0,0,0,1,0,120.0,110.0,1.25,0,1.19915
4207,0,0,0,0,0,1,0,120.0,110.0,1.5,0.11624,1.25261
4208,0,0,0,0,0,1,0,120.0,110.0,1.75,0.572217,1.21323
4209,0,0,0,0,0,1,0,120.0,110.0,2.0,0.752926,0.923487
4210,0,0,0,0,0,1,0,120.0,110.0,2.25,0.878977,0.502688
4211,0,0,0,0,0,1,0,120.0,110.0,2.515,1.05344,0.187592
4212,0,0,0,0,0,1,0,180.0,30.0,0.498,0,0
4213,0,0,0,0,0,1,0,180.0,30.0,0.75,0,0
4214,0,0,0,0,0,1,0,180.0,30.0,1.0,0,0
4215,0,0,0,0,0,1,0,180.0,30.0,1.25,0,0
4216,0,0,0,0,0,1,0,180.0,30.0,1.5,0,0
4217,0,0,0,0,0,1,0,180.0,30.0,1.75,0,0
4218,0,0,0,0,0,1,0,180.0,30.0,2.0,0,0
4219,0,0,0,0,0,1,0,180.0,30.0,2.25,0,0
4220,0,0,0,0,0,1,0,180.0,30.0,2.515,0,0
4221,0,0,0,0,0,1,0,180.0,40.0,0.498,0,0
4222,0,0,0,0,0,1,0,180.0,40.0,0.75,0,0
4223,0,0,0,0,0,1,0,180.0,40.0,1.0,0,0.0359645
4224,0,0,0,0,0,1,0,180.0,40.0,1.25,0,0.10206
4225,0,0,0,0,0,1,0,180.0,40.0,1.5,0.050259,0.137834
4226,0,0,0,0,0,1,0,180.0,40.0,1.75,0.189345,0.144263
4227,0,0,0,0,0,1,0,180.0,40.0,2.0,0.197291,0.0859615
4228,0,0,0,0,0,1,0,180.0,40.0,2.25,0.108381,0
4229,0,0,0,0,0,1,0,180.0,40.0,2.515,0,0
4230,0,0,0,0,0,1,0,180.0,50.0,0.498,0,0
4231,0,0,0,0,0,1,0,180.0,50.0,0.75,0,0.0212917
4232,0,0,0,0,0,1,0,180.0,50.0,1.0,0,0.16172
4233,0,0,0,0,0,1,0,180.0,50.0,1.25,0.0334854,0.26145
4234,0,0,0,0,0,1,0,180.0,50.0,1.5,0.255664,0.361108
4235,0,0,0,0,0,1,0,180.0,50.0,1.75,0.511313,0.433261
4236,0,0,0,0,0,1,0,180.0,50.0,2.0,0.552831,0.334853
4237,0,0,0,0,0,1,0,180.0,50.0,2.25,0.326181,0.136095
4238,0,0,0,0,0,1,0,180.0,50.0,2.515,0.0842886,0
4239,0,0,0,0,0,1,0,180.0,60.0,0.498,0,0
4240,0,0,0,0,0,1,0,180.0,60.0,0.75,0,0.0859928
4241,0,0,0,0,0,1,0,180.0,60.0,1.0,0,0.253045
4242,0,0,0,0,0,1,0,180.0,60.0,1.25,0.188083,0.537247
4243,0,0,0,0,0,1,0,180.0,60.0,1.5,0.538062,0.746767
4244,0,0,0,0,0,1,0,180.0,60.0,1.75,0.751754,0.76733
4245,0,0,0,0,0,1,0,180.0,60.0,2.0,0.780017,0.622425
4246,0,0,0,0,0,1,0,180.0,60.0,2.25,0.599117,0.294784
4247,0,0,0,0,0,1,0,180.0,60.0,2.515,0.226358,0.0339225
4248,0,0,0,0,0,1,0,180.0,70.0,0.498,0,0
4249,0,0,0,0,0,1,0,180.0,70.0,0.75,0,0.166282
4250,0,0,0,0,0,1,0,180.0,70.0,1.0,0,0.558212
4251,0,0,0,0,0,1,0,180.0,70.0,1.25,0.290798,0.932921
4252,0,0,0,0,0,1,0,180.0,70.0,1.5,0.701036,1.17343
4253,0,0,0,0,0,1,0,180.0,70.0,1.75,0.854007,1.16416
4254,0,0,0,0,0,1,0,180.0,70.0,2.0,0.855164,0.894183
4255,0,0,0,0,0,1,0,180.0,70.0,2.25,0.789899,0.545229
4256,0,0,0,0,0,1,0,180.0,70.0,2.515,0.499627,0.123766
4257,0,0,0,0,0,1,0,180.0,80.0,0.498,0,0.0292816
4258,0,0,0,0,0,1,0,180.0,80.0,0.75,0,0.394999
4259,0,0,0,0,0,1,0,180.0,80.0,1.0,0.00884835,0.90848
4260,0,0,0,0,0,1,0,180.0,80.0,1.25,0.383481,1.21607
4261,0,0,0,0,0,1,0,180.0,80.0,1.5,0.847871,1.44846
4262,0,0,0,0,0,1,0,180.0,80.0,1.75,1.07138,1.48796
4263,0,0,0,0,0,1,0,180.0,80.0,2.0,1.04432,1.22028
4264,0,0,0,0,0,1,0,180.0,80.0,2.25,0.88499,0.699856
4265,0,0,0,0,0,1,0,180.0,80.0,2.515,0.751156,0.250681
4266,0,0,0,0,0,1,0,180.0,90.0,0.498,0,0.18305
4267,0,0,0,0,0,1,0,180.0,90.0,0.75,0,0.717066
4268,0,0,0,0,0,1,0,180.0,90.0,1.0,0,1.17387
4269,0,0,0,0,0,1,0,180.0,90.0,1.25,0.341616,1.41946
4270,0,0,0,0,0,1,0,180.0,90.0,1.5,0.88216,1.69252
4271,0,0,0,0,0,1,0,180.0,90.0,1.75,1.30894,1.69884
4272,0,0,0,0,0,1,0,180.0,90.0,2.0,1.23354,1.39438
4273,0,0,0,0,0,1,0,180.0,90.0,2.25,1.14302,0.900616
4274,0,0,0,0,0,1,0,180.0,90.0,2.515,0.971404,0.332448
4275,0,0,0,0,0,1,0,180.0,100.0,0.498,0,0.357269
4276,0,0,0,0,0,1,0,180.0,100.0,0.75,0,0.930727
4277,0,0,0,0,0,1,0,180.0,100.0,1.0,0,1.34676
4278,0,0,0,0,0,1,0,180.0,100.0,1.25,0.210458,1.54881
4279,0,0,0,0,0,1,0,180.0,100.0,1.5,0.716923,1.75618
4280,0,0,0,0,0,1,0,180.0,100.0,1.75,1.235,1.75039
4281,0,0,0,0,0,1,0,180.0,100.0,2.0,1.40537,1.48645
4282,0,0,0,0,0,1,0,180.0,100.0,2.25,1.31879,0.990868
4283,0,0,0,0,0,1,0,180.0,100.0,2.515,1.29211,0.386179
4284,0,0,0,0,0,1,0,180.0,110.0,0.498,0,0.572477
4285,0,0,0,0,0,1,0,180.0,110.0,0.75,0,1.08561
4286,0,0,0,0,0,1,0,180.0,110.0,1.0,0,1.41419
4287,0,0,0,0,0,1,0,180.0,110.0,1.25,0.114031,1.62484
4288,0,0,0,0,0,1,0,180.0,110.0,1.5,0.574678,1.719
4289,0,0,0,0,0,1,0,180.0,110.0,1.75,1.05664,1.71316
4290,0,0,0,0,0,1,0,180.0,110.0,2.0,1.46284,1.47452
4291,0,0,0,0,0,1,0,180.0,110.0,2.25,1.56977,1.00008
4292,0,0,0,0,0,1,0,180.0,110.0,2.515,1.74625,0.444156
4293,0,0,0,0,0,1,0,240.0,30.0,0.498,0,0
4294,0,0,0,0,0,1,0,240.0,30.0,0.75,0,0
4295,0,0,0,0,0,1,0,240.0,30.0,1.0,0,0
4296,0,0,0,0,0,1,0,240.0,30.0,1.25,0,0
4297,0,0,0,0,0,1,0,240.0,30.0,1.5,0,0
4298,0,0,0,0,0,1,0,240.0,30.0,1.75,0,0
4299,0,0,0,0,0,1,0,240.0,30.0,2.0,0,0
4300,0,0,0,0,0,1,0,240.0,30.0,2.25,0,0
4301,0,0,0,0,0,1,0,240.0,30.0,2.515,0,0
4302,0,0,0,0,0,1,0,240.0,40.0,0.498,0,0
4303,0,0,0,0,0,1,0,240.0,40.0,0.75,0,0
4304,0,0,0,0,0,1,0,240.0,40.0,1.0,0,0.040368
4305,0,0,0,0,0,1,0,240.0,40.0,1.25,0,0.115433
4306,0,0,0,0,0,1,0,240.0,40.0,1.5,0,0.161582
4307,0,0,0,0,0,1,0,240.0,40.0,1.75,0.176093,0.191842
4308,0,0,0,0,0,1,0,240.0,40.0,2.0,0.252728,0.133589
4309,0,0,0,0,0,1,0,240.0,40.0,2.25,0.137216,0
4310,0,0,0,0,0,1,0,240.0,40.0,2.515,0,0
4311,0,0,0,0,0,1,0,240.0,50.0,0.498,0,0
4312,0,0,0,0,0,1,0,240.0,50.0,0.75,0,0.0305806
4313,0,0,0,0,0,1,0,240.0,50.0,1.0,0,0.172684
4314,0,0,0,0,0,1,0,240.0,50.0,1.25,0,0.342415
4315,0,0,0,0,0,1,0,240.0,50.0,1.5,0.291329,0.474386
4316,0,0,0,0,0,1,0,240.0,50.0,1.75,0.566056,0.52575
4317,0,0,0,0,0,1,0,240.0,50.0,2.0,0.691558,0.435459
4318,0,0,0,0,0,1,0,240.0,50.0,2.25,0.545247,0.230536
4319,0,0,0,0,0,1,0,240.0,50.0,2.515,0.18422,0
4320,0,0,0,0,0,1,0,240.0,60.0,0.498,0,0
4321,0,0,0,0,0,1,0,240.0,60.0,0.75,0,0.10211
4322,0,0,0,0,0,1,0,240.0,60.0,1.0,0,0.334599
4323,0,0,0,0,0,1,0,240.0,60.0,1.25,0.17489,0.693418
4324,0,0,0,0,0,1,0,240.0,60.0,1.5,0.588345,0.935989
4325,0,0,0,0,0,1,0,240.0,60.0,1.75,0.861764,0.984944
4326,0,0,0,0,0,1,0,240.0,60.0,2.0,0.949794,0.861909
4327,0,0,0,0,0,1,0,240.0,60.0,2.25,0.882256,0.542367
4328,0,0,0,0,0,1,0,240.0,60.0,2.515,0.561972,0.147761
4329,0,0,0,0,0,1,0,240.0,70.0,0.498,0,0
4330,0,0,0,0,0,1,0,240.0,70.0,0.75,0,0.202645
4331,0,0,0,0,0,1,0,240.0,70.0,1.0,0,0.684716
4332,0,0,0,0,0,1,0,240.0,70.0,1.25,0.384718,1.14622
4333,0,0,0,0,0,1,0,240.0,70.0,1.5,0.930166,1.44726
4334,0,0,0,0,0,1,0,240.0,70.0,1.75,1.17525,1.46166
4335,0,0,0,0,0,1,0,240.0,70.0,2.0,1.24107,1.22513
4336,0,0,0,0,0,1,0,240.0,70.0,2.25,1.10002,0.850145
4337,0,0,0,0,0,1,0,240.0,70.0,2.515,0.858605,0.347203
4338,0,0,0,0,0,1,0,240.0,80.0,0.498,0,0.0734713
4339,0,0,0,0,0,1,0,240.0,80.0,0.75,0,0.521816
4340,0,0,0,0,0,1,0,240.0,80.0,1.0,0.0145794,1.07672
4341,0,0,0,0,0,1,0,240.0,80.0,1.25,0.569293,1.50466
4342,0,0,0,0,0,1,0,240.0,80.0,1.5,1.1217,1.79664
4343,0,0,0,0,0,1,0,240.0,80.0,1.75,1.54209,1.85203
4344,0,0,0,0,0,1,0,240.0,80.0,2.0,1.47968,1.54805
4345,0,0,0,0,0,1,0,240.0,80.0,2.25,1.36713,1.01324
4346,0,0,0,0,0,1,0,240.0,80.0,2.515,1.20149,0.518697
4347,0,0,0,0,0,1,0,240.0,90.0,0.498,0,0.275371
4348,0,0,0,0,0,1,0,240.0,90.0,0.75,0,0.889819
4349,0,0,0,0,0,1,0,240.0,90.0,1.0,0.108667,1.40362
4350,0,0,0,0,0,1,0,240.0,90.0,1.25,0.590975,1.76307
4351,0,0,0,0,0,1,0,240.0,90.0,1.5,1.21234,2.03073
4352,0,0,0,0,0,1,0,240.0,90.0,1.75,1.65746,2.03542
4353,0,0,0,0,0,1,0,240.0,90.0,2.0,1.71878,1.76002
4354,0,0,0,0,0,1,0,240.0,90.0,2.25,1.64923,1.23514
4355,0,0,0,0,0,1,0,240.0,90.0,2.515,1.50593,0.576125
4356,0,0,0,0,0,1,0,240.0,100.0,0.498,0,0.499748
4357,0,0,0,0,0,1,0,240.0,100.0,0.75,0,1.16532
4358,0,0,0,0,0,1,0,240.0,100.0,1.0,0.0486495,1.63473
4359,0,0,0,0,0,1,0,240.0,100.0,1.25,0.496141,1.91521
4360,0,0,0,0,0,1,0,240.0,100.0,1.5,1.08421,2.12928
4361,0,0,0,0,0,1,0,240.0,100.0,1.75,1.65223,2.12577
4362,0,0,0,0,0,1,0,240.0,100.0,2.0,1.96268,1.89698
4363,0,0,0,0,0,1,0,240.0,100.0,2.25,2.08537,1.41101
4364,0,0,0,0,0,1,0,240.0,100.0,2.515,2.06862,0.655066
4365,0,0,0,0,0,1,0,240.0,110.0,0.498,0,0.765028
4366,0,0,0,0,0,1,0,240.0,110.0,0.75,0,1.35144
4367,0,0,0,0,0,1,0,240.0,110.0,1.0,0,1.74285
4368,0,0,0,0,0,1,0,240.0,110.0,1.25,0.426379,1.97632
4369,0,0,0,0,0,1,0,240.0,110.0,1.5,0.974356,2.14199
4370,0,0,0,0,0,1,0,240.0,110.0,1.75,1.66958,2.1895
4371,0,0,0,0,0,1,0,240.0,110.0,2.0,2.23798,1.98639
4372,0,0,0,0,0,1,0,240.0,110.0,2.25,2.49681,1.49476
4373,0,0,0,0,0,1,0,240.0,110.0,2.515,2.74335,0.790293
4374,0,0,0,0,0,1,0,300.0,30.0,0.498,0,0
4375,0,0,0,0,0,1,0,300.0,30.0,0.75,0,0
4376,0,0,0,0,0,1,0,300.0,30.0,1.0,0,0
4377,0,0,0,0,0,1,0,300.0,30.0,1.25,0,0
4378,0,0,0,0,0,1,0,300.0,30.0,1.5,0,0
4379,0,0,0,0,0,1,0,300.0,30.0,1.75,0,0
4380,0,0,0,0,0,1,0,300.0,30.0,2.0,0,0
4381,0,0,0,0,0,1,0,300.0,30.0,2.25,0,0
4382,0,0,0,0,0,1,0,300.0,30.0,2.515,0,0
4383,0,0,0,0,0,1,0,300.0,40.0,0.498,0,0
4384,0,0,0,0,0,1,0,300.0,40.0,0.75,0,0
4385,0,0,0,0,0,1,0,300.0,40.0,1.0,0,0.03328
4386,0,0,0,0,0,1,0,300.0,40.0,1.25,0,0.0990915
4387,0,0,0,0,0,1,0,300.0,40.0,1.5,0.0135331,0.214047
4388,0,0,0,0,0,1,0,300.0,40.0,1.75,0.139987,0.235038
4389,0,0,0,0,0,1,0,300.0,40.0,2.0,0.285864,0.182557
4390,0,0,0,0,0,1,0,300.0,40.0,2.25,0.140158,0.0485708
4391,0,0,0,0,0,1,0,300.0,40.0,2.515,0,0
4392,0,0,0,0,0,1,0,300.0,50.0,0.498,0,0
4393,0,0,0,0,0,1,0,300.0,50.0,0.75,0,0.0284634
4394,0,0,0,0,0,1,0,300.0,50.0,1.0,0,0.182738
4395,0,0,0,0,0,1,0,300.0,50.0,1.25,0,0.397241
4396,0,0,0,0,0,1,0,300.0,50.0,1.5,0.307967,0.554902
4397,0,0,0,0,0,1,0,300.0,50.0,1.75,0.569016,0.609053
4398,0,0,0,0,0,1,0,300.0,50.0,2.0,0.754652,0.562927
4399,0,0,0,0,0,1,0,300.0,50.0,2.25,0.682852,0.317524
4400,0,0,0,0,0,1,0,300.0,50.0,2.515,0.319876,0.0918226
4401,0,0,0,0,0,1,0,300.0,60.0,0.498,0,0
4402,0,0,0,0,0,1,0,300.0,60.0,0.75,0,0.118149
4403,0,0,0,0,0,1,0,300.0,60.0,1.0,0,0.407533
4404,0,0,0,0,0,1,0,300.0,60.0,1.25,0.201518,0.787502
4405,0,0,0,0,0,1,0,300.0,60.0,1.5,0.643057,1.07492
4406,0,0,0,0,0,1,0,300.0,60.0,1.75,0.957584,1.17941
4407,0,0,0,0,0,1,0,300.0,60.0,2.0,1.08623,1.07448
4408,0,0,0,0,0,1,0,300.0,60.0,2.25,1.07389,0.767151
4409,0,0,0,0,0,1,0,300.0,60.0,2.515,0.816757,0.326918
4410,0,0,0,0,0,1,0,300.0,70.0,0.498,0,0.0160003
4411,0,0,0,0,0,1,0,300.0,70.0,0.75,0,0.290326
4412,0,0,0,0,0,1,0,300.0,70.0,1.0,0,0.777631
4413,0,0,0,0,0,1,0,300.0,70.0,1.25,0.430766,1.31153
4414,0,0,0,0,0,1,0,300.0,70.0,1.5,1.11241,1.66291
4415,0,0,0,0,0,1,0,300.0,70.0,1.75,1.45764,1.74313
4416,0,0,0,0,0,1,0,300.0,70.0,2.0,1.5972,1.51854
4417,0,0,0,0,0,1,0,300.0,70.0,2.25,1.50592,1.12192
4418,0,0,0,0,0,1,0,300.0,70.0,2.515,1.2312,0.582568
4419,0,0,0,0,0,1,0,300.0,80.0,0.498,0,0.127414
4420,0,0,0,0,0,1,0,300.0,80.0,0.75,0,0.615538
4421,0,0,0,0,0,1,0,300.0,80.0,1.0,0.0930781,1.2165
4422,0,0,0,0,0,1,0,300.0,80.0,1.25,0.702312,1.74439
4423,0,0,0,0,0,1,0,300.0,80.0,1.5,1.39633,2.09815
4424,0,0,0,0,0,1,0,300.0,80.0,1.75,1.88181,2.13511
4425,0,0,0,0,0,1,0,300.0,80.0,2.0,1.88738,1.83169
4426,0,0,0,0,0,1,0,300.0,80.0,2.25,1.7309,1.30292
4427,0,0,0,0,0,1,0,300.0,80.0,2.515,1.61327,0.719358
4428,0,0,0,0,0,1,0,300.0,90.0,0.498,0,0.369144
4429,0,0,0,0,0,1,0,300.0,90.0,0.75,0,0.997801
4430,0,0,0,0,0,1,0,300.0,90.0,1.0,0.216224,1.58232
4431,0,0,0,0,0,1,0,300.0,90.0,1.25,0.78026,2.05584
4432,0,0,0,0,0,1,0,300.0,90.0,1.5,1.45506,2.36316
4433,0,0,0,0,0,1,0,300.0,90.0,1.75,1.96569,2.3397
4434,0,0,0,0,0,1,0,300.0,90.0,2.0,2.17082,2.0568
4435,0,0,0,0,0,1,0,300.0,90.0,2.25,2.16535,1.54404
4436,0,0,0,0,0,1,0,300.0,90.0,2.515,2.01908,0.810146
4437,0,0,0,0,0,1,0,300.0,100.0,0.498,0,0.606939
4438,0,0,0,0,0,1,0,300.0,100.0,0.75,0,1.31412
4439,0,0,0,0,0,1,0,300.0,100.0,1.0,0.1911,1.85551
4440,0,0,0,0,0,1,0,300.0,100.0,1.25,0.721481,2.2397
4441,0,0,0,0,0,1,0,300.0,100.0,1.5,1.41469,2.49153
4442,0,0,0,0,0,1,0,300.0,100.0,1.75,2.1147,2.50128
4443,0,0,0,0,0,1,0,300.0,100.0,2.0,2.50215,2.25695
4444,0,0,0,0,0,1,0,300.0,100.0,2.25,2.74079,1.75438
4445,0,0,0,0,0,1,0,300.0,100.0,2.515,2.8232,1.00049
4446,0,0,0,0,0,1,0,300.0,110.0,0.498,0,0.900384
4447,0,0,0,0,0,1,0,300.0,110.0,0.75,0,1.54136
4448,0,0,0,0,0,1,0,300.0,110.0,1.0,0.103799,2.02283
4449,0,0,0,0,0,1,0,300.0,110.0,1.25,0.706788,2.33912
4450,0,0,0,0,0,1,0,300.0,110.0,1.5,1.44276,2.57257
4451,0,0,0,0,0,1,0,300.0,110.0,1.75,2.26977,2.61158
4452,0,0,0,0,0,1,0,300.0,110.0,2.0,2.89264,2.40328
4453,0,0,0,0,0,1,0,300.0,110.0,2.25,3.32956,1.92733
4454,0,0,0,0,0,1,0,300.0,110.0,2.515,3.75992,1.24536
4455,0,0,0,0,0,1,0,360.0,30.0,0.498,0,0
4456,0,0,0,0,0,1,0,360.0,30.0,0.75,0,0
4457,0,0,0,0,0,1,0,360.0,30.0,1.0,0,0
4458,0,0,0,0,0,1,0,360.0,30.0,1.25,0,0
4459,0,0,0,0,0,1,0,360.0,30.0,1.5,0,0
4460,0,0,0,0,0,1,0,360.0,30.0,1.75,0,0.0148248
4461,0,0,0,0,0,1,0,360.0,30.0,2.0,0,0
4462,0,0,0,0,0,1,0,360.0,30.0,2.25,0,0
4463,0,0,0,0,0,1,0,360.0,30.0,2.515,0,0
4464,0,0,0,0,0,1,0,360.0,40.0,0.498,0,0
4465,0,0,0,0,0,1,0,360.0,40.0,0.75,0,0
4466,0,0,0,0,0,1,0,360.0,40.0,1.0,0,0
4467,0,0,0,0,0,1,0,360.0,40.0,1.25,0,0.104233
4468,0,0,0,0,0,1,0,360.0,40.0,1.5,0.0590053,0.216369
4469,0,0,0,0,0,1,0,360.0,40.0,1.75,0.149968,0.247548
4470,0,0,0,0,0,1,0,360.0,40.0,2.0,0.185665,0.185368
4471,0,0,0,0,0,1,0,360.0,40.0,2.25,0.142458,0.111153
4472,0,0,0,0,0,1,0,360.0,40.0,2.515,0,0.0304828
4473,0,0,0,0,0,1,0,360.0,50.0,0.498,0,0
4474,0,0,0,0,0,1,0,360.0,50.0,0.75,0,0.02063
4475,0,0,0,0,0,1,0,360.0,50.0,1.0,0,0.212987
4476,0,0,0,0,0,1,0,360.0,50.0,1.25,0.0772233,0.432809
4477,0,0,0,0,0,1,0,360.0,50.0,1.5,0.268899,0.562458
4478,0,0,0,0,0,1,0,360.0,50.0,1.75,0.495214,0.682627
4479,0,0,0,0,0,1,0,360.0,50.0,2.0,0.719126,0.651406
4480,0,0,0,0,0,1,0,360.0,50.0,2.25,0.691165,0.423958
4481,0,0,0,0,0,1,0,360.0,50.0,2.515,0.431539,0.16083
4482,0,0,0,0,0,1,0,360.0,60.0,0.498,0,0
4483,0,0,0,0,0,1,0,360.0,60.0,0.75,0,0.169225
4484,0,0,0,0,0,1,0,360.0,60.0,1.0,0,0.477953
4485,0,0,0,0,0,1,0,360.0,60.0,1.25,0.24968,0.849127
4486,0,0,0,0,0,1,0,360.0,60.0,1.5,0.691702,1.1806
4487,0,0,0,0,0,1,0,360.0,60.0,1.75,1.02745,1.32942
4488,0,0,0,0,0,1,0,360.0,60.0,2.0,1.1953,1.23689
4489,0,0,0,0,0,1,0,360.0,60.0,2.25,1.20578,0.957661
4490,0,0,0,0,0,1,0,360.0,60.0,2.515,1.02157,0.509071
4491,0,0,0,0,0,1,0,360.0,70.0,0.498,0,0.053027
4492,0,0,0,0,0,1,0,360.0,70.0,0.75,0,0.382936
4493,0,0,0,0,0,1,0,360.0,70.0,1.0,0.0815175,0.866789
4494,0,0,0,0,0,1,0,360.0,70.0,1.25,0.524003,1.42847
4495,0,0,0,0,0,1,0,360.0,70.0,1.5,1.2069,1.79885
4496,0,0,0,0,0,1,0,360.0,70.0,1.75,1.67388,1.95422
4497,0,0,0,0,0,1,0,360.0,70.0,2.0,1.86691,1.77108
4498,0,0,0,0,0,1,0,360.0,70.0,2.25,1.74839,1.2931
4499,0,0,0,0,0,1,0,360.0,70.0,2.515,1.56195,0.748029
4500,0,0,0,0,0,1,0,360.0,80.0,0.498,0,0.19145
4501,0,0,0,0,0,1,0,360.0,80.0,0.75,0,0.697374
4502,0,0,0,0,0,1,0,360.0,80.0,1.0,0.157261,1.29756
4503,0,0,0,0,0,1,0,360.0,80.0,1.25,0.751115,1.90706
4504,0,0,0,0,0,1,0,360.0,80.0,1.5,1.55624,2.27896
4505,0,0,0,0,0,1,0,360.0,80.0,1.75,2.15024,2.38276
4506,0,0,0,0,0,1,0,360.0,80.0,2.0,2.24168,2.08248
4507,0,0,0,0,0,1,0,360.0,80.0,2.25,2.16329,1.58102
4508,0,0,0,0,0,1,0,360.0,80.0,2.515,2.00535,0.901382
4509,0,0,0,0,0,1,0,360.0,90.0,0.498,0,0.444072
4510,0,0,0,0,0,1,0,360.0,90.0,0.75,0,1.04003
4511,0,0,0,0,0,1,0,360.0,90.0,1.0,0.260974,1.69887
4512,0,0,0,0,0,1,0,360.0,90.0,1.25,0.910859,2.29698
4513,0,0,0,0,0,1,0,360.0,90.0,1.5,1.75485,2.65637
4514,0,0,0,0,0,1,0,360.0,90.0,1.75,2.3895,2.6454
4515,0,0,0,0,0,1,0,360.0,90.0,2.0,2.6074,2.35621
4516,0,0,0,0,0,1,0,360.0,90.0,2.25,2.64764,1.82088
4517,0,0,0,0,0,1,0,360.0,90.0,2.515,2.48692,1.03878
4518,0,0,0,0,0,1,0,360.0,100.0,0.498,0,0.704018
4519,0,0,0,0,0,1,0,360.0,100.0,0.75,0,1.3977
4520,0,0,0,0,0,1,0,360.0,100.0,1.0,0.283097,1.99981
4521,0,0,0,0,0,1,0,360.0,100.0,1.25,0.917217,2.53156
4522,0,0,0,0,0,1,0,360.0,100.0,1.5,1.79999,2.84926
4523,0,0,0,0,0,1,0,360.0,100.0,1.75,2.58995,2.8707
4524,0,0,0,0,0,1,0,360.0,100.0,2.0,3.04803,2.58704
4525,0,0,0,0,0,1,0,360.0,100.0,2.25,3.34525,2.09024
4526,0,0,0,0,0,1,0,360.0,100.0,2.515,3.50689,1.31387
4527,0,0,0,0,0,1,0,360.0,110.0,0.498,0,0.978231
4528,0,0,0,0,0,1,0,360.0,110.0,0.75,0,1.65759
4529,0,0,0,0,0,1,0,360.0,110.0,1.0,0.2463,2.23047
4530,0,0,0,0,0,1,0,360.0,110.0,1.25,0.969619,2.68454
4531,0,0,0,0,0,1,0,360.0,110.0,1.5,1.86882,2.97614
4532,0,0,0,0,0,1,0,360.0,110.0,1.75,2.81336,3.02928
4533,0,0,0,0,0,1,0,360.0,110.0,2.0,3.52261,2.77356
4534,0,0,0,0,0,1,0,360.0,110.0,2.25,4.0794,2.29189
4535,0,0,0,0,0,1,0,360.0,110.0,2.515,4.53368,1.59028
4536,0,0,0,0,0,1,0,420.0,30.0,0.498,0,0
4537,0,0,0,0,0,1,0,420.0,30.0,0.75,0,0
4538,0,0,0,0,0,1,0,420.0,30.0,1.0,0,0
4539,0,0,0,0,0,1,0,420.0,30.0,1.25,0,0
4540,0,0,0,0,0,1,0,420.0,30.0,1.5,0,0
4541,0,0,0,0,0,1,0,420.0,30.0,1.75,0,0.023515
4542,0,0,0,0,0,1,0,420.0,30.0,2.0,0,0.0177059
4543,0,0,0,0,0,1,0,420.0,30.0,2.25,0,0
4544,0,0,0,0,0,1,0,420.0,30.0,2.515,0,0
4545,0,0,0,0,0,1,0,420.0,40.0,0.498,0,0
4546,0,0,0,0,0,1,0,420.0,40.0,0.75,0,0
4547,0,0,0,0,0,1,0,420.0,40.0,1.0,0,0
4548,0,0,0,0,0,1,0,420.0,40.0,1.25,0,0.0807972
4549,0,0,0,0,0,1,0,420.0,40.0,1.5,0.0860377,0.21305
4550,0,0,0,0,0,1,0,420.0,40.0,1.75,0.152996,0.229915
4551,0,0,0,0,0,1,0,420.0,40.0,2.0,0.166438,0.188807
4552,0,0,0,0,0,1,0,420.0,40.0,2.25,0.119179,0.148729
4553,0,0,0,0,0,1,0,420.0,40.0,2.515,0.0323661,0.0662169
4554,0,0,0,0,0,1,0,420.0,50.0,0.498,0,0
4555,0,0,0,0,0,1,0,420.0,50.0,0.75,0,0.00776645
4556,0,0,0,0,0,1,0,420.0,50.0,1.0,0,0.236062
4557,0,0,0,0,0,1,0,420.0,50.0,1.25,0.158594,0.429044
4558,0,0,0,0,0,1,0,420.0,50.0,1.5,0.350854,0.571443
4559,0,0,0,0,0,1,0,420.0,50.0,1.75,0.440682,0.690212
4560,0,0,0,0,0,1,0,420.0,50.0,2.0,0.61725,0.69007
4561,0,0,0,0,0,1,0,420.0,50.0,2.25,0.647619,0.493949
4562,0,0,0,0,0,1,0,420.0,50.0,2.515,0.527015,0.238311
4563,0,0,0,0,0,1,0,420.0,60.0,0.498,0,0
4564,0,0,0,0,0,1,0,420.0,60.0,0.75,0,0.21933
4565,0,0,0,0,0,1,0,420.0,60.0,1.0,0.0782868,0.53055
4566,0,0,0,0,0,1,0,420.0,60.0,1.25,0.377182,0.843516
4567,0,0,0,0,0,1,0,420.0,60.0,1.5,0.685065,1.22213
4568,0,0,0,0,0,1,0,420.0,60.0,1.75,1.06592,1.39439
4569,0,0,0,0,0,1,0,420.0,60.0,2.0,1.34165,1.34117
4570,0,0,0,0,0,1,0,420.0,60.0,2.25,1.32779,1.07659
4571,0,0,0,0,0,1,0,420.0,60.0,2.515,1.16405,0.60394
4572,0,0,0,0,0,1,0,420.0,70.0,0.498,0,0.0802542
4573,0,0,0,0,0,1,0,420.0,70.0,0.75,0,0.476437
4574,0,0,0,0,0,1,0,420.0,70.0,1.0,0.18945,0.948349
4575,0,0,0,0,0,1,0,420.0,70.0,1.25,0.601092,1.4806
4576,0,0,0,0,0,1,0,420.0,70.0,1.5,1.23691,1.86883
4577,0,0,0,0,0,1,0,420.0,70.0,1.75,1.7936,2.05113
4578,0,0,0,0,0,1,0,420.0,70.0,2.0,2.05527,1.94467
4579,0,0,0,0,0,1,0,420.0,70.0,2.25,2.01048,1.44775
4580,0,0,0,0,0,1,0,420.0,70.0,2.515,1.78091,0.848145
4581,0,0,0,0,0,1,0,420.0,80.0,0.498,0,0.251721
4582,0,0,0,0,0,1,0,420.0,80.0,0.75,0,0.757384
4583,0,0,0,0,0,1,0,420.0,80.0,1.0,0.245328,1.35999
4584,0,0,0,0,0,1,0,420.0,80.0,1.25,0.816499,2.01208
4585,0,0,0,0,0,1,0,420.0,80.0,1.5,1.67336,2.42208
4586,0,0,0,0,0,1,0,420.0,80.0,1.75,2.38098,2.57572
4587,0,0,0,0,0,1,0,420.0,80.0,2.0,2.49223,2.28599
4588,0,0,0,0,0,1,0,420.0,80.0,2.25,2.50465,1.76143
4589,0,0,0,0,0,1,0,420.0,80.0,2.515,2.32743,1.07705
4590,0,0,0,0,0,1,0,420.0,90.0,0.498,0,0.491179
4591,0,0,0,0,0,1,0,420.0,90.0,0.75,0,1.05423
4592,0,0,0,0,0,1,0,420.0,90.0,1.0,0.314515,1.74449
4593,0,0,0,0,0,1,0,420.0,90.0,1.25,0.994292,2.46669
4594,0,0,0,0,0,1,0,420.0,90.0,1.5,1.98835,2.86759
4595,0,0,0,0,0,1,0,420.0,90.0,1.75,2.76631,2.92427
4596,0,0,0,0,0,1,0,420.0,90.0,2.0,3.0117,2.61762
4597,0,0,0,0,0,1,0,420.0,90.0,2.25,3.03598,2.06454
4598,0,0,0,0,0,1,0,420.0,90.0,2.515,2.99976,1.28298
4599,0,0,0,0,0,1,0,420.0,100.0,0.498,0,0.756162
4600,0,0,0,0,0,1,0,420.0,100.0,0.75,0,1.41779
4601,0,0,0,0,0,1,0,420.0,100.0,1.0,0.351013,2.09895
4602,0,0,0,0,0,1,0,420.0,100.0,1.25,1.12074,2.7835
4603,0,0,0,0,0,1,0,420.0,100.0,1.5,2.1214,3.14019
4604,0,0,0,0,0,1,0,420.0,100.0,1.75,2.93633,3.14512
4605,0,0,0,0,0,1,0,420.0,100.0,2.0,3.51135,2.89049
4606,0,0,0,0,0,1,0,420.0,100.0,2.25,3.84653,2.35191
4607,0,0,0,0,0,1,0,420.0,100.0,2.515,4.02752,1.57539
4608,0,0,0,0,0,1,0,420.0,110.0,0.498,0,1.00996
4609,0,0,0,0,0,1,0,420.0,110.0,0.75,0,1.73245
4610,0,0,0,0,0,1,0,420.0,110.0,1.0,0.368943,2.37607
4611,0,0,0,0,0,1,0,420.0,110.0,1.25,1.17709,2.98296
4612,0,0,0,0,0,1,0,420.0,110.0,1.5,2.2535,3.32498
4613,0,0,0,0,0,1,0,420.0,110.0,1.75,3.33363,3.38278
4614,0,0,0,0,0,1,0,420.0,110.0,2.0,4.18034,3.11295
4615,0,0,0,0,0,1,0,420.0,110.0,2.25,4.74599,2.58966
4616,0,0,0,0,0,1,0,420.0,110.0,2.515,5.16215,1.86278
4617,0,0,0,0,0,1,0,480.0,30.0,0.498,0,0
4618,0,0,0,0,0,1,0,480.0,30.0,0.75,0,0
4619,0,0,0,0,0,1,0,480.0,30.0,1.0,0,0
4620,0,0,0,0,0,1,0,480.0,30.0,1.25,0,0
4621,0,0,0,0,0,1,0,480.0,30.0,1.5,0,0.00406967
4622,0,0,0,0,0,1,0,480.0,30.0,1.75,0,0.0317674
4623,0,0,0,0,0,1,0,480.0,30.0,2.0,0,0.0403547
4624,0,0,0,0,0,1,0,480.0,30.0,2.25,0,0
4625,0,0,0,0,0,1,0,480.0,30.0,2.515,0,0
4626,0,0,0,0,0,1,0,480.0,40.0,0.498,0,0
4627,0,0,0,0,0,1,0,480.0,40.0,0.75,0,0
4628,0,0,0,0,0,1,0,480.0,40.0,1.0,0,0
4629,0,0,0,0,0,1,0,480.0,40.0,1.25,0,0.10649
4630,0,0,0,0,0,1,0,480.0,40.0,1.5,0.103899,0.191622
4631,0,0,0,0,0,1,0,480.0,40.0,1.75,0.200902,0.234447
4632,0,0,0,0,0,1,0,480.0,40.0,2.0,0.156279,0.225037
4633,0,0,0,0,0,1,0,480.0,40.0,2.25,0.124441,0.183711
4634,0,0,0,0,0,1,0,480.0,40.0,2.515,0.0418651,0.0863051
4635,0,0,0,0,0,1,0,480.0,50.0,0.498,0,0
4636,0,0,0,0,0,1,0,480.0,50.0,0.75,0,0
4637,0,0,0,0,0,1,0,480.0,50.0,1.0,0,0.211392
4638,0,0,0,0,0,1,0,480.0,50.0,1.25,0.191645,0.414132
4639,0,0,0,0,0,1,0,480.0,50.0,1.5,0.40075,0.564774
4640,0,0,0,0,0,1,0,480.0,50.0,1.75,0.518202,0.673231
4641,0,0,0,0,0,1,0,480.0,50.0,2.0,0.526799,0.678313
4642,0,0,0,0,0,1,0,480.0,50.0,2.25,0.613102,0.54665
4643,0,0,0,0,0,1,0,480.0,50.0,2.515,0.550848,0.289832
4644,0,0,0,0,0,1,0,480.0,60.0,0.498,0,0
4645,0,0,0,0,0,1,0,480.0,60.0,0.75,0,0.26423
4646,0,0,0,0,0,1,0,480.0,60.0,1.0,0.172678,0.574051
4647,0,0,0,0,0,1,0,480.0,60.0,1.25,0.453796,0.79995
4648,0,0,0,0,0,1,0,480.0,60.0,1.5,0.671722,1.17847
4649,0,0,0,0,0,1,0,480.0,60.0,1.75,1.08492,1.39044
4650,0,0,0,0,0,1,0,480.0,60.0,2.0,1.36698,1.36454
4651,0,0,0,0,0,1,0,480.0,60.0,2.25,1.38344,1.12749
4652,0,0,0,0,0,1,0,480.0,60.0,2.515,1.28721,0.638288
4653,0,0,0,0,0,1,0,480.0,70.0,0.498,0,0.125585
4654,0,0,0,0,0,1,0,480.0,70.0,0.75,0,0.516153
4655,0,0,0,0,0,1,0,480.0,70.0,1.0,0.321429,0.933586
4656,0,0,0,0,0,1,0,480.0,70.0,1.25,0.647108,1.48279
4657,0,0,0,0,0,1,0,480.0,70.0,1.5,1.20446,1.87446
4658,0,0,0,0,0,1,0,480.0,70.0,1.75,1.85505,2.10114
4659,0,0,0,0,0,1,0,480.0,70.0,2.0,2.13967,1.98495
4660,0,0,0,0,0,1,0,480.0,70.0,2.25,2.16387,1.53705
4661,0,0,0,0,0,1,0,480.0,70.0,2.515,1.89839,0.918793
4662,0,0,0,0,0,1,0,480.0,80.0,0.498,0,0.307636
4663,0,0,0,0,0,1,0,480.0,80.0,0.75,0,0.787297
4664,0,0,0,0,0,1,0,480.0,80.0,1.0,0.392711,1.37928
4665,0,0,0,0,0,1,0,480.0,80.0,1.25,0.849674,2.03638
4666,0,0,0,0,0,1,0,480.0,80.0,1.5,1.71743,2.51961
4667,0,0,0,0,0,1,0,480.0,80.0,1.75,2.49244,2.68945
4668,0,0,0,0,0,1,0,480.0,80.0,2.0,2.70047,2.45426
4669,0,0,0,0,0,1,0,480.0,80.0,2.25,2.75539,1.88618
4670,0,0,0,0,0,1,0,480.0,80.0,2.515,2.66494,1.22343
4671,0,0,0,0,0,1,0,480.0,90.0,0.498,0,0.532761
4672,0,0,0,0,0,1,0,480.0,90.0,0.75,0.0163755,1.07513
4673,0,0,0,0,0,1,0,480.0,90.0,1.0,0.467789,1.79395
4674,0,0,0,0,0,1,0,480.0,90.0,1.25,1.06084,2.56619
4675,0,0,0,0,0,1,0,480.0,90.0,1.5,2.09407,3.00682
4676,0,0,0,0,0,1,0,480.0,90.0,1.75,2.89035,3.09028
4677,0,0,0,0,0,1,0,480.0,90.0,2.0,3.24284,2.78432
4678,0,0,0,0,0,1,0,480.0,90.0,2.25,3.4107,2.25328
4679,0,0,0,0,0,1,0,480.0,90.0,2.515,3.47452,1.47949
4680,0,0,0,0,0,1,0,480.0,100.0,0.498,0,0.786207
4681,0,0,0,0,0,1,0,480.0,100.0,0.75,0.0338357,1.43282
4682,0,0,0,0,0,1,0,480.0,100.0,1.0,0.50968,2.19097
4683,0,0,0,0,0,1,0,480.0,100.0,1.25,1.19907,2.9448
4684,0,0,0,0,0,1,0,480.0,100.0,1.5,2.34831,3.346
4685,0,0,0,0,0,1,0,480.0,100.0,1.75,3.28607,3.36761
4686,0,0,0,0,0,1,0,480.0,100.0,2.0,3.88349,3.09328
4687,0,0,0,0,0,1,0,480.0,100.0,2.25,4.22711,2.53765
4688,0,0,0,0,0,1,0,480.0,100.0,2.515,4.53511,1.79936
4689,0,0,0,0,0,1,0,480.0,110.0,0.498,0,1.06082
4690,0,0,0,0,0,1,0,480.0,110.0,0.75,0.0647298,1.79639
4691,0,0,0,0,0,1,0,480.0,110.0,1.0,0.530613,2.51201
4692,0,0,0,0,0,1,0,480.0,110.0,1.25,1.33645,3.21494
4693,0,0,0,0,0,1,0,480.0,110.0,1.5,2.61248,3.58405
4694,0,0,0,0,0,1,0,480.0,110.0,1.75,3.83327,3.64824
4695,0,0,0,0,0,1,0,480.0,110.0,2.0,4.69015,3.37972
4696,0,0,0,0,0,1,0,480.0,110.0,2.25,5.2822,2.82194
4697,0,0,0,0,0,1,0,480.0,110.0,2.515,5.80551,2.13046
4698,0,0,0,0,0,1,0,540.0,30.0,0.498,0,0
4699,0,0,0,0,0,1,0,540.0,30.0,0.75,0,0
4700,0,0,0,0,0,1,0,540.0,30.0,1.0,0,0
4701,0,0,0,0,0,1,0,540.0,30.0,1.25,0,0
4702,0,0,0,0,0,1,0,540.0,30.0,1.5,0,0.0247887
4703,0,0,0,0,0,1,0,540.0,30.0,1.75,0,0.0498099
4704,0,0,0,0,0,1,0,540.0,30.0,2.0,0,0.0548977
4705,0,0,0,0,0,1,0,540.0,30.0,2.25,0,0
4706,0,0,0,0,0,1,0,540.0,30.0,2.515,0,0
4707,0,0,0,0,0,1,0,540.0,40.0,0.498,0,0
4708,0,0,0,0,0,1,0,540.0,40.0,0.75,0,0
4709,0,0,0,0,0,1,0,540.0,40.0,1.0,0,0
4710,0,0,0,0,0,1,0,540.0,40.0,1.25,0,0.121457
4711,0,0,0,0,0,1,0,540.0,40.0,1.5,0.135598,0.22759
4712,0,0,0,0,0,1,0,540.0,40.0,1.75,0.1926,0.262622
4713,0,0,0,0,0,1,0,540.0,40.0,2.0,0.141259,0.245997
4714,0,0,0,0,0,1,0,540.0,40.0,2.25,0.0917825,0.188393
4715,0,0,0,0,0,1,0,540.0,40.0,2.515,0.0556987,0.101578
4716,0,0,0,0,0,1,0,540.0,50.0,0.498,0,0
4717,0,0,0,0,0,1,0,540.0,50.0,0.75,0,0.00113064
4718,0,0,0,0,0,1,0,540.0,50.0,1.0,0,0.187294
4719,0,0,0,0,0,1,0,540.0,50.0,1.25,0.199882,0.374561
4720,0,0,0,0,0,1,0,540.0,50.0,1.5,0.430437,0.537199
4721,0,0,0,0,0,1,0,540.0,50.0,1.75,0.551421,0.595848
4722,0,0,0,0,0,1,0,540.0,50.0,2.0,0.521708,0.619519
4723,0,0,0,0,0,1,0,540.0,50.0,2.25,0.535121,0.531718
4724,0,0,0,0,0,1,0,540.0,50.0,2.515,0.529893,0.294268
4725,0,0,0,0,0,1,0,540.0,60.0,0.498,0,0
4726,0,0,0,0,0,1,0,540.0,60.0,0.75,0,0.291584
4727,0,0,0,0,0,1,0,540.0,60.0,1.0,0.226358,0.570315
4728,0,0,0,0,0,1,0,540.0,60.0,1.25,0.488062,0.761242
4729,0,0,0,0,0,1,0,540.0,60.0,1.5,0.724578,1.0394
4730,0,0,0,0,0,1,0,540.0,60.0,1.75,0.998667,1.29379
4731,0,0,0,0,0,1,0,540.0,60.0,2.0,1.22034,1.30612
4732,0,0,0,0,0,1,0,540.0,60.0,2.25,1.33421,1.0985
4733,0,0,0,0,0,1,0,540.0,60.0,2.515,1.29247,0.640577
4734,0,0,0,0,0,1,0,540.0,70.0,0.498,0,0.169545
4735,0,0,0,0,0,1,0,540.0,70.0,0.75,0.0548142,0.560304
4736,0,0,0,0,0,1,0,540.0,70.0,1.0,0.439041,0.924636
4737,0,0,0,0,0,1,0,540.0,70.0,1.25,0.739835,1.42441
4738,0,0,0,0,0,1,0,540.0,70.0,1.5,1.1392,1.84188
4739,0,0,0,0,0,1,0,540.0,70.0,1.75,1.80474,2.09469
4740,0,0,0,0,0,1,0,540.0,70.0,2.0,2.11784,1.94495
4741,0,0,0,0,0,1,0,540.0,70.0,2.25,2.23299,1.56291
4742,0,0,0,0,0,1,0,540.0,70.0,2.515,2.04718,0.999569
4743,0,0,0,0,0,1,0,540.0,80.0,0.498,0,0.358616
4744,0,0,0,0,0,1,0,540.0,80.0,0.75,0.103506,0.815162
4745,0,0,0,0,0,1,0,540.0,80.0,1.0,0.538044,1.35857
4746,0,0,0,0,0,1,0,540.0,80.0,1.25,0.920014,2.05869
4747,0,0,0,0,0,1,0,540.0,80.0,1.5,1.69514,2.5404
4748,0,0,0,0,0,1,0,540.0,80.0,1.75,2.44488,2.70632
4749,0,0,0,0,0,1,0,540.0,80.0,2.0,2.83096,2.50149
4750,0,0,0,0,0,1,0,540.0,80.0,2.25,2.92379,1.98979
4751,0,0,0,0,0,1,0,540.0,80.0,2.515,2.92692,1.34331
4752,0,0,0,0,0,1,0,540.0,90.0,0.498,0,0.565473
4753,0,0,0,0,0,1,0,540.0,90.0,0.75,0.132153,1.12597
4754,0,0,0,0,0,1,0,540.0,90.0,1.0,0.608955,1.86096
4755,0,0,0,0,0,1,0,540.0,90.0,1.25,1.10799,2.5615
4756,0,0,0,0,0,1,0,540.0,90.0,1.5,2.09787,3.03224
4757,0,0,0,0,0,1,0,540.0,90.0,1.75,2.95431,3.15745
4758,0,0,0,0,0,1,0,540.0,90.0,2.0,3.43038,2.88993
4759,0,0,0,0,0,1,0,540.0,90.0,2.25,3.77579,2.41416
4760,0,0,0,0,0,1,0,540.0,90.0,2.515,3.93655,1.64921
4761,0,0,0,0,0,1,0,540.0,100.0,0.498,0,0.845284
4762,0,0,0,0,0,1,0,540.0,100.0,0.75,0.169255,1.47587
4763,0,0,0,0,0,1,0,540.0,100.0,1.0,0.643943,2.25193
4764,0,0,0,0,0,1,0,540.0,100.0,1.25,1.23657,2.99143
4765,0,0,0,0,0,1,0,540.0,100.0,1.5,2.52344,3.4205
4766,0,0,0,0,0,1,0,540.0,100.0,1.75,3.51638,3.50272
4767,0,0,0,0,0,1,0,540.0,100.0,2.0,4.24282,3.24035
4768,0,0,0,0,0,1,0,540.0,100.0,2.25,4.70075,2.71509
4769,0,0,0,0,0,1,0,540.0,100.0,2.515,5.12508,2.00862
4770,0,0,0,0,0,1,0,540.0,110.0,0.498,0,1.13044
4771,0,0,0,0,0,1,0,540.0,110.0,0.75,0.193071,1.81535
4772,0,0,0,0,0,1,0,540.0,110.0,1.0,0.664289,2.58488
4773,0,0,0,0,0,1,0,540.0,110.0,1.25,1.462,3.31788
4774,0,0,0,0,0,1,0,540.0,110.0,1.5,2.8967,3.73206
4775,0,0,0,0,0,1,0,540.0,110.0,1.75,4.2217,3.81933
4776,0,0,0,0,0,1,0,540.0,110.0,2.0,5.12531,3.54134
4777,0,0,0,0,0,1,0,540.0,110.0,2.25,5.80164,3.04989
4778,0,0,0,0,0,1,0,540.0,110.0,2.515,6.41639,2.38844
4779,0,0,0,0,0,1,0,600.0,30.0,0.498,0,0
4780,0,0,0,0,0,1,0,600.0,30.0,0.75,0,0
4781,0,0,0,0,0,1,0,600.0,30.0,1.0,0,0
4782,0,0,0,0,0,1,0,600.0,30.0,1.25,0,0
4783,0,0,0,0,0,1,0,600.0,30.0,1.5,0,0.0320449
4784,0,0,0,0,0,1,0,600.0,30.0,1.75,0,0.0596502
4785,0,0,0,0,0,1,0,600.0,30.0,2.0,0,0.0494675
4786,0,0,0,0,0,1,0,600.0,30.0,2.25,0,0
4787,0,0,0,0,0,1,0,600.0,30.0,2.515,0,0
4788,0,0,0,0,0,1,0,600.0,40.0,0.498,0,0
4789,0,0,0,0,0,1,0,600.0,40.0,0.75,0,0
4790,0,0,0,0,0,1,0,600.0,40.0,1.0,0,0
4791,0,0,0,0,0,1,0,600.0,40.0,1.25,0,0.107072
4792,0,0,0,0,0,1,0,600.0,40.0,1.5,0.0958917,0.222595
4793,0,0,0,0,0,1,0,600.0,40.0,1.75,0.150003,0.274122
4794,0,0,0,0,0,1,0,600.0,40.0,2.0,0.124395,0.251638
4795,0,0,0,0,0,1,0,600.0,40.0,2.25,0.0937316,0.193617
4796,0,0,0,0,0,1,0,600.0,40.0,2.515,0.0611444,0.10846
4797,0,0,0,0,0,1,0,600.0,50.0,0.498,0,0
4798,0,0,0,0,0,1,0,600.0,50.0,0.75,0,0.00331875
4799,0,0,0,0,0,1,0,600.0,50.0,1.0,0,0.163006
4800,0,0,0,0,0,1,0,600.0,50.0,1.25,0.231621,0.328639
4801,0,0,0,0,0,1,0,600.0,50.0,1.5,0.432114,0.462019
4802,0,0,0,0,0,1,0,600.0,50.0,1.75,0.540514,0.551297
4803,0,0,0,0,0,1,0,600.0,50.0,2.0,0.558631,0.561575
4804,0,0,0,0,0,1,0,600.0,50.0,2.25,0.543366,0.463689
4805,0,0,0,0,0,1,0,600.0,50.0,2.515,0.535586,0.308066
4806,0,0,0,0,0,1,0,600.0,60.0,0.498,0,0.00396883
4807,0,0,0,0,0,1,0,600.0,60.0,0.75,0,0.291065
4808,0,0,0,0,0,1,0,600.0,60.0,1.0,0.250225,0.551695
4809,0,0,0,0,0,1,0,600.0,60.0,1.25,0.509575,0.72902
4810,0,0,0,0,0,1,0,600.0,60.0,1.5,0.769226,0.957143
4811,0,0,0,0,0,1,0,600.0,60.0,1.75,0.976322,1.16375
4812,0,0,0,0,0,1,0,600.0,60.0,2.0,1.05706,1.18356
4813,0,0,0,0,0,1,0,600.0,60.0,2.25,1.18911,1.00792
4814,0,0,0,0,0,1,0,600.0,60.0,2.515,1.22774,0.609208
4815,0,0,0,0,0,1,0,600.0,70.0,0.498,0,0.213106
4816,0,0,0,0,0,1,0,600.0,70.0,0.75,0.134595,0.586691
4817,0,0,0,0,0,1,0,600.0,70.0,1.0,0.496338,0.886098
4818,0,0,0,0,0,1,0,600.0,70.0,1.25,0.795983,1.31795
4819,0,0,0,0,0,1,0,600.0,70.0,1.5,1.07838,1.76692
4820,0,0,0,0,0,1,0,600.0,70.0,1.75,1.61204,1.97314
4821,0,0,0,0,0,1,0,600.0,70.0,2.0,1.98534,1.85093
4822,0,0,0,0,0,1,0,600.0,70.0,2.25,2.1707,1.50644
4823,0,0,0,0,0,1,0,600.0,70.0,2.515,2.12256,1.05405
4824,0,0,0,0,0,1,0,600.0,80.0,0.498,0,0.407248
4825,0,0,0,0,0,1,0,600.0,80.0,0.75,0.194543,0.82861
4826,0,0,0,0,0,1,0,600.0,80.0,1.0,0.639204,1.34435
4827,0,0,0,0,0,1,0,600.0,80.0,1.25,1.04109,2.02262
4828,0,0,0,0,0,1,0,600.0,80.0,1.5,1.60398,2.46943
4829,0,0,0,0,0,1,0,600.0,80.0,1.75,2.31646,2.64567
4830,0,0,0,0,0,1,0,600.0,80.0,2.0,2.80404,2.44236
4831,0,0,0,0,0,1,0,600.0,80.0,2.25,3.02301,2.02571
4832,0,0,0,0,0,1,0,600.0,80.0,2.515,3.09863,1.42058
4833,0,0,0,0,0,1,0,600.0,90.0,0.498,0,0.602478
4834,0,0,0,0,0,1,0,600.0,90.0,0.75,0.249365,1.18422
4835,0,0,0,0,0,1,0,600.0,90.0,1.0,0.703877,1.87744
4836,0,0,0,0,0,1,0,600.0,90.0,1.25,1.22881,2.55455
4837,0,0,0,0,0,1,0,600.0,90.0,1.5,2.09638,3.01062
4838,0,0,0,0,0,1,0,600.0,90.0,1.75,3.02815,3.14279
4839,0,0,0,0,0,1,0,600.0,90.0,2.0,3.61416,2.93297
4840,0,0,0,0,0,1,0,600.0,90.0,2.25,4.02492,2.48369
4841,0,0,0,0,0,1,0,600.0,90.0,2.515,4.38124,1.82635
4842,0,0,0,0,0,1,0,600.0,100.0,0.498,0,0.900019
4843,0,0,0,0,0,1,0,600.0,100.0,0.75,0.28333,1.50046
4844,0,0,0,0,0,1,0,600.0,100.0,1.0,0.750108,2.30635
4845,0,0,0,0,0,1,0,600.0,100.0,1.25,1.37994,2.99617
4846,0,0,0,0,0,1,0,600.0,100.0,1.5,2.67607,3.4585
4847,0,0,0,0,0,1,0,600.0,100.0,1.75,3.69295,3.54563
4848,0,0,0,0,0,1,0,600.0,100.0,2.0,4.58816,3.34448
4849,0,0,0,0,0,1,0,600.0,100.0,2.25,5.21216,2.88746
4850,0,0,0,0,0,1,0,600.0,100.0,2.515,5.69524,2.23803
4851,0,0,0,0,0,1,0,600.0,110.0,0.498,0,1.19446
4852,0,0,0,0,0,1,0,600.0,110.0,0.75,0.307645,1.82825
4853,0,0,0,0,0,1,0,600.0,110.0,1.0,0.781747,2.64683
4854,0,0,0,0,0,1,0,600.0,110.0,1.25,1.68412,3.36915
4855,0,0,0,0,0,1,0,600.0,110.0,1.5,3.12407,3.79972
4856,0,0,0,0,0,1,0,600.0,110.0,1.75,4.5344,3.9175
4857,0,0,0,0,0,1,0,600.0,110.0,2.0,5.62249,3.70726
4858,0,0,0,0,0,1,0,600.0,110.0,2.25,6.42413,3.26263
4859,0,0,0,0,0,1,0,600.0,110.0,2.515,7.04078,2.61855
4860,0,0,0,0,0,0,1,60.0,30.0,0.498,0,0
4861,0,0,0,0,0,0,1,60.0,30.0,0.75,0.22305,0.103236
4862,0,0,0,0,0,0,1,60.0,30.0,1.0,0.468508,0.221009
4863,0,0,0,0,0,0,1,60.0,30.0,1.25,0.625724,0.37786
4864,0,0,0,0,0,0,1,60.0,30.0,1.5,0.662585,0.431292
4865,0,0,0,0,0,0,1,60.0,30.0,1.75,0.606494,0.461056
4866,0,0,0,0,0,0,1,60.0,30.0,2.0,0.387869,0.355148
4867,0,0,0,0,0,0,1,60.0,30.0,2.25,0.245542,0.232968
4868,0,0,0,0,0,0,1,60.0,30.0,2.515,0.13178,0.0843225
4869,0,0,0,0,0,0,1,60.0,40.0,0.498,0.0419363,0.0444108
4870,0,0,0,0,0,0,1,60.0,40.0,0.75,0.328174,0.199942
4871,0,0,0,0,0,0,1,60.0,40.0,1.0,0.668548,0.392654
4872,0,0,0,0,0,0,1,60.0,40.0,1.25,1.00516,0.644721
4873,0,0,0,0,0,0,1,60.0,40.0,1.5,1.17247,0.804427
4874,0,0,0,0,0,0,1,60.0,40.0,1.75,1.26511,0.858753
4875,0,0,0,0,0,0,1,60.0,40.0,2.0,1.10758,0.747479
4876,0,0,0,0,0,0,1,60.0,40.0,2.25,0.752358,0.528137
4877,0,0,0,0,0,0,1,60.0,40.0,2.515,0.429896,0.249255
4878,0,0,0,0,0,0,1,60.0,50.0,0.498,0.00560547,0.0802118
4879,0,0,0,0,0,0,1,60.0,50.0,0.75,0.386256,0.36097
4880,0,0,0,0,0,0,1,60.0,50.0,1.0,1.08608,0.787942
4881,0,0,0,0,0,0,1,60.0,50.0,1.25,1.53076,1.10849
4882,0,0,0,0,0,0,1,60.0,50.0,1.5,1.72913,1.21466
4883,0,0,0,0,0,0,1,60.0,50.0,1.75,1.81245,1.17349
4884,0,0,0,0,0,0,1,60.0,50.0,2.0,1.68736,1.04028
4885,0,0,0,0,0,0,1,60.0,50.0,2.25,1.31819,0.771645
4886,0,0,0,0,0,0,1,60.0,50.0,2.515,0.83899,0.404435
4887,0,0,0,0,0,0,1,60.0,60.0,0.498,0,0.12223
4888,0,0,0,0,0,0,1,60.0,60.0,0.75,0.476661,0.602072
4889,0,0,0,0,0,0,1,60.0,60.0,1.0,1.36525,1.15879
4890,0,0,0,0,0,0,1,60.0,60.0,1.25,2.0712,1.56349
4891,0,0,0,0,0,0,1,60.0,60.0,1.5,2.38874,1.67406
4892,0,0,0,0,0,0,1,60.0,60.0,1.75,2.26046,1.52963
4893,0,0,0,0,0,0,1,60.0,60.0,2.0,2.08543,1.3476
4894,0,0,0,0,0,0,1,60.0,60.0,2.25,1.85266,1.04643
4895,0,0,0,0,0,0,1,60.0,60.0,2.515,1.42275,0.581215
4896,0,0,0,0,0,0,1,60.0,70.0,0.498,0,0.279334
4897,0,0,0,0,0,0,1,60.0,70.0,0.75,0.486058,0.817987
4898,0,0,0,0,0,0,1,60.0,70.0,1.0,1.52947,1.42446
4899,0,0,0,0,0,0,1,60.0,70.0,1.25,2.47029,1.85914
4900,0,0,0,0,0,0,1,60.0,70.0,1.5,2.93553,1.99205
4901,0,0,0,0,0,0,1,60.0,70.0,1.75,3.02014,1.89456
4902,0,0,0,0,0,0,1,60.0,70.0,2.0,2.75759,1.60777
4903,0,0,0,0,0,0,1,60.0,70.0,2.25,2.34934,1.30093
4904,0,0,0,0,0,0,1,60.0,70.0,2.515,1.90893,0.780075
4905,0,0,0,0,0,0,1,60.0,80.0,0.498,0,0.438208
4906,0,0,0,0,0,0,1,60.0,80.0,0.75,0.49838,1.03693
4907,0,0,0,0,0,0,1,60.0,80.0,1.0,1.58322,1.65282
4908,0,0,0,0,0,0,1,60.0,80.0,1.25,2.61695,2.04527
4909,0,0,0,0,0,0,1,60.0,80.0,1.5,3.29983,2.2114
4910,0,0,0,0,0,0,1,60.0,80.0,1.75,3.51946,2.16435
4911,0,0,0,0,0,0,1,60.0,80.0,2.0,3.42866,1.88431
4912,0,0,0,0,0,0,1,60.0,80.0,2.25,3.11378,1.48225
4913,0,0,0,0,0,0,1,60.0,80.0,2.515,2.58102,0.988086
4914,0,0,0,0,0,0,1,60.0,90.0,0.498,0,0.582374
4915,0,0,0,0,0,0,1,60.0,90.0,0.75,0.459837,1.2513
4916,0,0,0,0,0,0,1,60.0,90.0,1.0,1.55557,1.80911
4917,0,0,0,0,0,0,1,60.0,90.0,1.25,2.61068,2.16854
4918,0,0,0,0,0,0,1,60.0,90.0,1.5,3.44966,2.38063
4919,0,0,0,0,0,0,1,60.0,90.0,1.75,3.87755,2.35029
4920,0,0,0,0,0,0,1,60.0,90.0,2.0,4.00645,2.11528
4921,0,0,0,0,0,0,1,60.0,90.0,2.25,3.87941,1.72438
4922,0,0,0,0,0,0,1,60.0,90.0,2.515,3.48037,1.09641
4923,0,0,0,0,0,0,1,60.0,100.0,0.498,0,0.750327
4924,0,0,0,0,0,0,1,60.0,100.0,0.75,0.296862,1.40586
4925,0,0,0,0,0,0,1,60.0,100.0,1.0,1.37762,1.9182
4926,0,0,0,0,0,0,1,60.0,100.0,1.25,2.51844,2.30549
4927,0,0,0,0,0,0,1,60.0,100.0,1.5,3.51781,2.49881
4928,0,0,0,0,0,0,1,60.0,100.0,1.75,4.14053,2.49027
4929,0,0,0,0,0,0,1,60.0,100.0,2.0,4.44814,2.28846
4930,0,0,0,0,0,0,1,60.0,100.0,2.25,4.54535,1.91361
4931,0,0,0,0,0,0,1,60.0,100.0,2.515,4.42023,1.30384
4932,0,0,0,0,0,0,1,60.0,110.0,0.498,0,0.893185
4933,0,0,0,0,0,0,1,60.0,110.0,0.75,0.169533,1.55386
4934,0,0,0,0,0,0,1,60.0,110.0,1.0,1.21479,2.0783
4935,0,0,0,0,0,0,1,60.0,110.0,1.25,2.37744,2.41079
4936,0,0,0,0,0,0,1,60.0,110.0,1.5,3.4757,2.5949
4937,0,0,0,0,0,0,1,60.0,110.0,1.75,4.2758,2.61993
4938,0,0,0,0,0,0,1,60.0,110.0,2.0,4.73646,2.41045
4939,0,0,0,0,0,0,1,60.0,110.0,2.25,5.06054,2.01008
4940,0,0,0,0,0,0,1,60.0,110.0,2.515,5.24736,1.45331
4941,0,0,0,0,0,0,1,120.0,30.0,0.498,0.0850565,0.0267562
4942,0,0,0,0,0,0,1,120.0,30.0,0.75,0.342477,0.149267
4943,0,0,0,0,0,0,1,120.0,30.0,1.0,0.595047,0.276063
4944,0,0,0,0,0,0,1,120.0,30.0,1.25,0.861567,0.459956
4945,0,0,0,0,0,0,1,120.0,30.0,1.5,0.940018,0.560195
4946,0,0,0,0,0,0,1,120.0,30.0,1.75,0.866837,0.548242
4947,0,0,0,0,0,0,1,120.0,30.0,2.0,0.676739,0.477522
4948,0,0,0,0,0,0,1,120.0,30.0,2.25,0.448252,0.347605
4949,0,0,0,0,0,0,1,120.0,30.0,2.515,0.34463,0.211684
4950,0,0,0,0,0,0,1,120.0,40.0,0.498,0.142649,0.108145
4951,0,0,0,0,0,0,1,120.0,40.0,0.75,0.4636,0.266885
4952,0,0,0,0,0,0,1,120.0,40.0,1.0,0.932877,0.498433
4953,0,0,0,0,0,0,1,120.0,40.0,1.25,1.33793,0.779778
4954,0,0,0,0,0,0,1,120.0,40.0,1.5,1.56055,0.970886
4955,0,0,0,0,0,0,1,120.0,40.0,1.75,1.61866,1.01015
4956,0,0,0,0,0,0,1,120.0,40.0,2.0,1.47401,0.908049
4957,0,0,0,0,0,0,1,120.0,40.0,2.25,1.16838,0.711377
4958,0,0,0,0,0,0,1,120.0,40.0,2.515,0.825347,0.42249
4959,0,0,0,0,0,0,1,120.0,50.0,0.498,0.13457,0.159563
4960,0,0,0,0,0,0,1,120.0,50.0,0.75,0.616581,0.501627
4961,0,0,0,0,0,0,1,120.0,50.0,1.0,1.41591,0.975521
4962,0,0,0,0,0,0,1,120.0,50.0,1.25,1.96316,1.33224
4963,0,0,0,0,0,0,1,120.0,50.0,1.5,2.22622,1.52624
4964,0,0,0,0,0,0,1,120.0,50.0,1.75,2.31274,1.48036
4965,0,0,0,0,0,0,1,120.0,50.0,2.0,2.18071,1.31548
4966,0,0,0,0,0,0,1,120.0,50.0,2.25,1.84573,1.00654
4967,0,0,0,0,0,0,1,120.0,50.0,2.515,1.37615,0.631414
4968,0,0,0,0,0,0,1,120.0,60.0,0.498,0.0992313,0.240061
4969,0,0,0,0,0,0,1,120.0,60.0,0.75,0.742457,0.819511
4970,0,0,0,0,0,0,1,120.0,60.0,1.0,1.80968,1.42909
4971,0,0,0,0,0,0,1,120.0,60.0,1.25,2.50792,1.83337
4972,0,0,0,0,0,0,1,120.0,60.0,1.5,2.94312,2.02056
4973,0,0,0,0,0,0,1,120.0,60.0,1.75,2.97618,1.96119
4974,0,0,0,0,0,0,1,120.0,60.0,2.0,2.76444,1.69646
4975,0,0,0,0,0,0,1,120.0,60.0,2.25,2.46203,1.37563
4976,0,0,0,0,0,0,1,120.0,60.0,2.515,1.98811,0.831593
4977,0,0,0,0,0,0,1,120.0,70.0,0.498,0.00784909,0.409677
4978,0,0,0,0,0,0,1,120.0,70.0,0.75,0.738782,1.09431
4979,0,0,0,0,0,0,1,120.0,70.0,1.0,1.94533,1.72926
4980,0,0,0,0,0,0,1,120.0,70.0,1.25,2.94268,2.2093
4981,0,0,0,0,0,0,1,120.0,70.0,1.5,3.50115,2.38949
4982,0,0,0,0,0,0,1,120.0,70.0,1.75,3.67623,2.33203
4983,0,0,0,0,0,0,1,120.0,70.0,2.0,3.58134,2.10381
4984,0,0,0,0,0,0,1,120.0,70.0,2.25,3.27556,1.67325
4985,0,0,0,0,0,0,1,120.0,70.0,2.515,2.5224,1.10463
4986,0,0,0,0,0,0,1,120.0,80.0,0.498,0.00967471,0.581686
4987,0,0,0,0,0,0,1,120.0,80.0,0.75,0.70095,1.31162
4988,0,0,0,0,0,0,1,120.0,80.0,1.0,1.94794,1.99654
4989,0,0,0,0,0,0,1,120.0,80.0,1.25,3.12365,2.45712
4990,0,0,0,0,0,0,1,120.0,80.0,1.5,3.91219,2.68677
4991,0,0,0,0,0,0,1,120.0,80.0,1.75,4.30055,2.6689
4992,0,0,0,0,0,0,1,120.0,80.0,2.0,4.32926,2.43077
4993,0,0,0,0,0,0,1,120.0,80.0,2.25,4.10149,1.99393
4994,0,0,0,0,0,0,1,120.0,80.0,2.515,3.46203,1.33242
4995,0,0,0,0,0,0,1,120.0,90.0,0.498,0.0038882,0.796854
4996,0,0,0,0,0,0,1,120.0,90.0,0.75,0.646671,1.53992
4997,0,0,0,0,0,0,1,120.0,90.0,1.0,1.90622,2.20158
4998,0,0,0,0,0,0,1,120.0,90.0,1.25,3.2139,2.66074
4999,0,0,0,0,0,0,1,120.0,90.0,1.5,4.17491,2.91219
5000,0,0,0,0,0,0,1,120.0,90.0,1.75,4.72022,2.91429
5001,0,0,0,0,0,0,1,120.0,90.0,2.0,4.97872,2.7018
5002,0,0,0,0,0,0,1,120.0,90.0,2.25,4.85633,2.27768
5003,0,0,0,0,0,0,1,120.0,90.0,2.515,4.5202,1.59334
5004,0,0,0,0,0,0,1,120.0,100.0,0.498,0,1.00622
5005,0,0,0,0,0,0,1,120.0,100.0,0.75,0.564956,1.77432
5006,0,0,0,0,0,0,1,120.0,100.0,1.0,1.79863,2.3802
5007,0,0,0,0,0,0,1,120.0,100.0,1.25,3.17905,2.83838
5008,0,0,0,0,0,0,1,120.0,100.0,1.5,4.27875,3.07232
5009,0,0,0,0,0,0,1,120.0,100.0,1.75,4.99704,3.07898
5010,0,0,0,0,0,0,1,120.0,100.0,2.0,5.41928,2.90454
5011,0,0,0,0,0,0,1,120.0,100.0,2.25,5.63097,2.50351
5012,0,0,0,0,0,0,1,120.0,100.0,2.515,5.58446,1.89038
5013,0,0,0,0,0,0,1,120.0,110.0,0.498,0,1.21482
5014,0,0,0,0,0,0,1,120.0,110.0,0.75,0.425615,1.95028
5015,0,0,0,0,0,0,1,120.0,110.0,1.0,1.71595,2.58047
5016,0,0,0,0,0,0,1,120.0,110.0,1.25,3.11144,2.98573
5017,0,0,0,0,0,0,1,120.0,110.0,1.5,4.24992,3.18633
5018,0,0,0,0,0,0,1,120.0,110.0,1.75,5.14455,3.22491
5019,0,0,0,0,0,0,1,120.0,110.0,2.0,5.80128,3.06036
5020,0,0,0,0,0,0,1,120.0,110.0,2.25,6.26287,2.65717
5021,0,0,0,0,0,0,1,120.0,110.0,2.515,6.52341,2.07165
5022,0,0,0,0,0,0,1,180.0,30.0,0.498,0.155769,0.0731442
5023,0,0,0,0,0,0,1,180.0,30.0,0.75,0.426691,0.189303
5024,0,0,0,0,0,0,1,180.0,30.0,1.0,0.668402,0.302746
5025,0,0,0,0,0,0,1,180.0,30.0,1.25,0.969103,0.491279
5026,0,0,0,0,0,0,1,180.0,30.0,1.5,1.12678,0.613407
5027,0,0,0,0,0,0,1,180.0,30.0,1.75,1.05202,0.623864
5028,0,0,0,0,0,0,1,180.0,30.0,2.0,0.888438,0.560938
5029,0,0,0,0,0,0,1,180.0,30.0,2.25,0.609238,0.425571
5030,0,0,0,0,0,0,1,180.0,30.0,2.515,0.489257,0.316373
5031,0,0,0,0,0,0,1,180.0,40.0,0.498,0.22153,0.164386
5032,0,0,0,0,0,0,1,180.0,40.0,0.75,0.570418,0.321169
5033,0,0,0,0,0,0,1,180.0,40.0,1.0,1.07128,0.572578
5034,0,0,0,0,0,0,1,180.0,40.0,1.25,1.57665,0.873659
5035,0,0,0,0,0,0,1,180.0,40.0,1.5,1.83111,1.07624
5036,0,0,0,0,0,0,1,180.0,40.0,1.75,1.83826,1.10613
5037,0,0,0,0,0,0,1,180.0,40.0,2.0,1.70339,1.01988
5038,0,0,0,0,0,0,1,180.0,40.0,2.25,1.4305,0.824414
5039,0,0,0,0,0,0,1,180.0,40.0,2.515,1.10835,0.560683
5040,0,0,0,0,0,0,1,180.0,50.0,0.498,0.232045,0.224553
5041,0,0,0,0,0,0,1,180.0,50.0,0.75,0.738981,0.555674
5042,0,0,0,0,0,0,1,180.0,50.0,1.0,1.59636,1.07708
5043,0,0,0,0,0,0,1,180.0,50.0,1.25,2.20486,1.4666
5044,0,0,0,0,0,0,1,180.0,50.0,1.5,2.60156,1.7268
5045,0,0,0,0,0,0,1,180.0,50.0,1.75,2.70058,1.7174
5046,0,0,0,0,0,0,1,180.0,50.0,2.0,2.49454,1.49779
5047,0,0,0,0,0,0,1,180.0,50.0,2.25,2.19163,1.17178
5048,0,0,0,0,0,0,1,180.0,50.0,2.515,1.7794,0.80312
5049,0,0,0,0,0,0,1,180.0,60.0,0.498,0.203307,0.325353
5050,0,0,0,0,0,0,1,180.0,60.0,0.75,0.931282,0.971811
5051,0,0,0,0,0,0,1,180.0,60.0,1.0,2.0666,1.60951
5052,0,0,0,0,0,0,1,180.0,60.0,1.25,2.83996,2.04506
5053,0,0,0,0,0,0,1,180.0,60.0,1.5,3.30592,2.28533
5054,0,0,0,0,0,0,1,180.0,60.0,1.75,3.49072,2.2971
5055,0,0,0,0,0,0,1,180.0,60.0,2.0,3.34623,2.05053
5056,0,0,0,0,0,0,1,180.0,60.0,2.25,2.95149,1.60572
5057,0,0,0,0,0,0,1,180.0,60.0,2.515,2.46339,1.04587
5058,0,0,0,0,0,0,1,180.0,70.0,0.498,0.145849,0.512266
5059,0,0,0,0,0,0,1,180.0,70.0,0.75,0.944959,1.28685
5060,0,0,0,0,0,0,1,180.0,70.0,1.0,2.277,1.99237
5061,0,0,0,0,0,0,1,180.0,70.0,1.25,3.29153,2.48685
5062,0,0,0,0,0,0,1,180.0,70.0,1.5,3.91121,2.72949
5063,0,0,0,0,0,0,1,180.0,70.0,1.75,4.16745,2.7162
5064,0,0,0,0,0,0,1,180.0,70.0,2.0,4.26063,2.50201
5065,0,0,0,0,0,0,1,180.0,70.0,2.25,3.95334,2.01927
5066,0,0,0,0,0,0,1,180.0,70.0,2.515,3.16553,1.37274
5067,0,0,0,0,0,0,1,180.0,80.0,0.498,0.0940179,0.729563
5068,0,0,0,0,0,0,1,180.0,80.0,0.75,0.90914,1.54415
5069,0,0,0,0,0,0,1,180.0,80.0,1.0,2.2835,2.28058
5070,0,0,0,0,0,0,1,180.0,80.0,1.25,3.54641,2.8152
5071,0,0,0,0,0,0,1,180.0,80.0,1.5,4.38172,3.08981
5072,0,0,0,0,0,0,1,180.0,80.0,1.75,4.88868,3.10407
5073,0,0,0,0,0,0,1,180.0,80.0,2.0,5.08877,2.90266
5074,0,0,0,0,0,0,1,180.0,80.0,2.25,4.87298,2.39517
5075,0,0,0,0,0,0,1,180.0,80.0,2.515,4.34604,1.661
5076,0,0,0,0,0,0,1,180.0,90.0,0.498,0.0302719,0.978956
5077,0,0,0,0,0,0,1,180.0,90.0,0.75,0.835712,1.80597
5078,0,0,0,0,0,0,1,180.0,90.0,1.0,2.25565,2.53485
5079,0,0,0,0,0,0,1,180.0,90.0,1.25,3.65125,3.0994
5080,0,0,0,0,0,0,1,180.0,90.0,1.5,4.75046,3.38572
5081,0,0,0,0,0,0,1,180.0,90.0,1.75,5.45921,3.43788
5082,0,0,0,0,0,0,1,180.0,90.0,2.0,5.73748,3.18723
5083,0,0,0,0,0,0,1,180.0,90.0,2.25,5.75852,2.76399
5084,0,0,0,0,0,0,1,180.0,90.0,2.515,5.52883,2.05104
5085,0,0,0,0,0,0,1,180.0,100.0,0.498,0,1.22086
5086,0,0,0,0,0,0,1,180.0,100.0,0.75,0.766352,2.07387
5087,0,0,0,0,0,0,1,180.0,100.0,1.0,2.20131,2.78429
5088,0,0,0,0,0,0,1,180.0,100.0,1.25,3.72409,3.32848
5089,0,0,0,0,0,0,1,180.0,100.0,1.5,4.9911,3.62908
5090,0,0,0,0,0,0,1,180.0,100.0,1.75,5.77135,3.64491
5091,0,0,0,0,0,0,1,180.0,100.0,2.0,6.28112,3.4556
5092,0,0,0,0,0,0,1,180.0,100.0,2.25,6.6369,3.05701
5093,0,0,0,0,0,0,1,180.0,100.0,2.515,6.72962,2.39987
5094,0,0,0,0,0,0,1,180.0,110.0,0.498,0.0203586,1.50029
5095,0,0,0,0,0,0,1,180.0,110.0,0.75,0.685993,2.30749
5096,0,0,0,0,0,0,1,180.0,110.0,1.0,2.22592,3.02811
5097,0,0,0,0,0,0,1,180.0,110.0,1.25,3.77149,3.50667
5098,0,0,0,0,0,0,1,180.0,110.0,1.5,5.01578,3.77395
5099,0,0,0,0,0,0,1,180.0,110.0,1.75,5.95158,3.7999
5100,0,0,0,0,0,0,1,180.0,110.0,2.0,6.78011,3.65636
5101,0,0,0,0,0,0,1,180.0,110.0,2.25,7.36858,3.2607
5102,0,0,0,0,0,0,1,180.0,110.0,2.515,7.7706,2.65135
5103,0,0,0,0,0,0,1,240.0,30.0,0.498,0.19918,0.106161
5104,0,0,0,0,0,0,1,240.0,30.0,0.75,0.462926,0.219427
5105,0,0,0,0,0,0,1,240.0,30.0,1.0,0.723341,0.326353
5106,0,0,0,0,0,0,1,240.0,30.0,1.25,1.01359,0.49705
5107,0,0,0,0,0,0,1,240.0,30.0,1.5,1.2001,0.617022
5108,0,0,0,0,0,0,1,240.0,30.0,1.75,1.20066,0.677956
5109,0,0,0,0,0,0,1,240.0,30.0,2.0,1.04731,0.61958
5110,0,0,0,0,0,0,1,240.0,30.0,2.25,0.756886,0.474591
5111,0,0,0,0,0,0,1,240.0,30.0,2.515,0.583087,0.37756
5112,0,0,0,0,0,0,1,240.0,40.0,0.498,0.291691,0.213642
5113,0,0,0,0,0,0,1,240.0,40.0,0.75,0.638647,0.367895
5114,0,0,0,0,0,0,1,240.0,40.0,1.0,1.09012,0.59709
5115,0,0,0,0,0,0,1,240.0,40.0,1.25,1.60707,0.89067
5116,0,0,0,0,0,0,1,240.0,40.0,1.5,1.93745,1.09763
5117,0,0,0,0,0,0,1,240.0,40.0,1.75,1.98192,1.16959
5118,0,0,0,0,0,0,1,240.0,40.0,2.0,1.80387,1.07487
5119,0,0,0,0,0,0,1,240.0,40.0,2.25,1.62047,0.908787
5120,0,0,0,0,0,0,1,240.0,40.0,2.515,1.26617,0.652674
5121,0,0,0,0,0,0,1,240.0,50.0,0.498,0.308835,0.280505
5122,0,0,0,0,0,0,1,240.0,50.0,0.75,0.770452,0.59018
5123,0,0,0,0,0,0,1,240.0,50.0,1.0,1.62883,1.12546
5124,0,0,0,0,0,0,1,240.0,50.0,1.25,2.32352,1.54922
5125,0,0,0,0,0,0,1,240.0,50.0,1.5,2.72056,1.78173
5126,0,0,0,0,0,0,1,240.0,50.0,1.75,2.87023,1.83562
5127,0,0,0,0,0,0,1,240.0,50.0,2.0,2.69105,1.6074
5128,0,0,0,0,0,0,1,240.0,50.0,2.25,2.43568,1.29015
5129,0,0,0,0,0,0,1,240.0,50.0,2.515,2.10204,0.943834
5130,0,0,0,0,0,0,1,240.0,60.0,0.498,0.286114,0.380354
5131,0,0,0,0,0,0,1,240.0,60.0,0.75,0.935678,1.00694
5132,0,0,0,0,0,0,1,240.0,60.0,1.0,2.07375,1.6851
5133,0,0,0,0,0,0,1,240.0,60.0,1.25,2.97704,2.16288
5134,0,0,0,0,0,0,1,240.0,60.0,1.5,3.52317,2.45474
5135,0,0,0,0,0,0,1,240.0,60.0,1.75,3.73213,2.49819
5136,0,0,0,0,0,0,1,240.0,60.0,2.0,3.62833,2.25235
5137,0,0,0,0,0,0,1,240.0,60.0,2.25,3.27208,1.77912
5138,0,0,0,0,0,0,1,240.0,60.0,2.515,2.78921,1.212
5139,0,0,0,0,0,0,1,240.0,70.0,0.498,0.284132,0.585591
5140,0,0,0,0,0,0,1,240.0,70.0,0.75,1.09671,1.41592
5141,0,0,0,0,0,0,1,240.0,70.0,1.0,2.39313,2.13679
5142,0,0,0,0,0,0,1,240.0,70.0,1.25,3.50645,2.68751
5143,0,0,0,0,0,0,1,240.0,70.0,1.5,4.18914,2.98682
5144,0,0,0,0,0,0,1,240.0,70.0,1.75,4.56321,3.04091
5145,0,0,0,0,0,0,1,240.0,70.0,2.0,4.635,2.77471
5146,0,0,0,0,0,0,1,240.0,70.0,2.25,4.40022,2.26749
5147,0,0,0,0,0,0,1,240.0,70.0,2.515,3.85606,1.62801
5148,0,0,0,0,0,0,1,240.0,80.0,0.498,0.235306,0.851794
5149,0,0,0,0,0,0,1,240.0,80.0,0.75,1.10514,1.73418
5150,0,0,0,0,0,0,1,240.0,80.0,1.0,2.56092,2.51635
5151,0,0,0,0,0,0,1,240.0,80.0,1.25,3.76387,3.06961
5152,0,0,0,0,0,0,1,240.0,80.0,1.5,4.75581,3.43308
5153,0,0,0,0,0,0,1,240.0,80.0,1.75,5.27986,3.46297
5154,0,0,0,0,0,0,1,240.0,80.0,2.0,5.55173,3.21621
5155,0,0,0,0,0,0,1,240.0,80.0,2.25,5.46619,2.72292
5156,0,0,0,0,0,0,1,240.0,80.0,2.515,5.18887,2.04172
5157,0,0,0,0,0,0,1,240.0,90.0,0.498,0.183081,1.11461
5158,0,0,0,0,0,0,1,240.0,90.0,0.75,0.994472,2.02089
5159,0,0,0,0,0,0,1,240.0,90.0,1.0,2.50909,2.81301
5160,0,0,0,0,0,0,1,240.0,90.0,1.25,3.9764,3.43796
5161,0,0,0,0,0,0,1,240.0,90.0,1.5,5.21738,3.81338
5162,0,0,0,0,0,0,1,240.0,90.0,1.75,5.98113,3.85888
5163,0,0,0,0,0,0,1,240.0,90.0,2.0,6.3245,3.61536
5164,0,0,0,0,0,0,1,240.0,90.0,2.25,6.52479,3.16416
5165,0,0,0,0,0,0,1,240.0,90.0,2.515,6.47599,2.47406
5166,0,0,0,0,0,0,1,240.0,100.0,0.498,0.189697,1.39672
5167,0,0,0,0,0,0,1,240.0,100.0,0.75,0.917896,2.30655
5168,0,0,0,0,0,0,1,240.0,100.0,1.0,2.51406,3.10362
5169,0,0,0,0,0,0,1,240.0,100.0,1.25,4.15048,3.74525
5170,0,0,0,0,0,0,1,240.0,100.0,1.5,5.53431,4.10555
5171,0,0,0,0,0,0,1,240.0,100.0,1.75,6.43401,4.17092
5172,0,0,0,0,0,0,1,240.0,100.0,2.0,7.05286,3.96366
5173,0,0,0,0,0,0,1,240.0,100.0,2.25,7.52343,3.54729
5174,0,0,0,0,0,0,1,240.0,100.0,2.515,7.73527,2.83609
5175,0,0,0,0,0,0,1,240.0,110.0,0.498,0.216378,1.75505
5176,0,0,0,0,0,0,1,240.0,110.0,0.75,1.02417,2.63449
5177,0,0,0,0,0,0,1,240.0,110.0,1.0,2.6456,3.40626
5178,0,0,0,0,0,0,1,240.0,110.0,1.25,4.3585,3.97815
5179,0,0,0,0,0,0,1,240.0,110.0,1.5,5.69401,4.30445
5180,0,0,0,0,0,0,1,240.0,110.0,1.75,6.76222,4.36125
5181,0,0,0,0,0,0,1,240.0,110.0,2.0,7.64933,4.19044
5182,0,0,0,0,0,0,1,240.0,110.0,2.25,8.36782,3.81225
5183,0,0,0,0,0,0,1,240.0,110.0,2.515,8.75969,3.11112
5184,0,0,0,0,0,0,1,300.0,30.0,0.498,0.19993,0.121988
5185,0,0,0,0,0,0,1,300.0,30.0,0.75,0.488154,0.239157
5186,0,0,0,0,0,0,1,300.0,30.0,1.0,0.709167,0.336052
5187,0,0,0,0,0,0,1,300.0,30.0,1.25,0.996176,0.479744
5188,0,0,0,0,0,0,1,300.0,30.0,1.5,1.17303,0.597958
5189,0,0,0,0,0,0,1,300.0,30.0,1.75,1.22619,0.655965
5190,0,0,0,0,0,0,1,300.0,30.0,2.0,1.11584,0.646617
5191,0,0,0,0,0,0,1,300.0,30.0,2.25,0.813673,0.501151
5192,0,0,0,0,0,0,1,300.0,30.0,2.515,0.650821,0.413926
5193,0,0,0,0,0,0,1,300.0,40.0,0.498,0.331011,0.248463
5194,0,0,0,0,0,0,1,300.0,40.0,0.75,0.655016,0.394432
5195,0,0,0,0,0,0,1,300.0,40.0,1.0,1.05281,0.59566
5196,0,0,0,0,0,0,1,300.0,40.0,1.25,1.54161,0.874456
5197,0,0,0,0,0,0,1,300.0,40.0,1.5,1.87919,1.08437
5198,0,0,0,0,0,0,1,300.0,40.0,1.75,1.97298,1.17154
5199,0,0,0,0,0,0,1,300.0,40.0,2.0,1.8796,1.12023
5200,0,0,0,0,0,0,1,300.0,40.0,2.25,1.7017,0.95708
5201,0,0,0,0,0,0,1,300.0,40.0,2.515,1.42261,0.719341
5202,0,0,0,0,0,0,1,300.0,50.0,0.498,0.362233,0.327017
5203,0,0,0,0,0,0,1,300.0,50.0,0.75,0.756468,0.573824
5204,0,0,0,0,0,0,1,300.0,50.0,1.0,1.48876,1.10177
5205,0,0,0,0,0,0,1,300.0,50.0,1.25,2.23229,1.53822
5206,0,0,0,0,0,0,1,300.0,50.0,1.5,2.71382,1.79966
5207,0,0,0,0,0,0,1,300.0,50.0,1.75,2.87924,1.86265
5208,0,0,0,0,0,0,1,300.0,50.0,2.0,2.75223,1.66419
5209,0,0,0,0,0,0,1,300.0,50.0,2.25,2.59003,1.38611
5210,0,0,0,0,0,0,1,300.0,50.0,2.515,2.34439,1.06182
5211,0,0,0,0,0,0,1,300.0,60.0,0.498,0.377811,0.404061
5212,0,0,0,0,0,0,1,300.0,60.0,0.75,0.930649,1.01714
5213,0,0,0,0,0,0,1,300.0,60.0,1.0,1.95516,1.68307
5214,0,0,0,0,0,0,1,300.0,60.0,1.25,2.93962,2.20912
5215,0,0,0,0,0,0,1,300.0,60.0,1.5,3.50691,2.49295
5216,0,0,0,0,0,0,1,300.0,60.0,1.75,3.78147,2.58093
5217,0,0,0,0,0,0,1,300.0,60.0,2.0,3.78442,2.3879
5218,0,0,0,0,0,0,1,300.0,60.0,2.25,3.5298,1.93767
5219,0,0,0,0,0,0,1,300.0,60.0,2.515,3.1449,1.40557
5220,0,0,0,0,0,0,1,300.0,70.0,0.498,0.381884,0.607272
5221,0,0,0,0,0,0,1,300.0,70.0,0.75,1.13104,1.47559
5222,0,0,0,0,0,0,1,300.0,70.0,1.0,2.40172,2.21202
5223,0,0,0,0,0,0,1,300.0,70.0,1.25,3.53074,2.77764
5224,0,0,0,0,0,0,1,300.0,70.0,1.5,4.30533,3.14647
5225,0,0,0,0,0,0,1,300.0,70.0,1.75,4.76318,3.23482
5226,0,0,0,0,0,0,1,300.0,70.0,2.0,4.88573,2.99269
5227,0,0,0,0,0,0,1,300.0,70.0,2.25,4.76247,2.51155
5228,0,0,0,0,0,0,1,300.0,70.0,2.515,4.42994,1.85382
5229,0,0,0,0,0,0,1,300.0,80.0,0.498,0.345532,0.927719
5230,0,0,0,0,0,0,1,300.0,80.0,0.75,1.20309,1.86765
5231,0,0,0,0,0,0,1,300.0,80.0,1.0,2.66926,2.65712
5232,0,0,0,0,0,0,1,300.0,80.0,1.25,3.94286,3.2759
5233,0,0,0,0,0,0,1,300.0,80.0,1.5,4.89607,3.65054
5234,0,0,0,0,0,0,1,300.0,80.0,1.75,5.59772,3.78416
5235,0,0,0,0,0,0,1,300.0,80.0,2.0,5.88616,3.5016
5236,0,0,0,0,0,0,1,300.0,80.0,2.25,5.92807,3.00478
5237,0,0,0,0,0,0,1,300.0,80.0,2.515,5.88452,2.37726
5238,0,0,0,0,0,0,1,300.0,90.0,0.498,0.343191,1.20154
5239,0,0,0,0,0,0,1,300.0,90.0,0.75,1.14342,2.17033
5240,0,0,0,0,0,0,1,300.0,90.0,1.0,2.69594,3.02674
5241,0,0,0,0,0,0,1,300.0,90.0,1.25,4.17897,3.67811
5242,0,0,0,0,0,0,1,300.0,90.0,1.5,5.40243,4.10438
5243,0,0,0,0,0,0,1,300.0,90.0,1.75,6.30202,4.20888
5244,0,0,0,0,0,0,1,300.0,90.0,2.0,6.82548,3.97772
5245,0,0,0,0,0,0,1,300.0,90.0,2.25,7.12229,3.50812
5246,0,0,0,0,0,0,1,300.0,90.0,2.515,7.20481,2.79844
5247,0,0,0,0,0,0,1,300.0,100.0,0.498,0.376228,1.5478
5248,0,0,0,0,0,0,1,300.0,100.0,0.75,1.16318,2.50384
5249,0,0,0,0,0,0,1,300.0,100.0,1.0,2.75644,3.35161
5250,0,0,0,0,0,0,1,300.0,100.0,1.25,4.49597,4.06489
5251,0,0,0,0,0,0,1,300.0,100.0,1.5,5.93861,4.48264
5252,0,0,0,0,0,0,1,300.0,100.0,1.75,6.98118,4.61596
5253,0,0,0,0,0,0,1,300.0,100.0,2.0,7.68073,4.38683
5254,0,0,0,0,0,0,1,300.0,100.0,2.25,8.23963,3.94482
5255,0,0,0,0,0,0,1,300.0,100.0,2.515,8.45506,3.15689
5256,0,0,0,0,0,0,1,300.0,110.0,0.498,0.41567,1.97606
5257,0,0,0,0,0,0,1,300.0,110.0,0.75,1.28044,2.88477
5258,0,0,0,0,0,0,1,300.0,110.0,1.0,3.02439,3.71578
5259,0,0,0,0,0,0,1,300.0,110.0,1.25,4.85021,4.37586
5260,0,0,0,0,0,0,1,300.0,110.0,1.5,6.35898,4.7949
5261,0,0,0,0,0,0,1,300.0,110.0,1.75,7.51925,4.89226
5262,0,0,0,0,0,0,1,300.0,110.0,2.0,8.47022,4.70596
5263,0,0,0,0,0,0,1,300.0,110.0,2.25,9.18336,4.26784
5264,0,0,0,0,0,0,1,300.0,110.0,2.515,9.63208,3.52027
5265,0,0,0,0,0,0,1,360.0,30.0,0.498,0.174437,0.121463
5266,0,0,0,0,0,0,1,360.0,30.0,0.75,0.487265,0.24211
5267,0,0,0,0,0,0,1,360.0,30.0,1.0,0.717376,0.332669
5268,0,0,0,0,0,0,1,360.0,30.0,1.25,0.875796,0.415188
5269,0,0,0,0,0,0,1,360.0,30.0,1.5,1.07338,0.547655
5270,0,0,0,0,0,0,1,360.0,30.0,1.75,1.12811,0.610691
5271,0,0,0,0,0,0,1,360.0,30.0,2.0,1.07639,0.596854
5272,0,0,0,0,0,0,1,360.0,30.0,2.25,0.77761,0.497573
5273,0,0,0,0,0,0,1,360.0,30.0,2.515,0.683957,0.428243
5274,0,0,0,0,0,0,1,360.0,40.0,0.498,0.31811,0.258528
5275,0,0,0,0,0,0,1,360.0,40.0,0.75,0.635854,0.397534
5276,0,0,0,0,0,0,1,360.0,40.0,1.0,0.964996,0.562253
5277,0,0,0,0,0,0,1,360.0,40.0,1.25,1.37947,0.795847
5278,0,0,0,0,0,0,1,360.0,40.0,1.5,1.67843,0.986031
5279,0,0,0,0,0,0,1,360.0,40.0,1.75,1.88131,1.11869
5280,0,0,0,0,0,0,1,360.0,40.0,2.0,1.84619,1.08656
5281,0,0,0,0,0,0,1,360.0,40.0,2.25,1.73525,0.975782
5282,0,0,0,0,0,0,1,360.0,40.0,2.515,1.4858,0.749215
5283,0,0,0,0,0,0,1,360.0,50.0,0.498,0.411614,0.366155
5284,0,0,0,0,0,0,1,360.0,50.0,0.75,0.761412,0.536201
5285,0,0,0,0,0,0,1,360.0,50.0,1.0,1.28788,1.02145
5286,0,0,0,0,0,0,1,360.0,50.0,1.25,1.98344,1.44981
5287,0,0,0,0,0,0,1,360.0,50.0,1.5,2.51484,1.72693
5288,0,0,0,0,0,0,1,360.0,50.0,1.75,2.71321,1.79595
5289,0,0,0,0,0,0,1,360.0,50.0,2.0,2.68984,1.65832
5290,0,0,0,0,0,0,1,360.0,50.0,2.25,2.6662,1.44133
5291,0,0,0,0,0,0,1,360.0,50.0,2.515,2.50369,1.14611
5292,0,0,0,0,0,0,1,360.0,60.0,0.498,0.429002,0.42825
5293,0,0,0,0,0,0,1,360.0,60.0,0.75,0.87691,0.989799
5294,0,0,0,0,0,0,1,360.0,60.0,1.0,1.7921,1.66096
5295,0,0,0,0,0,0,1,360.0,60.0,1.25,2.73923,2.17943
5296,0,0,0,0,0,0,1,360.0,60.0,1.5,3.33489,2.47794
5297,0,0,0,0,0,0,1,360.0,60.0,1.75,3.72303,2.58104
5298,0,0,0,0,0,0,1,360.0,60.0,2.0,3.8072,2.42308
5299,0,0,0,0,0,0,1,360.0,60.0,2.25,3.71615,2.08358
5300,0,0,0,0,0,0,1,360.0,60.0,2.515,3.45433,1.56055
5301,0,0,0,0,0,0,1,360.0,70.0,0.498,0.430667,0.595483
5302,0,0,0,0,0,0,1,360.0,70.0,0.75,1.08903,1.49056
5303,0,0,0,0,0,0,1,360.0,70.0,1.0,2.28067,2.23156
5304,0,0,0,0,0,0,1,360.0,70.0,1.25,3.43892,2.8423
5305,0,0,0,0,0,0,1,360.0,70.0,1.5,4.23238,3.18101
5306,0,0,0,0,0,0,1,360.0,70.0,1.75,4.76618,3.28002
5307,0,0,0,0,0,0,1,360.0,70.0,2.0,5.13828,3.16462
5308,0,0,0,0,0,0,1,360.0,70.0,2.25,5.06535,2.70457
5309,0,0,0,0,0,0,1,360.0,70.0,2.515,4.93633,2.0899
5310,0,0,0,0,0,0,1,360.0,80.0,0.498,0.433889,0.944899
5311,0,0,0,0,0,0,1,360.0,80.0,0.75,1.17165,1.90521
5312,0,0,0,0,0,0,1,360.0,80.0,1.0,2.58,2.72555
5313,0,0,0,0,0,0,1,360.0,80.0,1.25,3.94554,3.38326
5314,0,0,0,0,0,0,1,360.0,80.0,1.5,4.99283,3.81377
5315,0,0,0,0,0,0,1,360.0,80.0,1.75,5.71681,3.93603
5316,0,0,0,0,0,0,1,360.0,80.0,2.0,6.1929,3.74483
5317,0,0,0,0,0,0,1,360.0,80.0,2.25,6.4457,3.31386
5318,0,0,0,0,0,0,1,360.0,80.0,2.515,6.47598,2.64181
5319,0,0,0,0,0,0,1,360.0,90.0,0.498,0.485831,1.30947
5320,0,0,0,0,0,0,1,360.0,90.0,0.75,1.25569,2.29693
5321,0,0,0,0,0,0,1,360.0,90.0,1.0,2.76019,3.15208
5322,0,0,0,0,0,0,1,360.0,90.0,1.25,4.26104,3.83909
5323,0,0,0,0,0,0,1,360.0,90.0,1.5,5.55592,4.31935
5324,0,0,0,0,0,0,1,360.0,90.0,1.75,6.58986,4.48867
5325,0,0,0,0,0,0,1,360.0,90.0,2.0,7.29299,4.28796
5326,0,0,0,0,0,0,1,360.0,90.0,2.25,7.58973,3.80392
5327,0,0,0,0,0,0,1,360.0,90.0,2.515,7.73152,3.0524
5328,0,0,0,0,0,0,1,360.0,100.0,0.498,0.5365,1.72095
5329,0,0,0,0,0,0,1,360.0,100.0,0.75,1.41821,2.70424
5330,0,0,0,0,0,0,1,360.0,100.0,1.0,2.99386,3.57367
5331,0,0,0,0,0,0,1,360.0,100.0,1.25,4.69642,4.29339
5332,0,0,0,0,0,0,1,360.0,100.0,1.5,6.2753,4.81948
5333,0,0,0,0,0,0,1,360.0,100.0,1.75,7.45181,4.94833
5334,0,0,0,0,0,0,1,360.0,100.0,2.0,8.21447,4.72864
5335,0,0,0,0,0,0,1,360.0,100.0,2.25,8.66973,4.21959
5336,0,0,0,0,0,0,1,360.0,100.0,2.515,9.02319,3.45459
5337,0,0,0,0,0,0,1,360.0,110.0,0.498,0.574229,2.12257
5338,0,0,0,0,0,0,1,360.0,110.0,0.75,1.48193,3.08387
5339,0,0,0,0,0,0,1,360.0,110.0,1.0,3.2612,3.96309
5340,0,0,0,0,0,0,1,360.0,110.0,1.25,5.26998,4.73479
5341,0,0,0,0,0,0,1,360.0,110.0,1.5,6.93855,5.19235
5342,0,0,0,0,0,0,1,360.0,110.0,1.75,8.20562,5.32456
5343,0,0,0,0,0,0,1,360.0,110.0,2.0,9.2062,5.13198
5344,0,0,0,0,0,0,1,360.0,110.0,2.25,9.82829,4.61971
5345,0,0,0,0,0,0,1,360.0,110.0,2.515,10.2741,3.85635
5346,0,0,0,0,0,0,1,420.0,30.0,0.498,0.158677,0.111619
5347,0,0,0,0,0,0,1,420.0,30.0,0.75,0.472109,0.240009
5348,0,0,0,0,0,0,1,420.0,30.0,1.0,0.719145,0.325515
5349,0,0,0,0,0,0,1,420.0,30.0,1.25,0.863767,0.379026
5350,0,0,0,0,0,0,1,420.0,30.0,1.5,0.949279,0.461152
5351,0,0,0,0,0,0,1,420.0,30.0,1.75,0.964662,0.520594
5352,0,0,0,0,0,0,1,420.0,30.0,2.0,0.914941,0.518287
5353,0,0,0,0,0,0,1,420.0,30.0,2.25,0.751986,0.447147
5354,0,0,0,0,0,0,1,420.0,30.0,2.515,0.656613,0.388083
5355,0,0,0,0,0,0,1,420.0,40.0,0.498,0.294005,0.255322
5356,0,0,0,0,0,0,1,420.0,40.0,0.75,0.620005,0.396097
5357,0,0,0,0,0,0,1,420.0,40.0,1.0,0.912069,0.510735
5358,0,0,0,0,0,0,1,420.0,40.0,1.25,1.22181,0.682725
5359,0,0,0,0,0,0,1,420.0,40.0,1.5,1.41846,0.858403
5360,0,0,0,0,0,0,1,420.0,40.0,1.75,1.63659,0.975035
5361,0,0,0,0,0,0,1,420.0,40.0,2.0,1.76633,1.03295
5362,0,0,0,0,0,0,1,420.0,40.0,2.25,1.71812,0.961276
5363,0,0,0,0,0,0,1,420.0,40.0,2.515,1.5035,0.746932
5364,0,0,0,0,0,0,1,420.0,50.0,0.498,0.380945,0.359343
5365,0,0,0,0,0,0,1,420.0,50.0,0.75,0.751146,0.549906
5366,0,0,0,0,0,0,1,420.0,50.0,1.0,1.13934,0.937647
5367,0,0,0,0,0,0,1,420.0,50.0,1.25,1.66709,1.26886
5368,0,0,0,0,0,0,1,420.0,50.0,1.5,2.11698,1.54052
5369,0,0,0,0,0,0,1,420.0,50.0,1.75,2.47017,1.66666
5370,0,0,0,0,0,0,1,420.0,50.0,2.0,2.5952,1.5941
5371,0,0,0,0,0,0,1,420.0,50.0,2.25,2.66394,1.44158
5372,0,0,0,0,0,0,1,420.0,50.0,2.515,2.58452,1.18337
5373,0,0,0,0,0,0,1,420.0,60.0,0.498,0.436821,0.443445
5374,0,0,0,0,0,0,1,420.0,60.0,0.75,0.859915,0.930686
5375,0,0,0,0,0,0,1,420.0,60.0,1.0,1.55342,1.56429
5376,0,0,0,0,0,0,1,420.0,60.0,1.25,2.38057,2.06493
5377,0,0,0,0,0,0,1,420.0,60.0,1.5,2.99618,2.36387
5378,0,0,0,0,0,0,1,420.0,60.0,1.75,3.54052,2.48688
5379,0,0,0,0,0,0,1,420.0,60.0,2.0,3.7422,2.38605
5380,0,0,0,0,0,0,1,420.0,60.0,2.25,3.80396,2.11773
5381,0,0,0,0,0,0,1,420.0,60.0,2.515,3.67999,1.64643
5382,0,0,0,0,0,0,1,420.0,70.0,0.498,0.46825,0.619206
5383,0,0,0,0,0,0,1,420.0,70.0,0.75,1.0751,1.44312
5384,0,0,0,0,0,0,1,420.0,70.0,1.0,2.07297,2.21543
5385,0,0,0,0,0,0,1,420.0,70.0,1.25,3.24074,2.83195
5386,0,0,0,0,0,0,1,420.0,70.0,1.5,4.04565,3.16256
5387,0,0,0,0,0,0,1,420.0,70.0,1.75,4.61694,3.2422
5388,0,0,0,0,0,0,1,420.0,70.0,2.0,5.21268,3.19379
5389,0,0,0,0,0,0,1,420.0,70.0,2.25,5.40884,2.85936
5390,0,0,0,0,0,0,1,420.0,70.0,2.515,5.4301,2.26892
5391,0,0,0,0,0,0,1,420.0,80.0,0.498,0.510396,0.974501
5392,0,0,0,0,0,0,1,420.0,80.0,0.75,1.16122,1.92339
5393,0,0,0,0,0,0,1,420.0,80.0,1.0,2.42052,2.74566
5394,0,0,0,0,0,0,1,420.0,80.0,1.25,3.82074,3.44104
5395,0,0,0,0,0,0,1,420.0,80.0,1.5,4.9216,3.86137
5396,0,0,0,0,0,0,1,420.0,80.0,1.75,5.7354,3.98171
5397,0,0,0,0,0,0,1,420.0,80.0,2.0,6.43325,3.89283
5398,0,0,0,0,0,0,1,420.0,80.0,2.25,6.79377,3.5054
5399,0,0,0,0,0,0,1,420.0,80.0,2.515,6.90726,2.84136
5400,0,0,0,0,0,0,1,420.0,90.0,0.498,0.579975,1.40461
5401,0,0,0,0,0,0,1,420.0,90.0,0.75,1.27083,2.38805
5402,0,0,0,0,0,0,1,420.0,90.0,1.0,2.7789,3.26985
5403,0,0,0,0,0,0,1,420.0,90.0,1.25,4.33049,3.97357
5404,0,0,0,0,0,0,1,420.0,90.0,1.5,5.71663,4.50368
5405,0,0,0,0,0,0,1,420.0,90.0,1.75,6.81342,4.65103
5406,0,0,0,0,0,0,1,420.0,90.0,2.0,7.50736,4.46127
5407,0,0,0,0,0,0,1,420.0,90.0,2.25,7.95399,4.02749
5408,0,0,0,0,0,0,1,420.0,90.0,2.515,8.22778,3.29591
5409,0,0,0,0,0,0,1,420.0,100.0,0.498,0.655776,1.82833
5410,0,0,0,0,0,0,1,420.0,100.0,0.75,1.44502,2.82199
5411,0,0,0,0,0,0,1,420.0,100.0,1.0,3.11454,3.73667
5412,0,0,0,0,0,0,1,420.0,100.0,1.25,4.93029,4.51652
5413,0,0,0,0,0,0,1,420.0,100.0,1.5,6.58607,5.08408
5414,0,0,0,0,0,0,1,420.0,100.0,1.75,7.86167,5.24105
5415,0,0,0,0,0,0,1,420.0,100.0,2.0,8.67137,4.99835
5416,0,0,0,0,0,0,1,420.0,100.0,2.25,9.05492,4.44866
5417,0,0,0,0,0,0,1,420.0,100.0,2.515,9.48125,3.70932
5418,0,0,0,0,0,0,1,420.0,110.0,0.498,0.711963,2.24392
5419,0,0,0,0,0,0,1,420.0,110.0,0.75,1.64548,3.248
5420,0,0,0,0,0,0,1,420.0,110.0,1.0,3.49469,4.17257
5421,0,0,0,0,0,0,1,420.0,110.0,1.25,5.62612,4.99952
5422,0,0,0,0,0,0,1,420.0,110.0,1.5,7.39352,5.52106
5423,0,0,0,0,0,0,1,420.0,110.0,1.75,8.72902,5.65611
5424,0,0,0,0,0,0,1,420.0,110.0,2.0,9.67382,5.42887
5425,0,0,0,0,0,0,1,420.0,110.0,2.25,10.2788,4.88013
5426,0,0,0,0,0,0,1,420.0,110.0,2.515,10.7982,4.13163
5427,0,0,0,0,0,0,1,480.0,30.0,0.498,0.14713,0.103167
5428,0,0,0,0,0,0,1,480.0,30.0,0.75,0.45963,0.229387
5429,0,0,0,0,0,0,1,480.0,30.0,1.0,0.69347,0.309887
5430,0,0,0,0,0,0,1,480.0,30.0,1.25,0.867248,0.367616
5431,0,0,0,0,0,0,1,480.0,30.0,1.5,0.927271,0.381196
5432,0,0,0,0,0,0,1,480.0,30.0,1.75,0.89626,0.399883
5433,0,0,0,0,0,0,1,480.0,30.0,2.0,0.840847,0.412278
5434,0,0,0,0,0,0,1,480.0,30.0,2.25,0.725201,0.363215
5435,0,0,0,0,0,0,1,480.0,30.0,2.515,0.60428,0.312642
5436,0,0,0,0,0,0,1,480.0,40.0,0.498,0.260509,0.23567
5437,0,0,0,0,0,0,1,480.0,40.0,0.75,0.616007,0.392109
5438,0,0,0,0,0,0,1,480.0,40.0,1.0,0.909606,0.504739
5439,0,0,0,0,0,0,1,480.0,40.0,1.25,1.12153,0.586201
5440,0,0,0,0,0,0,1,480.0,40.0,1.5,1.23571,0.729666
5441,0,0,0,0,0,0,1,480.0,40.0,1.75,1.35032,0.825891
5442,0,0,0,0,0,0,1,480.0,40.0,2.0,1.56152,0.909953
5443,0,0,0,0,0,0,1,480.0,40.0,2.25,1.63036,0.876153
5444,0,0,0,0,0,0,1,480.0,40.0,2.515,1.46115,0.698937
5445,0,0,0,0,0,0,1,480.0,50.0,0.498,0.343439,0.343549
5446,0,0,0,0,0,0,1,480.0,50.0,0.75,0.734176,0.549219
5447,0,0,0,0,0,0,1,480.0,50.0,1.0,1.08422,0.828728
5448,0,0,0,0,0,0,1,480.0,50.0,1.25,1.41127,1.08968
5449,0,0,0,0,0,0,1,480.0,50.0,1.5,1.77604,1.29551
5450,0,0,0,0,0,0,1,480.0,50.0,1.75,2.17058,1.48035
5451,0,0,0,0,0,0,1,480.0,50.0,2.0,2.45771,1.49773
5452,0,0,0,0,0,0,1,480.0,50.0,2.25,2.61193,1.38885
5453,0,0,0,0,0,0,1,480.0,50.0,2.515,2.60641,1.18328
5454,0,0,0,0,0,0,1,480.0,60.0,0.498,0.429605,0.454961
5455,0,0,0,0,0,0,1,480.0,60.0,0.75,0.820823,0.838702
5456,0,0,0,0,0,0,1,480.0,60.0,1.0,1.42061,1.43937
5457,0,0,0,0,0,0,1,480.0,60.0,1.25,1.96095,1.90301
5458,0,0,0,0,0,0,1,480.0,60.0,1.5,2.66571,2.18916
5459,0,0,0,0,0,0,1,480.0,60.0,1.75,3.2508,2.32995
5460,0,0,0,0,0,0,1,480.0,60.0,2.0,3.71438,2.31871
5461,0,0,0,0,0,0,1,480.0,60.0,2.25,3.91151,2.10994
5462,0,0,0,0,0,0,1,480.0,60.0,2.515,3.92464,1.69172
5463,0,0,0,0,0,0,1,480.0,70.0,0.498,0.518023,0.653435
5464,0,0,0,0,0,0,1,480.0,70.0,0.75,1.06502,1.36929
5465,0,0,0,0,0,0,1,480.0,70.0,1.0,1.7882,2.10979
5466,0,0,0,0,0,0,1,480.0,70.0,1.25,2.88843,2.71583
5467,0,0,0,0,0,0,1,480.0,70.0,1.5,3.7638,3.04656
5468,0,0,0,0,0,0,1,480.0,70.0,1.75,4.49903,3.15489
5469,0,0,0,0,0,0,1,480.0,70.0,2.0,5.14421,3.1409
5470,0,0,0,0,0,0,1,480.0,70.0,2.25,5.53959,2.87509
5471,0,0,0,0,0,0,1,480.0,70.0,2.515,5.69913,2.3789
5472,0,0,0,0,0,0,1,480.0,80.0,0.498,0.569508,0.974614
5473,0,0,0,0,0,0,1,480.0,80.0,0.75,1.22369,1.91886
5474,0,0,0,0,0,0,1,480.0,80.0,1.0,2.25818,2.73613
5475,0,0,0,0,0,0,1,480.0,80.0,1.25,3.68432,3.44189
5476,0,0,0,0,0,0,1,480.0,80.0,1.5,4.78727,3.82729
5477,0,0,0,0,0,0,1,480.0,80.0,1.75,5.69255,3.96022
5478,0,0,0,0,0,0,1,480.0,80.0,2.0,6.44815,3.87625
5479,0,0,0,0,0,0,1,480.0,80.0,2.25,6.93002,3.56996
5480,0,0,0,0,0,0,1,480.0,80.0,2.515,7.27919,2.97914
5481,0,0,0,0,0,0,1,480.0,90.0,0.498,0.644335,1.4133
5482,0,0,0,0,0,0,1,480.0,90.0,0.75,1.34802,2.38816
5483,0,0,0,0,0,0,1,480.0,90.0,1.0,2.69186,3.3269
5484,0,0,0,0,0,0,1,480.0,90.0,1.25,4.37581,4.08189
5485,0,0,0,0,0,0,1,480.0,90.0,1.5,5.78731,4.55114
5486,0,0,0,0,0,0,1,480.0,90.0,1.75,6.89627,4.71023
5487,0,0,0,0,0,0,1,480.0,90.0,2.0,7.64196,4.54025
5488,0,0,0,0,0,0,1,480.0,90.0,2.25,8.218,4.16374
5489,0,0,0,0,0,0,1,480.0,90.0,2.515,8.53009,3.44599
5490,0,0,0,0,0,0,1,480.0,100.0,0.498,0.73813,1.88178
5491,0,0,0,0,0,0,1,480.0,100.0,0.75,1.58067,2.89032
5492,0,0,0,0,0,0,1,480.0,100.0,1.0,3.19636,3.85813
5493,0,0,0,0,0,0,1,480.0,100.0,1.25,5.14763,4.67793
5494,0,0,0,0,0,0,1,480.0,100.0,1.5,6.83848,5.22195
5495,0,0,0,0,0,0,1,480.0,100.0,1.75,8.11092,5.37743
5496,0,0,0,0,0,0,1,480.0,100.0,2.0,8.92468,5.15249
5497,0,0,0,0,0,0,1,480.0,100.0,2.25,9.38969,4.62145
5498,0,0,0,0,0,0,1,480.0,100.0,2.515,9.81598,3.88828
5499,0,0,0,0,0,0,1,480.0,110.0,0.498,0.839975,2.35272
5500,0,0,0,0,0,0,1,480.0,110.0,0.75,1.88241,3.389
5501,0,0,0,0,0,0,1,480.0,110.0,1.0,3.7557,4.33643
5502,0,0,0,0,0,0,1,480.0,110.0,1.25,5.93315,5.18148
5503,0,0,0,0,0,0,1,480.0,110.0,1.5,7.77639,5.74857
5504,0,0,0,0,0,0,1,480.0,110.0,1.75,9.08249,5.8766
5505,0,0,0,0,0,0,1,480.0,110.0,2.0,10.0475,5.64657
5506,0,0,0,0,0,0,1,480.0,110.0,2.25,10.6608,5.10615
5507,0,0,0,0,0,0,1,480.0,110.0,2.515,11.1519,4.33914
5508,0,0,0,0,0,0,1,540.0,30.0,0.498,0.112756,0.0800718
5509,0,0,0,0,0,0,1,540.0,30.0,0.75,0.43989,0.219854
5510,0,0,0,0,0,0,1,540.0,30.0,1.0,0.652283,0.293415
5511,0,0,0,0,0,0,1,540.0,30.0,1.25,0.794505,0.330357
5512,0,0,0,0,0,0,1,540.0,30.0,1.5,0.846794,0.341872
5513,0,0,0,0,0,0,1,540.0,30.0,1.75,0.831263,0.338167
5514,0,0,0,0,0,0,1,540.0,30.0,2.0,0.753449,0.335096
5515,0,0,0,0,0,0,1,540.0,30.0,2.25,0.646537,0.302041
5516,0,0,0,0,0,0,1,540.0,30.0,2.515,0.518418,0.225083
5517,0,0,0,0,0,0,1,540.0,40.0,0.498,0.239602,0.222014
5518,0,0,0,0,0,0,1,540.0,40.0,0.75,0.598418,0.376723
5519,0,0,0,0,0,0,1,540.0,40.0,1.0,0.875077,0.481541
5520,0,0,0,0,0,0,1,540.0,40.0,1.25,1.05091,0.539234
5521,0,0,0,0,0,0,1,540.0,40.0,1.5,1.16929,0.630837
5522,0,0,0,0,0,0,1,540.0,40.0,1.75,1.19606,0.687261
5523,0,0,0,0,0,0,1,540.0,40.0,2.0,1.34682,0.731094
5524,0,0,0,0,0,0,1,540.0,40.0,2.25,1.44811,0.73164
5525,0,0,0,0,0,0,1,540.0,40.0,2.515,1.43973,0.63748
5526,0,0,0,0,0,0,1,540.0,50.0,0.498,0.332239,0.339327
5527,0,0,0,0,0,0,1,540.0,50.0,0.75,0.726017,0.53587
5528,0,0,0,0,0,0,1,540.0,50.0,1.0,1.05632,0.74594
5529,0,0,0,0,0,0,1,540.0,50.0,1.25,1.28703,0.938516
5530,0,0,0,0,0,0,1,540.0,50.0,1.5,1.47646,1.11619
5531,0,0,0,0,0,0,1,540.0,50.0,1.75,1.90461,1.27592
5532,0,0,0,0,0,0,1,540.0,50.0,2.0,2.26911,1.3698
5533,0,0,0,0,0,0,1,540.0,50.0,2.25,2.50279,1.31701
5534,0,0,0,0,0,0,1,540.0,50.0,2.515,2.57824,1.11274
5535,0,0,0,0,0,0,1,540.0,60.0,0.498,0.440409,0.483835
5536,0,0,0,0,0,0,1,540.0,60.0,0.75,0.823096,0.795472
5537,0,0,0,0,0,0,1,540.0,60.0,1.0,1.27812,1.25981
5538,0,0,0,0,0,0,1,540.0,60.0,1.25,1.72091,1.66573
5539,0,0,0,0,0,0,1,540.0,60.0,1.5,2.30114,1.96148
5540,0,0,0,0,0,0,1,540.0,60.0,1.75,3.04271,2.15396
5541,0,0,0,0,0,0,1,540.0,60.0,2.0,3.58232,2.2175
5542,0,0,0,0,0,0,1,540.0,60.0,2.25,3.9682,2.09507
5543,0,0,0,0,0,0,1,540.0,60.0,2.515,4.11109,1.70424
5544,0,0,0,0,0,0,1,540.0,70.0,0.498,0.539323,0.704546
5545,0,0,0,0,0,0,1,540.0,70.0,0.75,1.02106,1.25991
5546,0,0,0,0,0,0,1,540.0,70.0,1.0,1.68784,1.94718
5547,0,0,0,0,0,0,1,540.0,70.0,1.25,2.44359,2.52637
5548,0,0,0,0,0,0,1,540.0,70.0,1.5,3.41312,2.84615
5549,0,0,0,0,0,0,1,540.0,70.0,1.75,4.31278,3.01198
5550,0,0,0,0,0,0,1,540.0,70.0,2.0,4.99816,3.01083
5551,0,0,0,0,0,0,1,540.0,70.0,2.25,5.5477,2.84349
5552,0,0,0,0,0,0,1,540.0,70.0,2.515,5.85374,2.42785
5553,0,0,0,0,0,0,1,540.0,80.0,0.498,0.6089,0.966875
5554,0,0,0,0,0,0,1,540.0,80.0,0.75,1.25043,1.88718
5555,0,0,0,0,0,0,1,540.0,80.0,1.0,2.17242,2.70244
5556,0,0,0,0,0,0,1,540.0,80.0,1.25,3.39615,3.31903
5557,0,0,0,0,0,0,1,540.0,80.0,1.5,4.62315,3.71036
5558,0,0,0,0,0,0,1,540.0,80.0,1.75,5.59787,3.85982
5559,0,0,0,0,0,0,1,540.0,80.0,2.0,6.38744,3.80069
5560,0,0,0,0,0,0,1,540.0,80.0,2.25,6.98755,3.54562
5561,0,0,0,0,0,0,1,540.0,80.0,2.515,7.43829,3.05023
5562,0,0,0,0,0,0,1,540.0,90.0,0.498,0.689901,1.39485
5563,0,0,0,0,0,0,1,540.0,90.0,0.75,1.42158,2.39927
5564,0,0,0,0,0,0,1,540.0,90.0,1.0,2.58549,3.3244
5565,0,0,0,0,0,0,1,540.0,90.0,1.25,4.32693,4.05944
5566,0,0,0,0,0,0,1,540.0,90.0,1.5,5.8205,4.53156
5567,0,0,0,0,0,0,1,540.0,90.0,1.75,6.96181,4.70626
5568,0,0,0,0,0,0,1,540.0,90.0,2.0,7.73846,4.54868
5569,0,0,0,0,0,0,1,540.0,90.0,2.25,8.36256,4.17579
5570,0,0,0,0,0,0,1,540.0,90.0,2.515,8.79967,3.53039
5571,0,0,0,0,0,0,1,540.0,100.0,0.498,0.789834,1.90174
5572,0,0,0,0,0,0,1,540.0,100.0,0.75,1.69542,2.92887
5573,0,0,0,0,0,0,1,540.0,100.0,1.0,3.22369,3.9089
5574,0,0,0,0,0,0,1,540.0,100.0,1.25,5.26176,4.70767
5575,0,0,0,0,0,0,1,540.0,100.0,1.5,6.96534,5.23607
5576,0,0,0,0,0,0,1,540.0,100.0,1.75,8.16295,5.40146
5577,0,0,0,0,0,0,1,540.0,100.0,2.0,9.0578,5.22581
5578,0,0,0,0,0,0,1,540.0,100.0,2.25,9.64412,4.71442
5579,0,0,0,0,0,0,1,540.0,100.0,2.515,10.1662,4.01385
5580,0,0,0,0,0,0,1,540.0,110.0,0.498,0.936166,2.46034
5581,0,0,0,0,0,0,1,540.0,110.0,0.75,2.11196,3.47476
5582,0,0,0,0,0,0,1,540.0,110.0,1.0,3.98088,4.46538
5583,0,0,0,0,0,0,1,540.0,110.0,1.25,6.19209,5.2992
5584,0,0,0,0,0,0,1,540.0,110.0,1.5,8.00602,5.8318
5585,0,0,0,0,0,0,1,540.0,110.0,1.75,9.38375,6.00813
5586,0,0,0,0,0,0,1,540.0,110.0,2.0,10.4517,5.84737
5587,0,0,0,0,0,0,1,540.0,110.0,2.25,11.0435,5.28999
5588,0,0,0,0,0,0,1,540.0,110.0,2.515,11.4993,4.51311
5589,0,0,0,0,0,0,1,600.0,30.0,0.498,0.0596614,0.0643655
5590,0,0,0,0,0,0,1,600.0,30.0,0.75,0.375319,0.189546
5591,0,0,0,0,0,0,1,600.0,30.0,1.0,0.564404,0.255387
5592,0,0,0,0,0,0,1,600.0,30.0,1.25,0.659377,0.286699
5593,0,0,0,0,0,0,1,600.0,30.0,1.5,0.733053,0.296716
5594,0,0,0,0,0,0,1,600.0,30.0,1.75,0.75277,0.305914
5595,0,0,0,0,0,0,1,600.0,30.0,2.0,0.66762,0.283617
5596,0,0,0,0,0,0,1,600.0,30.0,2.25,0.593157,0.255941
5597,0,0,0,0,0,0,1,600.0,30.0,2.515,0.490463,0.193718
5598,0,0,0,0,0,0,1,600.0,40.0,0.498,0.203254,0.214029
5599,0,0,0,0,0,0,1,600.0,40.0,0.75,0.544598,0.352204
5600,0,0,0,0,0,0,1,600.0,40.0,1.0,0.787823,0.444424
5601,0,0,0,0,0,0,1,600.0,40.0,1.25,0.973139,0.504591
5602,0,0,0,0,0,0,1,600.0,40.0,1.5,1.06164,0.529873
5603,0,0,0,0,0,0,1,600.0,40.0,1.75,1.08262,0.553891
5604,0,0,0,0,0,0,1,600.0,40.0,2.0,1.17391,0.5545
5605,0,0,0,0,0,0,1,600.0,40.0,2.25,1.313,0.579576
5606,0,0,0,0,0,0,1,600.0,40.0,2.515,1.35788,0.547933
5607,0,0,0,0,0,0,1,600.0,50.0,0.498,0.317545,0.344564
5608,0,0,0,0,0,0,1,600.0,50.0,0.75,0.691736,0.50503
5609,0,0,0,0,0,0,1,600.0,50.0,1.0,1.00132,0.689471
5610,0,0,0,0,0,0,1,600.0,50.0,1.25,1.22816,0.834313
5611,0,0,0,0,0,0,1,600.0,50.0,1.5,1.35966,0.957241
5612,0,0,0,0,0,0,1,600.0,50.0,1.75,1.65999,1.0973
5613,0,0,0,0,0,0,1,600.0,50.0,2.0,2.0446,1.2203
5614,0,0,0,0,0,0,1,600.0,50.0,2.25,2.37439,1.20045
5615,0,0,0,0,0,0,1,600.0,50.0,2.515,2.517,1.01678
5616,0,0,0,0,0,0,1,600.0,60.0,0.498,0.443144,0.504863
5617,0,0,0,0,0,0,1,600.0,60.0,0.75,0.812472,0.776325
5618,0,0,0,0,0,0,1,600.0,60.0,1.0,1.1767,1.10736
5619,0,0,0,0,0,0,1,600.0,60.0,1.25,1.55251,1.39566
5620,0,0,0,0,0,0,1,600.0,60.0,1.5,2.04264,1.71204
5621,0,0,0,0,0,0,1,600.0,60.0,1.75,2.79937,1.94957
5622,0,0,0,0,0,0,1,600.0,60.0,2.0,3.32604,2.06593
5623,0,0,0,0,0,0,1,600.0,60.0,2.25,3.93778,2.0351
5624,0,0,0,0,0,0,1,600.0,60.0,2.515,4.19231,1.71303
5625,0,0,0,0,0,0,1,600.0,70.0,0.498,0.53212,0.738318
5626,0,0,0,0,0,0,1,600.0,70.0,0.75,0.999343,1.18366
5627,0,0,0,0,0,0,1,600.0,70.0,1.0,1.59588,1.77755
5628,0,0,0,0,0,0,1,600.0,70.0,1.25,2.24431,2.3005
5629,0,0,0,0,0,0,1,600.0,70.0,1.5,3.11643,2.63051
5630,0,0,0,0,0,0,1,600.0,70.0,1.75,4.03559,2.80587
5631,0,0,0,0,0,0,1,600.0,70.0,2.0,4.86009,2.88429
5632,0,0,0,0,0,0,1,600.0,70.0,2.25,5.42914,2.7707
5633,0,0,0,0,0,0,1,600.0,70.0,2.515,5.89654,2.42486
5634,0,0,0,0,0,0,1,600.0,80.0,0.498,0.643196,0.993366
5635,0,0,0,0,0,0,1,600.0,80.0,0.75,1.24995,1.78375
5636,0,0,0,0,0,0,1,600.0,80.0,1.0,2.11259,2.56086
5637,0,0,0,0,0,0,1,600.0,80.0,1.25,3.13399,3.15245
5638,0,0,0,0,0,0,1,600.0,80.0,1.5,4.40047,3.52465
5639,0,0,0,0,0,0,1,600.0,80.0,1.75,5.51336,3.73513
5640,0,0,0,0,0,0,1,600.0,80.0,2.0,6.3672,3.71533
5641,0,0,0,0,0,0,1,600.0,80.0,2.25,7.02389,3.49066
5642,0,0,0,0,0,0,1,600.0,80.0,2.515,7.56663,3.07613
5643,0,0,0,0,0,0,1,600.0,90.0,0.498,0.73911,1.41692
5644,0,0,0,0,0,0,1,600.0,90.0,0.75,1.49491,2.39421
5645,0,0,0,0,0,0,1,600.0,90.0,1.0,2.59353,3.24306
5646,0,0,0,0,0,0,1,600.0,90.0,1.25,4.22203,3.93624
5647,0,0,0,0,0,0,1,600.0,90.0,1.5,5.76436,4.39766
5648,0,0,0,0,0,0,1,600.0,90.0,1.75,6.91045,4.58913
5649,0,0,0,0,0,0,1,600.0,90.0,2.0,7.76666,4.48793
5650,0,0,0,0,0,0,1,600.0,90.0,2.25,8.48358,4.15282
5651,0,0,0,0,0,0,1,600.0,90.0,2.515,9.05603,3.61274
5652,0,0,0,0,0,0,1,600.0,100.0,0.498,0.83907,1.94543
5653,0,0,0,0,0,0,1,600.0,100.0,0.75,1.85017,2.9598
5654,0,0,0,0,0,0,1,600.0,100.0,1.0,3.22557,3.87736
5655,0,0,0,0,0,0,1,600.0,100.0,1.25,5.2451,4.63837
5656,0,0,0,0,0,0,1,600.0,100.0,1.5,6.93783,5.14784
5657,0,0,0,0,0,0,1,600.0,100.0,1.75,8.26836,5.36722
5658,0,0,0,0,0,0,1,600.0,100.0,2.0,9.21609,5.23243
5659,0,0,0,0,0,0,1,600.0,100.0,2.25,9.84421,4.76361
5660,0,0,0,0,0,0,1,600.0,100.0,2.515,10.4932,4.10868
5661,0,0,0,0,0,0,1,600.0,110.0,0.498,1.0428,2.5231
5662,0,0,0,0,0,0,1,600.0,110.0,0.75,2.33292,3.54977
5663,0,0,0,0,0,0,1,600.0,110.0,1.0,4.15582,4.53285
5664,0,0,0,0,0,0,1,600.0,110.0,1.25,6.31378,5.31164
5665,0,0,0,0,0,0,1,600.0,110.0,1.5,8.14054,5.82067
5666,0,0,0,0,0,0,1,600.0,110.0,1.75,9.64743,6.04768
5667,0,0,0,0,0,0,1,600.0,110.0,2.0,10.7899,5.9487
5668,0,0,0,0,0,0,1,600.0,110.0,2.25,11.3883,5.41434
5669,0,0,0,0,0,0,1,600.0,110.0,2.515,11.9187,4.65286
